Run,ReleaseDate,LoadDate,spots,bases,spots_with_mates,avgLength,size_MB,AssemblyName,download_path,Experiment,LibraryName,LibraryStrategy,LibrarySelection,LibrarySource,LibraryLayout,InsertSize,InsertDev,Platform,Model,SRAStudy,BioProject,Study_Pubmed_id,ProjectID,Sample,BioSample,SampleType,TaxID,ScientificName,SampleName,g1k_pop_code,source,g1k_analysis_group,Subject_ID,Sex,Disease,Tumor,Affection_Status,Analyte_Type,Histological_Type,Body_Site,CenterName,Submission,dbgap_study_accession,Consent,RunHash,ReadHash
SRR10089621,2021-01-01 11:59:48,2019-09-13 07:54:47,89204820,26939855640,89204820,302,7948,,https://sra-downloadb.be-md.ncbi.nlm.nih.gov/sos5/sra-pub-zq-16/SRR010/10089/SRR10089621/SRR10089621.lite.1,SRX6822290,,RNA-Seq,cDNA,TRANSCRIPTOMIC,PAIRED,0,0,ILLUMINA,Illumina NovaSeq 6000,SRP221152,PRJNA564629,3,564629,SRS5364866,SAMN12718575,simple,9606,Homo sapiens,GSM4071888,,,,,,,no,,,,,GEO,SRA959162,,public,6EF458379896DB6DDEEA370DDFFA46B0,8E07E873A373DB78C6928334CECAA569
SRR10089622,2021-01-01 11:59:48,2019-09-13 07:54:01,72748424,21970024048,72748424,302,6437,,https://sra-downloadb.be-md.ncbi.nlm.nih.gov/sos5/sra-pub-zq-16/SRR010/10089/SRR10089622/SRR10089622.lite.1,SRX6822291,,RNA-Seq,cDNA,TRANSCRIPTOMIC,PAIRED,0,0,ILLUMINA,Illumina NovaSeq 6000,SRP221152,PRJNA564629,3,564629,SRS5364867,SAMN12718574,simple,9606,Homo sapiens,GSM4071889,,,,,,,no,,,,,GEO,SRA959162,,public,81D0770C7453C75E6637576604F56699,6D7AB0ED5BC3662BEB24B4472EADB376
SRR10089623,2021-01-01 11:59:48,2019-09-13 07:50:58,81011273,24465404446,81011273,302,7260,,https://sra-downloadb.be-md.ncbi.nlm.nih.gov/sos5/sra-pub-zq-16/SRR010/10089/SRR10089623/SRR10089623.lite.1,SRX6822292,,RNA-Seq,cDNA,TRANSCRIPTOMIC,PAIRED,0,0,ILLUMINA,Illumina NovaSeq 6000,SRP221152,PRJNA564629,3,564629,SRS5364868,SAMN12718573,simple,9606,Homo sapiens,GSM4071890,,,,,,,no,,,,,GEO,SRA959162,,public,8BF795FF94D18C2BA97B16CB21B9B641,6B8550EB4416DE759E1C239EFD1EE84E
SRR10089624,2021-01-01 11:59:48,2019-09-13 07:57:44,91173166,27534296132,91173166,302,8117,,https://sra-downloadb.be-md.ncbi.nlm.nih.gov/sos5/sra-pub-zq-16/SRR010/10089/SRR10089624/SRR10089624.lite.1,SRX6822293,,RNA-Seq,cDNA,TRANSCRIPTOMIC,PAIRED,0,0,ILLUMINA,Illumina NovaSeq 6000,SRP221152,PRJNA564629,3,564629,SRS5364869,SAMN12718572,simple,9606,Homo sapiens,GSM4071891,,,,,,,no,,,,,GEO,SRA959162,,public,BD5A1F74FB109F92190B25868FC3FACD,DBF70F662127EB12D4F89DA188EC99EC
SRR10089625,2021-01-01 11:59:48,2019-09-13 07:51:54,104194779,31466823258,104194779,302,9206,,https://sra-downloadb.be-md.ncbi.nlm.nih.gov/sos5/sra-pub-zq-16/SRR010/10089/SRR10089625/SRR10089625.lite.1,SRX6822294,,RNA-Seq,cDNA,TRANSCRIPTOMIC,PAIRED,0,0,ILLUMINA,Illumina NovaSeq 6000,SRP221152,PRJNA564629,3,564629,SRS5364870,SAMN12718571,simple,9606,Homo sapiens,GSM4071892,,,,,,,no,,,,,GEO,SRA959162,,public,A31C4DE1758E85471E631F6B852AD7B3,BC1A7967289649AB20A9BA614F402134
SRR10089626,2021-01-01 11:59:48,2019-09-13 07:45:28,67326319,20332548338,67326319,302,5983,,https://sra-downloadb.be-md.ncbi.nlm.nih.gov/sos5/sra-pub-zq-16/SRR010/10089/SRR10089626/SRR10089626.lite.1,SRX6822295,,RNA-Seq,cDNA,TRANSCRIPTOMIC,PAIRED,0,0,ILLUMINA,Illumina NovaSeq 6000,SRP221152,PRJNA564629,3,564629,SRS5364871,SAMN12718570,simple,9606,Homo sapiens,GSM4071893,,,,,,,no,,,,,GEO,SRA959162,,public,EAD42CEE318E073F5B4F514FB8D3BB3B,E4F1F1C20706DFEA16D68BF3F70FC573
SRR10089627,2021-01-01 11:59:48,2019-09-13 07:57:35,96448812,29127541224,96448812,302,8550,,https://sra-downloadb.be-md.ncbi.nlm.nih.gov/sos5/sra-pub-zq-16/SRR010/10089/SRR10089627/SRR10089627.lite.1,SRX6822296,,RNA-Seq,cDNA,TRANSCRIPTOMIC,PAIRED,0,0,ILLUMINA,Illumina NovaSeq 6000,SRP221152,PRJNA564629,3,564629,SRS5364872,SAMN12718569,simple,9606,Homo sapiens,GSM4071894,,,,,,,no,,,,,GEO,SRA959162,,public,709DE8C1B18CE155566AC4123429121E,945B136787BBA06E3F1281747DD20EE2
SRR10089628,2021-01-01 11:59:48,2019-09-13 08:03:59,91302924,27573483048,91302924,302,8115,,https://sra-downloadb.be-md.ncbi.nlm.nih.gov/sos5/sra-pub-zq-16/SRR010/10089/SRR10089628/SRR10089628.lite.1,SRX6822297,,RNA-Seq,cDNA,TRANSCRIPTOMIC,PAIRED,0,0,ILLUMINA,Illumina NovaSeq 6000,SRP221152,PRJNA564629,3,564629,SRS5364873,SAMN12718568,simple,9606,Homo sapiens,GSM4071895,,,,,,,no,,,,,GEO,SRA959162,,public,ACB8400239EBD004F404F50273E02064,687504D32912BA904B0B1F1E4BBC7F1C
SRR10089629,2021-01-01 11:59:48,2019-09-13 07:51:44,81474223,24605215346,81474223,302,7391,,https://sra-downloadb.be-md.ncbi.nlm.nih.gov/sos5/sra-pub-zq-16/SRR010/10089/SRR10089629/SRR10089629.lite.1,SRX6822298,,RNA-Seq,cDNA,TRANSCRIPTOMIC,PAIRED,0,0,ILLUMINA,Illumina NovaSeq 6000,SRP221152,PRJNA564629,3,564629,SRS5364874,SAMN12718567,simple,9606,Homo sapiens,GSM4071896,,,,,,,no,,,,,GEO,SRA959162,,public,9E6BC95A6EB838B1C47F7E042A08B496,CB7E498AB56313528C81E0FEE2E76136
SRR10089630,2021-01-01 11:59:48,2019-09-13 07:49:15,95614258,28875505916,95614258,302,8448,,https://sra-downloadb.be-md.ncbi.nlm.nih.gov/sos5/sra-pub-zq-16/SRR010/10089/SRR10089630/SRR10089630.lite.1,SRX6822299,,RNA-Seq,cDNA,TRANSCRIPTOMIC,PAIRED,0,0,ILLUMINA,Illumina NovaSeq 6000,SRP221152,PRJNA564629,3,564629,SRS5364875,SAMN12718546,simple,9606,Homo sapiens,GSM4071897,,,,,,,no,,,,,GEO,SRA959162,,public,16085E070482D9AD050ABCE8163999B3,0E223A75CD7FD746D9901BFEF8F61281
SRR10089631,2021-01-01 11:59:49,2019-09-13 08:34:42,85124678,25707652756,85124678,302,7567,,https://sra-downloadb.be-md.ncbi.nlm.nih.gov/sos5/sra-pub-zq-16/SRR010/10089/SRR10089631/SRR10089631.lite.1,SRX6822300,,RNA-Seq,cDNA,TRANSCRIPTOMIC,PAIRED,0,0,ILLUMINA,Illumina NovaSeq 6000,SRP221152,PRJNA564629,3,564629,SRS5364876,SAMN12718545,simple,9606,Homo sapiens,GSM4071898,,,,,,,no,,,,,GEO,SRA959162,,public,5359EF39F03D3307185DB340A13778F2,DEBFBDD4CC043964A8C5654CA77D1030
SRR10089632,2021-01-01 11:59:49,2019-09-13 07:41:28,94137431,28429504162,94137431,302,8327,,https://sra-downloadb.be-md.ncbi.nlm.nih.gov/sos5/sra-pub-zq-16/SRR010/10089/SRR10089632/SRR10089632.lite.1,SRX6822301,,RNA-Seq,cDNA,TRANSCRIPTOMIC,PAIRED,0,0,ILLUMINA,Illumina NovaSeq 6000,SRP221152,PRJNA564629,3,564629,SRS5364877,SAMN12718566,simple,9606,Homo sapiens,GSM4071899,,,,,,,no,,,,,GEO,SRA959162,,public,6C8F38467780DDCE456EBF31BC040214,A5AC71DA30F59A94A6E39D83253A6950
SRR10089633,2021-01-01 11:59:49,2019-09-13 07:49:32,75450736,22786122272,75450736,302,6602,,https://sra-downloadb.be-md.ncbi.nlm.nih.gov/sos5/sra-pub-zq-16/SRR010/10089/SRR10089633/SRR10089633.lite.1,SRX6822302,,RNA-Seq,cDNA,TRANSCRIPTOMIC,PAIRED,0,0,ILLUMINA,Illumina NovaSeq 6000,SRP221152,PRJNA564629,3,564629,SRS5364878,SAMN12718565,simple,9606,Homo sapiens,GSM4071900,,,,,,,no,,,,,GEO,SRA959162,,public,A4B8E25CB552DE12BE007C37B86832B9,86569393D33337F60B5EF8D2AE3CA78F
SRR10089634,2021-01-01 11:59:49,2019-09-13 08:03:41,91584860,27658627720,91584860,302,8097,,https://sra-downloadb.be-md.ncbi.nlm.nih.gov/sos5/sra-pub-zq-16/SRR010/10089/SRR10089634/SRR10089634.lite.1,SRX6822303,,RNA-Seq,cDNA,TRANSCRIPTOMIC,PAIRED,0,0,ILLUMINA,Illumina NovaSeq 6000,SRP221152,PRJNA564629,3,564629,SRS5364879,SAMN12718564,simple,9606,Homo sapiens,GSM4071901,,,,,,,no,,,,,GEO,SRA959162,,public,BF317278F5D941EE4BC35D961A60526E,4C7F27461C8B0A53C9E138FED42CFCE5
SRR10089635,2021-01-01 11:59:49,2019-09-13 07:59:47,91338394,27584194988,91338394,302,7873,,https://sra-downloadb.be-md.ncbi.nlm.nih.gov/sos5/sra-pub-zq-16/SRR010/10089/SRR10089635/SRR10089635.lite.1,SRX6822304,,RNA-Seq,cDNA,TRANSCRIPTOMIC,PAIRED,0,0,ILLUMINA,Illumina NovaSeq 6000,SRP221152,PRJNA564629,3,564629,SRS5364880,SAMN12718563,simple,9606,Homo sapiens,GSM4071902,,,,,,,no,,,,,GEO,SRA959162,,public,06B6482E9FE16B8A5EFD5EF81AEC868C,A4742042EA7A0DF76498FF28AD8513FE
SRR10089636,2021-01-01 11:59:49,2019-09-13 08:00:21,77899658,23525696716,77899658,302,6845,,https://sra-downloadb.be-md.ncbi.nlm.nih.gov/sos5/sra-pub-zq-16/SRR010/10089/SRR10089636/SRR10089636.lite.1,SRX6822305,,RNA-Seq,cDNA,TRANSCRIPTOMIC,PAIRED,0,0,ILLUMINA,Illumina NovaSeq 6000,SRP221152,PRJNA564629,3,564629,SRS5364881,SAMN12718562,simple,9606,Homo sapiens,GSM4071903,,,,,,,no,,,,,GEO,SRA959162,,public,C9A5190BABC62A3C4DC55EE0C34AC844,BCC71ADD9847F066FF619D4A3D7A25BC
SRR10089637,2021-01-01 11:59:49,2019-09-13 07:52:45,85928249,25950331198,85928249,302,7664,,https://sra-downloadb.be-md.ncbi.nlm.nih.gov/sos5/sra-pub-zq-16/SRR010/10089/SRR10089637/SRR10089637.lite.1,SRX6822306,,RNA-Seq,cDNA,TRANSCRIPTOMIC,PAIRED,0,0,ILLUMINA,Illumina NovaSeq 6000,SRP221152,PRJNA564629,3,564629,SRS5364882,SAMN12718561,simple,9606,Homo sapiens,GSM4071904,,,,,,,no,,,,,GEO,SRA959162,,public,8DF0555F43A968B293491036D9329208,F8AB4892ABDBFAEDB1465BDCEBA4E2EA
SRR10089638,2021-01-01 11:59:49,2019-09-13 07:52:43,89412366,27002534532,89412366,302,7878,,https://sra-downloadb.be-md.ncbi.nlm.nih.gov/sos5/sra-pub-zq-16/SRR010/10089/SRR10089638/SRR10089638.lite.1,SRX6822307,,RNA-Seq,cDNA,TRANSCRIPTOMIC,PAIRED,0,0,ILLUMINA,Illumina NovaSeq 6000,SRP221152,PRJNA564629,3,564629,SRS5364883,SAMN12718560,simple,9606,Homo sapiens,GSM4071905,,,,,,,no,,,,,GEO,SRA959162,,public,D794D4BDB480349DFBA143AD1896C9C8,5BED816166EE7714D334E68033E25440
SRR10089639,2021-01-01 11:59:49,2019-09-13 07:44:17,73690359,22254488418,73690359,302,6261,,https://sra-downloadb.be-md.ncbi.nlm.nih.gov/sos5/sra-pub-zq-16/SRR010/10089/SRR10089639/SRR10089639.lite.1,SRX6822308,,RNA-Seq,cDNA,TRANSCRIPTOMIC,PAIRED,0,0,ILLUMINA,Illumina NovaSeq 6000,SRP221152,PRJNA564629,3,564629,SRS5364884,SAMN12718592,simple,9606,Homo sapiens,GSM4071906,,,,,,,no,,,,,GEO,SRA959162,,public,7247E8DCEAD48D0C6F465BF420C9E321,B0F33ACE0D6C6E5F14712150AD28E007
SRR10089640,2021-01-01 11:59:49,2019-09-13 07:59:16,87102370,26304915740,87102370,302,7590,,https://sra-downloadb.be-md.ncbi.nlm.nih.gov/sos5/sra-pub-zq-16/SRR010/10089/SRR10089640/SRR10089640.lite.1,SRX6822309,,RNA-Seq,cDNA,TRANSCRIPTOMIC,PAIRED,0,0,ILLUMINA,Illumina NovaSeq 6000,SRP221152,PRJNA564629,3,564629,SRS5364885,SAMN12718591,simple,9606,Homo sapiens,GSM4071907,,,,,,,no,,,,,GEO,SRA959162,,public,D5ED1A40D91FBA21ACA881F81F52CF37,4B3C1363F39410ACEC7251D30D3FA880
SRR10089641,2021-01-01 11:59:49,2019-09-13 08:13:34,125511547,37904487194,125511547,302,10819,,https://sra-downloadb.be-md.ncbi.nlm.nih.gov/sos5/sra-pub-zq-16/SRR010/10089/SRR10089641/SRR10089641.lite.1,SRX6822310,,RNA-Seq,cDNA,TRANSCRIPTOMIC,PAIRED,0,0,ILLUMINA,Illumina NovaSeq 6000,SRP221152,PRJNA564629,3,564629,SRS5364886,SAMN12718586,simple,9606,Homo sapiens,GSM4071908,,,,,,,no,,,,,GEO,SRA959162,,public,CFF13A9BD3C2B77EA13BC028830CD4F4,4C7A9AE09C08C61320B409CEDEB40014
SRR10089642,2021-01-01 11:59:49,2019-09-13 07:47:56,96052910,29007978820,96052910,302,8250,,https://sra-downloadb.be-md.ncbi.nlm.nih.gov/sos5/sra-pub-zq-16/SRR010/10089/SRR10089642/SRR10089642.lite.1,SRX6822311,,RNA-Seq,cDNA,TRANSCRIPTOMIC,PAIRED,0,0,ILLUMINA,Illumina NovaSeq 6000,SRP221152,PRJNA564629,3,564629,SRS5364887,SAMN12718585,simple,9606,Homo sapiens,GSM4071909,,,,,,,no,,,,,GEO,SRA959162,,public,A9A6B96E3883AAD3132618A1E97CA953,3E314E8A350E9FAFD9AD512AD3A9C0CB
SRR10089643,2021-01-01 11:59:49,2019-09-13 07:47:38,88401623,26697290146,88401623,302,7620,,https://sra-downloadb.be-md.ncbi.nlm.nih.gov/sos5/sra-pub-zq-16/SRR010/10089/SRR10089643/SRR10089643.lite.1,SRX6822312,,RNA-Seq,cDNA,TRANSCRIPTOMIC,PAIRED,0,0,ILLUMINA,Illumina NovaSeq 6000,SRP221152,PRJNA564629,3,564629,SRS5364888,SAMN12718584,simple,9606,Homo sapiens,GSM4071910,,,,,,,no,,,,,GEO,SRA959162,,public,18C63282C0AB283307B9F854C744A27B,6D71F536100B0EE8D6D209CF4F4EE2CF
SRR10089644,2021-01-01 11:59:49,2019-09-13 07:56:59,82041886,24776649572,82041886,302,7094,,https://sra-downloadb.be-md.ncbi.nlm.nih.gov/sos5/sra-pub-zq-16/SRR010/10089/SRR10089644/SRR10089644.lite.1,SRX6822313,,RNA-Seq,cDNA,TRANSCRIPTOMIC,PAIRED,0,0,ILLUMINA,Illumina NovaSeq 6000,SRP221152,PRJNA564629,3,564629,SRS5364889,SAMN12718590,simple,9606,Homo sapiens,GSM4071911,,,,,,,no,,,,,GEO,SRA959162,,public,42F53E1A9F6D870B978ED422C84A3E87,CF702F7146B32A09E89E510802FB21A1
SRR10089645,2021-01-01 11:59:49,2019-09-13 07:46:11,71541741,21605605782,71541741,302,6105,,https://sra-downloadb.be-md.ncbi.nlm.nih.gov/sos5/sra-pub-zq-16/SRR010/10089/SRR10089645/SRR10089645.lite.1,SRX6822314,,RNA-Seq,cDNA,TRANSCRIPTOMIC,PAIRED,0,0,ILLUMINA,Illumina NovaSeq 6000,SRP221152,PRJNA564629,3,564629,SRS5364890,SAMN12718589,simple,9606,Homo sapiens,GSM4071912,,,,,,,no,,,,,GEO,SRA959162,,public,3D994DEABDF64916D248567AFE959A26,DD4F671C79A2517B6629623B068EEC9F
SRR10089646,2021-01-01 11:59:49,2019-09-13 08:00:27,98255475,29673153450,98255475,302,8472,,https://sra-downloadb.be-md.ncbi.nlm.nih.gov/sos5/sra-pub-zq-16/SRR010/10089/SRR10089646/SRR10089646.lite.1,SRX6822315,,RNA-Seq,cDNA,TRANSCRIPTOMIC,PAIRED,0,0,ILLUMINA,Illumina NovaSeq 6000,SRP221152,PRJNA564629,3,564629,SRS5364891,SAMN12718588,simple,9606,Homo sapiens,GSM4071913,,,,,,,no,,,,,GEO,SRA959162,,public,948807A7B82F92D4BE84C69E37BE7B69,B79014013CC86D43EFC0527384E707A4
SRR10089647,2021-01-01 11:59:49,2019-09-13 07:58:34,87158211,26321779722,87158211,302,7489,,https://sra-downloadb.be-md.ncbi.nlm.nih.gov/sos5/sra-pub-zq-16/SRR010/10089/SRR10089647/SRR10089647.lite.1,SRX6822316,,RNA-Seq,cDNA,TRANSCRIPTOMIC,PAIRED,0,0,ILLUMINA,Illumina NovaSeq 6000,SRP221152,PRJNA564629,3,564629,SRS5364892,SAMN12718587,simple,9606,Homo sapiens,GSM4071914,,,,,,,no,,,,,GEO,SRA959162,,public,5F4B09A85CB0F3260095E8FD6FEBB30B,8B40A4956014CCEEBEFCC267BC1F2553
SRR10089648,2021-01-01 11:59:49,2019-09-13 07:33:44,70184944,21195853088,70184944,302,5986,,https://sra-downloadb.be-md.ncbi.nlm.nih.gov/sos5/sra-pub-zq-16/SRR010/10089/SRR10089648/SRR10089648.lite.1,SRX6822317,,RNA-Seq,cDNA,TRANSCRIPTOMIC,PAIRED,0,0,ILLUMINA,Illumina NovaSeq 6000,SRP221152,PRJNA564629,3,564629,SRS5364893,SAMN12718583,simple,9606,Homo sapiens,GSM4071915,,,,,,,no,,,,,GEO,SRA959162,,public,EAC3A7420F6D7D8F47C301A2F247F3ED,EAA9FDECA0321925A936B2D72BAA2646
SRR10089649,2021-01-01 11:59:49,2019-09-13 07:59:39,95939860,28973837720,95939860,302,8207,,https://sra-downloadb.be-md.ncbi.nlm.nih.gov/sos5/sra-pub-zq-16/SRR010/10089/SRR10089649/SRR10089649.lite.1,SRX6822318,,RNA-Seq,cDNA,TRANSCRIPTOMIC,PAIRED,0,0,ILLUMINA,Illumina NovaSeq 6000,SRP221152,PRJNA564629,3,564629,SRS5364894,SAMN12718582,simple,9606,Homo sapiens,GSM4071916,,,,,,,no,,,,,GEO,SRA959162,,public,6ACA0F4AD11BFDE8B08A85744AE1F691,0241E480D801C4E7B8DA84BA733A77EA
SRR10089650,2021-01-01 11:59:49,2019-09-13 07:43:09,73796641,22286585582,73796641,302,6372,,https://sra-downloadb.be-md.ncbi.nlm.nih.gov/sos5/sra-pub-zq-16/SRR010/10089/SRR10089650/SRR10089650.lite.1,SRX6822319,,RNA-Seq,cDNA,TRANSCRIPTOMIC,PAIRED,0,0,ILLUMINA,Illumina NovaSeq 6000,SRP221152,PRJNA564629,3,564629,SRS5364895,SAMN12718581,simple,9606,Homo sapiens,GSM4071917,,,,,,,no,,,,,GEO,SRA959162,,public,E67AE824569F3F0D517A3CF6BECF9278,1689CEC31A5CB15722C60D7271C68BF6
SRR10089651,2021-01-01 11:59:49,2019-09-13 08:04:22,100307529,30292873758,100307529,302,8989,,https://sra-downloadb.be-md.ncbi.nlm.nih.gov/sos5/sra-pub-zq-16/SRR010/10089/SRR10089651/SRR10089651.lite.1,SRX6822320,,RNA-Seq,cDNA,TRANSCRIPTOMIC,PAIRED,0,0,ILLUMINA,Illumina NovaSeq 6000,SRP221152,PRJNA564629,3,564629,SRS5364896,SAMN12718580,simple,9606,Homo sapiens,GSM4071918,,,,,,,no,,,,,GEO,SRA959162,,public,4BC9D76BF1C2DB04192430C4613FD021,CD093F938FAE7C121B9C0EDD01DF23CF
SRR10089652,2021-01-01 11:59:49,2019-09-13 07:38:34,77750336,23480601472,77750336,302,6966,,https://sra-downloadb.be-md.ncbi.nlm.nih.gov/sos5/sra-pub-zq-16/SRR010/10089/SRR10089652/SRR10089652.lite.1,SRX6822321,,RNA-Seq,cDNA,TRANSCRIPTOMIC,PAIRED,0,0,ILLUMINA,Illumina NovaSeq 6000,SRP221152,PRJNA564629,3,564629,SRS5364897,SAMN12718579,simple,9606,Homo sapiens,GSM4071919,,,,,,,no,,,,,GEO,SRA959162,,public,988FCAE524CE2769D101966007E09A14,89ADCF1CD39186D37D0BA62D4DF85514
SRR10089653,2021-01-01 11:59:49,2019-09-13 07:59:50,86520325,26129138150,86520325,302,7753,,https://sra-downloadb.be-md.ncbi.nlm.nih.gov/sos5/sra-pub-zq-16/SRR010/10089/SRR10089653/SRR10089653.lite.1,SRX6822322,,RNA-Seq,cDNA,TRANSCRIPTOMIC,PAIRED,0,0,ILLUMINA,Illumina NovaSeq 6000,SRP221152,PRJNA564629,3,564629,SRS5364898,SAMN12718578,simple,9606,Homo sapiens,GSM4071920,,,,,,,no,,,,,GEO,SRA959162,,public,64307EB484EA9D0A39E825CE623135B9,D95E0F64E4622AD7B49B7E5A1749C934
SRR10089654,2021-01-01 11:59:49,2019-09-13 07:59:32,86751724,26199020648,86751724,302,7468,,https://sra-downloadb.be-md.ncbi.nlm.nih.gov/sos5/sra-pub-zq-16/SRR010/10089/SRR10089654/SRR10089654.lite.1,SRX6822323,,RNA-Seq,cDNA,TRANSCRIPTOMIC,PAIRED,0,0,ILLUMINA,Illumina NovaSeq 6000,SRP221152,PRJNA564629,3,564629,SRS5364899,SAMN12718577,simple,9606,Homo sapiens,GSM4071921,,,,,,,no,,,,,GEO,SRA959162,,public,712DC93EE9A1B0E67405DB1B17F3D54D,9C64761C869229A014AB9890C651F5D7
SRR10089655,2021-01-01 11:59:49,2019-09-13 08:02:53,105319416,31806463632,105319416,302,9524,,https://sra-downloadb.be-md.ncbi.nlm.nih.gov/sos5/sra-pub-zq-16/SRR010/10089/SRR10089655/SRR10089655.lite.1,SRX6822324,,RNA-Seq,cDNA,TRANSCRIPTOMIC,PAIRED,0,0,ILLUMINA,Illumina NovaSeq 6000,SRP221152,PRJNA564629,3,564629,SRS5364900,SAMN12718576,simple,9606,Homo sapiens,GSM4071922,,,,,,,no,,,,,GEO,SRA959162,,public,706CB32A8DA98C1DFE55F74EF5AC43F3,84168D38B857E8562347F8352391F412
SRR10089656,2021-01-01 11:59:49,2019-09-13 07:57:28,83176034,25119162268,83176034,302,7534,,https://sra-downloadb.be-md.ncbi.nlm.nih.gov/sos5/sra-pub-zq-16/SRR010/10089/SRR10089656/SRR10089656.lite.1,SRX6822325,,RNA-Seq,cDNA,TRANSCRIPTOMIC,PAIRED,0,0,ILLUMINA,Illumina NovaSeq 6000,SRP221152,PRJNA564629,3,564629,SRS5364901,SAMN12718608,simple,9606,Homo sapiens,GSM4071923,,,,,,,no,,,,,GEO,SRA959162,,public,1038F30E9186220B522E48F57BD60B35,10E2B111062894415C2606C4A139F2A0
SRR10089657,2021-01-01 11:59:49,2019-09-13 08:04:07,100517054,30356150308,100517054,302,8976,,https://sra-downloadb.be-md.ncbi.nlm.nih.gov/sos5/sra-pub-zq-16/SRR010/10089/SRR10089657/SRR10089657.lite.1,SRX6822326,,RNA-Seq,cDNA,TRANSCRIPTOMIC,PAIRED,0,0,ILLUMINA,Illumina NovaSeq 6000,SRP221152,PRJNA564629,3,564629,SRS5364902,SAMN12718607,simple,9606,Homo sapiens,GSM4071924,,,,,,,no,,,,,GEO,SRA959162,,public,BCA2C0A90CD7CC354D1890667DB747A8,949B697A0F1732F6D44524E4CDDBB231
SRR10089658,2021-01-01 11:59:49,2019-09-13 08:06:39,77502731,23405824762,77502731,302,6939,,https://sra-downloadb.be-md.ncbi.nlm.nih.gov/sos5/sra-pub-zq-16/SRR010/10089/SRR10089658/SRR10089658.lite.1,SRX6822327,,RNA-Seq,cDNA,TRANSCRIPTOMIC,PAIRED,0,0,ILLUMINA,Illumina NovaSeq 6000,SRP221152,PRJNA564629,3,564629,SRS5364903,SAMN12718606,simple,9606,Homo sapiens,GSM4071925,,,,,,,no,,,,,GEO,SRA959162,,public,C5DB027E72672FF922011A7100F6E938,1601EB030E7B7BEF73D83D508D4B3F00
SRR10089659,2021-01-01 11:59:50,2019-09-13 08:06:17,86519916,26129014632,86519916,302,7880,,https://sra-downloadb.be-md.ncbi.nlm.nih.gov/sos5/sra-pub-zq-16/SRR010/10089/SRR10089659/SRR10089659.lite.1,SRX6822328,,RNA-Seq,cDNA,TRANSCRIPTOMIC,PAIRED,0,0,ILLUMINA,Illumina NovaSeq 6000,SRP221152,PRJNA564629,3,564629,SRS5364904,SAMN12718605,simple,9606,Homo sapiens,GSM4071926,,,,,,,no,,,,,GEO,SRA959162,,public,5A8C2D3232EC728D0CCD75A5DD865328,4D0AF68572C4EC38FBD850137D8A300F
SRR10089660,2021-01-01 11:59:50,2019-09-13 07:53:07,77370646,23365935092,77370646,302,6897,,https://sra-downloadb.be-md.ncbi.nlm.nih.gov/sos5/sra-pub-zq-16/SRR010/10089/SRR10089660/SRR10089660.lite.1,SRX6822329,,RNA-Seq,cDNA,TRANSCRIPTOMIC,PAIRED,0,0,ILLUMINA,Illumina NovaSeq 6000,SRP221152,PRJNA564629,3,564629,SRS5364905,SAMN12718604,simple,9606,Homo sapiens,GSM4071927,,,,,,,no,,,,,GEO,SRA959162,,public,C5C982176C1434BFBE3075DB0F82F8DD,E4F3CBE245FD4301A14D03849BE6EA50
SRR10089661,2021-01-01 11:59:50,2019-09-13 08:17:11,81845042,24717202684,81845042,302,7309,,https://sra-downloadb.be-md.ncbi.nlm.nih.gov/sos5/sra-pub-zq-16/SRR010/10089/SRR10089661/SRR10089661.lite.1,SRX6822330,,RNA-Seq,cDNA,TRANSCRIPTOMIC,PAIRED,0,0,ILLUMINA,Illumina NovaSeq 6000,SRP221152,PRJNA564629,3,564629,SRS5364906,SAMN12718603,simple,9606,Homo sapiens,GSM4071928,,,,,,,no,,,,,GEO,SRA959162,,public,09F22E2BF834C08F825BC9EB066BF3D9,1B41F3A44F05D72CA3FC2FB1441985F5
SRR10089662,2021-01-01 11:59:50,2019-09-13 08:34:52,83425281,25194434862,83425281,302,7596,,https://sra-downloadb.be-md.ncbi.nlm.nih.gov/sos5/sra-pub-zq-16/SRR010/10089/SRR10089662/SRR10089662.lite.1,SRX6822331,,RNA-Seq,cDNA,TRANSCRIPTOMIC,PAIRED,0,0,ILLUMINA,Illumina NovaSeq 6000,SRP221152,PRJNA564629,3,564629,SRS5364907,SAMN12718602,simple,9606,Homo sapiens,GSM4071929,,,,,,,no,,,,,GEO,SRA959162,,public,D26A94F61C15EBC4B78544ED22508E7F,A20D2B187FBE0D3D18AEA8F3692E3F18
SRR10089663,2021-01-01 11:59:50,2019-09-13 08:09:26,97922094,29572472388,97922094,302,8760,,https://sra-downloadb.be-md.ncbi.nlm.nih.gov/sos5/sra-pub-zq-16/SRR010/10089/SRR10089663/SRR10089663.lite.1,SRX6822332,,RNA-Seq,cDNA,TRANSCRIPTOMIC,PAIRED,0,0,ILLUMINA,Illumina NovaSeq 6000,SRP221152,PRJNA564629,3,564629,SRS5364908,SAMN12718601,simple,9606,Homo sapiens,GSM4071930,,,,,,,no,,,,,GEO,SRA959162,,public,780246AF85CAF928EDD508A6A19BF145,487051D2197793C83DE609A91F317392
SRR10089664,2021-01-01 11:59:50,2019-09-13 07:59:22,81053191,24478063682,81053191,302,7316,,https://sra-downloadb.be-md.ncbi.nlm.nih.gov/sos5/sra-pub-zq-16/SRR010/10089/SRR10089664/SRR10089664.lite.1,SRX6822333,,RNA-Seq,cDNA,TRANSCRIPTOMIC,PAIRED,0,0,ILLUMINA,Illumina NovaSeq 6000,SRP221152,PRJNA564629,3,564629,SRS5364909,SAMN12718600,simple,9606,Homo sapiens,GSM4071931,,,,,,,no,,,,,GEO,SRA959162,,public,866125441ED840845DB6258384C6ECBB,FBAA5B755A6002F49BCAE1AA170AF7F3
SRR10089665,2021-01-01 11:59:50,2019-09-13 07:48:37,75299266,22740378332,75299266,302,6711,,https://sra-downloadb.be-md.ncbi.nlm.nih.gov/sos5/sra-pub-zq-16/SRR010/10089/SRR10089665/SRR10089665.lite.1,SRX6822334,,RNA-Seq,cDNA,TRANSCRIPTOMIC,PAIRED,0,0,ILLUMINA,Illumina NovaSeq 6000,SRP221152,PRJNA564629,3,564629,SRS5364910,SAMN12718599,simple,9606,Homo sapiens,GSM4071932,,,,,,,no,,,,,GEO,SRA959162,,public,F7C1072014B8DD765F8491B836EA11D5,42F1FFB3C58C9FC9E63BBD388C6659FF
SRR10089666,2021-01-01 11:59:50,2019-09-13 08:12:37,88543448,26740121296,88543448,302,7956,,https://sra-downloadb.be-md.ncbi.nlm.nih.gov/sos5/sra-pub-zq-16/SRR010/10089/SRR10089666/SRR10089666.lite.1,SRX6822335,,RNA-Seq,cDNA,TRANSCRIPTOMIC,PAIRED,0,0,ILLUMINA,Illumina NovaSeq 6000,SRP221152,PRJNA564629,3,564629,SRS5364911,SAMN12718598,simple,9606,Homo sapiens,GSM4071933,,,,,,,no,,,,,GEO,SRA959162,,public,4C104850B3D9EE09BECEC1A83172A925,F5DC07FF07220E11C33B5444A4FAF5EE
SRR10089667,2021-01-01 11:59:50,2019-09-13 07:54:52,80087859,24186533418,80087859,302,7224,,https://sra-downloadb.be-md.ncbi.nlm.nih.gov/sos5/sra-pub-zq-16/SRR010/10089/SRR10089667/SRR10089667.lite.1,SRX6822336,,RNA-Seq,cDNA,TRANSCRIPTOMIC,PAIRED,0,0,ILLUMINA,Illumina NovaSeq 6000,SRP221152,PRJNA564629,3,564629,SRS5364912,SAMN12718597,simple,9606,Homo sapiens,GSM4071934,,,,,,,no,,,,,GEO,SRA959162,,public,6C3584CADBE8F9A455A5CBE43DBA54EC,BB01B9627764BD88B8940EB54972DAFE
SRR10089668,2021-01-01 11:59:50,2019-09-13 08:02:44,94946867,28673953834,94946867,302,8441,,https://sra-downloadb.be-md.ncbi.nlm.nih.gov/sos5/sra-pub-zq-16/SRR010/10089/SRR10089668/SRR10089668.lite.1,SRX6822337,,RNA-Seq,cDNA,TRANSCRIPTOMIC,PAIRED,0,0,ILLUMINA,Illumina NovaSeq 6000,SRP221152,PRJNA564629,3,564629,SRS5364913,SAMN12718596,simple,9606,Homo sapiens,GSM4071935,,,,,,,no,,,,,GEO,SRA959162,,public,A42A0BFC06FD329CFE9813479A5D0D95,1CF7305C69B2EF245BFBAC0B6E4D1758
SRR10089669,2021-01-01 11:59:50,2019-09-13 07:52:41,78659004,23755019208,78659004,302,7028,,https://sra-downloadb.be-md.ncbi.nlm.nih.gov/sos5/sra-pub-zq-16/SRR010/10089/SRR10089669/SRR10089669.lite.1,SRX6822338,,RNA-Seq,cDNA,TRANSCRIPTOMIC,PAIRED,0,0,ILLUMINA,Illumina NovaSeq 6000,SRP221152,PRJNA564629,3,564629,SRS5364914,SAMN12718595,simple,9606,Homo sapiens,GSM4071936,,,,,,,no,,,,,GEO,SRA959162,,public,8A71E87608B3CCA89F58474017CBAE31,BCC4EC36F0E6F258ABEEDB1598C270F4
SRR10089670,2021-01-01 11:59:50,2019-09-13 08:05:33,90508520,27333573040,90508520,302,8133,,https://sra-downloadb.be-md.ncbi.nlm.nih.gov/sos5/sra-pub-zq-16/SRR010/10089/SRR10089670/SRR10089670.lite.1,SRX6822339,,RNA-Seq,cDNA,TRANSCRIPTOMIC,PAIRED,0,0,ILLUMINA,Illumina NovaSeq 6000,SRP221152,PRJNA564629,3,564629,SRS5364915,SAMN12718594,simple,9606,Homo sapiens,GSM4071937,,,,,,,no,,,,,GEO,SRA959162,,public,AFF7A5C9563BF0EFC904137A939F046F,98D07B5A378622F1C42E4D3DD1B1DB07
SRR10089671,2021-01-01 11:59:50,2019-09-13 08:08:52,91936439,27764804578,91936439,302,8240,,https://sra-downloadb.be-md.ncbi.nlm.nih.gov/sos5/sra-pub-zq-16/SRR010/10089/SRR10089671/SRR10089671.lite.1,SRX6822340,,RNA-Seq,cDNA,TRANSCRIPTOMIC,PAIRED,0,0,ILLUMINA,Illumina NovaSeq 6000,SRP221152,PRJNA564629,3,564629,SRS5364916,SAMN12718593,simple,9606,Homo sapiens,GSM4071938,,,,,,,no,,,,,GEO,SRA959162,,public,4C0CDD183D7CE20AF286028C3ED906A4,441A0A7009ECBCFCBD2E59151EED634F
SRR10089672,2021-01-01 11:59:50,2019-09-13 07:54:06,68988389,20834493478,68988389,302,6175,,https://sra-downloadb.be-md.ncbi.nlm.nih.gov/sos5/sra-pub-zq-16/SRR010/10089/SRR10089672/SRR10089672.lite.1,SRX6822341,,RNA-Seq,cDNA,TRANSCRIPTOMIC,PAIRED,0,0,ILLUMINA,Illumina NovaSeq 6000,SRP221152,PRJNA564629,3,564629,SRS5364917,SAMN12718635,simple,9606,Homo sapiens,GSM4071939,,,,,,,no,,,,,GEO,SRA959162,,public,7D6B1E75DBC6E586BF364A8F4D28CB78,AF3BF673A6E9905B4239A126A7DF235F
SRR10089673,2021-01-01 11:59:50,2019-09-13 08:01:31,79663964,24058517128,79663964,302,7173,,https://sra-downloadb.be-md.ncbi.nlm.nih.gov/sos5/sra-pub-zq-16/SRR010/10089/SRR10089673/SRR10089673.lite.1,SRX6822342,,RNA-Seq,cDNA,TRANSCRIPTOMIC,PAIRED,0,0,ILLUMINA,Illumina NovaSeq 6000,SRP221152,PRJNA564629,3,564629,SRS5364918,SAMN12718634,simple,9606,Homo sapiens,GSM4071940,,,,,,,no,,,,,GEO,SRA959162,,public,127C2B57D09F223B4C3474F58E5833A2,0EDBA3AC6845A493D691A0F15EE433ED
SRR10089674,2021-01-01 11:59:50,2019-09-13 08:05:11,85905707,25943523514,85905707,302,7723,,https://sra-downloadb.be-md.ncbi.nlm.nih.gov/sos5/sra-pub-zq-16/SRR010/10089/SRR10089674/SRR10089674.lite.1,SRX6822343,,RNA-Seq,cDNA,TRANSCRIPTOMIC,PAIRED,0,0,ILLUMINA,Illumina NovaSeq 6000,SRP221152,PRJNA564629,3,564629,SRS5364919,SAMN12718633,simple,9606,Homo sapiens,GSM4071941,,,,,,,no,,,,,GEO,SRA959162,,public,88DC27A47DE82E79DD89947343DDD09A,728492B1AFD63812DFECA11B4E43F5F2
SRR10089675,2021-01-01 11:59:50,2019-09-13 07:58:14,71791216,21680947232,71791216,302,6404,,https://sra-downloadb.be-md.ncbi.nlm.nih.gov/sos5/sra-pub-zq-16/SRR010/10089/SRR10089675/SRR10089675.lite.1,SRX6822344,,RNA-Seq,cDNA,TRANSCRIPTOMIC,PAIRED,0,0,ILLUMINA,Illumina NovaSeq 6000,SRP221152,PRJNA564629,3,564629,SRS5364920,SAMN12718632,simple,9606,Homo sapiens,GSM4071942,,,,,,,no,,,,,GEO,SRA959162,,public,79B89986B47136FCF5249F16019E96C7,E2F92A59A36E2FDE4E8FFEEB5FB01765
SRR10089676,2021-01-01 11:59:50,2019-09-13 07:57:33,80592300,24338874600,80592300,302,7206,,https://sra-downloadb.be-md.ncbi.nlm.nih.gov/sos5/sra-pub-zq-16/SRR010/10089/SRR10089676/SRR10089676.lite.1,SRX6822345,,RNA-Seq,cDNA,TRANSCRIPTOMIC,PAIRED,0,0,ILLUMINA,Illumina NovaSeq 6000,SRP221152,PRJNA564629,3,564629,SRS5364921,SAMN12718631,simple,9606,Homo sapiens,GSM4071943,,,,,,,no,,,,,GEO,SRA959162,,public,CD54CF2397276844D2C47BDD853D1575,9F86DCC5D0AE337871D863B338CA73CE
SRR10089677,2021-01-01 11:59:50,2019-09-13 07:53:34,88193222,26634353044,88193222,302,8075,,https://sra-downloadb.be-md.ncbi.nlm.nih.gov/sos5/sra-pub-zq-16/SRR010/10089/SRR10089677/SRR10089677.lite.1,SRX6822346,,RNA-Seq,cDNA,TRANSCRIPTOMIC,PAIRED,0,0,ILLUMINA,Illumina NovaSeq 6000,SRP221152,PRJNA564629,3,564629,SRS5364922,SAMN12718630,simple,9606,Homo sapiens,GSM4071944,,,,,,,no,,,,,GEO,SRA959162,,public,909D4E663D36ACED07D46469A8EF5C16,7F59EAE65306E50AD87D44D80986D89C
SRR10089678,2021-01-01 11:59:50,2019-09-13 07:58:37,78390532,23673940664,78390532,302,7025,,https://sra-downloadb.be-md.ncbi.nlm.nih.gov/sos5/sra-pub-zq-16/SRR010/10089/SRR10089678/SRR10089678.lite.1,SRX6822347,,RNA-Seq,cDNA,TRANSCRIPTOMIC,PAIRED,0,0,ILLUMINA,Illumina NovaSeq 6000,SRP221152,PRJNA564629,3,564629,SRS5364923,SAMN12718629,simple,9606,Homo sapiens,GSM4071945,,,,,,,no,,,,,GEO,SRA959162,,public,32A70CCFA5EBE8D3D00FA8D0B2FDB1F0,7C5EA9F2032465AEBDDBEFCE2F7F29EF
SRR10089679,2021-01-01 11:59:50,2019-09-13 08:09:14,100188340,30256878680,100188340,302,9019,,https://sra-downloadb.be-md.ncbi.nlm.nih.gov/sos5/sra-pub-zq-16/SRR010/10089/SRR10089679/SRR10089679.lite.1,SRX6822348,,RNA-Seq,cDNA,TRANSCRIPTOMIC,PAIRED,0,0,ILLUMINA,Illumina NovaSeq 6000,SRP221152,PRJNA564629,3,564629,SRS5364924,SAMN12718628,simple,9606,Homo sapiens,GSM4071946,,,,,,,no,,,,,GEO,SRA959162,,public,F7BF71251F6F12618DB09A2683EDD244,42ED036603A1415818637B639F66CF1F
SRR10089680,2021-01-01 11:59:50,2019-09-13 07:59:01,80097285,24189380070,80097285,302,7326,,https://sra-downloadb.be-md.ncbi.nlm.nih.gov/sos5/sra-pub-zq-16/SRR010/10089/SRR10089680/SRR10089680.lite.1,SRX6822349,,RNA-Seq,cDNA,TRANSCRIPTOMIC,PAIRED,0,0,ILLUMINA,Illumina NovaSeq 6000,SRP221152,PRJNA564629,3,564629,SRS5364925,SAMN12718627,simple,9606,Homo sapiens,GSM4071947,,,,,,,no,,,,,GEO,SRA959162,,public,5BB11F2E7442ED3826CBA544B98A02C8,3A694925CAFA0AF19D140434A972A2D7
SRR10089561,2021-01-01 11:59:46,2019-09-12 19:29:52,89744244,27102761688,89744244,302,7865,,https://sra-downloadb.be-md.ncbi.nlm.nih.gov/sos5/sra-pub-zq-16/SRR010/10089/SRR10089561/SRR10089561.lite.1,SRX6822230,,RNA-Seq,cDNA,TRANSCRIPTOMIC,PAIRED,0,0,ILLUMINA,Illumina NovaSeq 6000,SRP221152,PRJNA564629,3,564629,SRS5364806,SAMN12718487,simple,9606,Homo sapiens,GSM4071828,,,,,,,no,,,,,GEO,SRA959162,,public,C1EF82AAAB5792DCD20363D3016A2132,5CD13707C823099746F37A153DEF86A6
SRR10089562,2021-01-01 11:59:46,2019-09-12 20:14:06,91173812,27534491224,91173812,302,7876,,https://sra-downloadb.be-md.ncbi.nlm.nih.gov/sos5/sra-pub-zq-16/SRR010/10089/SRR10089562/SRR10089562.lite.1,SRX6822231,,RNA-Seq,cDNA,TRANSCRIPTOMIC,PAIRED,0,0,ILLUMINA,Illumina NovaSeq 6000,SRP221152,PRJNA564629,3,564629,SRS5364807,SAMN12718486,simple,9606,Homo sapiens,GSM4071829,,,,,,,no,,,,,GEO,SRA959162,,public,CC894175B5EFBCEE4D1F987F1EE9E2F3,57CB4484E36C2A8387549B120140DFCA
SRR10089563,2021-01-01 11:59:46,2019-09-12 20:02:42,92569949,27956124598,92569949,302,8113,,https://sra-downloadb.be-md.ncbi.nlm.nih.gov/sos5/sra-pub-zq-16/SRR010/10089/SRR10089563/SRR10089563.lite.1,SRX6822232,,RNA-Seq,cDNA,TRANSCRIPTOMIC,PAIRED,0,0,ILLUMINA,Illumina NovaSeq 6000,SRP221152,PRJNA564629,3,564629,SRS5364808,SAMN12718485,simple,9606,Homo sapiens,GSM4071830,,,,,,,no,,,,,GEO,SRA959162,,public,D0CE99D524B40BB3A8DC330C0B0D797C,59A1A5E72C008ED33458A49F70974BA8
SRR10089564,2021-01-01 11:59:46,2019-09-12 19:29:43,90883110,27446699220,90883110,302,7869,,https://sra-downloadb.be-md.ncbi.nlm.nih.gov/sos5/sra-pub-zq-16/SRR010/10089/SRR10089564/SRR10089564.lite.1,SRX6822233,,RNA-Seq,cDNA,TRANSCRIPTOMIC,PAIRED,0,0,ILLUMINA,Illumina NovaSeq 6000,SRP221152,PRJNA564629,3,564629,SRS5364809,SAMN12718484,simple,9606,Homo sapiens,GSM4071831,,,,,,,no,,,,,GEO,SRA959162,,public,1CEBE9F2B80E932DE18BB673F0AF04DC,BA465997ED6D6F1D8D2666D5BDBA382E
SRR10089565,2021-01-01 11:59:46,2019-09-12 19:21:30,80544648,24324483696,80544648,302,6980,,https://sra-downloadb.be-md.ncbi.nlm.nih.gov/sos5/sra-pub-zq-16/SRR010/10089/SRR10089565/SRR10089565.lite.1,SRX6822234,,RNA-Seq,cDNA,TRANSCRIPTOMIC,PAIRED,0,0,ILLUMINA,Illumina NovaSeq 6000,SRP221152,PRJNA564629,3,564629,SRS5364810,SAMN12718483,simple,9606,Homo sapiens,GSM4071832,,,,,,,no,,,,,GEO,SRA959162,,public,375ADB966837839C9B17E286087D0992,89EA58D38758881EF77383019B4911E3
SRR10089566,2021-01-01 11:59:46,2019-09-12 19:30:19,75047687,22664401474,75047687,302,6655,,https://sra-downloadb.be-md.ncbi.nlm.nih.gov/sos5/sra-pub-zq-16/SRR010/10089/SRR10089566/SRR10089566.lite.1,SRX6822235,,RNA-Seq,cDNA,TRANSCRIPTOMIC,PAIRED,0,0,ILLUMINA,Illumina NovaSeq 6000,SRP221152,PRJNA564629,3,564629,SRS5364811,SAMN12718482,simple,9606,Homo sapiens,GSM4071833,,,,,,,no,,,,,GEO,SRA959162,,public,05C746957D1E3D298BE84F5C5B3C5CEF,B11F6CB59204FC911F4B7429ADEDBFC7
SRR10089567,2021-01-01 11:59:46,2019-09-12 20:02:22,84286520,25454529040,84286520,302,7296,,https://sra-downloadb.be-md.ncbi.nlm.nih.gov/sos5/sra-pub-zq-16/SRR010/10089/SRR10089567/SRR10089567.lite.1,SRX6822236,,RNA-Seq,cDNA,TRANSCRIPTOMIC,PAIRED,0,0,ILLUMINA,Illumina NovaSeq 6000,SRP221152,PRJNA564629,3,564629,SRS5364812,SAMN12718522,simple,9606,Homo sapiens,GSM4071834,,,,,,,no,,,,,GEO,SRA959162,,public,8459A79B872D039850D716125D961EAE,FEBEE20493BFE8934EB376B10F523367
SRR10089568,2021-01-01 11:59:46,2019-09-12 18:44:34,98965331,29887529962,98965331,302,8876,,https://sra-downloadb.be-md.ncbi.nlm.nih.gov/sos5/sra-pub-zq-16/SRR010/10089/SRR10089568/SRR10089568.lite.1,SRX6822237,,RNA-Seq,cDNA,TRANSCRIPTOMIC,PAIRED,0,0,ILLUMINA,Illumina NovaSeq 6000,SRP221152,PRJNA564629,3,564629,SRS5364813,SAMN12718521,simple,9606,Homo sapiens,GSM4071835,,,,,,,no,,,,,GEO,SRA959162,,public,DACD87B99A745F3C796B58571FFA8306,46B9C4477F06A7CD7D3D11C29AE793E8
SRR10089569,2021-01-01 11:59:46,2019-09-12 18:21:10,72654723,21941726346,72654723,302,6354,,https://sra-downloadb.be-md.ncbi.nlm.nih.gov/sos5/sra-pub-zq-16/SRR010/10089/SRR10089569/SRR10089569.lite.1,SRX6822238,,RNA-Seq,cDNA,TRANSCRIPTOMIC,PAIRED,0,0,ILLUMINA,Illumina NovaSeq 6000,SRP221152,PRJNA564629,3,564629,SRS5364814,SAMN12718520,simple,9606,Homo sapiens,GSM4071836,,,,,,,no,,,,,GEO,SRA959162,,public,C4FC3D67664B0A911BB6E1BA742F064D,BDB5F42DB669928BA15C48C0AD9C5922
SRR10089570,2021-01-01 11:59:46,2019-09-12 18:47:27,103400686,31227007172,103400686,302,8948,,https://sra-downloadb.be-md.ncbi.nlm.nih.gov/sos5/sra-pub-zq-16/SRR010/10089/SRR10089570/SRR10089570.lite.1,SRX6822239,,RNA-Seq,cDNA,TRANSCRIPTOMIC,PAIRED,0,0,ILLUMINA,Illumina NovaSeq 6000,SRP221152,PRJNA564629,3,564629,SRS5364815,SAMN12718519,simple,9606,Homo sapiens,GSM4071837,,,,,,,no,,,,,GEO,SRA959162,,public,DCE4006E3FD6680036A209EC9A3A0158,9DA8FB8B54F1E38DC01949B7C3FC643D
SRR10089571,2021-01-01 11:59:46,2019-09-12 18:54:23,121958175,36831368850,121958175,302,10764,,https://sra-downloadb.be-md.ncbi.nlm.nih.gov/sos5/sra-pub-zq-16/SRR010/10089/SRR10089571/SRR10089571.lite.1,SRX6822240,,RNA-Seq,cDNA,TRANSCRIPTOMIC,PAIRED,0,0,ILLUMINA,Illumina NovaSeq 6000,SRP221152,PRJNA564629,3,564629,SRS5364816,SAMN12718518,simple,9606,Homo sapiens,GSM4071838,,,,,,,no,,,,,GEO,SRA959162,,public,F34B238B0D23DA1BC73CA12F021E2B64,DE4D3A39DA627D3B1CFE5A4A183C69DB
SRR10089572,2021-01-01 11:59:47,2019-09-12 18:53:44,97382419,29409490538,97382419,302,8500,,https://sra-downloadb.be-md.ncbi.nlm.nih.gov/sos5/sra-pub-zq-16/SRR010/10089/SRR10089572/SRR10089572.lite.1,SRX6822241,,RNA-Seq,cDNA,TRANSCRIPTOMIC,PAIRED,0,0,ILLUMINA,Illumina NovaSeq 6000,SRP221152,PRJNA564629,3,564629,SRS5364817,SAMN12718517,simple,9606,Homo sapiens,GSM4071839,,,,,,,no,,,,,GEO,SRA959162,,public,33F78A71F7370FA50CF07B02A765BC13,7F5838FE0DA71299666F6DE1D14E6DB4
SRR10089573,2021-01-01 11:59:47,2019-09-12 18:52:46,96208747,29055041594,96208747,302,8288,,https://sra-downloadb.be-md.ncbi.nlm.nih.gov/sos5/sra-pub-zq-16/SRR010/10089/SRR10089573/SRR10089573.lite.1,SRX6822242,,RNA-Seq,cDNA,TRANSCRIPTOMIC,PAIRED,0,0,ILLUMINA,Illumina NovaSeq 6000,SRP221152,PRJNA564629,3,564629,SRS5364818,SAMN12718516,simple,9606,Homo sapiens,GSM4071840,,,,,,,no,,,,,GEO,SRA959162,,public,4871282DBF042FA63A73027A7B2C3659,72D78F13199EB8668A6FEC836CA75AB2
SRR10089574,2021-01-01 11:59:47,2019-09-12 18:59:20,91778569,27717127838,91778569,302,7997,,https://sra-downloadb.be-md.ncbi.nlm.nih.gov/sos5/sra-pub-zq-16/SRR010/10089/SRR10089574/SRR10089574.lite.1,SRX6822243,,RNA-Seq,cDNA,TRANSCRIPTOMIC,PAIRED,0,0,ILLUMINA,Illumina NovaSeq 6000,SRP221152,PRJNA564629,3,564629,SRS5364819,SAMN12718515,simple,9606,Homo sapiens,GSM4071841,,,,,,,no,,,,,GEO,SRA959162,,public,CED9D4528080AF7C0A3C1D50E66CD301,35E74429F6235DFB580CBD6D3B03BDFF
SRR10089575,2021-01-01 11:59:47,2019-09-12 18:24:45,72180580,21798535160,72180580,302,6246,,https://sra-downloadb.be-md.ncbi.nlm.nih.gov/sos5/sra-pub-zq-16/SRR010/10089/SRR10089575/SRR10089575.lite.1,SRX6822244,,RNA-Seq,cDNA,TRANSCRIPTOMIC,PAIRED,0,0,ILLUMINA,Illumina NovaSeq 6000,SRP221152,PRJNA564629,3,564629,SRS5364820,SAMN12718514,simple,9606,Homo sapiens,GSM4071842,,,,,,,no,,,,,GEO,SRA959162,,public,809B46BD3D9F4DD3B244583AC1653E0D,24055FEE9D87DEAC5768B17317978B93
SRR10089576,2021-01-01 11:59:47,2019-09-12 18:30:14,88424567,26704219234,88424567,302,7713,,https://sra-downloadb.be-md.ncbi.nlm.nih.gov/sos5/sra-pub-zq-16/SRR010/10089/SRR10089576/SRR10089576.lite.1,SRX6822245,,RNA-Seq,cDNA,TRANSCRIPTOMIC,PAIRED,0,0,ILLUMINA,Illumina NovaSeq 6000,SRP221152,PRJNA564629,3,564629,SRS5364821,SAMN12718513,simple,9606,Homo sapiens,GSM4071843,,,,,,,no,,,,,GEO,SRA959162,,public,EA8EDE834A06263C9D658052139A72C7,C9BAC75CA8E6A7C73CEA0D341D36B8F7
SRR10089577,2021-01-01 11:59:47,2019-09-12 18:22:03,64250138,19403541676,64250138,302,5717,,https://sra-downloadb.be-md.ncbi.nlm.nih.gov/sos5/sra-pub-zq-16/SRR010/10089/SRR10089577/SRR10089577.lite.1,SRX6822246,,RNA-Seq,cDNA,TRANSCRIPTOMIC,PAIRED,0,0,ILLUMINA,Illumina NovaSeq 6000,SRP221152,PRJNA564629,3,564629,SRS5364822,SAMN12718512,simple,9606,Homo sapiens,GSM4071844,,,,,,,no,,,,,GEO,SRA959162,,public,4361EA90403CC327481EB3A7BD72E2FF,A10361DA3494987734B3161187260376
SRR10089578,2021-01-01 11:59:47,2019-09-12 18:26:37,71321636,21539134072,71321636,302,6148,,https://sra-downloadb.be-md.ncbi.nlm.nih.gov/sos5/sra-pub-zq-16/SRR010/10089/SRR10089578/SRR10089578.lite.1,SRX6822247,,RNA-Seq,cDNA,TRANSCRIPTOMIC,PAIRED,0,0,ILLUMINA,Illumina NovaSeq 6000,SRP221152,PRJNA564629,3,564629,SRS5364823,SAMN12718509,simple,9606,Homo sapiens,GSM4071845,,,,,,,no,,,,,GEO,SRA959162,,public,F2136C8E6EF777C2F2DC0F659AA2FF91,15085215D10B46E36A599092E8D9887A
SRR10089579,2021-01-01 11:59:47,2019-09-12 18:43:53,73679559,22251226818,73679559,302,6383,,https://sra-downloadb.be-md.ncbi.nlm.nih.gov/sos5/sra-pub-zq-16/SRR010/10089/SRR10089579/SRR10089579.lite.1,SRX6822248,,RNA-Seq,cDNA,TRANSCRIPTOMIC,PAIRED,0,0,ILLUMINA,Illumina NovaSeq 6000,SRP221152,PRJNA564629,3,564629,SRS5364824,SAMN12718508,simple,9606,Homo sapiens,GSM4071846,,,,,,,no,,,,,GEO,SRA959162,,public,61509736A79FD76594070961BEC08243,0B6E3A68A1B9235E8241ACAACD0CFB54
SRR10089580,2021-01-01 11:59:47,2019-09-12 18:56:56,87353472,26380748544,87353472,302,7648,,https://sra-downloadb.be-md.ncbi.nlm.nih.gov/sos5/sra-pub-zq-16/SRR010/10089/SRR10089580/SRR10089580.lite.1,SRX6822249,,RNA-Seq,cDNA,TRANSCRIPTOMIC,PAIRED,0,0,ILLUMINA,Illumina NovaSeq 6000,SRP221152,PRJNA564629,3,564629,SRS5364825,SAMN12718507,simple,9606,Homo sapiens,GSM4071847,,,,,,,no,,,,,GEO,SRA959162,,public,82E8DF58AE7C4E1BB59E9DD37413F2E6,661DAE1E383A2BC9F9B8D16028C27BF3
SRR10089581,2021-01-01 11:59:47,2019-09-12 18:52:36,98356966,29703803732,98356966,302,8731,,https://sra-downloadb.be-md.ncbi.nlm.nih.gov/sos5/sra-pub-zq-16/SRR010/10089/SRR10089581/SRR10089581.lite.1,SRX6822250,,RNA-Seq,cDNA,TRANSCRIPTOMIC,PAIRED,0,0,ILLUMINA,Illumina NovaSeq 6000,SRP221152,PRJNA564629,3,564629,SRS5364826,SAMN12718506,simple,9606,Homo sapiens,GSM4071848,,,,,,,no,,,,,GEO,SRA959162,,public,887D2E141E9EFFD6DF9CA6BE73BA993E,40C2BD5BF004276087C35898348F6CCF
SRR10089582,2021-01-01 11:59:47,2019-09-12 18:36:15,76887986,23220171772,76887986,302,6570,,https://sra-downloadb.be-md.ncbi.nlm.nih.gov/sos5/sra-pub-zq-16/SRR010/10089/SRR10089582/SRR10089582.lite.1,SRX6822251,,RNA-Seq,cDNA,TRANSCRIPTOMIC,PAIRED,0,0,ILLUMINA,Illumina NovaSeq 6000,SRP221152,PRJNA564629,3,564629,SRS5364827,SAMN12718505,simple,9606,Homo sapiens,GSM4071849,,,,,,,no,,,,,GEO,SRA959162,,public,28533D6B2950A0FD19DC000B33BE79A1,A22024F50054DB0BC4485C5429F89728
SRR10089583,2021-01-01 11:59:47,2019-09-12 18:28:54,74223863,22415606626,74223863,302,6599,,https://sra-downloadb.be-md.ncbi.nlm.nih.gov/sos5/sra-pub-zq-16/SRR010/10089/SRR10089583/SRR10089583.lite.1,SRX6822252,,RNA-Seq,cDNA,TRANSCRIPTOMIC,PAIRED,0,0,ILLUMINA,Illumina NovaSeq 6000,SRP221152,PRJNA564629,3,564629,SRS5364828,SAMN12718504,simple,9606,Homo sapiens,GSM4071850,,,,,,,no,,,,,GEO,SRA959162,,public,2F99AA870ED791FC86D2CD8C0C67FD92,916440F2DF08C71719BCB64D9F79733D
SRR10089584,2021-01-01 11:59:47,2019-09-12 18:53:13,101266419,30582458538,101266419,302,8724,,https://sra-downloadb.be-md.ncbi.nlm.nih.gov/sos5/sra-pub-zq-16/SRR010/10089/SRR10089584/SRR10089584.lite.1,SRX6822253,,RNA-Seq,cDNA,TRANSCRIPTOMIC,PAIRED,0,0,ILLUMINA,Illumina NovaSeq 6000,SRP221152,PRJNA564629,3,564629,SRS5364829,SAMN12718511,simple,9606,Homo sapiens,GSM4071851,,,,,,,no,,,,,GEO,SRA959162,,public,4E4A73797959D5C8EE8E1ACCD2C55622,DF303BAE7CFE51CC4EF2D39727B35640
SRR10089585,2021-01-01 11:59:47,2019-09-12 18:43:32,79959760,24147847520,79959760,302,6887,,https://sra-downloadb.be-md.ncbi.nlm.nih.gov/sos5/sra-pub-zq-16/SRR010/10089/SRR10089585/SRR10089585.lite.1,SRX6822254,,RNA-Seq,cDNA,TRANSCRIPTOMIC,PAIRED,0,0,ILLUMINA,Illumina NovaSeq 6000,SRP221152,PRJNA564629,3,564629,SRS5364830,SAMN12718510,simple,9606,Homo sapiens,GSM4071852,,,,,,,no,,,,,GEO,SRA959162,,public,537944104A2ED2699A4EB9E3B0030B06,E9567F3961407ACF6A8800BB0AF85AD9
SRR10089586,2021-01-01 11:59:47,2019-09-12 18:50:01,90981638,27476454676,90981638,302,7916,,https://sra-downloadb.be-md.ncbi.nlm.nih.gov/sos5/sra-pub-zq-16/SRR010/10089/SRR10089586/SRR10089586.lite.1,SRX6822255,,RNA-Seq,cDNA,TRANSCRIPTOMIC,PAIRED,0,0,ILLUMINA,Illumina NovaSeq 6000,SRP221152,PRJNA564629,3,564629,SRS5364831,SAMN12718503,simple,9606,Homo sapiens,GSM4071853,,,,,,,no,,,,,GEO,SRA959162,,public,8A7C495497219A5DD9DB908FCD032C7B,F68FCD5B6C6F71C3FFDBE51FC6815741
SRR10089587,2021-01-01 11:59:47,2019-09-12 18:33:04,85988763,25968606426,85988763,302,7640,,https://sra-downloadb.be-md.ncbi.nlm.nih.gov/sos5/sra-pub-zq-16/SRR010/10089/SRR10089587/SRR10089587.lite.1,SRX6822256,,RNA-Seq,cDNA,TRANSCRIPTOMIC,PAIRED,0,0,ILLUMINA,Illumina NovaSeq 6000,SRP221152,PRJNA564629,3,564629,SRS5364832,SAMN12718502,simple,9606,Homo sapiens,GSM4071854,,,,,,,no,,,,,GEO,SRA959162,,public,B22A244E4D03D4DF33E6D38C41657DC2,F26CDB0BDF36EE0192ADEA430891D95B
SRR10089588,2021-01-01 11:59:47,2019-09-12 18:45:29,84685772,25575103144,84685772,302,7374,,https://sra-downloadb.be-md.ncbi.nlm.nih.gov/sos5/sra-pub-zq-16/SRR010/10089/SRR10089588/SRR10089588.lite.1,SRX6822257,,RNA-Seq,cDNA,TRANSCRIPTOMIC,PAIRED,0,0,ILLUMINA,Illumina NovaSeq 6000,SRP221152,PRJNA564629,3,564629,SRS5364833,SAMN12718501,simple,9606,Homo sapiens,GSM4071855,,,,,,,no,,,,,GEO,SRA959162,,public,6709A3CE229CBCC4D717EB711F1C138A,8156B2B562525B15FCD970323E289C97
SRR10089589,2021-01-01 11:59:47,2019-09-12 18:44:53,95571633,28862633166,95571633,302,8416,,https://sra-downloadb.be-md.ncbi.nlm.nih.gov/sos5/sra-pub-zq-16/SRR010/10089/SRR10089589/SRR10089589.lite.1,SRX6822258,,RNA-Seq,cDNA,TRANSCRIPTOMIC,PAIRED,0,0,ILLUMINA,Illumina NovaSeq 6000,SRP221152,PRJNA564629,3,564629,SRS5364834,SAMN12718500,simple,9606,Homo sapiens,GSM4071856,,,,,,,no,,,,,GEO,SRA959162,,public,2B19161A545042E52BED3AF967050844,B09379BE10364E3B4DFFCA16B473D83E
SRR10089590,2021-01-01 11:59:47,2019-09-12 18:39:34,83244428,25139817256,83244428,302,7304,,https://sra-downloadb.be-md.ncbi.nlm.nih.gov/sos5/sra-pub-zq-16/SRR010/10089/SRR10089590/SRR10089590.lite.1,SRX6822259,,RNA-Seq,cDNA,TRANSCRIPTOMIC,PAIRED,0,0,ILLUMINA,Illumina NovaSeq 6000,SRP221152,PRJNA564629,3,564629,SRS5364835,SAMN12718499,simple,9606,Homo sapiens,GSM4071857,,,,,,,no,,,,,GEO,SRA959162,,public,50F989635D512F8A20B5341F6409A48C,1D287984BF388DC1AA0735EB883D5147
SRR10089591,2021-01-01 11:59:47,2019-09-12 18:49:15,90814700,27426039400,90814700,302,7877,,https://sra-downloadb.be-md.ncbi.nlm.nih.gov/sos5/sra-pub-zq-16/SRR010/10089/SRR10089591/SRR10089591.lite.1,SRX6822260,,RNA-Seq,cDNA,TRANSCRIPTOMIC,PAIRED,0,0,ILLUMINA,Illumina NovaSeq 6000,SRP221152,PRJNA564629,3,564629,SRS5364836,SAMN12718539,simple,9606,Homo sapiens,GSM4071858,,,,,,,no,,,,,GEO,SRA959162,,public,A5019575F765372DC07BFCE659E1459B,189B6BFD523AE5CD1E0543365CAC758E
SRR10089592,2021-01-01 11:59:47,2019-09-12 18:45:32,81360831,24570970962,81360831,302,7107,,https://sra-downloadb.be-md.ncbi.nlm.nih.gov/sos5/sra-pub-zq-16/SRR010/10089/SRR10089592/SRR10089592.lite.1,SRX6822261,,RNA-Seq,cDNA,TRANSCRIPTOMIC,PAIRED,0,0,ILLUMINA,Illumina NovaSeq 6000,SRP221152,PRJNA564629,3,564629,SRS5364837,SAMN12718538,simple,9606,Homo sapiens,GSM4071859,,,,,,,no,,,,,GEO,SRA959162,,public,2002E5403E354EBA548A4BD68B879243,0E92510CF43B50C125D3530F12220D00
SRR10089593,2021-01-01 11:59:47,2019-09-12 18:35:04,84390268,25485860936,84390268,302,7331,,https://sra-downloadb.be-md.ncbi.nlm.nih.gov/sos5/sra-pub-zq-16/SRR010/10089/SRR10089593/SRR10089593.lite.1,SRX6822262,,RNA-Seq,cDNA,TRANSCRIPTOMIC,PAIRED,0,0,ILLUMINA,Illumina NovaSeq 6000,SRP221152,PRJNA564629,3,564629,SRS5364838,SAMN12718537,simple,9606,Homo sapiens,GSM4071860,,,,,,,no,,,,,GEO,SRA959162,,public,AB650D6C5582131EE8540D28209F650F,277FA18A9D22F4A21671B5052F3DEBCB
SRR10089594,2021-01-01 11:59:47,2019-09-12 18:42:40,89349148,26983442696,89349148,302,7733,,https://sra-downloadb.be-md.ncbi.nlm.nih.gov/sos5/sra-pub-zq-16/SRR010/10089/SRR10089594/SRR10089594.lite.1,SRX6822263,,RNA-Seq,cDNA,TRANSCRIPTOMIC,PAIRED,0,0,ILLUMINA,Illumina NovaSeq 6000,SRP221152,PRJNA564629,3,564629,SRS5364839,SAMN12718536,simple,9606,Homo sapiens,GSM4071861,,,,,,,no,,,,,GEO,SRA959162,,public,13684BFC5FFFDB85837E2E919AE53CED,038012C57DB53D6531901E63AC842AE8
SRR10089595,2021-01-01 11:59:47,2019-09-12 18:50:42,98669579,29798212858,98669579,302,8563,,https://sra-downloadb.be-md.ncbi.nlm.nih.gov/sos5/sra-pub-zq-16/SRR010/10089/SRR10089595/SRR10089595.lite.1,SRX6822264,,RNA-Seq,cDNA,TRANSCRIPTOMIC,PAIRED,0,0,ILLUMINA,Illumina NovaSeq 6000,SRP221152,PRJNA564629,3,564629,SRS5364840,SAMN12718535,simple,9606,Homo sapiens,GSM4071862,,,,,,,no,,,,,GEO,SRA959162,,public,BA62B7D577D276F5584C07341CCF625E,6F0B363D00D8C2C17D0E8EB2C9BC1C4F
SRR10089596,2021-01-01 11:59:47,2019-09-12 19:02:08,110613604,33405308408,110613604,302,9628,,https://sra-downloadb.be-md.ncbi.nlm.nih.gov/sos5/sra-pub-zq-16/SRR010/10089/SRR10089596/SRR10089596.lite.1,SRX6822265,,RNA-Seq,cDNA,TRANSCRIPTOMIC,PAIRED,0,0,ILLUMINA,Illumina NovaSeq 6000,SRP221152,PRJNA564629,3,564629,SRS5364841,SAMN12718534,simple,9606,Homo sapiens,GSM4071863,,,,,,,no,,,,,GEO,SRA959162,,public,BD456ACE3FF7B717661D3794551F0AAF,EFCE0D55C120750B731D12020A6F38E3
SRR10089597,2021-01-01 11:59:47,2019-09-12 18:38:44,87019125,26279775750,87019125,302,7513,,https://sra-downloadb.be-md.ncbi.nlm.nih.gov/sos5/sra-pub-zq-16/SRR010/10089/SRR10089597/SRR10089597.lite.1,SRX6822266,,RNA-Seq,cDNA,TRANSCRIPTOMIC,PAIRED,0,0,ILLUMINA,Illumina NovaSeq 6000,SRP221152,PRJNA564629,3,564629,SRS5364842,SAMN12718533,simple,9606,Homo sapiens,GSM4071864,,,,,,,no,,,,,GEO,SRA959162,,public,D5C37D74CE6C8611D31ABA1D7DA84128,A8F49439822269DAC6776383DEDC151B
SRR10089598,2021-01-01 11:59:47,2019-09-12 18:54:14,103992883,31405850666,103992883,302,9098,,https://sra-downloadb.be-md.ncbi.nlm.nih.gov/sos5/sra-pub-zq-16/SRR010/10089/SRR10089598/SRR10089598.lite.1,SRX6822267,,RNA-Seq,cDNA,TRANSCRIPTOMIC,PAIRED,0,0,ILLUMINA,Illumina NovaSeq 6000,SRP221152,PRJNA564629,3,564629,SRS5364843,SAMN12718532,simple,9606,Homo sapiens,GSM4071865,,,,,,,no,,,,,GEO,SRA959162,,public,FD7AF71CB246584B9B15D80A3D079A1C,8010781F64425BD1C29FD72D015656EF
SRR10089599,2021-01-01 11:59:47,2019-09-12 18:55:49,94523662,28546145924,94523662,302,8202,,https://sra-downloadb.be-md.ncbi.nlm.nih.gov/sos5/sra-pub-zq-16/SRR010/10089/SRR10089599/SRR10089599.lite.1,SRX6822268,,RNA-Seq,cDNA,TRANSCRIPTOMIC,PAIRED,0,0,ILLUMINA,Illumina NovaSeq 6000,SRP221152,PRJNA564629,3,564629,SRS5364844,SAMN12718531,simple,9606,Homo sapiens,GSM4071866,,,,,,,no,,,,,GEO,SRA959162,,public,1921357CD9326C0C81CD4273C9F06536,4035B3B3340B1F5C5EC2F2D4896ACE28
SRR10089600,2021-01-01 11:59:47,2019-09-12 18:46:54,100196929,30259472558,100196929,302,8681,,https://sra-downloadb.be-md.ncbi.nlm.nih.gov/sos5/sra-pub-zq-16/SRR010/10089/SRR10089600/SRR10089600.lite.1,SRX6822269,,RNA-Seq,cDNA,TRANSCRIPTOMIC,PAIRED,0,0,ILLUMINA,Illumina NovaSeq 6000,SRP221152,PRJNA564629,3,564629,SRS5364845,SAMN12718530,simple,9606,Homo sapiens,GSM4071867,,,,,,,no,,,,,GEO,SRA959162,,public,021985FD4B856E6C61E3DD1A7B2C4F80,F4FB112C85F77D071F047416F052929E
SRR10089601,2021-01-01 11:59:47,2019-09-12 18:51:39,89318044,26974049288,89318044,302,7902,,https://sra-downloadb.be-md.ncbi.nlm.nih.gov/sos5/sra-pub-zq-16/SRR010/10089/SRR10089601/SRR10089601.lite.1,SRX6822270,,RNA-Seq,cDNA,TRANSCRIPTOMIC,PAIRED,0,0,ILLUMINA,Illumina NovaSeq 6000,SRP221152,PRJNA564629,3,564629,SRS5364846,SAMN12718529,simple,9606,Homo sapiens,GSM4071868,,,,,,,no,,,,,GEO,SRA959162,,public,7391EAAF2D93170F0D87E4D2AD2FCAE9,1CF5277927021725DEDEE553293A1A87
SRR10089602,2021-01-01 11:59:48,2019-09-12 19:33:34,103314310,31200921620,103314310,302,8957,,https://sra-downloadb.be-md.ncbi.nlm.nih.gov/sos5/sra-pub-zq-16/SRR010/10089/SRR10089602/SRR10089602.lite.1,SRX6822271,,RNA-Seq,cDNA,TRANSCRIPTOMIC,PAIRED,0,0,ILLUMINA,Illumina NovaSeq 6000,SRP221152,PRJNA564629,3,564629,SRS5364847,SAMN12718528,simple,9606,Homo sapiens,GSM4071869,,,,,,,no,,,,,GEO,SRA959162,,public,FEF673B7B8D8951712BB09910E8ECB40,29B33C624D44477B2E233A7C3C42E415
SRR10089603,2021-01-01 11:59:48,2019-09-12 18:43:47,85319484,25766484168,85319484,302,7374,,https://sra-downloadb.be-md.ncbi.nlm.nih.gov/sos5/sra-pub-zq-16/SRR010/10089/SRR10089603/SRR10089603.lite.1,SRX6822272,,RNA-Seq,cDNA,TRANSCRIPTOMIC,PAIRED,0,0,ILLUMINA,Illumina NovaSeq 6000,SRP221152,PRJNA564629,3,564629,SRS5364848,SAMN12718527,simple,9606,Homo sapiens,GSM4071870,,,,,,,no,,,,,GEO,SRA959162,,public,DFF3535F534790612675CEF124587D9E,874303CC62A2DD8D678A36BBB3139746
SRR10089604,2021-01-01 11:59:48,2019-09-13 07:49:48,101360053,30610736006,101360053,302,8887,,https://sra-downloadb.be-md.ncbi.nlm.nih.gov/sos5/sra-pub-zq-16/SRR010/10089/SRR10089604/SRR10089604.lite.1,SRX6822273,,RNA-Seq,cDNA,TRANSCRIPTOMIC,PAIRED,0,0,ILLUMINA,Illumina NovaSeq 6000,SRP221152,PRJNA564629,3,564629,SRS5364849,SAMN12718526,simple,9606,Homo sapiens,GSM4071871,,,,,,,no,,,,,GEO,SRA959162,,public,BC32BCA3E6D64EDCAF5294C700624492,23C34E3CF45DF3C79B9CE1A7702FA671
SRR10089605,2021-01-01 11:59:48,2019-09-13 07:38:23,88219258,26642215916,88219258,302,7686,,https://sra-downloadb.be-md.ncbi.nlm.nih.gov/sos5/sra-pub-zq-16/SRR010/10089/SRR10089605/SRR10089605.lite.1,SRX6822274,,RNA-Seq,cDNA,TRANSCRIPTOMIC,PAIRED,0,0,ILLUMINA,Illumina NovaSeq 6000,SRP221152,PRJNA564629,3,564629,SRS5364850,SAMN12718525,simple,9606,Homo sapiens,GSM4071872,,,,,,,no,,,,,GEO,SRA959162,,public,963353DD72B0E34CCDB23D4B1372F15F,C51213952E26FF25C232BBD444EC0FB0
SRR10089606,2021-01-01 11:59:48,2019-09-13 08:00:10,90569092,27351865784,90569092,302,7806,,https://sra-downloadb.be-md.ncbi.nlm.nih.gov/sos5/sra-pub-zq-16/SRR010/10089/SRR10089606/SRR10089606.lite.1,SRX6822275,,RNA-Seq,cDNA,TRANSCRIPTOMIC,PAIRED,0,0,ILLUMINA,Illumina NovaSeq 6000,SRP221152,PRJNA564629,3,564629,SRS5364851,SAMN12718524,simple,9606,Homo sapiens,GSM4071873,,,,,,,no,,,,,GEO,SRA959162,,public,460ACF8EBC3539FDA4209B843A0A49A5,5BD95DF554D1BE4E0246734567D2D758
SRR10089607,2021-01-01 11:59:48,2019-09-13 07:50:34,97597268,29474374936,97597268,302,8481,,https://sra-downloadb.be-md.ncbi.nlm.nih.gov/sos5/sra-pub-zq-16/SRR010/10089/SRR10089607/SRR10089607.lite.1,SRX6822276,,RNA-Seq,cDNA,TRANSCRIPTOMIC,PAIRED,0,0,ILLUMINA,Illumina NovaSeq 6000,SRP221152,PRJNA564629,3,564629,SRS5364852,SAMN12718523,simple,9606,Homo sapiens,GSM4071874,,,,,,,no,,,,,GEO,SRA959162,,public,EC1FD61690BD0F04731DDF2CC6846D60,F2EDFE5EBE1999D51C36BCCC685E9F9E
SRR10089608,2021-01-01 11:59:48,2019-09-13 08:00:03,91359921,27590696142,91359921,302,7926,,https://sra-downloadb.be-md.ncbi.nlm.nih.gov/sos5/sra-pub-zq-16/SRR010/10089/SRR10089608/SRR10089608.lite.1,SRX6822277,,RNA-Seq,cDNA,TRANSCRIPTOMIC,PAIRED,0,0,ILLUMINA,Illumina NovaSeq 6000,SRP221152,PRJNA564629,3,564629,SRS5364853,SAMN12718558,simple,9606,Homo sapiens,GSM4071875,,,,,,,no,,,,,GEO,SRA959162,,public,52E8D5B31CDF2ED22CFEBE1D5C2B6C10,3B735A49E99EED552D2725C06762AC7A
SRR10089609,2021-01-01 11:59:48,2019-09-13 07:47:59,95707783,28903750466,95707783,302,8274,,https://sra-downloadb.be-md.ncbi.nlm.nih.gov/sos5/sra-pub-zq-16/SRR010/10089/SRR10089609/SRR10089609.lite.1,SRX6822278,,RNA-Seq,cDNA,TRANSCRIPTOMIC,PAIRED,0,0,ILLUMINA,Illumina NovaSeq 6000,SRP221152,PRJNA564629,3,564629,SRS5364854,SAMN12718556,simple,9606,Homo sapiens,GSM4071876,,,,,,,no,,,,,GEO,SRA959162,,public,95A5CCE69D19F013F18BA35D9FE23F2C,8D9F47DFDA89D113C7D2BD1F7B6011DB
SRR10089610,2021-01-01 11:59:48,2019-09-13 07:39:21,82023492,24771094584,82023492,302,7130,,https://sra-downloadb.be-md.ncbi.nlm.nih.gov/sos5/sra-pub-zq-16/SRR010/10089/SRR10089610/SRR10089610.lite.1,SRX6822279,,RNA-Seq,cDNA,TRANSCRIPTOMIC,PAIRED,0,0,ILLUMINA,Illumina NovaSeq 6000,SRP221152,PRJNA564629,3,564629,SRS5364855,SAMN12718553,simple,9606,Homo sapiens,GSM4071877,,,,,,,no,,,,,GEO,SRA959162,,public,AFD28DF6001FB6CD5F466DF793BE0D44,6C315FA39DD6CCB14F6BBFE5251EB772
SRR10089611,2021-01-01 11:59:48,2019-09-13 08:04:00,99916123,30174669146,99916123,302,8730,,https://sra-downloadb.be-md.ncbi.nlm.nih.gov/sos5/sra-pub-zq-16/SRR010/10089/SRR10089611/SRR10089611.lite.1,SRX6822280,,RNA-Seq,cDNA,TRANSCRIPTOMIC,PAIRED,0,0,ILLUMINA,Illumina NovaSeq 6000,SRP221152,PRJNA564629,3,564629,SRS5364856,SAMN12718551,simple,9606,Homo sapiens,GSM4071878,,,,,,,no,,,,,GEO,SRA959162,,public,68B1BFCCAFBB9D79170E60294F954A44,297F2A3C05DEE8FB13ED56677AE09486
SRR10089612,2021-01-01 11:59:48,2019-09-13 07:33:01,80948271,24446377842,80948271,302,6999,,https://sra-downloadb.be-md.ncbi.nlm.nih.gov/sos5/sra-pub-zq-16/SRR010/10089/SRR10089612/SRR10089612.lite.1,SRX6822281,,RNA-Seq,cDNA,TRANSCRIPTOMIC,PAIRED,0,0,ILLUMINA,Illumina NovaSeq 6000,SRP221152,PRJNA564629,3,564629,SRS5364857,SAMN12718550,simple,9606,Homo sapiens,GSM4071879,,,,,,,no,,,,,GEO,SRA959162,,public,FD79BA48B1C4B0BBE04EF4F18BB95B3A,0E9B87E758D32A7F70D2F167E75A44CC
SRR10089613,2021-01-01 11:59:48,2019-09-13 07:46:04,88637626,26768563052,88637626,302,7728,,https://sra-downloadb.be-md.ncbi.nlm.nih.gov/sos5/sra-pub-zq-16/SRR010/10089/SRR10089613/SRR10089613.lite.1,SRX6822282,,RNA-Seq,cDNA,TRANSCRIPTOMIC,PAIRED,0,0,ILLUMINA,Illumina NovaSeq 6000,SRP221152,PRJNA564629,3,564629,SRS5364858,SAMN12718549,simple,9606,Homo sapiens,GSM4071880,,,,,,,no,,,,,GEO,SRA959162,,public,8ABC0CF66EAE7F9B038C8036E7C125C2,3A77AF9CA64C9196689932F602932BA3
SRR10089614,2021-01-01 11:59:48,2019-09-13 07:36:34,80847458,24415932316,80847458,302,7173,,https://sra-downloadb.be-md.ncbi.nlm.nih.gov/sos5/sra-pub-zq-16/SRR010/10089/SRR10089614/SRR10089614.lite.1,SRX6822283,,RNA-Seq,cDNA,TRANSCRIPTOMIC,PAIRED,0,0,ILLUMINA,Illumina NovaSeq 6000,SRP221152,PRJNA564629,3,564629,SRS5364859,SAMN12718548,simple,9606,Homo sapiens,GSM4071881,,,,,,,no,,,,,GEO,SRA959162,,public,E9F486000E5B9855851842527F66D891,BB2CE7AF3D651D9A121437FDD107CE58
SRR10089615,2021-01-01 11:59:48,2019-09-13 07:40:12,73924688,22325255776,73924688,302,6392,,https://sra-downloadb.be-md.ncbi.nlm.nih.gov/sos5/sra-pub-zq-16/SRR010/10089/SRR10089615/SRR10089615.lite.1,SRX6822284,,RNA-Seq,cDNA,TRANSCRIPTOMIC,PAIRED,0,0,ILLUMINA,Illumina NovaSeq 6000,SRP221152,PRJNA564629,3,564629,SRS5364860,SAMN12718547,simple,9606,Homo sapiens,GSM4071882,,,,,,,no,,,,,GEO,SRA959162,,public,0E05E31FF98B11BCC1A0BA30D6725D96,0D5F87E3558D15CF8BFB5350B865CBDB
SRR10089616,2021-01-01 11:59:48,2019-09-13 07:38:37,74207523,22410671946,74207523,302,6478,,https://sra-downloadb.be-md.ncbi.nlm.nih.gov/sos5/sra-pub-zq-16/SRR010/10089/SRR10089616/SRR10089616.lite.1,SRX6822285,,RNA-Seq,cDNA,TRANSCRIPTOMIC,PAIRED,0,0,ILLUMINA,Illumina NovaSeq 6000,SRP221152,PRJNA564629,3,564629,SRS5364861,SAMN12718544,simple,9606,Homo sapiens,GSM4071883,,,,,,,no,,,,,GEO,SRA959162,,public,E1E02694BF0E63CC30C37A32399D8DDC,AF5FA562826A78E5DF518EBD5FF2C269
SRR10089617,2021-01-01 11:59:48,2019-09-13 07:35:38,79567854,24029491908,79567854,302,6967,,https://sra-downloadb.be-md.ncbi.nlm.nih.gov/sos5/sra-pub-zq-16/SRR010/10089/SRR10089617/SRR10089617.lite.1,SRX6822286,,RNA-Seq,cDNA,TRANSCRIPTOMIC,PAIRED,0,0,ILLUMINA,Illumina NovaSeq 6000,SRP221152,PRJNA564629,3,564629,SRS5364862,SAMN12718543,simple,9606,Homo sapiens,GSM4071884,,,,,,,no,,,,,GEO,SRA959162,,public,E27A72D6E46A1E8CE59E82B0B699F9B7,38007E86C8AF66D1EEE1C7C547775804
SRR10089618,2021-01-01 11:59:48,2019-09-13 08:03:43,89933625,27159954750,89933625,302,8034,,https://sra-downloadb.be-md.ncbi.nlm.nih.gov/sos5/sra-pub-zq-16/SRR010/10089/SRR10089618/SRR10089618.lite.1,SRX6822287,,RNA-Seq,cDNA,TRANSCRIPTOMIC,PAIRED,0,0,ILLUMINA,Illumina NovaSeq 6000,SRP221152,PRJNA564629,3,564629,SRS5364863,SAMN12718542,simple,9606,Homo sapiens,GSM4071885,,,,,,,no,,,,,GEO,SRA959162,,public,E7E0ABFCC4D60A61F39D97B48383A960,F4C316A052CE6ACD686EA8F0EA278101
SRR10089619,2021-01-01 11:59:48,2019-09-13 07:30:10,72707173,21957566246,72707173,302,6313,,https://sra-downloadb.be-md.ncbi.nlm.nih.gov/sos5/sra-pub-zq-16/SRR010/10089/SRR10089619/SRR10089619.lite.1,SRX6822288,,RNA-Seq,cDNA,TRANSCRIPTOMIC,PAIRED,0,0,ILLUMINA,Illumina NovaSeq 6000,SRP221152,PRJNA564629,3,564629,SRS5364864,SAMN12718541,simple,9606,Homo sapiens,GSM4071886,,,,,,,no,,,,,GEO,SRA959162,,public,BD07750FD1D38C4183BCA87D75AFD7DD,C05A016B5251E8F9CDB181DCFD28A257
SRR10089620,2021-01-01 11:59:48,2019-09-13 07:50:43,87585533,26450830966,87585533,302,7889,,https://sra-downloadb.be-md.ncbi.nlm.nih.gov/sos5/sra-pub-zq-16/SRR010/10089/SRR10089620/SRR10089620.lite.1,SRX6822289,,RNA-Seq,cDNA,TRANSCRIPTOMIC,PAIRED,0,0,ILLUMINA,Illumina NovaSeq 6000,SRP221152,PRJNA564629,3,564629,SRS5364865,SAMN12718540,simple,9606,Homo sapiens,GSM4071887,,,,,,,no,,,,,GEO,SRA959162,,public,2D778CF674CD74FA8ED713DA06EE2959,D5BD4D8EBF8111E3F3AA32189D07881E
SRR10089501,2021-01-01 11:59:44,2019-09-13 21:27:47,111562333,33691824566,111562333,302,9698,,https://sra-downloadb.be-md.ncbi.nlm.nih.gov/sos5/sra-pub-zq-16/SRR010/10089/SRR10089501/SRR10089501.lite.1,SRX6822170,,RNA-Seq,cDNA,TRANSCRIPTOMIC,PAIRED,0,0,ILLUMINA,Illumina NovaSeq 6000,SRP221152,PRJNA564629,3,564629,SRS5364746,SAMN12718446,simple,9606,Homo sapiens,GSM4071768,,,,,,,no,,,,,GEO,SRA959162,,public,EF54D674B5E54A3724D670F1906CEB0A,105C65A21C42CE57BA0663941D7AF096
SRR10089502,2021-01-01 11:59:44,2019-09-13 20:49:32,90066120,27199968240,90066120,302,7843,,https://sra-downloadb.be-md.ncbi.nlm.nih.gov/sos5/sra-pub-zq-16/SRR010/10089/SRR10089502/SRR10089502.lite.1,SRX6822171,,RNA-Seq,cDNA,TRANSCRIPTOMIC,PAIRED,0,0,ILLUMINA,Illumina NovaSeq 6000,SRP221152,PRJNA564629,3,564629,SRS5364747,SAMN12718445,simple,9606,Homo sapiens,GSM4071769,,,,,,,no,,,,,GEO,SRA959162,,public,D056F83ED067DD2D5B3427BB3C114C63,22E8D701A9CB01FC513956907C44B3FF
SRR10089503,2021-01-01 11:59:44,2019-09-12 14:46:49,76708254,23165892708,76708254,302,6597,,https://sra-downloadb.be-md.ncbi.nlm.nih.gov/sos5/sra-pub-zq-16/SRR010/10089/SRR10089503/SRR10089503.lite.1,SRX6822172,,RNA-Seq,cDNA,TRANSCRIPTOMIC,PAIRED,0,0,ILLUMINA,Illumina NovaSeq 6000,SRP221152,PRJNA564629,3,564629,SRS5364748,SAMN12718444,simple,9606,Homo sapiens,GSM4071770,,,,,,,no,,,,,GEO,SRA959162,,public,C041E6239DEF342EDE5B69123815E92D,25DB90F0A9F9A36DA14AB2D80FEC4AE2
SRR10089504,2021-01-01 11:59:44,2019-09-13 20:21:23,79201188,23918758776,79201188,302,6883,,https://sra-downloadb.be-md.ncbi.nlm.nih.gov/sos5/sra-pub-zq-16/SRR010/10089/SRR10089504/SRR10089504.lite.1,SRX6822173,,RNA-Seq,cDNA,TRANSCRIPTOMIC,PAIRED,0,0,ILLUMINA,Illumina NovaSeq 6000,SRP221152,PRJNA564629,3,564629,SRS5364749,SAMN12718443,simple,9606,Homo sapiens,GSM4071771,,,,,,,no,,,,,GEO,SRA959162,,public,547453916B1863EBD1F5EB492769A98E,0AC3A2D2B850905E322F21B3D8EA25F4
SRR10089505,2021-01-01 11:59:45,2019-09-12 14:51:57,79202061,23919022422,79202061,302,6815,,https://sra-downloadb.be-md.ncbi.nlm.nih.gov/sos5/sra-pub-zq-16/SRR010/10089/SRR10089505/SRR10089505.lite.1,SRX6822174,,RNA-Seq,cDNA,TRANSCRIPTOMIC,PAIRED,0,0,ILLUMINA,Illumina NovaSeq 6000,SRP221152,PRJNA564629,3,564629,SRS5364750,SAMN12718442,simple,9606,Homo sapiens,GSM4071772,,,,,,,no,,,,,GEO,SRA959162,,public,44CED1E3F1D82977DEB60A179AC206D8,386AD0B7BEC4400FE6A4F37DE22F80A8
SRR10089506,2021-01-01 11:59:45,2019-09-13 20:57:15,94441504,28521334208,94441504,302,8192,,https://sra-downloadb.be-md.ncbi.nlm.nih.gov/sos5/sra-pub-zq-16/SRR010/10089/SRR10089506/SRR10089506.lite.1,SRX6822175,,RNA-Seq,cDNA,TRANSCRIPTOMIC,PAIRED,0,0,ILLUMINA,Illumina NovaSeq 6000,SRP221152,PRJNA564629,3,564629,SRS5364751,SAMN12718441,simple,9606,Homo sapiens,GSM4071773,,,,,,,no,,,,,GEO,SRA959162,,public,E5C47BF9CDFE391A6740C0AE99C52A96,231F9206B94174210B741ED820A488BA
SRR10089507,2021-01-01 11:59:45,2019-09-13 20:24:15,89450575,27014073650,89450575,302,7771,,https://sra-downloadb.be-md.ncbi.nlm.nih.gov/sos5/sra-pub-zq-16/SRR010/10089/SRR10089507/SRR10089507.lite.1,SRX6822176,,RNA-Seq,cDNA,TRANSCRIPTOMIC,PAIRED,0,0,ILLUMINA,Illumina NovaSeq 6000,SRP221152,PRJNA564629,3,564629,SRS5364752,SAMN12718439,simple,9606,Homo sapiens,GSM4071774,,,,,,,no,,,,,GEO,SRA959162,,public,2C0D5D698B9A6714477AACB286A88CB1,AFC76C570C42546756B9D516C5926DF1
SRR10089508,2021-01-01 11:59:45,2019-09-13 20:46:56,97185742,29350094084,97185742,302,8324,,https://sra-downloadb.be-md.ncbi.nlm.nih.gov/sos5/sra-pub-zq-16/SRR010/10089/SRR10089508/SRR10089508.lite.1,SRX6822177,,RNA-Seq,cDNA,TRANSCRIPTOMIC,PAIRED,0,0,ILLUMINA,Illumina NovaSeq 6000,SRP221152,PRJNA564629,3,564629,SRS5364753,SAMN12718438,simple,9606,Homo sapiens,GSM4071775,,,,,,,no,,,,,GEO,SRA959162,,public,2EA3E5DFCBA7975BC4E8E1442A088455,73AA6699E824AEB6A6FE2DA03A5790EF
SRR10089509,2021-01-01 11:59:45,2019-09-12 14:56:30,79757067,24086634234,79757067,302,6888,,https://sra-downloadb.be-md.ncbi.nlm.nih.gov/sos5/sra-pub-zq-16/SRR010/10089/SRR10089509/SRR10089509.lite.1,SRX6822178,,RNA-Seq,cDNA,TRANSCRIPTOMIC,PAIRED,0,0,ILLUMINA,Illumina NovaSeq 6000,SRP221152,PRJNA564629,3,564629,SRS5364754,SAMN12718435,simple,9606,Homo sapiens,GSM4071776,,,,,,,no,,,,,GEO,SRA959162,,public,F830DC3EFDCA87F14F44639780991AC2,E07626DD51D44CE61B6374A262522DAF
SRR10089510,2021-01-01 11:59:45,2019-09-13 20:38:27,92313290,27878613580,92313290,302,8017,,https://sra-downloadb.be-md.ncbi.nlm.nih.gov/sos5/sra-pub-zq-16/SRR010/10089/SRR10089510/SRR10089510.lite.1,SRX6822179,,RNA-Seq,cDNA,TRANSCRIPTOMIC,PAIRED,0,0,ILLUMINA,Illumina NovaSeq 6000,SRP221152,PRJNA564629,3,564629,SRS5364755,SAMN12718433,simple,9606,Homo sapiens,GSM4071777,,,,,,,no,,,,,GEO,SRA959162,,public,F778C62261C96C39558CD9679094CE7F,75EE6D73471F8290E05BBEFC9647B127
SRR10089511,2021-01-01 11:59:45,2019-09-13 20:17:13,90645697,27375000494,90645697,302,7793,,https://sra-downloadb.be-md.ncbi.nlm.nih.gov/sos5/sra-pub-zq-16/SRR010/10089/SRR10089511/SRR10089511.lite.1,SRX6822180,,RNA-Seq,cDNA,TRANSCRIPTOMIC,PAIRED,0,0,ILLUMINA,Illumina NovaSeq 6000,SRP221152,PRJNA564629,3,564629,SRS5364756,SAMN12718431,simple,9606,Homo sapiens,GSM4071778,,,,,,,no,,,,,GEO,SRA959162,,public,EE97279A98196881B70BE4D7B8153A67,CE9EFFD4AA3BB0652E65A97C6D6E308B
SRR10089512,2021-01-01 11:59:45,2019-09-13 20:22:28,83310445,25159754390,83310445,302,7225,,https://sra-downloadb.be-md.ncbi.nlm.nih.gov/sos5/sra-pub-zq-16/SRR010/10089/SRR10089512/SRR10089512.lite.1,SRX6822181,,RNA-Seq,cDNA,TRANSCRIPTOMIC,PAIRED,0,0,ILLUMINA,Illumina NovaSeq 6000,SRP221152,PRJNA564629,3,564629,SRS5364757,SAMN12718430,simple,9606,Homo sapiens,GSM4071779,,,,,,,no,,,,,GEO,SRA959162,,public,9A95DB1B1579D96CAEE924E8D7CD36CD,CCB434B482DB62D9DFFC510E6AA0B5B6
SRR10089513,2021-01-01 11:59:45,2019-09-12 14:54:01,78562370,23725835740,78562370,302,6782,,https://sra-downloadb.be-md.ncbi.nlm.nih.gov/sos5/sra-pub-zq-16/SRR010/10089/SRR10089513/SRR10089513.lite.1,SRX6822182,,RNA-Seq,cDNA,TRANSCRIPTOMIC,PAIRED,0,0,ILLUMINA,Illumina NovaSeq 6000,SRP221152,PRJNA564629,3,564629,SRS5364758,SAMN12718429,simple,9606,Homo sapiens,GSM4071780,,,,,,,no,,,,,GEO,SRA959162,,public,13717AC0B7D213B996F8C166C86DA852,1A0904A82A37CB7F6C1B15305630F8E6
SRR10089514,2021-01-01 11:59:45,2019-09-13 21:12:47,100631275,30390645050,100631275,302,8651,,https://sra-downloadb.be-md.ncbi.nlm.nih.gov/sos5/sra-pub-zq-16/SRR010/10089/SRR10089514/SRR10089514.lite.1,SRX6822183,,RNA-Seq,cDNA,TRANSCRIPTOMIC,PAIRED,0,0,ILLUMINA,Illumina NovaSeq 6000,SRP221152,PRJNA564629,3,564629,SRS5364759,SAMN12718428,simple,9606,Homo sapiens,GSM4071781,,,,,,,no,,,,,GEO,SRA959162,,public,4B974978A53A3C57F9925164F9FD6C76,07CBF276A264C5569F2545419E412E79
SRR10089515,2021-01-01 11:59:45,2019-09-13 20:41:20,85260423,25748647746,85260423,302,7479,,https://sra-downloadb.be-md.ncbi.nlm.nih.gov/sos5/sra-pub-zq-16/SRR010/10089/SRR10089515/SRR10089515.lite.1,SRX6822184,,RNA-Seq,cDNA,TRANSCRIPTOMIC,PAIRED,0,0,ILLUMINA,Illumina NovaSeq 6000,SRP221152,PRJNA564629,3,564629,SRS5364760,SAMN12718427,simple,9606,Homo sapiens,GSM4071782,,,,,,,no,,,,,GEO,SRA959162,,public,67C2BBF7BA8DD8019C473B56D10523D9,9790FD9D123FC3FD1990CFAF03DF53A9
SRR10089516,2021-01-01 11:59:45,2019-09-12 15:54:02,121372748,36654569896,121372748,302,10512,,https://sra-downloadb.be-md.ncbi.nlm.nih.gov/sos5/sra-pub-zq-16/SRR010/10089/SRR10089516/SRR10089516.lite.1,SRX6822185,,RNA-Seq,cDNA,TRANSCRIPTOMIC,PAIRED,0,0,ILLUMINA,Illumina NovaSeq 6000,SRP221152,PRJNA564629,3,564629,SRS5364761,SAMN12718426,simple,9606,Homo sapiens,GSM4071783,,,,,,,no,,,,,GEO,SRA959162,,public,5D3DF4CA09FC0602DC9DD039A98E6BAB,FF5FC3698FF4AC758BB9C4C7A806AE67
SRR10089517,2021-01-01 11:59:45,2019-09-12 15:16:01,77712032,23469033664,77712032,302,6687,,https://sra-downloadb.be-md.ncbi.nlm.nih.gov/sos5/sra-pub-zq-16/SRR010/10089/SRR10089517/SRR10089517.lite.1,SRX6822186,,RNA-Seq,cDNA,TRANSCRIPTOMIC,PAIRED,0,0,ILLUMINA,Illumina NovaSeq 6000,SRP221152,PRJNA564629,3,564629,SRS5364762,SAMN12718425,simple,9606,Homo sapiens,GSM4071784,,,,,,,no,,,,,GEO,SRA959162,,public,8A16CEEDE95F5583A9FB838B93889582,22738A53E5EB96A4CB16AA18B20F5F8D
SRR10089518,2021-01-01 11:59:45,2019-09-12 16:30:32,89090905,26905453310,89090905,302,7784,,https://sra-downloadb.be-md.ncbi.nlm.nih.gov/sos5/sra-pub-zq-16/SRR010/10089/SRR10089518/SRR10089518.lite.1,SRX6822187,,RNA-Seq,cDNA,TRANSCRIPTOMIC,PAIRED,0,0,ILLUMINA,Illumina NovaSeq 6000,SRP221152,PRJNA564629,3,564629,SRS5364763,SAMN12718424,simple,9606,Homo sapiens,GSM4071785,,,,,,,no,,,,,GEO,SRA959162,,public,99615E33DD42CE205492CDEC92841B53,FE57358475B6A411B81782E3AF602988
SRR10089519,2021-01-01 11:59:45,2019-09-13 21:18:11,95715217,28905995534,95715217,302,8249,,https://sra-downloadb.be-md.ncbi.nlm.nih.gov/sos5/sra-pub-zq-16/SRR010/10089/SRR10089519/SRR10089519.lite.1,SRX6822188,,RNA-Seq,cDNA,TRANSCRIPTOMIC,PAIRED,0,0,ILLUMINA,Illumina NovaSeq 6000,SRP221152,PRJNA564629,3,564629,SRS5364764,SAMN12718465,simple,9606,Homo sapiens,GSM4071786,,,,,,,no,,,,,GEO,SRA959162,,public,0CDA67857F7D689D3419532C89356355,259EFB9431ED28A4D5F21AFA8FF9C986
SRR10089520,2021-01-01 11:59:45,2019-09-13 21:17:55,97007568,29296285536,97007568,302,8380,,https://sra-downloadb.be-md.ncbi.nlm.nih.gov/sos5/sra-pub-zq-16/SRR010/10089/SRR10089520/SRR10089520.lite.1,SRX6822189,,RNA-Seq,cDNA,TRANSCRIPTOMIC,PAIRED,0,0,ILLUMINA,Illumina NovaSeq 6000,SRP221152,PRJNA564629,3,564629,SRS5364765,SAMN12718464,simple,9606,Homo sapiens,GSM4071787,,,,,,,no,,,,,GEO,SRA959162,,public,990560BB2979948D3A4622EAEF80596E,0BBF5F70DE3B7412E5E7E1CA03D25B86
SRR10089521,2021-01-01 11:59:45,2019-09-13 21:08:32,84830903,25618932706,84830903,302,7410,,https://sra-downloadb.be-md.ncbi.nlm.nih.gov/sos5/sra-pub-zq-16/SRR010/10089/SRR10089521/SRR10089521.lite.1,SRX6822190,,RNA-Seq,cDNA,TRANSCRIPTOMIC,PAIRED,0,0,ILLUMINA,Illumina NovaSeq 6000,SRP221152,PRJNA564629,3,564629,SRS5364766,SAMN12718463,simple,9606,Homo sapiens,GSM4071788,,,,,,,no,,,,,GEO,SRA959162,,public,CB80492BB6C6ADFED79E6CBEAA1FBCBA,B7F9816A243F1B66BF7FB098F012DC35
SRR10089522,2021-01-01 11:59:45,2019-09-13 20:59:51,83532416,25226789632,83532416,302,7392,,https://sra-downloadb.be-md.ncbi.nlm.nih.gov/sos5/sra-pub-zq-16/SRR010/10089/SRR10089522/SRR10089522.lite.1,SRX6822191,,RNA-Seq,cDNA,TRANSCRIPTOMIC,PAIRED,0,0,ILLUMINA,Illumina NovaSeq 6000,SRP221152,PRJNA564629,3,564629,SRS5364767,SAMN12718462,simple,9606,Homo sapiens,GSM4071789,,,,,,,no,,,,,GEO,SRA959162,,public,032B7FFF6E7C824C5F83ED43B5281F64,5990F6F4F917276D38A19DD5B9EDF200
SRR10089523,2021-01-01 11:59:45,2019-09-13 21:21:05,93389637,28203670374,93389637,302,8031,,https://sra-downloadb.be-md.ncbi.nlm.nih.gov/sos5/sra-pub-zq-16/SRR010/10089/SRR10089523/SRR10089523.lite.1,SRX6822192,,RNA-Seq,cDNA,TRANSCRIPTOMIC,PAIRED,0,0,ILLUMINA,Illumina NovaSeq 6000,SRP221152,PRJNA564629,3,564629,SRS5364768,SAMN12718461,simple,9606,Homo sapiens,GSM4071790,,,,,,,no,,,,,GEO,SRA959162,,public,FBF9FCC46B8AE40AE600A64EA505D4A1,399A47B0702179B50797E5B7F4796538
SRR10089524,2021-01-01 11:59:45,2019-09-13 21:38:26,88145657,26619988414,88145657,302,7661,,https://sra-downloadb.be-md.ncbi.nlm.nih.gov/sos5/sra-pub-zq-16/SRR010/10089/SRR10089524/SRR10089524.lite.1,SRX6822193,,RNA-Seq,cDNA,TRANSCRIPTOMIC,PAIRED,0,0,ILLUMINA,Illumina NovaSeq 6000,SRP221152,PRJNA564629,3,564629,SRS5364769,SAMN12718460,simple,9606,Homo sapiens,GSM4071791,,,,,,,no,,,,,GEO,SRA959162,,public,71FE548D8FC6A3E178DD86115B7EE6D0,BCA5AADA7C21BEABF41ADD0EF91D33A7
SRR10089525,2021-01-01 11:59:45,2019-09-13 21:31:57,98468263,29737415426,98468263,302,8561,,https://sra-downloadb.be-md.ncbi.nlm.nih.gov/sos5/sra-pub-zq-16/SRR010/10089/SRR10089525/SRR10089525.lite.1,SRX6822194,,RNA-Seq,cDNA,TRANSCRIPTOMIC,PAIRED,0,0,ILLUMINA,Illumina NovaSeq 6000,SRP221152,PRJNA564629,3,564629,SRS5364770,SAMN12718459,simple,9606,Homo sapiens,GSM4071792,,,,,,,no,,,,,GEO,SRA959162,,public,1DE789EE9FB936E8BD61D016BC4C3BAD,7A41A6F5874221F56C76E5A4B489AB70
SRR10089526,2021-01-01 11:59:45,2019-09-13 21:15:09,97942531,29578644362,97942531,302,8553,,https://sra-downloadb.be-md.ncbi.nlm.nih.gov/sos5/sra-pub-zq-16/SRR010/10089/SRR10089526/SRR10089526.lite.1,SRX6822195,,RNA-Seq,cDNA,TRANSCRIPTOMIC,PAIRED,0,0,ILLUMINA,Illumina NovaSeq 6000,SRP221152,PRJNA564629,3,564629,SRS5364771,SAMN12718456,simple,9606,Homo sapiens,GSM4071793,,,,,,,no,,,,,GEO,SRA959162,,public,C3FB02879CAF3EE4E1802905C1F30B72,65B5BBB35060852C73C518543C71BDD1
SRR10089527,2021-01-01 11:59:45,2019-09-13 21:19:20,92489598,27931858596,92489598,302,8028,,https://sra-downloadb.be-md.ncbi.nlm.nih.gov/sos5/sra-pub-zq-16/SRR010/10089/SRR10089527/SRR10089527.lite.1,SRX6822196,,RNA-Seq,cDNA,TRANSCRIPTOMIC,PAIRED,0,0,ILLUMINA,Illumina NovaSeq 6000,SRP221152,PRJNA564629,3,564629,SRS5364772,SAMN12718455,simple,9606,Homo sapiens,GSM4071794,,,,,,,no,,,,,GEO,SRA959162,,public,05A4E7C8041B8C2ECBA5AC0326D4C96B,EF7AE9A40653B1FD711C9BC15E14786D
SRR10089528,2021-01-01 11:59:45,2019-09-13 20:59:51,76694511,23161742322,76694511,302,6750,,https://sra-downloadb.be-md.ncbi.nlm.nih.gov/sos5/sra-pub-zq-16/SRR010/10089/SRR10089528/SRR10089528.lite.1,SRX6822197,,RNA-Seq,cDNA,TRANSCRIPTOMIC,PAIRED,0,0,ILLUMINA,Illumina NovaSeq 6000,SRP221152,PRJNA564629,3,564629,SRS5364773,SAMN12718454,simple,9606,Homo sapiens,GSM4071795,,,,,,,no,,,,,GEO,SRA959162,,public,34513E42C59C154382E870F573B2FDFD,2199371CAB260A43D5B1186E6A66B84E
SRR10089529,2021-01-01 11:59:45,2019-09-13 21:09:06,98494128,29745226656,98494128,302,8490,,https://sra-downloadb.be-md.ncbi.nlm.nih.gov/sos5/sra-pub-zq-16/SRR010/10089/SRR10089529/SRR10089529.lite.1,SRX6822198,,RNA-Seq,cDNA,TRANSCRIPTOMIC,PAIRED,0,0,ILLUMINA,Illumina NovaSeq 6000,SRP221152,PRJNA564629,3,564629,SRS5364774,SAMN12718453,simple,9606,Homo sapiens,GSM4071796,,,,,,,no,,,,,GEO,SRA959162,,public,89A7DEC42C4A389E3408E7E641059C73,359996851284BB376883BA2F7C1D2F1B
SRR10089530,2021-01-01 11:59:45,2019-09-13 21:04:50,87807956,26518002712,87807956,302,7637,,https://sra-downloadb.be-md.ncbi.nlm.nih.gov/sos5/sra-pub-zq-16/SRR010/10089/SRR10089530/SRR10089530.lite.1,SRX6822199,,RNA-Seq,cDNA,TRANSCRIPTOMIC,PAIRED,0,0,ILLUMINA,Illumina NovaSeq 6000,SRP221152,PRJNA564629,3,564629,SRS5364775,SAMN12718452,simple,9606,Homo sapiens,GSM4071797,,,,,,,no,,,,,GEO,SRA959162,,public,DA44F626960469687315CC191FDD2474,1B7F6FEA18BDDDA3181C8F688654CC31
SRR10089531,2021-01-01 11:59:45,2019-09-13 21:08:37,76899602,23223679804,76899602,302,6698,,https://sra-downloadb.be-md.ncbi.nlm.nih.gov/sos5/sra-pub-zq-16/SRR010/10089/SRR10089531/SRR10089531.lite.1,SRX6822200,,RNA-Seq,cDNA,TRANSCRIPTOMIC,PAIRED,0,0,ILLUMINA,Illumina NovaSeq 6000,SRP221152,PRJNA564629,3,564629,SRS5364776,SAMN12718451,simple,9606,Homo sapiens,GSM4071798,,,,,,,no,,,,,GEO,SRA959162,,public,3EE1F9F74DA3EA286AD415EA3C22D3AF,29F4D2D3B1B78E7D23735C5E7670022C
SRR10089532,2021-01-01 11:59:45,2019-09-12 16:04:23,80339945,24262663390,80339945,302,7055,,https://sra-downloadb.be-md.ncbi.nlm.nih.gov/sos5/sra-pub-zq-16/SRR010/10089/SRR10089532/SRR10089532.lite.1,SRX6822201,,RNA-Seq,cDNA,TRANSCRIPTOMIC,PAIRED,0,0,ILLUMINA,Illumina NovaSeq 6000,SRP221152,PRJNA564629,3,564629,SRS5364777,SAMN12718450,simple,9606,Homo sapiens,GSM4071799,,,,,,,no,,,,,GEO,SRA959162,,public,002DBFA6F509187A882AF07E401A8D10,F6EF511CA6541B633D9014F109950A79
SRR10089533,2021-01-01 11:59:45,2019-09-12 16:18:13,87909820,26548765640,87909820,302,7809,,https://sra-downloadb.be-md.ncbi.nlm.nih.gov/sos5/sra-pub-zq-16/SRR010/10089/SRR10089533/SRR10089533.lite.1,SRX6822202,,RNA-Seq,cDNA,TRANSCRIPTOMIC,PAIRED,0,0,ILLUMINA,Illumina NovaSeq 6000,SRP221152,PRJNA564629,3,564629,SRS5364778,SAMN12718449,simple,9606,Homo sapiens,GSM4071800,,,,,,,no,,,,,GEO,SRA959162,,public,DA3776BC05A720460E2A00013F899B47,A1D8F9B90B2391EC84B56276C39AAFD0
SRR10089534,2021-01-01 11:59:45,2019-09-12 20:10:32,85525297,25828639694,85525297,302,7434,,https://sra-downloadb.be-md.ncbi.nlm.nih.gov/sos5/sra-pub-zq-16/SRR010/10089/SRR10089534/SRR10089534.lite.1,SRX6822203,,RNA-Seq,cDNA,TRANSCRIPTOMIC,PAIRED,0,0,ILLUMINA,Illumina NovaSeq 6000,SRP221152,PRJNA564629,3,564629,SRS5364779,SAMN12718481,simple,9606,Homo sapiens,GSM4071801,,,,,,,no,,,,,GEO,SRA959162,,public,47A715B921935E8138F987C13FAEB55D,B712FE5E6DF68447DE558DE0914FC6C3
SRR10089535,2021-01-01 11:59:45,2019-09-12 19:26:12,94845149,28643234998,94845149,302,8221,,https://sra-downloadb.be-md.ncbi.nlm.nih.gov/sos5/sra-pub-zq-16/SRR010/10089/SRR10089535/SRR10089535.lite.1,SRX6822204,,RNA-Seq,cDNA,TRANSCRIPTOMIC,PAIRED,0,0,ILLUMINA,Illumina NovaSeq 6000,SRP221152,PRJNA564629,3,564629,SRS5364780,SAMN12718480,simple,9606,Homo sapiens,GSM4071802,,,,,,,no,,,,,GEO,SRA959162,,public,C1DF311F550AFDE9897B126DDF5004BE,5D501F14A331029AB312B7B35F27DBC3
SRR10089536,2021-01-01 11:59:45,2019-09-12 20:33:43,96263981,29071722262,96263981,302,8316,,https://sra-downloadb.be-md.ncbi.nlm.nih.gov/sos5/sra-pub-zq-16/SRR010/10089/SRR10089536/SRR10089536.lite.1,SRX6822205,,RNA-Seq,cDNA,TRANSCRIPTOMIC,PAIRED,0,0,ILLUMINA,Illumina NovaSeq 6000,SRP221152,PRJNA564629,3,564629,SRS5364781,SAMN12718479,simple,9606,Homo sapiens,GSM4071803,,,,,,,no,,,,,GEO,SRA959162,,public,F6B9F599717C59F60A53BD0E1BF9790A,88717639FAA0D0650EBB83A3B5869947
SRR10089537,2021-01-01 11:59:45,2019-09-12 19:20:40,78296390,23645509780,78296390,302,6815,,https://sra-downloadb.be-md.ncbi.nlm.nih.gov/sos5/sra-pub-zq-16/SRR010/10089/SRR10089537/SRR10089537.lite.1,SRX6822206,,RNA-Seq,cDNA,TRANSCRIPTOMIC,PAIRED,0,0,ILLUMINA,Illumina NovaSeq 6000,SRP221152,PRJNA564629,3,564629,SRS5364782,SAMN12718478,simple,9606,Homo sapiens,GSM4071804,,,,,,,no,,,,,GEO,SRA959162,,public,18D543B92AAE81D665A1D977C4D2A780,B3833A0A36F261DD56F7D18004D65884
SRR10089538,2021-01-01 11:59:45,2019-09-12 19:26:47,82170322,24815437244,82170322,302,7133,,https://sra-downloadb.be-md.ncbi.nlm.nih.gov/sos5/sra-pub-zq-16/SRR010/10089/SRR10089538/SRR10089538.lite.1,SRX6822207,,RNA-Seq,cDNA,TRANSCRIPTOMIC,PAIRED,0,0,ILLUMINA,Illumina NovaSeq 6000,SRP221152,PRJNA564629,3,564629,SRS5364783,SAMN12718477,simple,9606,Homo sapiens,GSM4071805,,,,,,,no,,,,,GEO,SRA959162,,public,B1E0518EBD3A994A3A675B3E308BEABD,5A1EBE68AD507C23A685F742A9272FB7
SRR10089539,2021-01-01 11:59:46,2019-09-12 19:41:40,95783383,28926581666,95783383,302,8366,,https://sra-downloadb.be-md.ncbi.nlm.nih.gov/sos5/sra-pub-zq-16/SRR010/10089/SRR10089539/SRR10089539.lite.1,SRX6822208,,RNA-Seq,cDNA,TRANSCRIPTOMIC,PAIRED,0,0,ILLUMINA,Illumina NovaSeq 6000,SRP221152,PRJNA564629,3,564629,SRS5364784,SAMN12718476,simple,9606,Homo sapiens,GSM4071806,,,,,,,no,,,,,GEO,SRA959162,,public,5BE29905EDF55FD89DFC2739C6C3CCAC,51C96B6F5954452B0DA6F6A518C80489
SRR10089540,2021-01-01 11:59:46,2019-09-12 19:28:31,78123418,23593272236,78123418,302,6840,,https://sra-downloadb.be-md.ncbi.nlm.nih.gov/sos5/sra-pub-zq-16/SRR010/10089/SRR10089540/SRR10089540.lite.1,SRX6822209,,RNA-Seq,cDNA,TRANSCRIPTOMIC,PAIRED,0,0,ILLUMINA,Illumina NovaSeq 6000,SRP221152,PRJNA564629,3,564629,SRS5364785,SAMN12718475,simple,9606,Homo sapiens,GSM4071807,,,,,,,no,,,,,GEO,SRA959162,,public,376D095B5776A173BD3813EB305D926D,5A97E492B6EF8E149B9B5CC482B1CD41
SRR10089541,2021-01-01 11:59:46,2019-09-12 20:14:02,92502026,27935611852,92502026,302,7997,,https://sra-downloadb.be-md.ncbi.nlm.nih.gov/sos5/sra-pub-zq-16/SRR010/10089/SRR10089541/SRR10089541.lite.1,SRX6822210,,RNA-Seq,cDNA,TRANSCRIPTOMIC,PAIRED,0,0,ILLUMINA,Illumina NovaSeq 6000,SRP221152,PRJNA564629,3,564629,SRS5364786,SAMN12718474,simple,9606,Homo sapiens,GSM4071808,,,,,,,no,,,,,GEO,SRA959162,,public,169D285F9AEFB583C80B7A026BC9D894,FF4B629577ADE1C518CCE03FF7574130
SRR10089542,2021-01-01 11:59:46,2019-09-12 19:30:13,88814845,26822083190,88814845,302,7749,,https://sra-downloadb.be-md.ncbi.nlm.nih.gov/sos5/sra-pub-zq-16/SRR010/10089/SRR10089542/SRR10089542.lite.1,SRX6822211,,RNA-Seq,cDNA,TRANSCRIPTOMIC,PAIRED,0,0,ILLUMINA,Illumina NovaSeq 6000,SRP221152,PRJNA564629,3,564629,SRS5364787,SAMN12718473,simple,9606,Homo sapiens,GSM4071809,,,,,,,no,,,,,GEO,SRA959162,,public,8063094298C1F2106AF294CB16FFBB4D,195702FE510812DECED2CF0F1799FD36
SRR10089543,2021-01-01 11:59:46,2019-09-12 19:25:13,84058918,25385793236,84058918,302,7300,,https://sra-downloadb.be-md.ncbi.nlm.nih.gov/sos5/sra-pub-zq-16/SRR010/10089/SRR10089543/SRR10089543.lite.1,SRX6822212,,RNA-Seq,cDNA,TRANSCRIPTOMIC,PAIRED,0,0,ILLUMINA,Illumina NovaSeq 6000,SRP221152,PRJNA564629,3,564629,SRS5364788,SAMN12718472,simple,9606,Homo sapiens,GSM4071810,,,,,,,no,,,,,GEO,SRA959162,,public,54F73F9B319437DB6EDB6F14CE79265D,8F8C4683D634C2DB5EA2D2B8305222AB
SRR10089544,2021-01-01 11:59:46,2019-09-12 18:02:53,82594675,24943591850,82594675,302,7166,,https://sra-downloadb.be-md.ncbi.nlm.nih.gov/sos5/sra-pub-zq-16/SRR010/10089/SRR10089544/SRR10089544.lite.1,SRX6822213,,RNA-Seq,cDNA,TRANSCRIPTOMIC,PAIRED,0,0,ILLUMINA,Illumina NovaSeq 6000,SRP221152,PRJNA564629,3,564629,SRS5364789,SAMN12718471,simple,9606,Homo sapiens,GSM4071811,,,,,,,no,,,,,GEO,SRA959162,,public,9EB7C6A3A1E5FB42338D041DECC5F775,9CFD47A7006F1382334AC6143D4B6B26
SRR10089545,2021-01-01 11:59:46,2019-09-12 19:37:45,96426318,29120748036,96426318,302,8383,,https://sra-downloadb.be-md.ncbi.nlm.nih.gov/sos5/sra-pub-zq-16/SRR010/10089/SRR10089545/SRR10089545.lite.1,SRX6822214,,RNA-Seq,cDNA,TRANSCRIPTOMIC,PAIRED,0,0,ILLUMINA,Illumina NovaSeq 6000,SRP221152,PRJNA564629,3,564629,SRS5364790,SAMN12718470,simple,9606,Homo sapiens,GSM4071812,,,,,,,no,,,,,GEO,SRA959162,,public,014AA8B0CF512F7406D90B40E7BAFA08,69A2BCDF422FECD53D50CEE24B40F579
SRR10089546,2021-01-01 11:59:46,2019-09-12 20:20:06,101231063,30571781026,101231063,302,8793,,https://sra-downloadb.be-md.ncbi.nlm.nih.gov/sos5/sra-pub-zq-16/SRR010/10089/SRR10089546/SRR10089546.lite.1,SRX6822215,,RNA-Seq,cDNA,TRANSCRIPTOMIC,PAIRED,0,0,ILLUMINA,Illumina NovaSeq 6000,SRP221152,PRJNA564629,3,564629,SRS5364791,SAMN12718469,simple,9606,Homo sapiens,GSM4071813,,,,,,,no,,,,,GEO,SRA959162,,public,D9DEA6BBB37FA88E59FAE4F829C01660,9571D43DCCF1D9D3683926D71EE5509D
SRR10089547,2021-01-01 11:59:46,2019-09-12 20:23:16,111492094,33670612388,111492094,302,9619,,https://sra-downloadb.be-md.ncbi.nlm.nih.gov/sos5/sra-pub-zq-16/SRR010/10089/SRR10089547/SRR10089547.lite.1,SRX6822216,,RNA-Seq,cDNA,TRANSCRIPTOMIC,PAIRED,0,0,ILLUMINA,Illumina NovaSeq 6000,SRP221152,PRJNA564629,3,564629,SRS5364792,SAMN12718468,simple,9606,Homo sapiens,GSM4071814,,,,,,,no,,,,,GEO,SRA959162,,public,2B61EED80C86D152B379976F2DCB6902,137117824F37EA8F8D1758EA887A0D9B
SRR10089548,2021-01-01 11:59:46,2019-09-12 19:34:09,103069290,31126925580,103069290,302,9062,,https://sra-downloadb.be-md.ncbi.nlm.nih.gov/sos5/sra-pub-zq-16/SRR010/10089/SRR10089548/SRR10089548.lite.1,SRX6822217,,RNA-Seq,cDNA,TRANSCRIPTOMIC,PAIRED,0,0,ILLUMINA,Illumina NovaSeq 6000,SRP221152,PRJNA564629,3,564629,SRS5364793,SAMN12718467,simple,9606,Homo sapiens,GSM4071815,,,,,,,no,,,,,GEO,SRA959162,,public,80BDE48B839F226E4C90AF5F70678767,C51AF99777DA94762FCF83FD39323B14
SRR10089549,2021-01-01 11:59:46,2019-09-12 19:09:18,74562043,22517736986,74562043,302,6656,,https://sra-downloadb.be-md.ncbi.nlm.nih.gov/sos5/sra-pub-zq-16/SRR010/10089/SRR10089549/SRR10089549.lite.1,SRX6822218,,RNA-Seq,cDNA,TRANSCRIPTOMIC,PAIRED,0,0,ILLUMINA,Illumina NovaSeq 6000,SRP221152,PRJNA564629,3,564629,SRS5364794,SAMN12718466,simple,9606,Homo sapiens,GSM4071816,,,,,,,no,,,,,GEO,SRA959162,,public,D8D97109311B700F047164C201ED3675,7687F7B7C84F56CA02BED6D450EBA2DB
SRR10089550,2021-01-01 11:59:46,2019-09-12 19:32:51,87279316,26358353432,87279316,302,7544,,https://sra-downloadb.be-md.ncbi.nlm.nih.gov/sos5/sra-pub-zq-16/SRR010/10089/SRR10089550/SRR10089550.lite.1,SRX6822219,,RNA-Seq,cDNA,TRANSCRIPTOMIC,PAIRED,0,0,ILLUMINA,Illumina NovaSeq 6000,SRP221152,PRJNA564629,3,564629,SRS5364795,SAMN12718498,simple,9606,Homo sapiens,GSM4071817,,,,,,,no,,,,,GEO,SRA959162,,public,69B85FE2996DEC6A0F6B63F6560319C2,10C18E865C6EA36F448051DE51DB9A17
SRR10089551,2021-01-01 11:59:46,2019-09-12 19:25:41,78331360,23656070720,78331360,302,6860,,https://sra-downloadb.be-md.ncbi.nlm.nih.gov/sos5/sra-pub-zq-16/SRR010/10089/SRR10089551/SRR10089551.lite.1,SRX6822220,,RNA-Seq,cDNA,TRANSCRIPTOMIC,PAIRED,0,0,ILLUMINA,Illumina NovaSeq 6000,SRP221152,PRJNA564629,3,564629,SRS5364796,SAMN12718497,simple,9606,Homo sapiens,GSM4071818,,,,,,,no,,,,,GEO,SRA959162,,public,3C6A0779E6A0D3A20F5D075BDC9E3F69,C4948E083ACB682563ED7C4765865E6A
SRR10089552,2021-01-01 11:59:46,2019-09-12 19:16:04,66602908,20114078216,66602908,302,5909,,https://sra-downloadb.be-md.ncbi.nlm.nih.gov/sos5/sra-pub-zq-16/SRR010/10089/SRR10089552/SRR10089552.lite.1,SRX6822221,,RNA-Seq,cDNA,TRANSCRIPTOMIC,PAIRED,0,0,ILLUMINA,Illumina NovaSeq 6000,SRP221152,PRJNA564629,3,564629,SRS5364797,SAMN12718496,simple,9606,Homo sapiens,GSM4071819,,,,,,,no,,,,,GEO,SRA959162,,public,E47BB8CB73089B4408CAE6E9BA4A5DBD,563F3A75C09B9F4DBF617D39672F9851
SRR10089553,2021-01-01 11:59:46,2019-09-12 19:32:01,99537071,30060195442,99537071,302,8599,,https://sra-downloadb.be-md.ncbi.nlm.nih.gov/sos5/sra-pub-zq-16/SRR010/10089/SRR10089553/SRR10089553.lite.1,SRX6822222,,RNA-Seq,cDNA,TRANSCRIPTOMIC,PAIRED,0,0,ILLUMINA,Illumina NovaSeq 6000,SRP221152,PRJNA564629,3,564629,SRS5364798,SAMN12718495,simple,9606,Homo sapiens,GSM4071820,,,,,,,no,,,,,GEO,SRA959162,,public,3298E400952ED2445E0FAEE7F3D5B1F1,1928B3051E62182363B617C924307451
SRR10089554,2021-01-01 11:59:46,2019-09-12 19:08:10,76674658,23155746716,76674658,302,6655,,https://sra-downloadb.be-md.ncbi.nlm.nih.gov/sos5/sra-pub-zq-16/SRR010/10089/SRR10089554/SRR10089554.lite.1,SRX6822223,,RNA-Seq,cDNA,TRANSCRIPTOMIC,PAIRED,0,0,ILLUMINA,Illumina NovaSeq 6000,SRP221152,PRJNA564629,3,564629,SRS5364799,SAMN12718494,simple,9606,Homo sapiens,GSM4071821,,,,,,,no,,,,,GEO,SRA959162,,public,02E3126238CD86175F3C9ABBF431448B,C3CA0DCBA37C647E44440E7187AF4D8E
SRR10089555,2021-01-01 11:59:46,2019-09-12 19:58:29,93441436,28219313672,93441436,302,8187,,https://sra-downloadb.be-md.ncbi.nlm.nih.gov/sos5/sra-pub-zq-16/SRR010/10089/SRR10089555/SRR10089555.lite.1,SRX6822224,,RNA-Seq,cDNA,TRANSCRIPTOMIC,PAIRED,0,0,ILLUMINA,Illumina NovaSeq 6000,SRP221152,PRJNA564629,3,564629,SRS5364800,SAMN12718493,simple,9606,Homo sapiens,GSM4071822,,,,,,,no,,,,,GEO,SRA959162,,public,0A04C4B9070547DDC4A12744800FCB2E,1C10B9B9A01105EE1A6B4D884FB1AA15
SRR10089556,2021-01-01 11:59:46,2019-09-12 19:22:04,88281545,26661026590,88281545,302,7628,,https://sra-downloadb.be-md.ncbi.nlm.nih.gov/sos5/sra-pub-zq-16/SRR010/10089/SRR10089556/SRR10089556.lite.1,SRX6822225,,RNA-Seq,cDNA,TRANSCRIPTOMIC,PAIRED,0,0,ILLUMINA,Illumina NovaSeq 6000,SRP221152,PRJNA564629,3,564629,SRS5364801,SAMN12718492,simple,9606,Homo sapiens,GSM4071823,,,,,,,no,,,,,GEO,SRA959162,,public,7F29028544BF93EFAB1622F53BBD0A54,F29BCF22940E14A7ECA3F02335435149
SRR10089557,2021-01-01 11:59:46,2019-09-12 20:17:01,94785010,28625073020,94785010,302,8287,,https://sra-downloadb.be-md.ncbi.nlm.nih.gov/sos5/sra-pub-zq-16/SRR010/10089/SRR10089557/SRR10089557.lite.1,SRX6822226,,RNA-Seq,cDNA,TRANSCRIPTOMIC,PAIRED,0,0,ILLUMINA,Illumina NovaSeq 6000,SRP221152,PRJNA564629,3,564629,SRS5364802,SAMN12718491,simple,9606,Homo sapiens,GSM4071824,,,,,,,no,,,,,GEO,SRA959162,,public,E7DE2639E41B90E141D7535808E29FDE,6A4486B5AACE4AE810685D9D141B013D
SRR10089558,2021-01-01 11:59:46,2019-09-12 20:06:55,84681374,25573774948,84681374,302,7413,,https://sra-downloadb.be-md.ncbi.nlm.nih.gov/sos5/sra-pub-zq-16/SRR010/10089/SRR10089558/SRR10089558.lite.1,SRX6822227,,RNA-Seq,cDNA,TRANSCRIPTOMIC,PAIRED,0,0,ILLUMINA,Illumina NovaSeq 6000,SRP221152,PRJNA564629,3,564629,SRS5364803,SAMN12718490,simple,9606,Homo sapiens,GSM4071825,,,,,,,no,,,,,GEO,SRA959162,,public,303343F9B8E67EEF166947EB0C6D584A,DC1F6A6EA9819C33D1CFCC173DE11845
SRR10089559,2021-01-01 11:59:46,2019-09-12 19:15:57,69746961,21063582222,69746961,302,5962,,https://sra-downloadb.be-md.ncbi.nlm.nih.gov/sos5/sra-pub-zq-16/SRR010/10089/SRR10089559/SRR10089559.lite.1,SRX6822228,,RNA-Seq,cDNA,TRANSCRIPTOMIC,PAIRED,0,0,ILLUMINA,Illumina NovaSeq 6000,SRP221152,PRJNA564629,3,564629,SRS5364804,SAMN12718489,simple,9606,Homo sapiens,GSM4071826,,,,,,,no,,,,,GEO,SRA959162,,public,BA582550D5CFA28DDE075CF005AB6DF0,1AB99918248F48C85960ABB859C04D35
SRR10089560,2021-01-01 11:59:46,2019-09-12 20:03:46,76227136,23020595072,76227136,302,6644,,https://sra-downloadb.be-md.ncbi.nlm.nih.gov/sos5/sra-pub-zq-16/SRR010/10089/SRR10089560/SRR10089560.lite.1,SRX6822229,,RNA-Seq,cDNA,TRANSCRIPTOMIC,PAIRED,0,0,ILLUMINA,Illumina NovaSeq 6000,SRP221152,PRJNA564629,3,564629,SRS5364805,SAMN12718488,simple,9606,Homo sapiens,GSM4071827,,,,,,,no,,,,,GEO,SRA959162,,public,526A8EF3C772845EB5597DD4925FDE59,85A52E729C09954F05C44798EFCCFDAD
SRR10089441,2021-01-01 11:59:43,2019-09-12 11:47:40,69996039,21138803778,69996039,302,6090,,https://sra-downloadb.be-md.ncbi.nlm.nih.gov/sos5/sra-pub-zq-16/SRR010/10089/SRR10089441/SRR10089441.lite.1,SRX6822110,,RNA-Seq,cDNA,TRANSCRIPTOMIC,PAIRED,0,0,ILLUMINA,Illumina NovaSeq 6000,SRP221152,PRJNA564629,3,564629,SRS5364686,SAMN12718612,simple,9606,Homo sapiens,GSM4071708,,,,,,,no,,,,,GEO,SRA959162,,public,9D69C23327721CFA42005677BC9138B1,6E80DC63A29EBF2EEAF4FA830D1F17F4
SRR10089442,2021-01-01 11:59:43,2019-09-12 11:58:01,74495000,22497490000,74495000,302,6316,,https://sra-downloadb.be-md.ncbi.nlm.nih.gov/sos5/sra-pub-zq-16/SRR010/10089/SRR10089442/SRR10089442.lite.1,SRX6822111,,RNA-Seq,cDNA,TRANSCRIPTOMIC,PAIRED,0,0,ILLUMINA,Illumina NovaSeq 6000,SRP221152,PRJNA564629,3,564629,SRS5364687,SAMN12718611,simple,9606,Homo sapiens,GSM4071709,,,,,,,no,,,,,GEO,SRA959162,,public,61B4D00F2C822FB4D46BAB00A6837F8D,9C15F1F54F0BBBA02AE4DFC7174BF0E7
SRR10089443,2021-01-01 11:59:43,2019-09-17 08:53:45,91711367,27696832834,91711367,302,9483,,https://sra-downloadb.be-md.ncbi.nlm.nih.gov/sos5/sra-pub-zq-16/SRR010/10089/SRR10089443/SRR10089443.lite.1,SRX6822112,,RNA-Seq,cDNA,TRANSCRIPTOMIC,PAIRED,0,0,ILLUMINA,Illumina NovaSeq 6000,SRP221152,PRJNA564629,3,564629,SRS5364688,SAMN12718610,simple,9606,Homo sapiens,GSM4071710,,,,,,,no,,,,,GEO,SRA959162,,public,69B748ACAD61E435F3BC98284AC6A80E,5CC6C54B91D887667488DAEEFD48D467
SRR10089444,2021-01-01 11:59:43,2019-09-12 12:33:53,89331886,26978229572,89331886,302,7722,,https://sra-downloadb.be-md.ncbi.nlm.nih.gov/sos5/sra-pub-zq-16/SRR010/10089/SRR10089444/SRR10089444.lite.1,SRX6822113,,RNA-Seq,cDNA,TRANSCRIPTOMIC,PAIRED,0,0,ILLUMINA,Illumina NovaSeq 6000,SRP221152,PRJNA564629,3,564629,SRS5364689,SAMN12718609,simple,9606,Homo sapiens,GSM4071711,,,,,,,no,,,,,GEO,SRA959162,,public,F2A277EF4B381E6063CD60C75B7AFE60,741CF407AB241137DC1F4B5B75608454
SRR10089445,2021-01-01 11:59:43,2019-09-12 12:53:27,93981184,28382317568,93981184,302,8306,,https://sra-downloadb.be-md.ncbi.nlm.nih.gov/sos5/sra-pub-zq-16/SRR010/10089/SRR10089445/SRR10089445.lite.1,SRX6822114,,RNA-Seq,cDNA,TRANSCRIPTOMIC,PAIRED,0,0,ILLUMINA,Illumina NovaSeq 6000,SRP221152,PRJNA564629,3,564629,SRS5364690,SAMN12718655,simple,9606,Homo sapiens,GSM4071712,,,,,,,no,,,,,GEO,SRA959162,,public,A4F37CEBC1D363454D38231A792B7E7A,977FF8974BFAABBFC0402FF16D5E8224
SRR10089446,2021-01-01 11:59:43,2019-09-12 12:34:23,99350076,30003722952,99350076,302,8564,,https://sra-downloadb.be-md.ncbi.nlm.nih.gov/sos5/sra-pub-zq-16/SRR010/10089/SRR10089446/SRR10089446.lite.1,SRX6822115,,RNA-Seq,cDNA,TRANSCRIPTOMIC,PAIRED,0,0,ILLUMINA,Illumina NovaSeq 6000,SRP221152,PRJNA564629,3,564629,SRS5364691,SAMN12718654,simple,9606,Homo sapiens,GSM4071713,,,,,,,no,,,,,GEO,SRA959162,,public,78272711E80B407C20A1BD1FEEBA8519,EB98F07B5AE2906A78B6030BF21DC855
SRR10089447,2021-01-01 11:59:43,2019-09-12 13:04:32,129258091,39035943482,129258091,302,11215,,https://sra-downloadb.be-md.ncbi.nlm.nih.gov/sos5/sra-pub-zq-16/SRR010/10089/SRR10089447/SRR10089447.lite.1,SRX6822116,,RNA-Seq,cDNA,TRANSCRIPTOMIC,PAIRED,0,0,ILLUMINA,Illumina NovaSeq 6000,SRP221152,PRJNA564629,3,564629,SRS5364692,SAMN12718653,simple,9606,Homo sapiens,GSM4071714,,,,,,,no,,,,,GEO,SRA959162,,public,9BBD9D13688DA1FFF6C90CF9099537DB,CEA29979657AE6C845D662AAEF92ECDE
SRR10089448,2021-01-01 11:59:43,2019-09-12 12:27:36,80200066,24220419932,80200066,302,6887,,https://sra-downloadb.be-md.ncbi.nlm.nih.gov/sos5/sra-pub-zq-16/SRR010/10089/SRR10089448/SRR10089448.lite.1,SRX6822117,,RNA-Seq,cDNA,TRANSCRIPTOMIC,PAIRED,0,0,ILLUMINA,Illumina NovaSeq 6000,SRP221152,PRJNA564629,3,564629,SRS5364693,SAMN12718652,simple,9606,Homo sapiens,GSM4071715,,,,,,,no,,,,,GEO,SRA959162,,public,25049F3EE6F52C8D01F090FF5BA642E5,6DE7EB155799648247AAAF5804D9705F
SRR10089449,2021-01-01 11:59:43,2019-09-12 12:49:41,106762212,32242188024,106762212,302,9641,,https://sra-downloadb.be-md.ncbi.nlm.nih.gov/sos5/sra-pub-zq-16/SRR010/10089/SRR10089449/SRR10089449.lite.1,SRX6822118,,RNA-Seq,cDNA,TRANSCRIPTOMIC,PAIRED,0,0,ILLUMINA,Illumina NovaSeq 6000,SRP221152,PRJNA564629,3,564629,SRS5364694,SAMN12718651,simple,9606,Homo sapiens,GSM4071716,,,,,,,no,,,,,GEO,SRA959162,,public,6ED152BF36EAE66C278C88240C3C02E8,CBD7CC2D4FC5245F0612FA08B7C9F712
SRR10089450,2021-01-01 11:59:43,2019-09-12 12:43:43,108506122,32768848844,108506122,302,9391,,https://sra-downloadb.be-md.ncbi.nlm.nih.gov/sos5/sra-pub-zq-16/SRR010/10089/SRR10089450/SRR10089450.lite.1,SRX6822119,,RNA-Seq,cDNA,TRANSCRIPTOMIC,PAIRED,0,0,ILLUMINA,Illumina NovaSeq 6000,SRP221152,PRJNA564629,3,564629,SRS5364695,SAMN12718650,simple,9606,Homo sapiens,GSM4071717,,,,,,,no,,,,,GEO,SRA959162,,public,BDD44F3291267A2796304267D12BDBE4,8BAD20EEE4637D0AE24DDCB5103F0A59
SRR10089451,2021-01-01 11:59:43,2019-09-12 12:59:37,116290694,35119789588,116290694,302,10230,,https://sra-downloadb.be-md.ncbi.nlm.nih.gov/sos5/sra-pub-zq-16/SRR010/10089/SRR10089451/SRR10089451.lite.1,SRX6822120,,RNA-Seq,cDNA,TRANSCRIPTOMIC,PAIRED,0,0,ILLUMINA,Illumina NovaSeq 6000,SRP221152,PRJNA564629,3,564629,SRS5364696,SAMN12718649,simple,9606,Homo sapiens,GSM4071718,,,,,,,no,,,,,GEO,SRA959162,,public,79EA469C807865138D644A6DA19A2D43,C859A410E8DDE7E9719D961FD12487F1
SRR10089452,2021-01-01 11:59:43,2019-09-12 12:34:33,82220794,24830679788,82220794,302,7087,,https://sra-downloadb.be-md.ncbi.nlm.nih.gov/sos5/sra-pub-zq-16/SRR010/10089/SRR10089452/SRR10089452.lite.1,SRX6822121,,RNA-Seq,cDNA,TRANSCRIPTOMIC,PAIRED,0,0,ILLUMINA,Illumina NovaSeq 6000,SRP221152,PRJNA564629,3,564629,SRS5364697,SAMN12718648,simple,9606,Homo sapiens,GSM4071719,,,,,,,no,,,,,GEO,SRA959162,,public,465DDB3891587F716F8386574DDB952B,F60CB16C36E0CD7D4CB73F6D7ABE0D89
SRR10089453,2021-01-01 11:59:43,2019-09-12 12:30:27,80202433,24221134766,80202433,302,6948,,https://sra-downloadb.be-md.ncbi.nlm.nih.gov/sos5/sra-pub-zq-16/SRR010/10089/SRR10089453/SRR10089453.lite.1,SRX6822122,,RNA-Seq,cDNA,TRANSCRIPTOMIC,PAIRED,0,0,ILLUMINA,Illumina NovaSeq 6000,SRP221152,PRJNA564629,3,564629,SRS5364698,SAMN12718647,simple,9606,Homo sapiens,GSM4071720,,,,,,,no,,,,,GEO,SRA959162,,public,C18637FF7B30818FF33B01366EB1E2D0,E44D5F8144591AF29A759635C189BC2B
SRR10089454,2021-01-01 11:59:43,2019-09-12 13:04:43,110136063,33261091026,110136063,302,9497,,https://sra-downloadb.be-md.ncbi.nlm.nih.gov/sos5/sra-pub-zq-16/SRR010/10089/SRR10089454/SRR10089454.lite.1,SRX6822123,,RNA-Seq,cDNA,TRANSCRIPTOMIC,PAIRED,0,0,ILLUMINA,Illumina NovaSeq 6000,SRP221152,PRJNA564629,3,564629,SRS5364699,SAMN12718646,simple,9606,Homo sapiens,GSM4071721,,,,,,,no,,,,,GEO,SRA959162,,public,6802A081E7F0A98DDF8A3BC4700CCE28,A47E10DA6AE4E83C1D2D62EBB4566733
SRR10089455,2021-01-01 11:59:43,2019-09-12 12:48:01,92140977,27826575054,92140977,302,7916,,https://sra-downloadb.be-md.ncbi.nlm.nih.gov/sos5/sra-pub-zq-16/SRR010/10089/SRR10089455/SRR10089455.lite.1,SRX6822124,,RNA-Seq,cDNA,TRANSCRIPTOMIC,PAIRED,0,0,ILLUMINA,Illumina NovaSeq 6000,SRP221152,PRJNA564629,3,564629,SRS5364700,SAMN12718645,simple,9606,Homo sapiens,GSM4071722,,,,,,,no,,,,,GEO,SRA959162,,public,EB3E6EF7959D0FECF4BD53104688E6B1,9D562D61C81A53ABF2282138E78290FA
SRR10089456,2021-01-01 11:59:43,2019-09-12 12:23:26,85302481,25761349262,85302481,302,7359,,https://sra-downloadb.be-md.ncbi.nlm.nih.gov/sos5/sra-pub-zq-16/SRR010/10089/SRR10089456/SRR10089456.lite.1,SRX6822125,,RNA-Seq,cDNA,TRANSCRIPTOMIC,PAIRED,0,0,ILLUMINA,Illumina NovaSeq 6000,SRP221152,PRJNA564629,3,564629,SRS5364701,SAMN12718644,simple,9606,Homo sapiens,GSM4071723,,,,,,,no,,,,,GEO,SRA959162,,public,E5AAFD70F704075B625FB5CABAB16D2F,8F38750EDE9ECD6306AD24DD8EB0E729
SRR10089457,2021-01-01 11:59:43,2019-09-12 12:36:10,103273228,31188514856,103273228,302,9111,,https://sra-downloadb.be-md.ncbi.nlm.nih.gov/sos5/sra-pub-zq-16/SRR010/10089/SRR10089457/SRR10089457.lite.1,SRX6822126,,RNA-Seq,cDNA,TRANSCRIPTOMIC,PAIRED,0,0,ILLUMINA,Illumina NovaSeq 6000,SRP221152,PRJNA564629,3,564629,SRS5364702,SAMN12718643,simple,9606,Homo sapiens,GSM4071724,,,,,,,no,,,,,GEO,SRA959162,,public,F1FFB96E8EE140E4D9081893F4F53BB7,B69AEA59F5A584A29C5711BD07626109
SRR10089458,2021-01-01 11:59:43,2019-09-12 12:46:37,112520094,33981068388,112520094,302,10118,,https://sra-downloadb.be-md.ncbi.nlm.nih.gov/sos5/sra-pub-zq-16/SRR010/10089/SRR10089458/SRR10089458.lite.1,SRX6822127,,RNA-Seq,cDNA,TRANSCRIPTOMIC,PAIRED,0,0,ILLUMINA,Illumina NovaSeq 6000,SRP221152,PRJNA564629,3,564629,SRS5364703,SAMN12718642,simple,9606,Homo sapiens,GSM4071725,,,,,,,no,,,,,GEO,SRA959162,,public,7E8EED9DBA970E9D5C20D1D491713CE7,C83CF26E72B6D59800DBDC9ABBDD40A4
SRR10089459,2021-01-01 11:59:43,2019-09-12 12:52:47,96650941,29188584182,96650941,302,8340,,https://sra-downloadb.be-md.ncbi.nlm.nih.gov/sos5/sra-pub-zq-16/SRR010/10089/SRR10089459/SRR10089459.lite.1,SRX6822128,,RNA-Seq,cDNA,TRANSCRIPTOMIC,PAIRED,0,0,ILLUMINA,Illumina NovaSeq 6000,SRP221152,PRJNA564629,3,564629,SRS5364704,SAMN12718641,simple,9606,Homo sapiens,GSM4071726,,,,,,,no,,,,,GEO,SRA959162,,public,DF29F2344291CB97765B72B02C501E49,71B186CEB9629A6D4E4596440A941876
SRR10089460,2021-01-01 11:59:43,2019-09-12 12:36:42,75901991,22922401282,75901991,302,6694,,https://sra-downloadb.be-md.ncbi.nlm.nih.gov/sos5/sra-pub-zq-16/SRR010/10089/SRR10089460/SRR10089460.lite.1,SRX6822129,,RNA-Seq,cDNA,TRANSCRIPTOMIC,PAIRED,0,0,ILLUMINA,Illumina NovaSeq 6000,SRP221152,PRJNA564629,3,564629,SRS5364705,SAMN12718640,simple,9606,Homo sapiens,GSM4071727,,,,,,,no,,,,,GEO,SRA959162,,public,410FA1DBE2CCB0884C18595DAE3A1AC4,A939A3A130D61E6B78FC0CFC27BB2F80
SRR10089461,2021-01-01 11:59:43,2019-09-12 12:47:22,77289744,23341502688,77289744,302,6617,,https://sra-downloadb.be-md.ncbi.nlm.nih.gov/sos5/sra-pub-zq-16/SRR010/10089/SRR10089461/SRR10089461.lite.1,SRX6822130,,RNA-Seq,cDNA,TRANSCRIPTOMIC,PAIRED,0,0,ILLUMINA,Illumina NovaSeq 6000,SRP221152,PRJNA564629,3,564629,SRS5364706,SAMN12718639,simple,9606,Homo sapiens,GSM4071728,,,,,,,no,,,,,GEO,SRA959162,,public,4A27B298D25684928EEF8E1389DB00E8,417A844BF580ED8705484DF0EC03D376
SRR10089462,2021-01-01 11:59:43,2019-09-12 12:26:11,74680820,22553607640,74680820,302,6718,,https://sra-downloadb.be-md.ncbi.nlm.nih.gov/sos5/sra-pub-zq-16/SRR010/10089/SRR10089462/SRR10089462.lite.1,SRX6822131,,RNA-Seq,cDNA,TRANSCRIPTOMIC,PAIRED,0,0,ILLUMINA,Illumina NovaSeq 6000,SRP221152,PRJNA564629,3,564629,SRS5364707,SAMN12718671,simple,9606,Homo sapiens,GSM4071729,,,,,,,no,,,,,GEO,SRA959162,,public,8877BC66E4BCF10BDD909A28C38E1508,DDB585B83FE149A64148D09AA54D0531
SRR10089463,2021-01-01 11:59:43,2019-09-12 12:36:49,86067589,25992411878,86067589,302,7263,,https://sra-downloadb.be-md.ncbi.nlm.nih.gov/sos5/sra-pub-zq-16/SRR010/10089/SRR10089463/SRR10089463.lite.1,SRX6822132,,RNA-Seq,cDNA,TRANSCRIPTOMIC,PAIRED,0,0,ILLUMINA,Illumina NovaSeq 6000,SRP221152,PRJNA564629,3,564629,SRS5364708,SAMN12718670,simple,9606,Homo sapiens,GSM4071730,,,,,,,no,,,,,GEO,SRA959162,,public,9B0EEF43E612273A67A4481FB3F94FE2,BB2BECC513B345D05906A59C49C19C91
SRR10089464,2021-01-01 11:59:43,2019-09-12 12:43:38,85901065,25942121630,85901065,302,7347,,https://sra-downloadb.be-md.ncbi.nlm.nih.gov/sos5/sra-pub-zq-16/SRR010/10089/SRR10089464/SRR10089464.lite.1,SRX6822133,,RNA-Seq,cDNA,TRANSCRIPTOMIC,PAIRED,0,0,ILLUMINA,Illumina NovaSeq 6000,SRP221152,PRJNA564629,3,564629,SRS5364709,SAMN12718638,simple,9606,Homo sapiens,GSM4071731,,,,,,,no,,,,,GEO,SRA959162,,public,1C6EEA4D745A51E9714EDECFA1098E74,B1D3F15AA55F4325B172941407FB96AF
SRR10089465,2021-01-01 11:59:43,2019-09-12 12:41:13,79729275,24078241050,79729275,302,7085,,https://sra-downloadb.be-md.ncbi.nlm.nih.gov/sos5/sra-pub-zq-16/SRR010/10089/SRR10089465/SRR10089465.lite.1,SRX6822134,,RNA-Seq,cDNA,TRANSCRIPTOMIC,PAIRED,0,0,ILLUMINA,Illumina NovaSeq 6000,SRP221152,PRJNA564629,3,564629,SRS5364710,SAMN12718637,simple,9606,Homo sapiens,GSM4071732,,,,,,,no,,,,,GEO,SRA959162,,public,6E12ADA5FE24055D2FA3E2DDB854C64D,4C9BC2021F2363F6692CD12E96AD8421
SRR10089466,2021-01-01 11:59:43,2019-09-12 12:40:24,85477920,25814331840,85477920,302,7271,,https://sra-downloadb.be-md.ncbi.nlm.nih.gov/sos5/sra-pub-zq-16/SRR010/10089/SRR10089466/SRR10089466.lite.1,SRX6822135,,RNA-Seq,cDNA,TRANSCRIPTOMIC,PAIRED,0,0,ILLUMINA,Illumina NovaSeq 6000,SRP221152,PRJNA564629,3,564629,SRS5364711,SAMN12718636,simple,9606,Homo sapiens,GSM4071733,,,,,,,no,,,,,GEO,SRA959162,,public,A16B88AA3077B5FA6E2FB7F1907232E7,AE22A31F0718542B246A658A2B3474D6
SRR10089467,2021-01-01 11:59:43,2019-09-12 12:39:38,78635585,23747946670,78635585,302,6722,,https://sra-downloadb.be-md.ncbi.nlm.nih.gov/sos5/sra-pub-zq-16/SRR010/10089/SRR10089467/SRR10089467.lite.1,SRX6822136,,RNA-Seq,cDNA,TRANSCRIPTOMIC,PAIRED,0,0,ILLUMINA,Illumina NovaSeq 6000,SRP221152,PRJNA564629,3,564629,SRS5364712,SAMN12718673,simple,9606,Homo sapiens,GSM4071734,,,,,,,no,,,,,GEO,SRA959162,,public,3A03A99802D82ED8CE1A0C63E0514E22,3471660E3315247F5B2180C5102F1B1A
SRR10089468,2021-01-01 11:59:43,2019-09-12 13:15:00,88048004,26590497208,88048004,302,7497,,https://sra-downloadb.be-md.ncbi.nlm.nih.gov/sos5/sra-pub-zq-16/SRR010/10089/SRR10089468/SRR10089468.lite.1,SRX6822137,,RNA-Seq,cDNA,TRANSCRIPTOMIC,PAIRED,0,0,ILLUMINA,Illumina NovaSeq 6000,SRP221152,PRJNA564629,3,564629,SRS5364713,SAMN12718672,simple,9606,Homo sapiens,GSM4071735,,,,,,,no,,,,,GEO,SRA959162,,public,9BA500D569A55D36F5E054D9324836AB,05F5B2BA7BCC69F2EBCA6890D482F53C
SRR10089469,2021-01-01 11:59:43,2019-09-12 13:26:31,104507871,31561377042,104507871,302,8841,,https://sra-downloadb.be-md.ncbi.nlm.nih.gov/sos5/sra-pub-zq-16/SRR010/10089/SRR10089469/SRR10089469.lite.1,SRX6822138,,RNA-Seq,cDNA,TRANSCRIPTOMIC,PAIRED,0,0,ILLUMINA,Illumina NovaSeq 6000,SRP221152,PRJNA564629,3,564629,SRS5364714,SAMN12718669,simple,9606,Homo sapiens,GSM4071736,,,,,,,no,,,,,GEO,SRA959162,,public,F83001FF9EC7D829EDF21B07140B58D8,89277EFE22A9C0C7A660F2267B57B7FC
SRR10089470,2021-01-01 11:59:43,2019-09-12 13:18:46,94612248,28572898896,94612248,302,8119,,https://sra-downloadb.be-md.ncbi.nlm.nih.gov/sos5/sra-pub-zq-16/SRR010/10089/SRR10089470/SRR10089470.lite.1,SRX6822139,,RNA-Seq,cDNA,TRANSCRIPTOMIC,PAIRED,0,0,ILLUMINA,Illumina NovaSeq 6000,SRP221152,PRJNA564629,3,564629,SRS5364715,SAMN12718668,simple,9606,Homo sapiens,GSM4071737,,,,,,,no,,,,,GEO,SRA959162,,public,B12525AD9A0622C7B896FF645A38ED2E,BB08FC4703923E9EE5B05158C2E9F76F
SRR10089471,2021-01-01 11:59:43,2019-09-12 13:11:03,77391670,23372284340,77391670,302,6624,,https://sra-downloadb.be-md.ncbi.nlm.nih.gov/sos5/sra-pub-zq-16/SRR010/10089/SRR10089471/SRR10089471.lite.1,SRX6822140,,RNA-Seq,cDNA,TRANSCRIPTOMIC,PAIRED,0,0,ILLUMINA,Illumina NovaSeq 6000,SRP221152,PRJNA564629,3,564629,SRS5364716,SAMN12718667,simple,9606,Homo sapiens,GSM4071738,,,,,,,no,,,,,GEO,SRA959162,,public,F8C4E4A81EB9199C403A64109E3BBE48,319017B40BA3AEAB75A62061996A39E8
SRR10089472,2021-01-01 11:59:43,2019-09-13 20:18:20,79245231,23932059762,79245231,302,6691,,https://sra-downloadb.be-md.ncbi.nlm.nih.gov/sos5/sra-pub-zq-16/SRR010/10089/SRR10089472/SRR10089472.lite.1,SRX6822141,,RNA-Seq,cDNA,TRANSCRIPTOMIC,PAIRED,0,0,ILLUMINA,Illumina NovaSeq 6000,SRP221152,PRJNA564629,3,564629,SRS5364717,SAMN12718666,simple,9606,Homo sapiens,GSM4071739,,,,,,,no,,,,,GEO,SRA959162,,public,45EAD6ECFD4F97B31215C680F4299B38,C3A3A60E289B92A4B224B00B9C90062F
SRR10089473,2021-01-01 11:59:44,2019-09-12 14:44:31,90603107,27362138314,90603107,302,7717,,https://sra-downloadb.be-md.ncbi.nlm.nih.gov/sos5/sra-pub-zq-16/SRR010/10089/SRR10089473/SRR10089473.lite.1,SRX6822142,,RNA-Seq,cDNA,TRANSCRIPTOMIC,PAIRED,0,0,ILLUMINA,Illumina NovaSeq 6000,SRP221152,PRJNA564629,3,564629,SRS5364718,SAMN12718665,simple,9606,Homo sapiens,GSM4071740,,,,,,,no,,,,,GEO,SRA959162,,public,2F6F37A7FCC4E5618C2B278ABC1F36E4,8B801C3D5E68EF91A6489FC139FDDAFC
SRR10089474,2021-01-01 11:59:44,2019-09-12 14:50:22,86383764,26087896728,86383764,302,7385,,https://sra-downloadb.be-md.ncbi.nlm.nih.gov/sos5/sra-pub-zq-16/SRR010/10089/SRR10089474/SRR10089474.lite.1,SRX6822143,,RNA-Seq,cDNA,TRANSCRIPTOMIC,PAIRED,0,0,ILLUMINA,Illumina NovaSeq 6000,SRP221152,PRJNA564629,3,564629,SRS5364719,SAMN12718664,simple,9606,Homo sapiens,GSM4071741,,,,,,,no,,,,,GEO,SRA959162,,public,D8A7DE3D716E9CBE9E782B9323F0F9C3,E0A6750632186249D703BCC605464390
SRR10089475,2021-01-01 11:59:44,2019-09-13 21:21:47,101330811,30601904922,101330811,302,8587,,https://sra-downloadb.be-md.ncbi.nlm.nih.gov/sos5/sra-pub-zq-16/SRR010/10089/SRR10089475/SRR10089475.lite.1,SRX6822144,,RNA-Seq,cDNA,TRANSCRIPTOMIC,PAIRED,0,0,ILLUMINA,Illumina NovaSeq 6000,SRP221152,PRJNA564629,3,564629,SRS5364720,SAMN12718663,simple,9606,Homo sapiens,GSM4071742,,,,,,,no,,,,,GEO,SRA959162,,public,B21BF7D98A527EF78CC0FD96ADDF8F67,8DE72DC688195C2990B716B744E1169A
SRR10089476,2021-01-01 11:59:44,2019-09-12 14:32:51,83827650,25315950300,83827650,302,7180,,https://sra-downloadb.be-md.ncbi.nlm.nih.gov/sos5/sra-pub-zq-16/SRR010/10089/SRR10089476/SRR10089476.lite.1,SRX6822145,,RNA-Seq,cDNA,TRANSCRIPTOMIC,PAIRED,0,0,ILLUMINA,Illumina NovaSeq 6000,SRP221152,PRJNA564629,3,564629,SRS5364721,SAMN12718662,simple,9606,Homo sapiens,GSM4071743,,,,,,,no,,,,,GEO,SRA959162,,public,468DA12D4FB4D4BF2E844210A8C77889,2E721ACEA04D4A3493DEFFAA49439A01
SRR10089477,2021-01-01 11:59:44,2019-09-12 14:32:18,71485916,21588746632,71485916,302,6115,,https://sra-downloadb.be-md.ncbi.nlm.nih.gov/sos5/sra-pub-zq-16/SRR010/10089/SRR10089477/SRR10089477.lite.1,SRX6822146,,RNA-Seq,cDNA,TRANSCRIPTOMIC,PAIRED,0,0,ILLUMINA,Illumina NovaSeq 6000,SRP221152,PRJNA564629,3,564629,SRS5364722,SAMN12718661,simple,9606,Homo sapiens,GSM4071744,,,,,,,no,,,,,GEO,SRA959162,,public,0DEEA3C17E17470D2C750584AABA36CC,1C7C382652647C67602BAB7C35C9E793
SRR10089478,2021-01-01 11:59:44,2019-09-13 20:52:35,100610072,30384241744,100610072,302,8582,,https://sra-downloadb.be-md.ncbi.nlm.nih.gov/sos5/sra-pub-zq-16/SRR010/10089/SRR10089478/SRR10089478.lite.1,SRX6822147,,RNA-Seq,cDNA,TRANSCRIPTOMIC,PAIRED,0,0,ILLUMINA,Illumina NovaSeq 6000,SRP221152,PRJNA564629,3,564629,SRS5364723,SAMN12718660,simple,9606,Homo sapiens,GSM4071745,,,,,,,no,,,,,GEO,SRA959162,,public,DF0068CFEDB73203A17B563A8D3F77EF,B36A785F4F16A789E09ED4DDAD535911
SRR10089479,2021-01-01 11:59:44,2019-09-12 14:54:32,92893550,28053852100,92893550,302,7977,,https://sra-downloadb.be-md.ncbi.nlm.nih.gov/sos5/sra-pub-zq-16/SRR010/10089/SRR10089479/SRR10089479.lite.1,SRX6822148,,RNA-Seq,cDNA,TRANSCRIPTOMIC,PAIRED,0,0,ILLUMINA,Illumina NovaSeq 6000,SRP221152,PRJNA564629,3,564629,SRS5364724,SAMN12718659,simple,9606,Homo sapiens,GSM4071746,,,,,,,no,,,,,GEO,SRA959162,,public,EE577B6ED5C6B42A75B91CC030BBD8E5,2707A31C520FA0DC13750E8C9ED9E34A
SRR10089480,2021-01-01 11:59:44,2019-09-12 15:06:44,94608782,28571852164,94608782,302,8078,,https://sra-downloadb.be-md.ncbi.nlm.nih.gov/sos5/sra-pub-zq-16/SRR010/10089/SRR10089480/SRR10089480.lite.1,SRX6822149,,RNA-Seq,cDNA,TRANSCRIPTOMIC,PAIRED,0,0,ILLUMINA,Illumina NovaSeq 6000,SRP221152,PRJNA564629,3,564629,SRS5364725,SAMN12718658,simple,9606,Homo sapiens,GSM4071747,,,,,,,no,,,,,GEO,SRA959162,,public,48A1E16C3BFD6D9333F0CA2E4209DBF0,9BA75285AA37E2177E2D07F4B9DB5DAA
SRR10089481,2021-01-01 11:59:44,2019-09-12 14:48:14,92575250,27957725500,92575250,302,7877,,https://sra-downloadb.be-md.ncbi.nlm.nih.gov/sos5/sra-pub-zq-16/SRR010/10089/SRR10089481/SRR10089481.lite.1,SRX6822150,,RNA-Seq,cDNA,TRANSCRIPTOMIC,PAIRED,0,0,ILLUMINA,Illumina NovaSeq 6000,SRP221152,PRJNA564629,3,564629,SRS5364726,SAMN12718657,simple,9606,Homo sapiens,GSM4071748,,,,,,,no,,,,,GEO,SRA959162,,public,A4EA3D22F5F0B5316C3A58095004E36B,E2E592430FBA13737597CDBEC3D89CCA
SRR10089482,2021-01-01 11:59:44,2019-09-12 14:55:32,93101094,28116530388,93101094,302,7975,,https://sra-downloadb.be-md.ncbi.nlm.nih.gov/sos5/sra-pub-zq-16/SRR010/10089/SRR10089482/SRR10089482.lite.1,SRX6822151,,RNA-Seq,cDNA,TRANSCRIPTOMIC,PAIRED,0,0,ILLUMINA,Illumina NovaSeq 6000,SRP221152,PRJNA564629,3,564629,SRS5364727,SAMN12718656,simple,9606,Homo sapiens,GSM4071749,,,,,,,no,,,,,GEO,SRA959162,,public,93891EC7A2452CF9B8DD0CC819B44E21,B29CE83229A217630100DBE4DC57A7D2
SRR10089483,2021-01-01 11:59:44,2019-09-12 14:39:58,85734046,25891681892,85734046,302,7367,,https://sra-downloadb.be-md.ncbi.nlm.nih.gov/sos5/sra-pub-zq-16/SRR010/10089/SRR10089483/SRR10089483.lite.1,SRX6822152,,RNA-Seq,cDNA,TRANSCRIPTOMIC,PAIRED,0,0,ILLUMINA,Illumina NovaSeq 6000,SRP221152,PRJNA564629,3,564629,SRS5364728,SAMN12718689,simple,9606,Homo sapiens,GSM4071750,,,,,,,no,,,,,GEO,SRA959162,,public,81F74DA55CE8A9E7CD56A5B4F0856D50,63E5B13F6A4FF88E8C535A29138E8E35
SRR10089484,2021-01-01 11:59:44,2019-09-12 14:56:37,94803736,28630728272,94803736,302,8102,,https://sra-downloadb.be-md.ncbi.nlm.nih.gov/sos5/sra-pub-zq-16/SRR010/10089/SRR10089484/SRR10089484.lite.1,SRX6822153,,RNA-Seq,cDNA,TRANSCRIPTOMIC,PAIRED,0,0,ILLUMINA,Illumina NovaSeq 6000,SRP221152,PRJNA564629,3,564629,SRS5364729,SAMN12718688,simple,9606,Homo sapiens,GSM4071751,,,,,,,no,,,,,GEO,SRA959162,,public,2701DA77C9DED7CC67E9E74AB741D84F,B8673BF8B98D48E2C49FD35E848BDD3A
SRR10089485,2021-01-01 11:59:44,2019-09-13 20:28:59,98505680,29748715360,98505680,302,8443,,https://sra-downloadb.be-md.ncbi.nlm.nih.gov/sos5/sra-pub-zq-16/SRR010/10089/SRR10089485/SRR10089485.lite.1,SRX6822154,,RNA-Seq,cDNA,TRANSCRIPTOMIC,PAIRED,0,0,ILLUMINA,Illumina NovaSeq 6000,SRP221152,PRJNA564629,3,564629,SRS5364730,SAMN12718687,simple,9606,Homo sapiens,GSM4071752,,,,,,,no,,,,,GEO,SRA959162,,public,27684DE6AA19996A53C9FFDF160AC725,B9B7BDD0EDF0B7081A1CA35A57FD0E70
SRR10089486,2021-01-01 11:59:44,2019-09-12 14:59:34,103647547,31301559194,103647547,302,8825,,https://sra-downloadb.be-md.ncbi.nlm.nih.gov/sos5/sra-pub-zq-16/SRR010/10089/SRR10089486/SRR10089486.lite.1,SRX6822155,,RNA-Seq,cDNA,TRANSCRIPTOMIC,PAIRED,0,0,ILLUMINA,Illumina NovaSeq 6000,SRP221152,PRJNA564629,3,564629,SRS5364731,SAMN12718686,simple,9606,Homo sapiens,GSM4071753,,,,,,,no,,,,,GEO,SRA959162,,public,40115497E54E6055B2819290119F6FB2,53F9768715ABDE060F61EB9BD25C7FF3
SRR10089487,2021-01-01 11:59:44,2019-09-12 14:26:47,76796811,23192636922,76796811,302,6530,,https://sra-downloadb.be-md.ncbi.nlm.nih.gov/sos5/sra-pub-zq-16/SRR010/10089/SRR10089487/SRR10089487.lite.1,SRX6822156,,RNA-Seq,cDNA,TRANSCRIPTOMIC,PAIRED,0,0,ILLUMINA,Illumina NovaSeq 6000,SRP221152,PRJNA564629,3,564629,SRS5364732,SAMN12718685,simple,9606,Homo sapiens,GSM4071754,,,,,,,no,,,,,GEO,SRA959162,,public,A9E8D47DE4422738E7353E059DE2E45B,679792166C1DDD6D49EEA19F4AB59C76
SRR10089488,2021-01-01 11:59:44,2019-09-12 14:49:56,82509560,24917887120,82509560,302,7034,,https://sra-downloadb.be-md.ncbi.nlm.nih.gov/sos5/sra-pub-zq-16/SRR010/10089/SRR10089488/SRR10089488.lite.1,SRX6822157,,RNA-Seq,cDNA,TRANSCRIPTOMIC,PAIRED,0,0,ILLUMINA,Illumina NovaSeq 6000,SRP221152,PRJNA564629,3,564629,SRS5364733,SAMN12718684,simple,9606,Homo sapiens,GSM4071755,,,,,,,no,,,,,GEO,SRA959162,,public,B66D1AA041A0E6F1B32C85943E3914BE,731528F74E5B5EDF520FD028AB49691B
SRR10089489,2021-01-01 11:59:44,2019-09-13 20:22:36,92262930,27863404860,92262930,302,7905,,https://sra-downloadb.be-md.ncbi.nlm.nih.gov/sos5/sra-pub-zq-16/SRR010/10089/SRR10089489/SRR10089489.lite.1,SRX6822158,,RNA-Seq,cDNA,TRANSCRIPTOMIC,PAIRED,0,0,ILLUMINA,Illumina NovaSeq 6000,SRP221152,PRJNA564629,3,564629,SRS5364734,SAMN12718681,simple,9606,Homo sapiens,GSM4071756,,,,,,,no,,,,,GEO,SRA959162,,public,1C40375EF154FBF3667BA63ED089DBDE,49C890FA9BE9FE8DA8631C89304F09AD
SRR10089490,2021-01-01 11:59:44,2019-09-12 14:36:29,73262652,22125320904,73262652,302,6346,,https://sra-downloadb.be-md.ncbi.nlm.nih.gov/sos5/sra-pub-zq-16/SRR010/10089/SRR10089490/SRR10089490.lite.1,SRX6822159,,RNA-Seq,cDNA,TRANSCRIPTOMIC,PAIRED,0,0,ILLUMINA,Illumina NovaSeq 6000,SRP221152,PRJNA564629,3,564629,SRS5364735,SAMN12718680,simple,9606,Homo sapiens,GSM4071757,,,,,,,no,,,,,GEO,SRA959162,,public,29D886AEB4D80D208C4E9254A06C7732,85F4E325C705DA4D2E421CE4187AC7E1
SRR10089491,2021-01-01 11:59:44,2019-09-13 20:27:57,111442036,33655494872,111442036,302,10018,,https://sra-downloadb.be-md.ncbi.nlm.nih.gov/sos5/sra-pub-zq-16/SRR010/10089/SRR10089491/SRR10089491.lite.1,SRX6822160,,RNA-Seq,cDNA,TRANSCRIPTOMIC,PAIRED,0,0,ILLUMINA,Illumina NovaSeq 6000,SRP221152,PRJNA564629,3,564629,SRS5364736,SAMN12718679,simple,9606,Homo sapiens,GSM4071758,,,,,,,no,,,,,GEO,SRA959162,,public,6B4DDD4AC04A315B6B0D93E2D4A2D206,1ADF8A3635BA3845BFEC92018F6D2891
SRR10089492,2021-01-01 11:59:44,2019-09-12 15:25:57,84033201,25378026702,84033201,302,7464,,https://sra-downloadb.be-md.ncbi.nlm.nih.gov/sos5/sra-pub-zq-16/SRR010/10089/SRR10089492/SRR10089492.lite.1,SRX6822161,,RNA-Seq,cDNA,TRANSCRIPTOMIC,PAIRED,0,0,ILLUMINA,Illumina NovaSeq 6000,SRP221152,PRJNA564629,3,564629,SRS5364737,SAMN12718678,simple,9606,Homo sapiens,GSM4071759,,,,,,,no,,,,,GEO,SRA959162,,public,354B0F36032C14B255A8A6F340E40DE6,0336AC6E25BC320E43EB3E79CC8C0439
SRR10089493,2021-01-01 11:59:44,2019-09-12 14:26:44,82676069,24968172838,82676069,302,7099,,https://sra-downloadb.be-md.ncbi.nlm.nih.gov/sos5/sra-pub-zq-16/SRR010/10089/SRR10089493/SRR10089493.lite.1,SRX6822162,,RNA-Seq,cDNA,TRANSCRIPTOMIC,PAIRED,0,0,ILLUMINA,Illumina NovaSeq 6000,SRP221152,PRJNA564629,3,564629,SRS5364738,SAMN12718677,simple,9606,Homo sapiens,GSM4071760,,,,,,,no,,,,,GEO,SRA959162,,public,85A6E23467D1A0A09B5B4532507A4D8C,ACD5C595F9CDE93E0016AAB5B9676E6C
SRR10089494,2021-01-01 11:59:44,2019-09-12 14:54:10,91572154,27654790508,91572154,302,7911,,https://sra-downloadb.be-md.ncbi.nlm.nih.gov/sos5/sra-pub-zq-16/SRR010/10089/SRR10089494/SRR10089494.lite.1,SRX6822163,,RNA-Seq,cDNA,TRANSCRIPTOMIC,PAIRED,0,0,ILLUMINA,Illumina NovaSeq 6000,SRP221152,PRJNA564629,3,564629,SRS5364739,SAMN12718683,simple,9606,Homo sapiens,GSM4071761,,,,,,,no,,,,,GEO,SRA959162,,public,ABB82F451720B3167078FD4006622FD2,470E9FA6A8C43059EAD2E08B84967C24
SRR10089495,2021-01-01 11:59:44,2019-09-12 14:38:02,78004654,23557405508,78004654,302,6726,,https://sra-downloadb.be-md.ncbi.nlm.nih.gov/sos5/sra-pub-zq-16/SRR010/10089/SRR10089495/SRR10089495.lite.1,SRX6822164,,RNA-Seq,cDNA,TRANSCRIPTOMIC,PAIRED,0,0,ILLUMINA,Illumina NovaSeq 6000,SRP221152,PRJNA564629,3,564629,SRS5364740,SAMN12718682,simple,9606,Homo sapiens,GSM4071762,,,,,,,no,,,,,GEO,SRA959162,,public,AAC6BA36366E8E7E154D08E26E172E38,36E2AEE59CCFC7A202B3B27E2C573D4C
SRR10089496,2021-01-01 11:59:44,2019-09-12 14:46:03,76952352,23239610304,76952352,302,6638,,https://sra-downloadb.be-md.ncbi.nlm.nih.gov/sos5/sra-pub-zq-16/SRR010/10089/SRR10089496/SRR10089496.lite.1,SRX6822165,,RNA-Seq,cDNA,TRANSCRIPTOMIC,PAIRED,0,0,ILLUMINA,Illumina NovaSeq 6000,SRP221152,PRJNA564629,3,564629,SRS5364741,SAMN12718676,simple,9606,Homo sapiens,GSM4071763,,,,,,,no,,,,,GEO,SRA959162,,public,D274905CBCD8236703D4C95BE5210C57,021CD0AA3971674DC5096184B48EEECE
SRR10089497,2021-01-01 11:59:44,2019-09-12 14:52:11,91751486,27708948772,91751486,302,7951,,https://sra-downloadb.be-md.ncbi.nlm.nih.gov/sos5/sra-pub-zq-16/SRR010/10089/SRR10089497/SRR10089497.lite.1,SRX6822166,,RNA-Seq,cDNA,TRANSCRIPTOMIC,PAIRED,0,0,ILLUMINA,Illumina NovaSeq 6000,SRP221152,PRJNA564629,3,564629,SRS5364742,SAMN12718458,simple,9606,Homo sapiens,GSM4071764,,,,,,,no,,,,,GEO,SRA959162,,public,84952C622B8888BDB0FD64F97E6B2F83,08021FC363C046992E6EFCF548A5E65D
SRR10089498,2021-01-01 11:59:44,2019-09-12 14:54:46,85484933,25816449766,85484933,302,7434,,https://sra-downloadb.be-md.ncbi.nlm.nih.gov/sos5/sra-pub-zq-16/SRR010/10089/SRR10089498/SRR10089498.lite.1,SRX6822167,,RNA-Seq,cDNA,TRANSCRIPTOMIC,PAIRED,0,0,ILLUMINA,Illumina NovaSeq 6000,SRP221152,PRJNA564629,3,564629,SRS5364743,SAMN12718457,simple,9606,Homo sapiens,GSM4071765,,,,,,,no,,,,,GEO,SRA959162,,public,506FA801587EBAD6C681D640A57B1A5A,40662138CB66F28987C55DFA0B47DEC9
SRR10089499,2021-01-01 11:59:44,2019-09-13 20:26:28,97436732,29425893064,97436732,302,8379,,https://sra-downloadb.be-md.ncbi.nlm.nih.gov/sos5/sra-pub-zq-16/SRR010/10089/SRR10089499/SRR10089499.lite.1,SRX6822168,,RNA-Seq,cDNA,TRANSCRIPTOMIC,PAIRED,0,0,ILLUMINA,Illumina NovaSeq 6000,SRP221152,PRJNA564629,3,564629,SRS5364744,SAMN12718448,simple,9606,Homo sapiens,GSM4071766,,,,,,,no,,,,,GEO,SRA959162,,public,9EC09E35A92368923D6BD16F21A70661,7A3C3F78165708B424CC172F9C52B315
SRR10089500,2021-01-01 11:59:44,2019-09-12 15:02:10,76863427,23212754954,76863427,302,6645,,https://sra-downloadb.be-md.ncbi.nlm.nih.gov/sos5/sra-pub-zq-16/SRR010/10089/SRR10089500/SRR10089500.lite.1,SRX6822169,,RNA-Seq,cDNA,TRANSCRIPTOMIC,PAIRED,0,0,ILLUMINA,Illumina NovaSeq 6000,SRP221152,PRJNA564629,3,564629,SRS5364745,SAMN12718447,simple,9606,Homo sapiens,GSM4071767,,,,,,,no,,,,,GEO,SRA959162,,public,0B8E022C62BEFE3BBBFD543A2D461AA3,C28E2B81FB21DB02386C9687D8FD531C
SRR10089381,2021-01-01 11:59:40,2019-09-11 20:09:28,67685789,20441108278,67685789,302,5938,,https://sra-downloadb.be-md.ncbi.nlm.nih.gov/sos5/sra-pub-zq-16/SRR010/10089/SRR10089381/SRR10089381.lite.1,SRX6822050,,RNA-Seq,cDNA,TRANSCRIPTOMIC,PAIRED,0,0,ILLUMINA,Illumina NovaSeq 6000,SRP221152,PRJNA564629,3,564629,SRS5364626,SAMN12718271,simple,9606,Homo sapiens,GSM4071648,,,,,,,no,,,,,GEO,SRA959162,,public,3A4966F6D52FF315B800DD5837597162,1B6D52A4130BBA55AF19FF2A9B6319D9
SRR10089383,2021-01-01 11:59:40,2019-09-11 20:35:33,93733581,28307541462,93733581,302,8310,,https://sra-downloadb.be-md.ncbi.nlm.nih.gov/sos5/sra-pub-zq-16/SRR010/10089/SRR10089383/SRR10089383.lite.1,SRX6822052,,RNA-Seq,cDNA,TRANSCRIPTOMIC,PAIRED,0,0,ILLUMINA,Illumina NovaSeq 6000,SRP221152,PRJNA564629,3,564629,SRS5364627,SAMN12718269,simple,9606,Homo sapiens,GSM4071650,,,,,,,no,,,,,GEO,SRA959162,,public,9C99151E670B316E43BA7F92AE83C10C,560EBBA2CC66F228FE5CEAAAA80443C8
SRR10089382,2021-01-01 11:59:40,2019-09-11 20:29:59,85752880,25897369760,85752880,302,7275,,https://sra-downloadb.be-md.ncbi.nlm.nih.gov/sos5/sra-pub-zq-16/SRR010/10089/SRR10089382/SRR10089382.lite.1,SRX6822051,,RNA-Seq,cDNA,TRANSCRIPTOMIC,PAIRED,0,0,ILLUMINA,Illumina NovaSeq 6000,SRP221152,PRJNA564629,3,564629,SRS5364628,SAMN12718270,simple,9606,Homo sapiens,GSM4071649,,,,,,,no,,,,,GEO,SRA959162,,public,5499506D0E1171948FB58F7772EE1A80,66BD82DF70353986F0BC92BD5FC7631D
SRR10089384,2021-01-01 11:59:40,2019-09-11 20:13:06,60782010,18356167020,60782010,302,5507,,https://sra-downloadb.be-md.ncbi.nlm.nih.gov/sos5/sra-pub-zq-16/SRR010/10089/SRR10089384/SRR10089384.lite.1,SRX6822053,,RNA-Seq,cDNA,TRANSCRIPTOMIC,PAIRED,0,0,ILLUMINA,Illumina NovaSeq 6000,SRP221152,PRJNA564629,3,564629,SRS5364629,SAMN12718268,simple,9606,Homo sapiens,GSM4071651,,,,,,,no,,,,,GEO,SRA959162,,public,980FF715930987134E12539C43A8ADAF,2302836CF94B8F6518EE906B316BEB77
SRR10089386,2021-01-01 11:59:41,2019-09-11 20:19:27,76637124,23144411448,76637124,302,6604,,https://sra-downloadb.be-md.ncbi.nlm.nih.gov/sos5/sra-pub-zq-16/SRR010/10089/SRR10089386/SRR10089386.lite.1,SRX6822055,,RNA-Seq,cDNA,TRANSCRIPTOMIC,PAIRED,0,0,ILLUMINA,Illumina NovaSeq 6000,SRP221152,PRJNA564629,3,564629,SRS5364630,SAMN12718266,simple,9606,Homo sapiens,GSM4071653,,,,,,,no,,,,,GEO,SRA959162,,public,2716A2C6DF5CEC2409643FB7F336C649,BACCABB5760993F328E0275AACA55122
SRR10089385,2021-01-01 11:59:41,2019-09-11 20:23:45,83761917,25296098934,83761917,302,7142,,https://sra-downloadb.be-md.ncbi.nlm.nih.gov/sos5/sra-pub-zq-16/SRR010/10089/SRR10089385/SRR10089385.lite.1,SRX6822054,,RNA-Seq,cDNA,TRANSCRIPTOMIC,PAIRED,0,0,ILLUMINA,Illumina NovaSeq 6000,SRP221152,PRJNA564629,3,564629,SRS5364631,SAMN12718267,simple,9606,Homo sapiens,GSM4071652,,,,,,,no,,,,,GEO,SRA959162,,public,15EC46B0166A2E556E99B3FFA5683096,A86EECFEDA43D603B19B2D000EB8DA0A
SRR10089387,2021-01-01 11:59:41,2019-09-11 20:05:58,65480693,19775169286,65480693,302,5757,,https://sra-downloadb.be-md.ncbi.nlm.nih.gov/sos5/sra-pub-zq-16/SRR010/10089/SRR10089387/SRR10089387.lite.1,SRX6822056,,RNA-Seq,cDNA,TRANSCRIPTOMIC,PAIRED,0,0,ILLUMINA,Illumina NovaSeq 6000,SRP221152,PRJNA564629,3,564629,SRS5364632,SAMN12718265,simple,9606,Homo sapiens,GSM4071654,,,,,,,no,,,,,GEO,SRA959162,,public,A657D91C886AF508F939033136481172,47E42359AAFE59B31608776F0072AFD0
SRR10089388,2021-01-01 11:59:41,2019-09-11 20:08:23,64534975,19489562450,64534975,302,5961,,https://sra-downloadb.be-md.ncbi.nlm.nih.gov/sos5/sra-pub-zq-16/SRR010/10089/SRR10089388/SRR10089388.lite.1,SRX6822057,,RNA-Seq,cDNA,TRANSCRIPTOMIC,PAIRED,0,0,ILLUMINA,Illumina NovaSeq 6000,SRP221152,PRJNA564629,3,564629,SRS5364633,SAMN12718264,simple,9606,Homo sapiens,GSM4071655,,,,,,,no,,,,,GEO,SRA959162,,public,E6FF1586CB45D66C72324ABDE6137C10,E89588955796C1B30F4A22CA69CBCEBA
SRR10089389,2021-01-01 11:59:41,2019-09-11 20:32:37,83398337,25186297774,83398337,302,7796,,https://sra-downloadb.be-md.ncbi.nlm.nih.gov/sos5/sra-pub-zq-16/SRR010/10089/SRR10089389/SRR10089389.lite.1,SRX6822058,,RNA-Seq,cDNA,TRANSCRIPTOMIC,PAIRED,0,0,ILLUMINA,Illumina NovaSeq 6000,SRP221152,PRJNA564629,3,564629,SRS5364634,SAMN12718263,simple,9606,Homo sapiens,GSM4071656,,,,,,,no,,,,,GEO,SRA959162,,public,733858BC1717B93F07367C246C02D4AC,DE7965E6496D10C49711070C3F119F02
SRR10089390,2021-01-01 11:59:41,2019-09-11 20:14:29,85045416,25683715632,85045416,302,7273,,https://sra-downloadb.be-md.ncbi.nlm.nih.gov/sos5/sra-pub-zq-16/SRR010/10089/SRR10089390/SRR10089390.lite.1,SRX6822059,,RNA-Seq,cDNA,TRANSCRIPTOMIC,PAIRED,0,0,ILLUMINA,Illumina NovaSeq 6000,SRP221152,PRJNA564629,3,564629,SRS5364635,SAMN12718313,simple,9606,Homo sapiens,GSM4071657,,,,,,,no,,,,,GEO,SRA959162,,public,0D3B657901279EA79B2854CC9A30B6E5,2731BEED30C6FD9FDC9359AE70E66C96
SRR10089391,2021-01-01 11:59:41,2019-09-11 20:35:21,86428766,26101487332,86428766,302,7368,,https://sra-downloadb.be-md.ncbi.nlm.nih.gov/sos5/sra-pub-zq-16/SRR010/10089/SRR10089391/SRR10089391.lite.1,SRX6822060,,RNA-Seq,cDNA,TRANSCRIPTOMIC,PAIRED,0,0,ILLUMINA,Illumina NovaSeq 6000,SRP221152,PRJNA564629,3,564629,SRS5364636,SAMN12718312,simple,9606,Homo sapiens,GSM4071658,,,,,,,no,,,,,GEO,SRA959162,,public,612CC2C81EBE989675FB099DF8230E5B,65D73B6A637B2C7CF14727F93BF72203
SRR10089392,2021-01-01 11:59:41,2019-09-11 20:23:32,78399964,23676789128,78399964,302,6734,,https://sra-downloadb.be-md.ncbi.nlm.nih.gov/sos5/sra-pub-zq-16/SRR010/10089/SRR10089392/SRR10089392.lite.1,SRX6822061,,RNA-Seq,cDNA,TRANSCRIPTOMIC,PAIRED,0,0,ILLUMINA,Illumina NovaSeq 6000,SRP221152,PRJNA564629,3,564629,SRS5364637,SAMN12718311,simple,9606,Homo sapiens,GSM4071659,,,,,,,no,,,,,GEO,SRA959162,,public,1D9C95F89CA731E5BF816E38AA2C6135,8D15D394A1D7763DF6BE87A9B6809304
SRR10089393,2021-01-01 11:59:41,2019-09-11 20:23:00,79302778,23949438956,79302778,302,6772,,https://sra-downloadb.be-md.ncbi.nlm.nih.gov/sos5/sra-pub-zq-16/SRR010/10089/SRR10089393/SRR10089393.lite.1,SRX6822062,,RNA-Seq,cDNA,TRANSCRIPTOMIC,PAIRED,0,0,ILLUMINA,Illumina NovaSeq 6000,SRP221152,PRJNA564629,3,564629,SRS5364638,SAMN12718310,simple,9606,Homo sapiens,GSM4071660,,,,,,,no,,,,,GEO,SRA959162,,public,0BF3E9C14081735EE73A2CEB740E907D,BF45488713E041E37E07ACACD84A1BD5
SRR10089394,2021-01-01 11:59:41,2019-09-11 20:20:15,83280894,25150829988,83280894,302,7079,,https://sra-downloadb.be-md.ncbi.nlm.nih.gov/sos5/sra-pub-zq-16/SRR010/10089/SRR10089394/SRR10089394.lite.1,SRX6822063,,RNA-Seq,cDNA,TRANSCRIPTOMIC,PAIRED,0,0,ILLUMINA,Illumina NovaSeq 6000,SRP221152,PRJNA564629,3,564629,SRS5364639,SAMN12718309,simple,9606,Homo sapiens,GSM4071661,,,,,,,no,,,,,GEO,SRA959162,,public,379C0C772144B58C54369CA18A9B7EBF,4EAA5FF58042E18091A1D1E9BD7D18F0
SRR10089395,2021-01-01 11:59:41,2019-09-11 20:33:25,88005474,26577653148,88005474,302,7578,,https://sra-downloadb.be-md.ncbi.nlm.nih.gov/sos5/sra-pub-zq-16/SRR010/10089/SRR10089395/SRR10089395.lite.1,SRX6822064,,RNA-Seq,cDNA,TRANSCRIPTOMIC,PAIRED,0,0,ILLUMINA,Illumina NovaSeq 6000,SRP221152,PRJNA564629,3,564629,SRS5364640,SAMN12718308,simple,9606,Homo sapiens,GSM4071662,,,,,,,no,,,,,GEO,SRA959162,,public,F7AC5CA8B594122315FA39A772985C46,F2F46840F710BBE13A4DA3F4856D0502
SRR10089396,2021-01-01 11:59:41,2019-09-11 20:30:46,86779756,26207486312,86779756,302,7585,,https://sra-downloadb.be-md.ncbi.nlm.nih.gov/sos5/sra-pub-zq-16/SRR010/10089/SRR10089396/SRR10089396.lite.1,SRX6822065,,RNA-Seq,cDNA,TRANSCRIPTOMIC,PAIRED,0,0,ILLUMINA,Illumina NovaSeq 6000,SRP221152,PRJNA564629,3,564629,SRS5364641,SAMN12718307,simple,9606,Homo sapiens,GSM4071663,,,,,,,no,,,,,GEO,SRA959162,,public,F8AFC5979739C40BE5C9E593B9CB0FF4,C14E05912F6FA914E0A8D3FDB3B33EFF
SRR10089397,2021-01-01 11:59:41,2019-09-11 20:29:33,89295830,26967340660,89295830,302,7656,,https://sra-downloadb.be-md.ncbi.nlm.nih.gov/sos5/sra-pub-zq-16/SRR010/10089/SRR10089397/SRR10089397.lite.1,SRX6822066,,RNA-Seq,cDNA,TRANSCRIPTOMIC,PAIRED,0,0,ILLUMINA,Illumina NovaSeq 6000,SRP221152,PRJNA564629,3,564629,SRS5364642,SAMN12718306,simple,9606,Homo sapiens,GSM4071664,,,,,,,no,,,,,GEO,SRA959162,,public,2DB83444D39B4934AEF528DF972C6BF8,9A7A16341674CBF546CFC1F90406C3AC
SRR10089398,2021-01-01 11:59:41,2019-09-11 20:32:00,91079282,27505943164,91079282,302,7921,,https://sra-downloadb.be-md.ncbi.nlm.nih.gov/sos5/sra-pub-zq-16/SRR010/10089/SRR10089398/SRR10089398.lite.1,SRX6822067,,RNA-Seq,cDNA,TRANSCRIPTOMIC,PAIRED,0,0,ILLUMINA,Illumina NovaSeq 6000,SRP221152,PRJNA564629,3,564629,SRS5364643,SAMN12718305,simple,9606,Homo sapiens,GSM4071665,,,,,,,no,,,,,GEO,SRA959162,,public,14B2C61ADB6147F92303099AA56CE43F,6554C50F5C5BB97C9F5A429DFF164E6F
SRR10089399,2021-01-01 11:59:41,2019-09-11 20:47:43,111182485,33577110470,111182485,302,9660,,https://sra-downloadb.be-md.ncbi.nlm.nih.gov/sos5/sra-pub-zq-16/SRR010/10089/SRR10089399/SRR10089399.lite.1,SRX6822068,,RNA-Seq,cDNA,TRANSCRIPTOMIC,PAIRED,0,0,ILLUMINA,Illumina NovaSeq 6000,SRP221152,PRJNA564629,3,564629,SRS5364644,SAMN12718304,simple,9606,Homo sapiens,GSM4071666,,,,,,,no,,,,,GEO,SRA959162,,public,AAE87E7CD21E7388135D70DB226AA2FC,3A61C57781E1B8811C5E5067DF1B9309
SRR10089400,2021-01-01 11:59:41,2019-09-11 20:22:00,77084937,23279650974,77084937,302,6574,,https://sra-downloadb.be-md.ncbi.nlm.nih.gov/sos5/sra-pub-zq-16/SRR010/10089/SRR10089400/SRR10089400.lite.1,SRX6822069,,RNA-Seq,cDNA,TRANSCRIPTOMIC,PAIRED,0,0,ILLUMINA,Illumina NovaSeq 6000,SRP221152,PRJNA564629,3,564629,SRS5364645,SAMN12718303,simple,9606,Homo sapiens,GSM4071667,,,,,,,no,,,,,GEO,SRA959162,,public,F7D14840018976C515CB44586E07877E,8E8186A5237D43E1769B57C2E5A92C46
SRR10089401,2021-01-01 11:59:41,2019-09-11 20:34:26,94729814,28608403828,94729814,302,8172,,https://sra-downloadb.be-md.ncbi.nlm.nih.gov/sos5/sra-pub-zq-16/SRR010/10089/SRR10089401/SRR10089401.lite.1,SRX6822070,,RNA-Seq,cDNA,TRANSCRIPTOMIC,PAIRED,0,0,ILLUMINA,Illumina NovaSeq 6000,SRP221152,PRJNA564629,3,564629,SRS5364646,SAMN12718302,simple,9606,Homo sapiens,GSM4071668,,,,,,,no,,,,,GEO,SRA959162,,public,4F86D12731883CB925B996595BABE789,AB1385B8B98DEFFF82DC3DB95842BDBE
SRR10089402,2021-01-01 11:59:41,2019-09-11 20:24:07,80275261,24243128822,80275261,302,7158,,https://sra-downloadb.be-md.ncbi.nlm.nih.gov/sos5/sra-pub-zq-16/SRR010/10089/SRR10089402/SRR10089402.lite.1,SRX6822071,,RNA-Seq,cDNA,TRANSCRIPTOMIC,PAIRED,0,0,ILLUMINA,Illumina NovaSeq 6000,SRP221152,PRJNA564629,3,564629,SRS5364647,SAMN12718301,simple,9606,Homo sapiens,GSM4071669,,,,,,,no,,,,,GEO,SRA959162,,public,87D42645F975E3F5DDB34E287CCE1D97,9DEB637EA01D523AFE20B8910B3B5622
SRR10089403,2021-01-01 11:59:41,2019-09-11 20:33:47,76904898,23225279196,76904898,302,6520,,https://sra-downloadb.be-md.ncbi.nlm.nih.gov/sos5/sra-pub-zq-16/SRR010/10089/SRR10089403/SRR10089403.lite.1,SRX6822072,,RNA-Seq,cDNA,TRANSCRIPTOMIC,PAIRED,0,0,ILLUMINA,Illumina NovaSeq 6000,SRP221152,PRJNA564629,3,564629,SRS5364648,SAMN12718300,simple,9606,Homo sapiens,GSM4071670,,,,,,,no,,,,,GEO,SRA959162,,public,8F5F47F983E9953A4E0E720DA5C8D5AB,21CC86EED459287D8B02C9B422514E4F
SRR10089404,2021-01-01 11:59:41,2019-09-12 11:04:06,75210877,22713684854,75210877,302,6395,,https://sra-downloadb.be-md.ncbi.nlm.nih.gov/sos5/sra-pub-zq-16/SRR010/10089/SRR10089404/SRR10089404.lite.1,SRX6822073,,RNA-Seq,cDNA,TRANSCRIPTOMIC,PAIRED,0,0,ILLUMINA,Illumina NovaSeq 6000,SRP221152,PRJNA564629,3,564629,SRS5364649,SAMN12718386,simple,9606,Homo sapiens,GSM4071671,,,,,,,no,,,,,GEO,SRA959162,,public,592A3981BA10F80DC366DCB32A9A064D,D657B67F9F26262D45E682BC8EEBD256
SRR10089405,2021-01-01 11:59:41,2019-09-12 11:20:22,74301141,22438944582,74301141,302,6576,,https://sra-downloadb.be-md.ncbi.nlm.nih.gov/sos5/sra-pub-zq-16/SRR010/10089/SRR10089405/SRR10089405.lite.1,SRX6822074,,RNA-Seq,cDNA,TRANSCRIPTOMIC,PAIRED,0,0,ILLUMINA,Illumina NovaSeq 6000,SRP221152,PRJNA564629,3,564629,SRS5364650,SAMN12718385,simple,9606,Homo sapiens,GSM4071672,,,,,,,no,,,,,GEO,SRA959162,,public,EF4952B5F2F587077D29E0421A5B2C47,CDEEC11887CE34B1A82367E89BE13CC4
SRR10089406,2021-01-01 11:59:41,2019-09-12 11:30:09,112356458,33931650316,112356458,302,9667,,https://sra-downloadb.be-md.ncbi.nlm.nih.gov/sos5/sra-pub-zq-16/SRR010/10089/SRR10089406/SRR10089406.lite.1,SRX6822075,,RNA-Seq,cDNA,TRANSCRIPTOMIC,PAIRED,0,0,ILLUMINA,Illumina NovaSeq 6000,SRP221152,PRJNA564629,3,564629,SRS5364651,SAMN12718384,simple,9606,Homo sapiens,GSM4071673,,,,,,,no,,,,,GEO,SRA959162,,public,B747C7AFB9555D43A1513BC01E6A6348,225EE358FF5E8D84F3C10045334938CA
SRR10089407,2021-01-01 11:59:41,2019-09-12 10:54:34,76615735,23137951970,76615735,302,6625,,https://sra-downloadb.be-md.ncbi.nlm.nih.gov/sos5/sra-pub-zq-16/SRR010/10089/SRR10089407/SRR10089407.lite.1,SRX6822076,,RNA-Seq,cDNA,TRANSCRIPTOMIC,PAIRED,0,0,ILLUMINA,Illumina NovaSeq 6000,SRP221152,PRJNA564629,3,564629,SRS5364652,SAMN12718383,simple,9606,Homo sapiens,GSM4071674,,,,,,,no,,,,,GEO,SRA959162,,public,A0D1F252E68A09129F4B482165BB2D93,D0D08B1A5A9EEB097D4907AA06E537B0
SRR10089408,2021-01-01 11:59:41,2019-09-12 11:38:48,104013453,31412062806,104013453,302,8887,,https://sra-downloadb.be-md.ncbi.nlm.nih.gov/sos5/sra-pub-zq-16/SRR010/10089/SRR10089408/SRR10089408.lite.1,SRX6822077,,RNA-Seq,cDNA,TRANSCRIPTOMIC,PAIRED,0,0,ILLUMINA,Illumina NovaSeq 6000,SRP221152,PRJNA564629,3,564629,SRS5364653,SAMN12718382,simple,9606,Homo sapiens,GSM4071675,,,,,,,no,,,,,GEO,SRA959162,,public,DD1A6D2A83182D1095875BE326216D89,94B2E3BF61125279D4AD611CCE0E0F23
SRR10089409,2021-01-01 11:59:41,2019-09-12 11:23:32,92222115,27851078730,92222115,302,7911,,https://sra-downloadb.be-md.ncbi.nlm.nih.gov/sos5/sra-pub-zq-16/SRR010/10089/SRR10089409/SRR10089409.lite.1,SRX6822078,,RNA-Seq,cDNA,TRANSCRIPTOMIC,PAIRED,0,0,ILLUMINA,Illumina NovaSeq 6000,SRP221152,PRJNA564629,3,564629,SRS5364654,SAMN12718381,simple,9606,Homo sapiens,GSM4071676,,,,,,,no,,,,,GEO,SRA959162,,public,4AF63F71066C22FE10B3BDFCDFFCD663,13EF9474ACBAB317B3D1978FF8FEB3DA
SRR10089410,2021-01-01 11:59:41,2019-09-12 11:21:35,76598092,23132623784,76598092,302,6584,,https://sra-downloadb.be-md.ncbi.nlm.nih.gov/sos5/sra-pub-zq-16/SRR010/10089/SRR10089410/SRR10089410.lite.1,SRX6822079,,RNA-Seq,cDNA,TRANSCRIPTOMIC,PAIRED,0,0,ILLUMINA,Illumina NovaSeq 6000,SRP221152,PRJNA564629,3,564629,SRS5364655,SAMN12718380,simple,9606,Homo sapiens,GSM4071677,,,,,,,no,,,,,GEO,SRA959162,,public,DA8FD4B4E6EB0D318C3DE9DB06AB9DE8,D4A15B2C350EBF8F581F1131C79DD870
SRR10089411,2021-01-01 11:59:41,2019-09-12 11:08:58,80155888,24207078176,80155888,302,6894,,https://sra-downloadb.be-md.ncbi.nlm.nih.gov/sos5/sra-pub-zq-16/SRR010/10089/SRR10089411/SRR10089411.lite.1,SRX6822080,,RNA-Seq,cDNA,TRANSCRIPTOMIC,PAIRED,0,0,ILLUMINA,Illumina NovaSeq 6000,SRP221152,PRJNA564629,3,564629,SRS5364656,SAMN12718379,simple,9606,Homo sapiens,GSM4071678,,,,,,,no,,,,,GEO,SRA959162,,public,FF360FFA8B4BDE984D9EF4A49E31AC93,23E01AEE54BE0A590A5A1BBAC6F76226
SRR10089412,2021-01-01 11:59:42,2019-09-12 11:32:20,117357792,35442053184,117357792,302,10015,,https://sra-downloadb.be-md.ncbi.nlm.nih.gov/sos5/sra-pub-zq-16/SRR010/10089/SRR10089412/SRR10089412.lite.1,SRX6822081,,RNA-Seq,cDNA,TRANSCRIPTOMIC,PAIRED,0,0,ILLUMINA,Illumina NovaSeq 6000,SRP221152,PRJNA564629,3,564629,SRS5364657,SAMN12718378,simple,9606,Homo sapiens,GSM4071679,,,,,,,no,,,,,GEO,SRA959162,,public,3AA2540A951BBED9CE7F04D7C6D81CCA,74ADD4B0A0A197D8DBAD7352BB167C62
SRR10089413,2021-01-01 11:59:42,2019-09-12 11:12:59,90495829,27329740358,90495829,302,7783,,https://sra-downloadb.be-md.ncbi.nlm.nih.gov/sos5/sra-pub-zq-16/SRR010/10089/SRR10089413/SRR10089413.lite.1,SRX6822082,,RNA-Seq,cDNA,TRANSCRIPTOMIC,PAIRED,0,0,ILLUMINA,Illumina NovaSeq 6000,SRP221152,PRJNA564629,3,564629,SRS5364658,SAMN12718377,simple,9606,Homo sapiens,GSM4071680,,,,,,,no,,,,,GEO,SRA959162,,public,FD55078B0E18C3C3B487C8CDEB3B9D7E,AADEAD0247109F8129AE4067C3EA96CD
SRR10089414,2021-01-01 11:59:42,2019-09-12 11:21:32,94326411,28486576122,94326411,302,8186,,https://sra-downloadb.be-md.ncbi.nlm.nih.gov/sos5/sra-pub-zq-16/SRR010/10089/SRR10089414/SRR10089414.lite.1,SRX6822083,,RNA-Seq,cDNA,TRANSCRIPTOMIC,PAIRED,0,0,ILLUMINA,Illumina NovaSeq 6000,SRP221152,PRJNA564629,3,564629,SRS5364659,SAMN12718376,simple,9606,Homo sapiens,GSM4071681,,,,,,,no,,,,,GEO,SRA959162,,public,FA8C04A8E487382130F6016DD114DA06,143EF708642A2F8C4D74B615318840DA
SRR10089415,2021-01-01 11:59:42,2019-09-12 11:10:32,80228672,24229058944,80228672,302,6847,,https://sra-downloadb.be-md.ncbi.nlm.nih.gov/sos5/sra-pub-zq-16/SRR010/10089/SRR10089415/SRR10089415.lite.1,SRX6822084,,RNA-Seq,cDNA,TRANSCRIPTOMIC,PAIRED,0,0,ILLUMINA,Illumina NovaSeq 6000,SRP221152,PRJNA564629,3,564629,SRS5364660,SAMN12718375,simple,9606,Homo sapiens,GSM4071682,,,,,,,no,,,,,GEO,SRA959162,,public,AEAED9EFECED291C361ADB075F21C054,C92B4B6FEDB8E8E2AED0378C6C24D40E
SRR10089416,2021-01-01 11:59:42,2019-09-12 11:01:38,82698566,24974966932,82698566,302,7104,,https://sra-downloadb.be-md.ncbi.nlm.nih.gov/sos5/sra-pub-zq-16/SRR010/10089/SRR10089416/SRR10089416.lite.1,SRX6822085,,RNA-Seq,cDNA,TRANSCRIPTOMIC,PAIRED,0,0,ILLUMINA,Illumina NovaSeq 6000,SRP221152,PRJNA564629,3,564629,SRS5364661,SAMN12718374,simple,9606,Homo sapiens,GSM4071683,,,,,,,no,,,,,GEO,SRA959162,,public,5B6F13B9A86C32E64E517C0E7D75572F,15A2FD5F0C90981E374E1181C74E45C7
SRR10089417,2021-01-01 11:59:42,2019-09-12 11:22:02,92650941,27980584182,92650941,302,8011,,https://sra-downloadb.be-md.ncbi.nlm.nih.gov/sos5/sra-pub-zq-16/SRR010/10089/SRR10089417/SRR10089417.lite.1,SRX6822086,,RNA-Seq,cDNA,TRANSCRIPTOMIC,PAIRED,0,0,ILLUMINA,Illumina NovaSeq 6000,SRP221152,PRJNA564629,3,564629,SRS5364662,SAMN12718372,simple,9606,Homo sapiens,GSM4071684,,,,,,,no,,,,,GEO,SRA959162,,public,CF85CE3F6E37D58CBC79F91FC5FC9A31,E47F8C2745719F3C7A58DF3877C6D6FA
SRR10089418,2021-01-01 11:59:42,2019-09-12 10:55:20,68698045,20746809590,68698045,302,6331,,https://sra-downloadb.be-md.ncbi.nlm.nih.gov/sos5/sra-pub-zq-16/SRR010/10089/SRR10089418/SRR10089418.lite.1,SRX6822087,,RNA-Seq,cDNA,TRANSCRIPTOMIC,PAIRED,0,0,ILLUMINA,Illumina NovaSeq 6000,SRP221152,PRJNA564629,3,564629,SRS5364663,SAMN12718370,simple,9606,Homo sapiens,GSM4071685,,,,,,,no,,,,,GEO,SRA959162,,public,C91C36E7D0918DBBB12AFFCAF76E96FA,48E679543317255DB8885350325A88C9
SRR10089419,2021-01-01 11:59:42,2019-09-12 11:18:12,91657017,27680419134,91657017,302,8579,,https://sra-downloadb.be-md.ncbi.nlm.nih.gov/sos5/sra-pub-zq-16/SRR010/10089/SRR10089419/SRR10089419.lite.1,SRX6822088,,RNA-Seq,cDNA,TRANSCRIPTOMIC,PAIRED,0,0,ILLUMINA,Illumina NovaSeq 6000,SRP221152,PRJNA564629,3,564629,SRS5364664,SAMN12718368,simple,9606,Homo sapiens,GSM4071686,,,,,,,no,,,,,GEO,SRA959162,,public,D6FD7F2D377BE165EC50690B4F8E0C80,DC8EE98A5426EFF1909074749ADA473F
SRR10089420,2021-01-01 11:59:42,2019-09-12 11:03:49,85491499,25818432698,85491499,302,7627,,https://sra-downloadb.be-md.ncbi.nlm.nih.gov/sos5/sra-pub-zq-16/SRR010/10089/SRR10089420/SRR10089420.lite.1,SRX6822089,,RNA-Seq,cDNA,TRANSCRIPTOMIC,PAIRED,0,0,ILLUMINA,Illumina NovaSeq 6000,SRP221152,PRJNA564629,3,564629,SRS5364665,SAMN12718366,simple,9606,Homo sapiens,GSM4071687,,,,,,,no,,,,,GEO,SRA959162,,public,D671DB2FD96A2E5C7F90B069E3653729,32C43DB7CF2A4A4ECEE35000494020C0
SRR10089421,2021-01-01 11:59:42,2019-09-12 11:15:24,83745614,25291175428,83745614,302,7096,,https://sra-downloadb.be-md.ncbi.nlm.nih.gov/sos5/sra-pub-zq-16/SRR010/10089/SRR10089421/SRR10089421.lite.1,SRX6822090,,RNA-Seq,cDNA,TRANSCRIPTOMIC,PAIRED,0,0,ILLUMINA,Illumina NovaSeq 6000,SRP221152,PRJNA564629,3,564629,SRS5364666,SAMN12718365,simple,9606,Homo sapiens,GSM4071688,,,,,,,no,,,,,GEO,SRA959162,,public,9F62D3717E29A7E69AEAD48A1D1E08EB,C832D2156C179634147A85EB00CBE19C
SRR10089422,2021-01-01 11:59:42,2019-09-12 11:23:59,102442170,30937535340,102442170,302,8783,,https://sra-downloadb.be-md.ncbi.nlm.nih.gov/sos5/sra-pub-zq-16/SRR010/10089/SRR10089422/SRR10089422.lite.1,SRX6822091,,RNA-Seq,cDNA,TRANSCRIPTOMIC,PAIRED,0,0,ILLUMINA,Illumina NovaSeq 6000,SRP221152,PRJNA564629,3,564629,SRS5364667,SAMN12718364,simple,9606,Homo sapiens,GSM4071689,,,,,,,no,,,,,GEO,SRA959162,,public,DE3EB6F6216BF7F811030B810FBC6430,1739DD9B08AD8D62897027A3698C2019
SRR10089423,2021-01-01 11:59:42,2019-09-12 11:51:12,80308149,24253060998,80308149,302,7117,,https://sra-downloadb.be-md.ncbi.nlm.nih.gov/sos5/sra-pub-zq-16/SRR010/10089/SRR10089423/SRR10089423.lite.1,SRX6822092,,RNA-Seq,cDNA,TRANSCRIPTOMIC,PAIRED,0,0,ILLUMINA,Illumina NovaSeq 6000,SRP221152,PRJNA564629,3,564629,SRS5364668,SAMN12718408,simple,9606,Homo sapiens,GSM4071690,,,,,,,no,,,,,GEO,SRA959162,,public,4C9503AF4652D37FFAA6639F5A04BC46,5AB02917A7101230EA9D2AFFD924D466
SRR10089424,2021-01-01 11:59:42,2019-09-12 12:01:19,80237994,24231874188,80237994,302,7344,,https://sra-downloadb.be-md.ncbi.nlm.nih.gov/sos5/sra-pub-zq-16/SRR010/10089/SRR10089424/SRR10089424.lite.1,SRX6822093,,RNA-Seq,cDNA,TRANSCRIPTOMIC,PAIRED,0,0,ILLUMINA,Illumina NovaSeq 6000,SRP221152,PRJNA564629,3,564629,SRS5364669,SAMN12718407,simple,9606,Homo sapiens,GSM4071691,,,,,,,no,,,,,GEO,SRA959162,,public,71F64E500C3629EC09F09B3753C8F0A3,6300016F9865017F6EDF0308E471EDD2
SRR10089425,2021-01-01 11:59:42,2019-09-12 12:03:09,83703984,25278603168,83703984,302,7909,,https://sra-downloadb.be-md.ncbi.nlm.nih.gov/sos5/sra-pub-zq-16/SRR010/10089/SRR10089425/SRR10089425.lite.1,SRX6822094,,RNA-Seq,cDNA,TRANSCRIPTOMIC,PAIRED,0,0,ILLUMINA,Illumina NovaSeq 6000,SRP221152,PRJNA564629,3,564629,SRS5364670,SAMN12718406,simple,9606,Homo sapiens,GSM4071692,,,,,,,no,,,,,GEO,SRA959162,,public,D0F20678EB83900E37F7CAFA359ACAF9,C3CA175FFF48936EB1A2435F4E84D238
SRR10089426,2021-01-01 11:59:42,2019-09-12 12:01:54,88395876,26695554552,88395876,302,7649,,https://sra-downloadb.be-md.ncbi.nlm.nih.gov/sos5/sra-pub-zq-16/SRR010/10089/SRR10089426/SRR10089426.lite.1,SRX6822095,,RNA-Seq,cDNA,TRANSCRIPTOMIC,PAIRED,0,0,ILLUMINA,Illumina NovaSeq 6000,SRP221152,PRJNA564629,3,564629,SRS5364671,SAMN12718405,simple,9606,Homo sapiens,GSM4071693,,,,,,,no,,,,,GEO,SRA959162,,public,316ED7DCF07E1B27DDB5BB81C6B49911,CB45B978ACE9135C8B425F1F2B98CAFD
SRR10089427,2021-01-01 11:59:42,2019-09-12 11:53:02,82953933,25052087766,82953933,302,7057,,https://sra-downloadb.be-md.ncbi.nlm.nih.gov/sos5/sra-pub-zq-16/SRR010/10089/SRR10089427/SRR10089427.lite.1,SRX6822096,,RNA-Seq,cDNA,TRANSCRIPTOMIC,PAIRED,0,0,ILLUMINA,Illumina NovaSeq 6000,SRP221152,PRJNA564629,3,564629,SRS5364672,SAMN12718404,simple,9606,Homo sapiens,GSM4071694,,,,,,,no,,,,,GEO,SRA959162,,public,6548E8E5AEF23D1FEC021E1B55045AB7,13346FDDD6AE1D86DC49EF4943FAFF0A
SRR10089428,2021-01-01 11:59:42,2019-09-12 12:07:29,82954474,25052251148,82954474,302,7119,,https://sra-downloadb.be-md.ncbi.nlm.nih.gov/sos5/sra-pub-zq-16/SRR010/10089/SRR10089428/SRR10089428.lite.1,SRX6822097,,RNA-Seq,cDNA,TRANSCRIPTOMIC,PAIRED,0,0,ILLUMINA,Illumina NovaSeq 6000,SRP221152,PRJNA564629,3,564629,SRS5364673,SAMN12718403,simple,9606,Homo sapiens,GSM4071695,,,,,,,no,,,,,GEO,SRA959162,,public,DCAD5CDCDB6C4C963834EB1C8B9CF0AD,03D542F634A2543B4188BEB8DCD02ED8
SRR10089429,2021-01-01 11:59:42,2019-09-12 12:25:37,117888431,35602306162,117888431,302,10092,,https://sra-downloadb.be-md.ncbi.nlm.nih.gov/sos5/sra-pub-zq-16/SRR010/10089/SRR10089429/SRR10089429.lite.1,SRX6822098,,RNA-Seq,cDNA,TRANSCRIPTOMIC,PAIRED,0,0,ILLUMINA,Illumina NovaSeq 6000,SRP221152,PRJNA564629,3,564629,SRS5364674,SAMN12718625,simple,9606,Homo sapiens,GSM4071696,,,,,,,no,,,,,GEO,SRA959162,,public,1CCB8F263045D46E9E93E8765E83BB26,0DC76979D00AC90E644D1C4DD9E76336
SRR10089430,2021-01-01 11:59:42,2019-09-12 12:14:25,76806512,23195566624,76806512,302,6799,,https://sra-downloadb.be-md.ncbi.nlm.nih.gov/sos5/sra-pub-zq-16/SRR010/10089/SRR10089430/SRR10089430.lite.1,SRX6822099,,RNA-Seq,cDNA,TRANSCRIPTOMIC,PAIRED,0,0,ILLUMINA,Illumina NovaSeq 6000,SRP221152,PRJNA564629,3,564629,SRS5364675,SAMN12718624,simple,9606,Homo sapiens,GSM4071697,,,,,,,no,,,,,GEO,SRA959162,,public,8D3F0BCBCB50AE36B1D4D29E44D4E8EC,79B8B3B64B25671CB9E023F1F49FEE5F
SRR10089431,2021-01-01 11:59:42,2019-09-12 12:29:32,98851090,29853029180,98851090,302,8753,,https://sra-downloadb.be-md.ncbi.nlm.nih.gov/sos5/sra-pub-zq-16/SRR010/10089/SRR10089431/SRR10089431.lite.1,SRX6822100,,RNA-Seq,cDNA,TRANSCRIPTOMIC,PAIRED,0,0,ILLUMINA,Illumina NovaSeq 6000,SRP221152,PRJNA564629,3,564629,SRS5364676,SAMN12718622,simple,9606,Homo sapiens,GSM4071698,,,,,,,no,,,,,GEO,SRA959162,,public,1A62161F812194EC56E39C9EA2C42EE9,B4867D032602CF92F631EB85EED0BD8B
SRR10089432,2021-01-01 11:59:42,2019-09-12 13:03:16,119997103,36239125106,119997103,302,10357,,https://sra-downloadb.be-md.ncbi.nlm.nih.gov/sos5/sra-pub-zq-16/SRR010/10089/SRR10089432/SRR10089432.lite.1,SRX6822101,,RNA-Seq,cDNA,TRANSCRIPTOMIC,PAIRED,0,0,ILLUMINA,Illumina NovaSeq 6000,SRP221152,PRJNA564629,3,564629,SRS5364677,SAMN12718675,simple,9606,Homo sapiens,GSM4071699,,,,,,,no,,,,,GEO,SRA959162,,public,42B6BB458C58368C2CCF7D0941A54244,E3764E864E8DB230570CB4188F7ABC5A
SRR10089433,2021-01-01 11:59:42,2019-09-12 12:02:36,99199762,29958328124,99199762,302,8444,,https://sra-downloadb.be-md.ncbi.nlm.nih.gov/sos5/sra-pub-zq-16/SRR010/10089/SRR10089433/SRR10089433.lite.1,SRX6822102,,RNA-Seq,cDNA,TRANSCRIPTOMIC,PAIRED,0,0,ILLUMINA,Illumina NovaSeq 6000,SRP221152,PRJNA564629,3,564629,SRS5364678,SAMN12718674,simple,9606,Homo sapiens,GSM4071700,,,,,,,no,,,,,GEO,SRA959162,,public,0B5F5A3920D115785EA1C9A368D56CDC,F35FB9FB83B81D5255F67CC3A64C90E5
SRR10089434,2021-01-01 11:59:42,2019-09-12 12:22:16,89990440,27177112880,89990440,302,7772,,https://sra-downloadb.be-md.ncbi.nlm.nih.gov/sos5/sra-pub-zq-16/SRR010/10089/SRR10089434/SRR10089434.lite.1,SRX6822103,,RNA-Seq,cDNA,TRANSCRIPTOMIC,PAIRED,0,0,ILLUMINA,Illumina NovaSeq 6000,SRP221152,PRJNA564629,3,564629,SRS5364679,SAMN12718402,simple,9606,Homo sapiens,GSM4071701,,,,,,,no,,,,,GEO,SRA959162,,public,B2FE02441692CF44013B9A1F6546DC48,FC7488EFC47875E8AF27F7D2C8E2C247
SRR10089435,2021-01-01 11:59:42,2019-09-12 11:46:55,69130577,20877434254,69130577,302,5969,,https://sra-downloadb.be-md.ncbi.nlm.nih.gov/sos5/sra-pub-zq-16/SRR010/10089/SRR10089435/SRR10089435.lite.1,SRX6822104,,RNA-Seq,cDNA,TRANSCRIPTOMIC,PAIRED,0,0,ILLUMINA,Illumina NovaSeq 6000,SRP221152,PRJNA564629,3,564629,SRS5364680,SAMN12718626,simple,9606,Homo sapiens,GSM4071702,,,,,,,no,,,,,GEO,SRA959162,,public,0D24DC7576F39FD5CF01A01A6AD30963,71CD1F514AE456398ADFBB9CFEAFD2E0
SRR10089436,2021-01-01 11:59:42,2019-09-12 12:16:33,87441557,26407350214,87441557,302,7413,,https://sra-downloadb.be-md.ncbi.nlm.nih.gov/sos5/sra-pub-zq-16/SRR010/10089/SRR10089436/SRR10089436.lite.1,SRX6822105,,RNA-Seq,cDNA,TRANSCRIPTOMIC,PAIRED,0,0,ILLUMINA,Illumina NovaSeq 6000,SRP221152,PRJNA564629,3,564629,SRS5364681,SAMN12718695,simple,9606,Homo sapiens,GSM4071703,,,,,,,no,,,,,GEO,SRA959162,,public,7ABD27CA79A994709CFC95AB25C92E4E,7431AA1BCE437BE852852626F205C30F
SRR10089437,2021-01-01 11:59:42,2019-09-12 12:39:11,95965715,28981645930,95965715,302,8520,,https://sra-downloadb.be-md.ncbi.nlm.nih.gov/sos5/sra-pub-zq-16/SRR010/10089/SRR10089437/SRR10089437.lite.1,SRX6822106,,RNA-Seq,cDNA,TRANSCRIPTOMIC,PAIRED,0,0,ILLUMINA,Illumina NovaSeq 6000,SRP221152,PRJNA564629,3,564629,SRS5364682,SAMN12718620,simple,9606,Homo sapiens,GSM4071704,,,,,,,no,,,,,GEO,SRA959162,,public,050EDC48821F007A5DA26878FB6C4868,4DCC13C66110911DADBAFB2269FE51B2
SRR10089438,2021-01-01 11:59:42,2019-09-12 12:07:04,76375517,23065406134,76375517,302,6588,,https://sra-downloadb.be-md.ncbi.nlm.nih.gov/sos5/sra-pub-zq-16/SRR010/10089/SRR10089438/SRR10089438.lite.1,SRX6822107,,RNA-Seq,cDNA,TRANSCRIPTOMIC,PAIRED,0,0,ILLUMINA,Illumina NovaSeq 6000,SRP221152,PRJNA564629,3,564629,SRS5364683,SAMN12718618,simple,9606,Homo sapiens,GSM4071705,,,,,,,no,,,,,GEO,SRA959162,,public,BEBC0ADBEAA77AA49E87C1769670B91F,077C2A6851343D806BCC4626B349DFF3
SRR10089439,2021-01-01 11:59:42,2019-09-12 12:08:32,101869519,30764594738,101869519,302,8800,,https://sra-downloadb.be-md.ncbi.nlm.nih.gov/sos5/sra-pub-zq-16/SRR010/10089/SRR10089439/SRR10089439.lite.1,SRX6822108,,RNA-Seq,cDNA,TRANSCRIPTOMIC,PAIRED,0,0,ILLUMINA,Illumina NovaSeq 6000,SRP221152,PRJNA564629,3,564629,SRS5364684,SAMN12718616,simple,9606,Homo sapiens,GSM4071706,,,,,,,no,,,,,GEO,SRA959162,,public,E77ED022F6519568B383340F5A604DBA,BF4CBC172A6EADCEF7FCA141DA69F5EF
SRR10089440,2021-01-01 11:59:42,2019-09-12 12:37:42,97597074,29474316348,97597074,302,8437,,https://sra-downloadb.be-md.ncbi.nlm.nih.gov/sos5/sra-pub-zq-16/SRR010/10089/SRR10089440/SRR10089440.lite.1,SRX6822109,,RNA-Seq,cDNA,TRANSCRIPTOMIC,PAIRED,0,0,ILLUMINA,Illumina NovaSeq 6000,SRP221152,PRJNA564629,3,564629,SRS5364685,SAMN12718614,simple,9606,Homo sapiens,GSM4071707,,,,,,,no,,,,,GEO,SRA959162,,public,52C40ABD1A909B1E35A4F1B74FB95683,44798524F784ED792894C3CAE917CB27
SRR10089321,2021-01-01 11:59:38,2019-09-11 19:26:44,121108491,36574764282,121108491,302,10438,,https://sra-downloadb.be-md.ncbi.nlm.nih.gov/sos5/sra-pub-zq-16/SRR010/10089/SRR10089321/SRR10089321.lite.1,SRX6821990,,RNA-Seq,cDNA,TRANSCRIPTOMIC,PAIRED,0,0,ILLUMINA,Illumina NovaSeq 6000,SRP221152,PRJNA564629,3,564629,SRS5364566,SAMN12718292,simple,9606,Homo sapiens,GSM4071588,,,,,,,no,,,,,GEO,SRA959162,,public,BC97B89D52060D85E634F58235E6B398,94AF6EC37CA8B7C800A9355C9DF04ECE
SRR10089322,2021-01-01 11:59:38,2019-09-11 18:30:34,89432115,27008498730,89432115,302,7707,,https://sra-downloadb.be-md.ncbi.nlm.nih.gov/sos5/sra-pub-zq-16/SRR010/10089/SRR10089322/SRR10089322.lite.1,SRX6821991,,RNA-Seq,cDNA,TRANSCRIPTOMIC,PAIRED,0,0,ILLUMINA,Illumina NovaSeq 6000,SRP221152,PRJNA564629,3,564629,SRS5364567,SAMN12718291,simple,9606,Homo sapiens,GSM4071589,,,,,,,no,,,,,GEO,SRA959162,,public,8148DC3AE8A9E0E1C5D40EE96580BD84,906D69D967ADA742CE60CEC423638C73
SRR10089323,2021-01-01 11:59:39,2019-09-11 18:15:52,74009089,22350744878,74009089,302,6772,,https://sra-downloadb.be-md.ncbi.nlm.nih.gov/sos5/sra-pub-zq-16/SRR010/10089/SRR10089323/SRR10089323.lite.1,SRX6821992,,RNA-Seq,cDNA,TRANSCRIPTOMIC,PAIRED,0,0,ILLUMINA,Illumina NovaSeq 6000,SRP221152,PRJNA564629,3,564629,SRS5364568,SAMN12718290,simple,9606,Homo sapiens,GSM4071590,,,,,,,no,,,,,GEO,SRA959162,,public,A80FAB3455D47B792232BBDEF8E8DFFB,7EA2E738FC6358D5931EA9A55F3A097B
SRR10089324,2021-01-01 11:59:39,2019-09-11 19:16:42,115981904,35026535008,115981904,302,10251,,https://sra-downloadb.be-md.ncbi.nlm.nih.gov/sos5/sra-pub-zq-16/SRR010/10089/SRR10089324/SRR10089324.lite.1,SRX6821993,,RNA-Seq,cDNA,TRANSCRIPTOMIC,PAIRED,0,0,ILLUMINA,Illumina NovaSeq 6000,SRP221152,PRJNA564629,3,564629,SRS5364569,SAMN12718338,simple,9606,Homo sapiens,GSM4071591,,,,,,,no,,,,,GEO,SRA959162,,public,C56BE8555C58D5D1F2CA9888FAD721BC,D0013A4E466CF7E61ABC56E87849E9C5
SRR10089325,2021-01-01 11:59:39,2019-09-11 18:27:18,73610421,22230347142,73610421,302,6390,,https://sra-downloadb.be-md.ncbi.nlm.nih.gov/sos5/sra-pub-zq-16/SRR010/10089/SRR10089325/SRR10089325.lite.1,SRX6821994,,RNA-Seq,cDNA,TRANSCRIPTOMIC,PAIRED,0,0,ILLUMINA,Illumina NovaSeq 6000,SRP221152,PRJNA564629,3,564629,SRS5364570,SAMN12718337,simple,9606,Homo sapiens,GSM4071592,,,,,,,no,,,,,GEO,SRA959162,,public,F4CF5F7F6AC5347BB24E214A7F491C61,8CCD5B67283E2AD066BD04753A14E2D5
SRR10089326,2021-01-01 11:59:39,2019-09-11 18:22:59,82340668,24866881736,82340668,302,7133,,https://sra-downloadb.be-md.ncbi.nlm.nih.gov/sos5/sra-pub-zq-16/SRR010/10089/SRR10089326/SRR10089326.lite.1,SRX6821995,,RNA-Seq,cDNA,TRANSCRIPTOMIC,PAIRED,0,0,ILLUMINA,Illumina NovaSeq 6000,SRP221152,PRJNA564629,3,564629,SRS5364571,SAMN12718336,simple,9606,Homo sapiens,GSM4071593,,,,,,,no,,,,,GEO,SRA959162,,public,987BF4B301BDD5057721C98E0BB5D20F,7F709E16BF433096A1D50861E38DF44B
SRR10089327,2021-01-01 11:59:39,2019-09-11 18:18:16,76824943,23201132786,76824943,302,6614,,https://sra-downloadb.be-md.ncbi.nlm.nih.gov/sos5/sra-pub-zq-16/SRR010/10089/SRR10089327/SRR10089327.lite.1,SRX6821996,,RNA-Seq,cDNA,TRANSCRIPTOMIC,PAIRED,0,0,ILLUMINA,Illumina NovaSeq 6000,SRP221152,PRJNA564629,3,564629,SRS5364572,SAMN12718335,simple,9606,Homo sapiens,GSM4071594,,,,,,,no,,,,,GEO,SRA959162,,public,4995E4909EBC053A20AE8848982147CD,85BAA3EA77D9C295B9FB484A9CC73E77
SRR10089328,2021-01-01 11:59:39,2019-09-11 18:59:00,98733656,29817564112,98733656,302,8395,,https://sra-downloadb.be-md.ncbi.nlm.nih.gov/sos5/sra-pub-zq-16/SRR010/10089/SRR10089328/SRR10089328.lite.1,SRX6821997,,RNA-Seq,cDNA,TRANSCRIPTOMIC,PAIRED,0,0,ILLUMINA,Illumina NovaSeq 6000,SRP221152,PRJNA564629,3,564629,SRS5364573,SAMN12718334,simple,9606,Homo sapiens,GSM4071595,,,,,,,no,,,,,GEO,SRA959162,,public,F4FDE67F3C2B1F9AB6C44D82F55B2D29,565E3B9AA7CACECD77F9110FBE456D4E
SRR10089329,2021-01-01 11:59:39,2019-09-11 18:42:51,95828488,28940203376,95828488,302,8262,,https://sra-downloadb.be-md.ncbi.nlm.nih.gov/sos5/sra-pub-zq-16/SRR010/10089/SRR10089329/SRR10089329.lite.1,SRX6821998,,RNA-Seq,cDNA,TRANSCRIPTOMIC,PAIRED,0,0,ILLUMINA,Illumina NovaSeq 6000,SRP221152,PRJNA564629,3,564629,SRS5364574,SAMN12718333,simple,9606,Homo sapiens,GSM4071596,,,,,,,no,,,,,GEO,SRA959162,,public,C4EBC7861FE09BDD1AE4DDD441EB1933,5C8BE27C43F5806C99A1A2A6BF2683D3
SRR10089330,2021-01-01 11:59:39,2019-09-11 19:00:43,83389486,25183624772,83389486,302,7152,,https://sra-downloadb.be-md.ncbi.nlm.nih.gov/sos5/sra-pub-zq-16/SRR010/10089/SRR10089330/SRR10089330.lite.1,SRX6821999,,RNA-Seq,cDNA,TRANSCRIPTOMIC,PAIRED,0,0,ILLUMINA,Illumina NovaSeq 6000,SRP221152,PRJNA564629,3,564629,SRS5364575,SAMN12718332,simple,9606,Homo sapiens,GSM4071597,,,,,,,no,,,,,GEO,SRA959162,,public,84D138B92FF7A83DB8C8D3EB1C88CC2A,6C921C1BA80B1ADAD337361B53074823
SRR10089331,2021-01-01 11:59:39,2019-09-11 18:15:43,65699421,19841225142,65699421,302,6034,,https://sra-downloadb.be-md.ncbi.nlm.nih.gov/sos5/sra-pub-zq-16/SRR010/10089/SRR10089331/SRR10089331.lite.1,SRX6822000,,RNA-Seq,cDNA,TRANSCRIPTOMIC,PAIRED,0,0,ILLUMINA,Illumina NovaSeq 6000,SRP221152,PRJNA564629,3,564629,SRS5364576,SAMN12718331,simple,9606,Homo sapiens,GSM4071598,,,,,,,no,,,,,GEO,SRA959162,,public,4A0B6B04ECC5799A892E38FCD1D5EE9A,990945642CDE944011EF0CAA4DE9F75D
SRR10089332,2021-01-01 11:59:39,2019-09-11 18:24:38,78894305,23826080110,78894305,302,7380,,https://sra-downloadb.be-md.ncbi.nlm.nih.gov/sos5/sra-pub-zq-16/SRR010/10089/SRR10089332/SRR10089332.lite.1,SRX6822001,,RNA-Seq,cDNA,TRANSCRIPTOMIC,PAIRED,0,0,ILLUMINA,Illumina NovaSeq 6000,SRP221152,PRJNA564629,3,564629,SRS5364577,SAMN12718330,simple,9606,Homo sapiens,GSM4071599,,,,,,,no,,,,,GEO,SRA959162,,public,A47BB3423A6AA97CD96E3CB608BA4E33,1C3D55985097E976723BF307DF3883F0
SRR10089333,2021-01-01 11:59:39,2019-09-11 19:05:43,97067349,29314339398,97067349,302,8658,,https://sra-downloadb.be-md.ncbi.nlm.nih.gov/sos5/sra-pub-zq-16/SRR010/10089/SRR10089333/SRR10089333.lite.1,SRX6822002,,RNA-Seq,cDNA,TRANSCRIPTOMIC,PAIRED,0,0,ILLUMINA,Illumina NovaSeq 6000,SRP221152,PRJNA564629,3,564629,SRS5364578,SAMN12718329,simple,9606,Homo sapiens,GSM4071600,,,,,,,no,,,,,GEO,SRA959162,,public,9D5D60BEBC2F5F47644A15CA94A87579,971B9D01C4EA4E57AC42FA31B2D1687C
SRR10089334,2021-01-01 11:59:39,2019-09-11 18:23:20,90870900,27443011800,90870900,302,7724,,https://sra-downloadb.be-md.ncbi.nlm.nih.gov/sos5/sra-pub-zq-16/SRR010/10089/SRR10089334/SRR10089334.lite.1,SRX6822003,,RNA-Seq,cDNA,TRANSCRIPTOMIC,PAIRED,0,0,ILLUMINA,Illumina NovaSeq 6000,SRP221152,PRJNA564629,3,564629,SRS5364579,SAMN12718328,simple,9606,Homo sapiens,GSM4071601,,,,,,,no,,,,,GEO,SRA959162,,public,9DF0CFB2D006D4AE48F9870E305046BE,FDAE134FD7179743281C3417E63AB0EF
SRR10089335,2021-01-01 11:59:39,2019-09-11 19:13:18,118287710,35722888420,118287710,302,10176,,https://sra-downloadb.be-md.ncbi.nlm.nih.gov/sos5/sra-pub-zq-16/SRR010/10089/SRR10089335/SRR10089335.lite.1,SRX6822004,,RNA-Seq,cDNA,TRANSCRIPTOMIC,PAIRED,0,0,ILLUMINA,Illumina NovaSeq 6000,SRP221152,PRJNA564629,3,564629,SRS5364580,SAMN12718327,simple,9606,Homo sapiens,GSM4071602,,,,,,,no,,,,,GEO,SRA959162,,public,7C586EB989BB80449AA25F17922E1721,306766E2F55C3A947BEA371AF46A3277
SRR10089336,2021-01-01 11:59:39,2019-09-11 19:15:24,105641811,31903826922,105641811,302,9180,,https://sra-downloadb.be-md.ncbi.nlm.nih.gov/sos5/sra-pub-zq-16/SRR010/10089/SRR10089336/SRR10089336.lite.1,SRX6822005,,RNA-Seq,cDNA,TRANSCRIPTOMIC,PAIRED,0,0,ILLUMINA,Illumina NovaSeq 6000,SRP221152,PRJNA564629,3,564629,SRS5364581,SAMN12718326,simple,9606,Homo sapiens,GSM4071603,,,,,,,no,,,,,GEO,SRA959162,,public,D0B6839C8E32434A1C0DA94D7BC6E229,A9751E0F4549337C4A81C89A9D80C9EE
SRR10089337,2021-01-01 11:59:39,2019-09-11 19:04:53,110583662,33396265924,110583662,302,9478,,https://sra-downloadb.be-md.ncbi.nlm.nih.gov/sos5/sra-pub-zq-16/SRR010/10089/SRR10089337/SRR10089337.lite.1,SRX6822006,,RNA-Seq,cDNA,TRANSCRIPTOMIC,PAIRED,0,0,ILLUMINA,Illumina NovaSeq 6000,SRP221152,PRJNA564629,3,564629,SRS5364582,SAMN12718325,simple,9606,Homo sapiens,GSM4071604,,,,,,,no,,,,,GEO,SRA959162,,public,845AC9290C3FC492DF1E25FF87A47EE3,D290E905FBA7D580677A244A698EEF47
SRR10089338,2021-01-01 11:59:39,2019-09-11 19:16:02,116974561,35326317422,116974561,302,10075,,https://sra-downloadb.be-md.ncbi.nlm.nih.gov/sos5/sra-pub-zq-16/SRR010/10089/SRR10089338/SRR10089338.lite.1,SRX6822007,,RNA-Seq,cDNA,TRANSCRIPTOMIC,PAIRED,0,0,ILLUMINA,Illumina NovaSeq 6000,SRP221152,PRJNA564629,3,564629,SRS5364583,SAMN12718324,simple,9606,Homo sapiens,GSM4071605,,,,,,,no,,,,,GEO,SRA959162,,public,A7E2140C0B4CD05D841A4E837C034626,D972FFB8E830B4C48C5486D572D36792
SRR10089339,2021-01-01 11:59:39,2019-09-11 18:53:41,71308117,21535051334,71308117,302,6171,,https://sra-downloadb.be-md.ncbi.nlm.nih.gov/sos5/sra-pub-zq-16/SRR010/10089/SRR10089339/SRR10089339.lite.1,SRX6822008,,RNA-Seq,cDNA,TRANSCRIPTOMIC,PAIRED,0,0,ILLUMINA,Illumina NovaSeq 6000,SRP221152,PRJNA564629,3,564629,SRS5364584,SAMN12718323,simple,9606,Homo sapiens,GSM4071606,,,,,,,no,,,,,GEO,SRA959162,,public,F7FB7FB211993A4D955BB95114E0976F,93D6F8176B346AC3B764D78FF6967A6C
SRR10089340,2021-01-01 11:59:39,2019-09-11 19:08:30,94696411,28598316122,94696411,302,8671,,https://sra-downloadb.be-md.ncbi.nlm.nih.gov/sos5/sra-pub-zq-16/SRR010/10089/SRR10089340/SRR10089340.lite.1,SRX6822009,,RNA-Seq,cDNA,TRANSCRIPTOMIC,PAIRED,0,0,ILLUMINA,Illumina NovaSeq 6000,SRP221152,PRJNA564629,3,564629,SRS5364585,SAMN12718322,simple,9606,Homo sapiens,GSM4071607,,,,,,,no,,,,,GEO,SRA959162,,public,EC22408B61214A71EF2963C6B5835640,016B0356A5607D6A15B94FB7E27D6FC9
SRR10089341,2021-01-01 11:59:39,2019-09-11 18:57:09,76412493,23076572886,76412493,302,7102,,https://sra-downloadb.be-md.ncbi.nlm.nih.gov/sos5/sra-pub-zq-16/SRR010/10089/SRR10089341/SRR10089341.lite.1,SRX6822010,,RNA-Seq,cDNA,TRANSCRIPTOMIC,PAIRED,0,0,ILLUMINA,Illumina NovaSeq 6000,SRP221152,PRJNA564629,3,564629,SRS5364586,SAMN12718400,simple,9606,Homo sapiens,GSM4071608,,,,,,,no,,,,,GEO,SRA959162,,public,C08FD9D562DF0CB0D687492C3A718F26,7DCC7D41714B37218B03CB7345698ABB
SRR10089342,2021-01-01 11:59:39,2019-09-11 18:52:05,79343719,23961803138,79343719,302,6807,,https://sra-downloadb.be-md.ncbi.nlm.nih.gov/sos5/sra-pub-zq-16/SRR010/10089/SRR10089342/SRR10089342.lite.1,SRX6822011,,RNA-Seq,cDNA,TRANSCRIPTOMIC,PAIRED,0,0,ILLUMINA,Illumina NovaSeq 6000,SRP221152,PRJNA564629,3,564629,SRS5364587,SAMN12718399,simple,9606,Homo sapiens,GSM4071609,,,,,,,no,,,,,GEO,SRA959162,,public,9665284E24146EA8F9051D9EFF5BA249,5794BDF0CCBE734630CA8A43F3D3142D
SRR10089343,2021-01-01 11:59:39,2019-09-11 18:52:18,98928425,29876384350,98928425,302,8421,,https://sra-downloadb.be-md.ncbi.nlm.nih.gov/sos5/sra-pub-zq-16/SRR010/10089/SRR10089343/SRR10089343.lite.1,SRX6822012,,RNA-Seq,cDNA,TRANSCRIPTOMIC,PAIRED,0,0,ILLUMINA,Illumina NovaSeq 6000,SRP221152,PRJNA564629,3,564629,SRS5364588,SAMN12718398,simple,9606,Homo sapiens,GSM4071610,,,,,,,no,,,,,GEO,SRA959162,,public,1C70F09F7CD60BEAB340B9EF4A80ACAE,8903BB457AA13CA9FA22CB135309B4D1
SRR10089344,2021-01-01 11:59:39,2019-09-11 19:02:10,106415324,32137427848,106415324,302,9097,,https://sra-downloadb.be-md.ncbi.nlm.nih.gov/sos5/sra-pub-zq-16/SRR010/10089/SRR10089344/SRR10089344.lite.1,SRX6822013,,RNA-Seq,cDNA,TRANSCRIPTOMIC,PAIRED,0,0,ILLUMINA,Illumina NovaSeq 6000,SRP221152,PRJNA564629,3,564629,SRS5364589,SAMN12718321,simple,9606,Homo sapiens,GSM4071611,,,,,,,no,,,,,GEO,SRA959162,,public,0D3B568AD29CC274BFBC44F75C2A00E8,BBBFCB6460C92ADCAEBE07CEDECF96F9
SRR10089345,2021-01-01 11:59:39,2019-09-11 19:22:00,109667130,33119473260,109667130,302,9749,,https://sra-downloadb.be-md.ncbi.nlm.nih.gov/sos5/sra-pub-zq-16/SRR010/10089/SRR10089345/SRR10089345.lite.1,SRX6822014,,RNA-Seq,cDNA,TRANSCRIPTOMIC,PAIRED,0,0,ILLUMINA,Illumina NovaSeq 6000,SRP221152,PRJNA564629,3,564629,SRS5364590,SAMN12718320,simple,9606,Homo sapiens,GSM4071612,,,,,,,no,,,,,GEO,SRA959162,,public,BEA79FC45EDDE1CA9C5E3340C66B8F07,3832058A3A0CAD9AECBFCD8FEFF6BC39
SRR10089346,2021-01-01 11:59:39,2019-09-11 19:13:12,101690969,30710672638,101690969,302,8622,,https://sra-downloadb.be-md.ncbi.nlm.nih.gov/sos5/sra-pub-zq-16/SRR010/10089/SRR10089346/SRR10089346.lite.1,SRX6822015,,RNA-Seq,cDNA,TRANSCRIPTOMIC,PAIRED,0,0,ILLUMINA,Illumina NovaSeq 6000,SRP221152,PRJNA564629,3,564629,SRS5364591,SAMN12718319,simple,9606,Homo sapiens,GSM4071613,,,,,,,no,,,,,GEO,SRA959162,,public,71520EAC16775C62116304693B9F4B17,AB64390687F5A1684C5622B252B904A6
SRR10089347,2021-01-01 11:59:39,2019-09-11 19:17:38,102343402,30907707404,102343402,302,8700,,https://sra-downloadb.be-md.ncbi.nlm.nih.gov/sos5/sra-pub-zq-16/SRR010/10089/SRR10089347/SRR10089347.lite.1,SRX6822016,,RNA-Seq,cDNA,TRANSCRIPTOMIC,PAIRED,0,0,ILLUMINA,Illumina NovaSeq 6000,SRP221152,PRJNA564629,3,564629,SRS5364592,SAMN12718401,simple,9606,Homo sapiens,GSM4071614,,,,,,,no,,,,,GEO,SRA959162,,public,195BC9EE4A29D330BC3CE3D5E921A3A8,2D0F2F028B3B40F86D962C1A50F8FABA
SRR10089348,2021-01-01 11:59:39,2019-09-11 19:02:52,91102634,27512995468,91102634,302,8111,,https://sra-downloadb.be-md.ncbi.nlm.nih.gov/sos5/sra-pub-zq-16/SRR010/10089/SRR10089348/SRR10089348.lite.1,SRX6822017,,RNA-Seq,cDNA,TRANSCRIPTOMIC,PAIRED,0,0,ILLUMINA,Illumina NovaSeq 6000,SRP221152,PRJNA564629,3,564629,SRS5364593,SAMN12718397,simple,9606,Homo sapiens,GSM4071615,,,,,,,no,,,,,GEO,SRA959162,,public,5FC6B5CA37F4EBC68BE3B03842E7CE9E,93207530584ECC684D615D2CD3CE8531
SRR10089349,2021-01-01 11:59:39,2019-09-11 19:35:39,88363856,26685884512,88363856,302,7668,,https://sra-downloadb.be-md.ncbi.nlm.nih.gov/sos5/sra-pub-zq-16/SRR010/10089/SRR10089349/SRR10089349.lite.1,SRX6822018,,RNA-Seq,cDNA,TRANSCRIPTOMIC,PAIRED,0,0,ILLUMINA,Illumina NovaSeq 6000,SRP221152,PRJNA564629,3,564629,SRS5364594,SAMN12718396,simple,9606,Homo sapiens,GSM4071616,,,,,,,no,,,,,GEO,SRA959162,,public,A08886336EB2A429460EAAFDECC6AA37,1D48EB268BA096DF5A3EB88A4D015769
SRR10089350,2021-01-01 11:59:39,2019-09-11 19:05:19,84911123,25643159146,84911123,302,7314,,https://sra-downloadb.be-md.ncbi.nlm.nih.gov/sos5/sra-pub-zq-16/SRR010/10089/SRR10089350/SRR10089350.lite.1,SRX6822019,,RNA-Seq,cDNA,TRANSCRIPTOMIC,PAIRED,0,0,ILLUMINA,Illumina NovaSeq 6000,SRP221152,PRJNA564629,3,564629,SRS5364595,SAMN12718395,simple,9606,Homo sapiens,GSM4071617,,,,,,,no,,,,,GEO,SRA959162,,public,5025A5FF22852BF9785B3DC077BB8CF0,74436FB7B15B4A9EAF764204B8D677CA
SRR10089351,2021-01-01 11:59:39,2019-09-11 19:19:40,84904564,25641178328,84904564,302,7253,,https://sra-downloadb.be-md.ncbi.nlm.nih.gov/sos5/sra-pub-zq-16/SRR010/10089/SRR10089351/SRR10089351.lite.1,SRX6822020,,RNA-Seq,cDNA,TRANSCRIPTOMIC,PAIRED,0,0,ILLUMINA,Illumina NovaSeq 6000,SRP221152,PRJNA564629,3,564629,SRS5364596,SAMN12718394,simple,9606,Homo sapiens,GSM4071618,,,,,,,no,,,,,GEO,SRA959162,,public,2868DCEF8F0F8035A87E00C1322C5E94,3AA78F46377A11BEF988235134B4A98A
SRR10089352,2021-01-01 11:59:39,2019-09-11 19:17:08,90017523,27185291946,90017523,302,7798,,https://sra-downloadb.be-md.ncbi.nlm.nih.gov/sos5/sra-pub-zq-16/SRR010/10089/SRR10089352/SRR10089352.lite.1,SRX6822021,,RNA-Seq,cDNA,TRANSCRIPTOMIC,PAIRED,0,0,ILLUMINA,Illumina NovaSeq 6000,SRP221152,PRJNA564629,3,564629,SRS5364597,SAMN12718393,simple,9606,Homo sapiens,GSM4071619,,,,,,,no,,,,,GEO,SRA959162,,public,2A42356609B63DFF8CF348B2A9B477F6,8B139215BE17841A58FAA549CAAD0CE3
SRR10089353,2021-01-01 11:59:39,2019-09-11 19:17:03,88065060,26595648120,88065060,302,7786,,https://sra-downloadb.be-md.ncbi.nlm.nih.gov/sos5/sra-pub-zq-16/SRR010/10089/SRR10089353/SRR10089353.lite.1,SRX6822022,,RNA-Seq,cDNA,TRANSCRIPTOMIC,PAIRED,0,0,ILLUMINA,Illumina NovaSeq 6000,SRP221152,PRJNA564629,3,564629,SRS5364598,SAMN12718392,simple,9606,Homo sapiens,GSM4071620,,,,,,,no,,,,,GEO,SRA959162,,public,58F71655BBC711783416AE978D82DB63,BD954C8C9A04A4EBA010E4BE1D8762B7
SRR10089354,2021-01-01 11:59:40,2019-09-11 19:14:34,101191133,30559722166,101191133,302,8708,,https://sra-downloadb.be-md.ncbi.nlm.nih.gov/sos5/sra-pub-zq-16/SRR010/10089/SRR10089354/SRR10089354.lite.1,SRX6822023,,RNA-Seq,cDNA,TRANSCRIPTOMIC,PAIRED,0,0,ILLUMINA,Illumina NovaSeq 6000,SRP221152,PRJNA564629,3,564629,SRS5364599,SAMN12718391,simple,9606,Homo sapiens,GSM4071621,,,,,,,no,,,,,GEO,SRA959162,,public,439AA40428FA6E32FEB34626A43852AA,EA1A2F1B8F83B3BEC32EB400AB005D61
SRR10089355,2021-01-01 11:59:40,2019-09-11 19:20:50,71596911,21622267122,71596911,302,6544,,https://sra-downloadb.be-md.ncbi.nlm.nih.gov/sos5/sra-pub-zq-16/SRR010/10089/SRR10089355/SRR10089355.lite.1,SRX6822024,,RNA-Seq,cDNA,TRANSCRIPTOMIC,PAIRED,0,0,ILLUMINA,Illumina NovaSeq 6000,SRP221152,PRJNA564629,3,564629,SRS5364600,SAMN12718390,simple,9606,Homo sapiens,GSM4071622,,,,,,,no,,,,,GEO,SRA959162,,public,A4984B7875A87F54FDA930091B992995,5E60BABA825E579C771E5CAF9985DAF5
SRR10089356,2021-01-01 11:59:40,2019-09-11 18:56:58,62988013,19022379926,62988013,302,5870,,https://sra-downloadb.be-md.ncbi.nlm.nih.gov/sos5/sra-pub-zq-16/SRR010/10089/SRR10089356/SRR10089356.lite.1,SRX6822025,,RNA-Seq,cDNA,TRANSCRIPTOMIC,PAIRED,0,0,ILLUMINA,Illumina NovaSeq 6000,SRP221152,PRJNA564629,3,564629,SRS5364601,SAMN12718389,simple,9606,Homo sapiens,GSM4071623,,,,,,,no,,,,,GEO,SRA959162,,public,747A0631E0323159C26D4B47F859C82F,5340A84524C0811CD50BD899B7F33B00
SRR10089357,2021-01-01 11:59:40,2019-09-11 20:13:35,67689518,20442234436,67689518,302,6049,,https://sra-downloadb.be-md.ncbi.nlm.nih.gov/sos5/sra-pub-zq-16/SRR010/10089/SRR10089357/SRR10089357.lite.1,SRX6822026,,RNA-Seq,cDNA,TRANSCRIPTOMIC,PAIRED,0,0,ILLUMINA,Illumina NovaSeq 6000,SRP221152,PRJNA564629,3,564629,SRS5364602,SAMN12718388,simple,9606,Homo sapiens,GSM4071624,,,,,,,no,,,,,GEO,SRA959162,,public,B58B15E788CA0CEF25D9ECAEB7B0214B,CD0BBB181E429F5AFADBF07F2F7AC5F9
SRR10089358,2021-01-01 11:59:40,2019-09-11 20:20:41,72807576,21987887952,72807576,302,6169,,https://sra-downloadb.be-md.ncbi.nlm.nih.gov/sos5/sra-pub-zq-16/SRR010/10089/SRR10089358/SRR10089358.lite.1,SRX6822027,,RNA-Seq,cDNA,TRANSCRIPTOMIC,PAIRED,0,0,ILLUMINA,Illumina NovaSeq 6000,SRP221152,PRJNA564629,3,564629,SRS5364603,SAMN12718387,simple,9606,Homo sapiens,GSM4071625,,,,,,,no,,,,,GEO,SRA959162,,public,BBBC6A824324F07316DF1D840A756EE8,ECBA513DE64E82277EA0937242DD7A03
SRR10089359,2021-01-01 11:59:40,2019-09-11 20:25:36,88325408,26674273216,88325408,302,7504,,https://sra-downloadb.be-md.ncbi.nlm.nih.gov/sos5/sra-pub-zq-16/SRR010/10089/SRR10089359/SRR10089359.lite.1,SRX6822028,,RNA-Seq,cDNA,TRANSCRIPTOMIC,PAIRED,0,0,ILLUMINA,Illumina NovaSeq 6000,SRP221152,PRJNA564629,3,564629,SRS5364604,SAMN12718423,simple,9606,Homo sapiens,GSM4071626,,,,,,,no,,,,,GEO,SRA959162,,public,5E18D45100F249CD2D54365785B3757A,0AA41124648D481F3A3070EEDA6CE32A
SRR10089360,2021-01-01 11:59:40,2019-09-11 20:26:54,86871886,26235309572,86871886,302,7404,,https://sra-downloadb.be-md.ncbi.nlm.nih.gov/sos5/sra-pub-zq-16/SRR010/10089/SRR10089360/SRR10089360.lite.1,SRX6822029,,RNA-Seq,cDNA,TRANSCRIPTOMIC,PAIRED,0,0,ILLUMINA,Illumina NovaSeq 6000,SRP221152,PRJNA564629,3,564629,SRS5364605,SAMN12718422,simple,9606,Homo sapiens,GSM4071627,,,,,,,no,,,,,GEO,SRA959162,,public,C669BDFB68D7BFDB66D31E088ACF7AA9,5797D9E1DA6E0C3DFD6658E95A860A1B
SRR10089361,2021-01-01 11:59:40,2019-09-11 20:27:21,72838022,21997082644,72838022,302,6193,,https://sra-downloadb.be-md.ncbi.nlm.nih.gov/sos5/sra-pub-zq-16/SRR010/10089/SRR10089361/SRR10089361.lite.1,SRX6822030,,RNA-Seq,cDNA,TRANSCRIPTOMIC,PAIRED,0,0,ILLUMINA,Illumina NovaSeq 6000,SRP221152,PRJNA564629,3,564629,SRS5364606,SAMN12718421,simple,9606,Homo sapiens,GSM4071628,,,,,,,no,,,,,GEO,SRA959162,,public,8A3523F1F0F7EB5F77ECB33CA65E0758,D7996B924BE24E0DA563FEA16CCCBEF4
SRR10089362,2021-01-01 11:59:40,2019-09-11 20:18:42,85525371,25828662042,85525371,302,7314,,https://sra-downloadb.be-md.ncbi.nlm.nih.gov/sos5/sra-pub-zq-16/SRR010/10089/SRR10089362/SRR10089362.lite.1,SRX6822031,,RNA-Seq,cDNA,TRANSCRIPTOMIC,PAIRED,0,0,ILLUMINA,Illumina NovaSeq 6000,SRP221152,PRJNA564629,3,564629,SRS5364607,SAMN12718420,simple,9606,Homo sapiens,GSM4071629,,,,,,,no,,,,,GEO,SRA959162,,public,E2610025DC54C7514F7CA35D7E256E1F,2CB1F4CA549F2B410EE944F00AFE6679
SRR10089363,2021-01-01 11:59:40,2019-09-11 20:19:02,80092826,24188033452,80092826,302,6848,,https://sra-downloadb.be-md.ncbi.nlm.nih.gov/sos5/sra-pub-zq-16/SRR010/10089/SRR10089363/SRR10089363.lite.1,SRX6822032,,RNA-Seq,cDNA,TRANSCRIPTOMIC,PAIRED,0,0,ILLUMINA,Illumina NovaSeq 6000,SRP221152,PRJNA564629,3,564629,SRS5364608,SAMN12718419,simple,9606,Homo sapiens,GSM4071630,,,,,,,no,,,,,GEO,SRA959162,,public,54309C6B50654DF7A2F2ED5EF7856C0C,4B57BED5424B0AE6356E5DF5E74B5CBF
SRR10089364,2021-01-01 11:59:40,2019-09-11 20:27:44,83429025,25195565550,83429025,302,7108,,https://sra-downloadb.be-md.ncbi.nlm.nih.gov/sos5/sra-pub-zq-16/SRR010/10089/SRR10089364/SRR10089364.lite.1,SRX6822033,,RNA-Seq,cDNA,TRANSCRIPTOMIC,PAIRED,0,0,ILLUMINA,Illumina NovaSeq 6000,SRP221152,PRJNA564629,3,564629,SRS5364609,SAMN12718418,simple,9606,Homo sapiens,GSM4071631,,,,,,,no,,,,,GEO,SRA959162,,public,93B4179AD4662E6D60B68289937D4838,BE63836DB3720A92BDB867E9E01B70E7
SRR10089365,2021-01-01 11:59:40,2019-09-11 20:20:48,86842943,26226568786,86842943,302,7487,,https://sra-downloadb.be-md.ncbi.nlm.nih.gov/sos5/sra-pub-zq-16/SRR010/10089/SRR10089365/SRR10089365.lite.1,SRX6822034,,RNA-Seq,cDNA,TRANSCRIPTOMIC,PAIRED,0,0,ILLUMINA,Illumina NovaSeq 6000,SRP221152,PRJNA564629,3,564629,SRS5364610,SAMN12718417,simple,9606,Homo sapiens,GSM4071632,,,,,,,no,,,,,GEO,SRA959162,,public,EFD6D15054C1A562958830830572BD14,568C5E4420F2DE144C39F9BA00217873
SRR10089366,2021-01-01 11:59:40,2019-09-11 20:20:41,84649191,25564055682,84649191,302,7284,,https://sra-downloadb.be-md.ncbi.nlm.nih.gov/sos5/sra-pub-zq-16/SRR010/10089/SRR10089366/SRR10089366.lite.1,SRX6822035,,RNA-Seq,cDNA,TRANSCRIPTOMIC,PAIRED,0,0,ILLUMINA,Illumina NovaSeq 6000,SRP221152,PRJNA564629,3,564629,SRS5364611,SAMN12718416,simple,9606,Homo sapiens,GSM4071633,,,,,,,no,,,,,GEO,SRA959162,,public,FAD9A0C308F56063A7A701D7A1995824,8F1A25235EE0BD1CE92B9C6C0E05F5F0
SRR10089367,2021-01-01 11:59:40,2019-09-11 20:37:02,94361104,28497053408,94361104,302,8011,,https://sra-downloadb.be-md.ncbi.nlm.nih.gov/sos5/sra-pub-zq-16/SRR010/10089/SRR10089367/SRR10089367.lite.1,SRX6822036,,RNA-Seq,cDNA,TRANSCRIPTOMIC,PAIRED,0,0,ILLUMINA,Illumina NovaSeq 6000,SRP221152,PRJNA564629,3,564629,SRS5364612,SAMN12718415,simple,9606,Homo sapiens,GSM4071634,,,,,,,no,,,,,GEO,SRA959162,,public,22C09DA69B149FFB3EA167DDE720C068,13AE295B8F642F3F0EEB14F9AEE34903
SRR10089368,2021-01-01 11:59:40,2019-09-11 20:32:43,110937923,33503252746,110937923,302,9475,,https://sra-downloadb.be-md.ncbi.nlm.nih.gov/sos5/sra-pub-zq-16/SRR010/10089/SRR10089368/SRR10089368.lite.1,SRX6822037,,RNA-Seq,cDNA,TRANSCRIPTOMIC,PAIRED,0,0,ILLUMINA,Illumina NovaSeq 6000,SRP221152,PRJNA564629,3,564629,SRS5364613,SAMN12718414,simple,9606,Homo sapiens,GSM4071635,,,,,,,no,,,,,GEO,SRA959162,,public,164E3D6FF353742A1FD36F7D008DB45F,722575AB82039E25266FC363A57B3C56
SRR10089369,2021-01-01 11:59:40,2019-09-11 20:26:24,74434814,22479313828,74434814,302,6724,,https://sra-downloadb.be-md.ncbi.nlm.nih.gov/sos5/sra-pub-zq-16/SRR010/10089/SRR10089369/SRR10089369.lite.1,SRX6822038,,RNA-Seq,cDNA,TRANSCRIPTOMIC,PAIRED,0,0,ILLUMINA,Illumina NovaSeq 6000,SRP221152,PRJNA564629,3,564629,SRS5364614,SAMN12718413,simple,9606,Homo sapiens,GSM4071636,,,,,,,no,,,,,GEO,SRA959162,,public,E849F6913ABD16E6F0E5A3C54A51412C,EB33B38B141A0EFDB0B9AD656E460483
SRR10089370,2021-01-01 11:59:40,2019-09-11 20:33:14,88741800,26800023600,88741800,302,7530,,https://sra-downloadb.be-md.ncbi.nlm.nih.gov/sos5/sra-pub-zq-16/SRR010/10089/SRR10089370/SRR10089370.lite.1,SRX6822039,,RNA-Seq,cDNA,TRANSCRIPTOMIC,PAIRED,0,0,ILLUMINA,Illumina NovaSeq 6000,SRP221152,PRJNA564629,3,564629,SRS5364615,SAMN12718412,simple,9606,Homo sapiens,GSM4071637,,,,,,,no,,,,,GEO,SRA959162,,public,DB68C04B68648484878F1FE911B8426A,08C11A5316985143807FDE336B173556
SRR10089371,2021-01-01 11:59:40,2019-09-11 20:33:19,93765569,28317201838,93765569,302,7984,,https://sra-downloadb.be-md.ncbi.nlm.nih.gov/sos5/sra-pub-zq-16/SRR010/10089/SRR10089371/SRR10089371.lite.1,SRX6822040,,RNA-Seq,cDNA,TRANSCRIPTOMIC,PAIRED,0,0,ILLUMINA,Illumina NovaSeq 6000,SRP221152,PRJNA564629,3,564629,SRS5364616,SAMN12718411,simple,9606,Homo sapiens,GSM4071638,,,,,,,no,,,,,GEO,SRA959162,,public,5961C1DF425635323D6B038077266D9A,9E271A76FFA5FC9FC85B08FD46EFECAB
SRR10089372,2021-01-01 11:59:40,2019-09-11 20:16:40,88973387,26869962874,88973387,302,8015,,https://sra-downloadb.be-md.ncbi.nlm.nih.gov/sos5/sra-pub-zq-16/SRR010/10089/SRR10089372/SRR10089372.lite.1,SRX6822041,,RNA-Seq,cDNA,TRANSCRIPTOMIC,PAIRED,0,0,ILLUMINA,Illumina NovaSeq 6000,SRP221152,PRJNA564629,3,564629,SRS5364617,SAMN12718410,simple,9606,Homo sapiens,GSM4071639,,,,,,,no,,,,,GEO,SRA959162,,public,F0F86D5BE5E199556F1E73F7E82F81B6,CF9A84B6AF5356831823D431DD24F5D3
SRR10089373,2021-01-01 11:59:40,2019-09-11 20:07:42,65234514,19700823228,65234514,302,5526,,https://sra-downloadb.be-md.ncbi.nlm.nih.gov/sos5/sra-pub-zq-16/SRR010/10089/SRR10089373/SRR10089373.lite.1,SRX6822042,,RNA-Seq,cDNA,TRANSCRIPTOMIC,PAIRED,0,0,ILLUMINA,Illumina NovaSeq 6000,SRP221152,PRJNA564629,3,564629,SRS5364618,SAMN12718409,simple,9606,Homo sapiens,GSM4071640,,,,,,,no,,,,,GEO,SRA959162,,public,97925F10E66C51750EDC6FD0BE6F2E50,CD0D69EA3292FFE4368152F5BD043EB1
SRR10089374,2021-01-01 11:59:40,2019-09-11 20:09:31,71039102,21453808804,71039102,302,6020,,https://sra-downloadb.be-md.ncbi.nlm.nih.gov/sos5/sra-pub-zq-16/SRR010/10089/SRR10089374/SRR10089374.lite.1,SRX6822043,,RNA-Seq,cDNA,TRANSCRIPTOMIC,PAIRED,0,0,ILLUMINA,Illumina NovaSeq 6000,SRP221152,PRJNA564629,3,564629,SRS5364619,SAMN12718278,simple,9606,Homo sapiens,GSM4071641,,,,,,,no,,,,,GEO,SRA959162,,public,3C9645A9DBFEF35C2A2F3BE9DE1C522E,27EFEE12E647D26CA8577FB02C135180
SRR10089375,2021-01-01 11:59:40,2019-09-11 20:42:17,106195449,32071025598,106195449,302,9437,,https://sra-downloadb.be-md.ncbi.nlm.nih.gov/sos5/sra-pub-zq-16/SRR010/10089/SRR10089375/SRR10089375.lite.1,SRX6822044,,RNA-Seq,cDNA,TRANSCRIPTOMIC,PAIRED,0,0,ILLUMINA,Illumina NovaSeq 6000,SRP221152,PRJNA564629,3,564629,SRS5364620,SAMN12718277,simple,9606,Homo sapiens,GSM4071642,,,,,,,no,,,,,GEO,SRA959162,,public,BD9A1282508CF89C0E4F0CC93E06EF7F,660EAB91525A2A5D796D1327BE3AD650
SRR10089376,2021-01-01 11:59:40,2019-09-11 20:11:52,76376601,23065733502,76376601,302,6461,,https://sra-downloadb.be-md.ncbi.nlm.nih.gov/sos5/sra-pub-zq-16/SRR010/10089/SRR10089376/SRR10089376.lite.1,SRX6822045,,RNA-Seq,cDNA,TRANSCRIPTOMIC,PAIRED,0,0,ILLUMINA,Illumina NovaSeq 6000,SRP221152,PRJNA564629,3,564629,SRS5364621,SAMN12718276,simple,9606,Homo sapiens,GSM4071643,,,,,,,no,,,,,GEO,SRA959162,,public,1C67B34D3BBABBEEDBE7DDEAAF823F65,884759F6CFABEC35D2F7809280DF4971
SRR10089377,2021-01-01 11:59:40,2019-09-11 20:11:37,70837374,21392886948,70837374,302,6051,,https://sra-downloadb.be-md.ncbi.nlm.nih.gov/sos5/sra-pub-zq-16/SRR010/10089/SRR10089377/SRR10089377.lite.1,SRX6822046,,RNA-Seq,cDNA,TRANSCRIPTOMIC,PAIRED,0,0,ILLUMINA,Illumina NovaSeq 6000,SRP221152,PRJNA564629,3,564629,SRS5364622,SAMN12718275,simple,9606,Homo sapiens,GSM4071644,,,,,,,no,,,,,GEO,SRA959162,,public,5FA2ED035403D9988047B1224F0CD5D3,139C707C12EAFBF1163C947A30C6814F
SRR10089378,2021-01-01 11:59:40,2019-09-11 20:21:26,76824461,23200987222,76824461,302,6629,,https://sra-downloadb.be-md.ncbi.nlm.nih.gov/sos5/sra-pub-zq-16/SRR010/10089/SRR10089378/SRR10089378.lite.1,SRX6822047,,RNA-Seq,cDNA,TRANSCRIPTOMIC,PAIRED,0,0,ILLUMINA,Illumina NovaSeq 6000,SRP221152,PRJNA564629,3,564629,SRS5364623,SAMN12718274,simple,9606,Homo sapiens,GSM4071645,,,,,,,no,,,,,GEO,SRA959162,,public,19E28519164B9189D7DE076E51E25D96,21CE6033CB3D4A7BC4A465D4ED34CE56
SRR10089379,2021-01-01 11:59:40,2019-09-11 20:12:37,80957286,24449100372,80957286,302,6906,,https://sra-downloadb.be-md.ncbi.nlm.nih.gov/sos5/sra-pub-zq-16/SRR010/10089/SRR10089379/SRR10089379.lite.1,SRX6822048,,RNA-Seq,cDNA,TRANSCRIPTOMIC,PAIRED,0,0,ILLUMINA,Illumina NovaSeq 6000,SRP221152,PRJNA564629,3,564629,SRS5364624,SAMN12718273,simple,9606,Homo sapiens,GSM4071646,,,,,,,no,,,,,GEO,SRA959162,,public,5D283113534292F3BBB13F70E9F9CE6A,4EF844032E628CD301AD77E3D3563659
SRR10089380,2021-01-01 11:59:40,2019-09-11 20:19:09,90974142,27474190884,90974142,302,8093,,https://sra-downloadb.be-md.ncbi.nlm.nih.gov/sos5/sra-pub-zq-16/SRR010/10089/SRR10089380/SRR10089380.lite.1,SRX6822049,,RNA-Seq,cDNA,TRANSCRIPTOMIC,PAIRED,0,0,ILLUMINA,Illumina NovaSeq 6000,SRP221152,PRJNA564629,3,564629,SRS5364625,SAMN12718272,simple,9606,Homo sapiens,GSM4071647,,,,,,,no,,,,,GEO,SRA959162,,public,B1C0B6893564C6DFF5BF4DD2D982714A,2296E8F580B9D1723C35C258F0938D64
SRR10089261,2021-01-01 11:59:36,2019-09-11 15:43:50,81314781,24557063862,81314781,302,6962,,https://sra-downloadb.be-md.ncbi.nlm.nih.gov/sos5/sra-pub-zq-16/SRR010/10089/SRR10089261/SRR10089261.lite.1,SRX6821930,,RNA-Seq,cDNA,TRANSCRIPTOMIC,PAIRED,0,0,ILLUMINA,Illumina NovaSeq 6000,SRP221152,PRJNA564629,3,564629,SRS5364506,SAMN12718255,simple,9606,Homo sapiens,GSM4071528,,,,,,,no,,,,,GEO,SRA959162,,public,8E2D48AD853A8845330E0FD8A209F673,7B82E1A02FD1870052C3C871FE1C194F
SRR10089262,2021-01-01 11:59:36,2019-09-11 15:51:53,72923637,22022938374,72923637,302,6280,,https://sra-downloadb.be-md.ncbi.nlm.nih.gov/sos5/sra-pub-zq-16/SRR010/10089/SRR10089262/SRR10089262.lite.1,SRX6821931,,RNA-Seq,cDNA,TRANSCRIPTOMIC,PAIRED,0,0,ILLUMINA,Illumina NovaSeq 6000,SRP221152,PRJNA564629,3,564629,SRS5364507,SAMN12718254,simple,9606,Homo sapiens,GSM4071529,,,,,,,no,,,,,GEO,SRA959162,,public,4416C0256F9DE9C7BC6BC6E68B0CE11B,53A9EDDAEAF5CAD6CEE7CCA16262193E
SRR10089263,2021-01-01 11:59:36,2019-09-11 15:41:13,71652617,21639090334,71652617,302,6384,,https://sra-downloadb.be-md.ncbi.nlm.nih.gov/sos5/sra-pub-zq-16/SRR010/10089/SRR10089263/SRR10089263.lite.1,SRX6821932,,RNA-Seq,cDNA,TRANSCRIPTOMIC,PAIRED,0,0,ILLUMINA,Illumina NovaSeq 6000,SRP221152,PRJNA564629,3,564629,SRS5364508,SAMN12718253,simple,9606,Homo sapiens,GSM4071530,,,,,,,no,,,,,GEO,SRA959162,,public,1BA93A6CA856E93283B2154346D9FCFD,1F07938B8B676ABC6BF649D5A63D4A34
SRR10089264,2021-01-01 11:59:36,2019-09-11 16:00:44,119730808,36158704016,119730808,302,10369,,https://sra-downloadb.be-md.ncbi.nlm.nih.gov/sos5/sra-pub-zq-16/SRR010/10089/SRR10089264/SRR10089264.lite.1,SRX6821933,,RNA-Seq,cDNA,TRANSCRIPTOMIC,PAIRED,0,0,ILLUMINA,Illumina NovaSeq 6000,SRP221152,PRJNA564629,3,564629,SRS5364509,SAMN12718252,simple,9606,Homo sapiens,GSM4071531,,,,,,,no,,,,,GEO,SRA959162,,public,AB9619CB8A3E80703FFF1E1CFA8B74C7,E4332341D4EE89515BE76CFDEA9E37C1
SRR10089265,2021-01-01 11:59:36,2019-09-11 15:52:23,96063953,29011313806,96063953,302,8280,,https://sra-downloadb.be-md.ncbi.nlm.nih.gov/sos5/sra-pub-zq-16/SRR010/10089/SRR10089265/SRR10089265.lite.1,SRX6821934,,RNA-Seq,cDNA,TRANSCRIPTOMIC,PAIRED,0,0,ILLUMINA,Illumina NovaSeq 6000,SRP221152,PRJNA564629,3,564629,SRS5364510,SAMN12718250,simple,9606,Homo sapiens,GSM4071532,,,,,,,no,,,,,GEO,SRA959162,,public,5D8BBFDA1BCB9B218044FA2A78ECB5F5,C96113E34991118E0254A4060945BBDC
SRR10089266,2021-01-01 11:59:37,2019-09-11 15:50:07,89888478,27146320356,89888478,302,7825,,https://sra-downloadb.be-md.ncbi.nlm.nih.gov/sos5/sra-pub-zq-16/SRR010/10089/SRR10089266/SRR10089266.lite.1,SRX6821935,,RNA-Seq,cDNA,TRANSCRIPTOMIC,PAIRED,0,0,ILLUMINA,Illumina NovaSeq 6000,SRP221152,PRJNA564629,3,564629,SRS5364511,SAMN12718248,simple,9606,Homo sapiens,GSM4071533,,,,,,,no,,,,,GEO,SRA959162,,public,043BCCDE336EFC626AB2DBDE4D54CF76,766C24D6A0FE38B9F848CACE64193199
SRR10089267,2021-01-01 11:59:37,2019-09-11 15:45:48,89001449,26878437598,89001449,302,7583,,https://sra-downloadb.be-md.ncbi.nlm.nih.gov/sos5/sra-pub-zq-16/SRR010/10089/SRR10089267/SRR10089267.lite.1,SRX6821936,,RNA-Seq,cDNA,TRANSCRIPTOMIC,PAIRED,0,0,ILLUMINA,Illumina NovaSeq 6000,SRP221152,PRJNA564629,3,564629,SRS5364512,SAMN12718246,simple,9606,Homo sapiens,GSM4071534,,,,,,,no,,,,,GEO,SRA959162,,public,12239619AFCD0D8FB095857F6B0633AC,9F36797BF059E65A5EF29F27BE45A871
SRR10089268,2021-01-01 11:59:37,2019-09-11 15:53:15,102430413,30933984726,102430413,302,8787,,https://sra-downloadb.be-md.ncbi.nlm.nih.gov/sos5/sra-pub-zq-16/SRR010/10089/SRR10089268/SRR10089268.lite.1,SRX6821937,,RNA-Seq,cDNA,TRANSCRIPTOMIC,PAIRED,0,0,ILLUMINA,Illumina NovaSeq 6000,SRP221152,PRJNA564629,3,564629,SRS5364513,SAMN12718244,simple,9606,Homo sapiens,GSM4071535,,,,,,,no,,,,,GEO,SRA959162,,public,99827C076B991796D6547A1D355C9A66,D7E5F10747C3FC0B1A7C1D038528CF3F
SRR10089269,2021-01-01 11:59:37,2019-09-11 15:49:39,83873130,25329685260,83873130,302,7227,,https://sra-downloadb.be-md.ncbi.nlm.nih.gov/sos5/sra-pub-zq-16/SRR010/10089/SRR10089269/SRR10089269.lite.1,SRX6821938,,RNA-Seq,cDNA,TRANSCRIPTOMIC,PAIRED,0,0,ILLUMINA,Illumina NovaSeq 6000,SRP221152,PRJNA564629,3,564629,SRS5364514,SAMN12718242,simple,9606,Homo sapiens,GSM4071536,,,,,,,no,,,,,GEO,SRA959162,,public,DEC1D587A120FE2327CB02104E3412E3,0B00F557E4FA6D69BD487CF71FEE5ED9
SRR10089270,2021-01-01 11:59:37,2019-09-11 15:54:37,96343871,29095849042,96343871,302,8241,,https://sra-downloadb.be-md.ncbi.nlm.nih.gov/sos5/sra-pub-zq-16/SRR010/10089/SRR10089270/SRR10089270.lite.1,SRX6821939,,RNA-Seq,cDNA,TRANSCRIPTOMIC,PAIRED,0,0,ILLUMINA,Illumina NovaSeq 6000,SRP221152,PRJNA564629,3,564629,SRS5364515,SAMN12718241,simple,9606,Homo sapiens,GSM4071537,,,,,,,no,,,,,GEO,SRA959162,,public,4CA0FBA98CE3F972EF4CEB38A610817F,B0E23D020B80B2BB1E17DD322441FBB6
SRR10089271,2021-01-01 11:59:37,2019-09-11 16:09:50,107487677,32461278454,107487677,302,9296,,https://sra-downloadb.be-md.ncbi.nlm.nih.gov/sos5/sra-pub-zq-16/SRR010/10089/SRR10089271/SRR10089271.lite.1,SRX6821940,,RNA-Seq,cDNA,TRANSCRIPTOMIC,PAIRED,0,0,ILLUMINA,Illumina NovaSeq 6000,SRP221152,PRJNA564629,3,564629,SRS5364516,SAMN12718240,simple,9606,Homo sapiens,GSM4071538,,,,,,,no,,,,,GEO,SRA959162,,public,8758C421165A029F645263464E4F6DDA,8E63769335E7324F03450A092F2146C5
SRR10089272,2021-01-01 11:59:37,2019-09-11 15:54:24,92511006,27938323812,92511006,302,7961,,https://sra-downloadb.be-md.ncbi.nlm.nih.gov/sos5/sra-pub-zq-16/SRR010/10089/SRR10089272/SRR10089272.lite.1,SRX6821941,,RNA-Seq,cDNA,TRANSCRIPTOMIC,PAIRED,0,0,ILLUMINA,Illumina NovaSeq 6000,SRP221152,PRJNA564629,3,564629,SRS5364517,SAMN12718239,simple,9606,Homo sapiens,GSM4071539,,,,,,,no,,,,,GEO,SRA959162,,public,8ADF38340368581C1DF36AC0251C54C1,E1CF52061BBE5DE997FDD252B9FA9A27
SRR10089273,2021-01-01 11:59:37,2019-09-11 15:56:52,93213442,28150459484,93213442,302,8535,,https://sra-downloadb.be-md.ncbi.nlm.nih.gov/sos5/sra-pub-zq-16/SRR010/10089/SRR10089273/SRR10089273.lite.1,SRX6821942,,RNA-Seq,cDNA,TRANSCRIPTOMIC,PAIRED,0,0,ILLUMINA,Illumina NovaSeq 6000,SRP221152,PRJNA564629,3,564629,SRS5364518,SAMN12718289,simple,9606,Homo sapiens,GSM4071540,,,,,,,no,,,,,GEO,SRA959162,,public,474634954872A58D5D2641A856F48692,786F519E5C5A98434AADF547F22AA7CC
SRR10089274,2021-01-01 11:59:37,2019-09-11 15:40:00,83379904,25180731008,83379904,302,7700,,https://sra-downloadb.be-md.ncbi.nlm.nih.gov/sos5/sra-pub-zq-16/SRR010/10089/SRR10089274/SRR10089274.lite.1,SRX6821943,,RNA-Seq,cDNA,TRANSCRIPTOMIC,PAIRED,0,0,ILLUMINA,Illumina NovaSeq 6000,SRP221152,PRJNA564629,3,564629,SRS5364519,SAMN12718288,simple,9606,Homo sapiens,GSM4071541,,,,,,,no,,,,,GEO,SRA959162,,public,E20C4A8B88F6DEC13C248AEBDB22068E,EFF1796DE7DD73AF486B078711E1B1E9
SRR10089275,2021-01-01 11:59:37,2019-09-11 16:21:20,79259313,23936312526,79259313,302,7339,,https://sra-downloadb.be-md.ncbi.nlm.nih.gov/sos5/sra-pub-zq-16/SRR010/10089/SRR10089275/SRR10089275.lite.1,SRX6821944,,RNA-Seq,cDNA,TRANSCRIPTOMIC,PAIRED,0,0,ILLUMINA,Illumina NovaSeq 6000,SRP221152,PRJNA564629,3,564629,SRS5364520,SAMN12718287,simple,9606,Homo sapiens,GSM4071542,,,,,,,no,,,,,GEO,SRA959162,,public,E8956E1F0877FA586CCDD630CBD8EE6B,4249638D50C8009E3670C9F49727598A
SRR10089276,2021-01-01 11:59:37,2019-09-11 16:11:57,76314404,23046950008,76314404,302,6962,,https://sra-downloadb.be-md.ncbi.nlm.nih.gov/sos5/sra-pub-zq-16/SRR010/10089/SRR10089276/SRR10089276.lite.1,SRX6821945,,RNA-Seq,cDNA,TRANSCRIPTOMIC,PAIRED,0,0,ILLUMINA,Illumina NovaSeq 6000,SRP221152,PRJNA564629,3,564629,SRS5364521,SAMN12718286,simple,9606,Homo sapiens,GSM4071543,,,,,,,no,,,,,GEO,SRA959162,,public,59F5BF19436A78A2262A2D32E19C5FD0,B0D19DB70873649B98736C0C13956949
SRR10089277,2021-01-01 11:59:37,2019-09-11 16:38:54,96228295,29060945090,96228295,302,8944,,https://sra-downloadb.be-md.ncbi.nlm.nih.gov/sos5/sra-pub-zq-16/SRR010/10089/SRR10089277/SRR10089277.lite.1,SRX6821946,,RNA-Seq,cDNA,TRANSCRIPTOMIC,PAIRED,0,0,ILLUMINA,Illumina NovaSeq 6000,SRP221152,PRJNA564629,3,564629,SRS5364522,SAMN12718285,simple,9606,Homo sapiens,GSM4071544,,,,,,,no,,,,,GEO,SRA959162,,public,7257C01E76CEF9B4D9A9DD90EA39438F,92463DC859121C878D46AF3530F32E9A
SRR10089278,2021-01-01 11:59:37,2019-09-11 16:17:29,74598214,22528660628,74598214,302,6491,,https://sra-downloadb.be-md.ncbi.nlm.nih.gov/sos5/sra-pub-zq-16/SRR010/10089/SRR10089278/SRR10089278.lite.1,SRX6821947,,RNA-Seq,cDNA,TRANSCRIPTOMIC,PAIRED,0,0,ILLUMINA,Illumina NovaSeq 6000,SRP221152,PRJNA564629,3,564629,SRS5364523,SAMN12718284,simple,9606,Homo sapiens,GSM4071545,,,,,,,no,,,,,GEO,SRA959162,,public,276FDB0E14693713A36E1957A2655C63,33DE061828126EF725D01365A3153905
SRR10089279,2021-01-01 11:59:37,2019-09-11 16:30:50,81589220,24639944440,81589220,302,6961,,https://sra-downloadb.be-md.ncbi.nlm.nih.gov/sos5/sra-pub-zq-16/SRR010/10089/SRR10089279/SRR10089279.lite.1,SRX6821948,,RNA-Seq,cDNA,TRANSCRIPTOMIC,PAIRED,0,0,ILLUMINA,Illumina NovaSeq 6000,SRP221152,PRJNA564629,3,564629,SRS5364524,SAMN12718283,simple,9606,Homo sapiens,GSM4071546,,,,,,,no,,,,,GEO,SRA959162,,public,6C242F9310C58B5758E5B8F9393EC8A9,62837AD5E098327C72B19074CF8EE1C5
SRR10089280,2021-01-01 11:59:37,2019-09-11 16:42:53,101414559,30627196818,101414559,302,9178,,https://sra-downloadb.be-md.ncbi.nlm.nih.gov/sos5/sra-pub-zq-16/SRR010/10089/SRR10089280/SRR10089280.lite.1,SRX6821949,,RNA-Seq,cDNA,TRANSCRIPTOMIC,PAIRED,0,0,ILLUMINA,Illumina NovaSeq 6000,SRP221152,PRJNA564629,3,564629,SRS5364525,SAMN12718282,simple,9606,Homo sapiens,GSM4071547,,,,,,,no,,,,,GEO,SRA959162,,public,351FC50AF4B20B2FA4250D30D1794CD0,85A766653B9E574B59AA2A5259584BAB
SRR10089281,2021-01-01 11:59:37,2019-09-11 16:44:03,109862670,33178526340,109862670,302,9890,,https://sra-downloadb.be-md.ncbi.nlm.nih.gov/sos5/sra-pub-zq-16/SRR010/10089/SRR10089281/SRR10089281.lite.1,SRX6821950,,RNA-Seq,cDNA,TRANSCRIPTOMIC,PAIRED,0,0,ILLUMINA,Illumina NovaSeq 6000,SRP221152,PRJNA564629,3,564629,SRS5364526,SAMN12718281,simple,9606,Homo sapiens,GSM4071548,,,,,,,no,,,,,GEO,SRA959162,,public,B9D3A277A6E88DC34151ED348407AE97,65F366C118AE41D2EFF12500CBF904A0
SRR10089282,2021-01-01 11:59:37,2019-09-11 16:21:45,75985326,22947568452,75985326,302,6922,,https://sra-downloadb.be-md.ncbi.nlm.nih.gov/sos5/sra-pub-zq-16/SRR010/10089/SRR10089282/SRR10089282.lite.1,SRX6821951,,RNA-Seq,cDNA,TRANSCRIPTOMIC,PAIRED,0,0,ILLUMINA,Illumina NovaSeq 6000,SRP221152,PRJNA564629,3,564629,SRS5364527,SAMN12718316,simple,9606,Homo sapiens,GSM4071549,,,,,,,no,,,,,GEO,SRA959162,,public,109164FA3E62F385ECD85793F4E6E205,ACF3623118E2048E0D3F8EE314699BC2
SRR10089283,2021-01-01 11:59:37,2019-09-11 16:15:33,80667538,24361596476,80667538,302,7515,,https://sra-downloadb.be-md.ncbi.nlm.nih.gov/sos5/sra-pub-zq-16/SRR010/10089/SRR10089283/SRR10089283.lite.1,SRX6821952,,RNA-Seq,cDNA,TRANSCRIPTOMIC,PAIRED,0,0,ILLUMINA,Illumina NovaSeq 6000,SRP221152,PRJNA564629,3,564629,SRS5364528,SAMN12718315,simple,9606,Homo sapiens,GSM4071550,,,,,,,no,,,,,GEO,SRA959162,,public,6B5A74FA913A084A35D91DB80F743083,348C0232724A8ED0ECE9186C3BD4FD6C
SRR10089284,2021-01-01 11:59:37,2019-09-11 16:40:11,87119324,26310035848,87119324,302,7936,,https://sra-downloadb.be-md.ncbi.nlm.nih.gov/sos5/sra-pub-zq-16/SRR010/10089/SRR10089284/SRR10089284.lite.1,SRX6821953,,RNA-Seq,cDNA,TRANSCRIPTOMIC,PAIRED,0,0,ILLUMINA,Illumina NovaSeq 6000,SRP221152,PRJNA564629,3,564629,SRS5364529,SAMN12718280,simple,9606,Homo sapiens,GSM4071551,,,,,,,no,,,,,GEO,SRA959162,,public,9CE9EFC42D95D3FDAE8E02E893BF302B,D8919C58CA8DED59530C3DD5C0959668
SRR10089285,2021-01-01 11:59:37,2019-09-11 16:32:37,82304282,24855893164,82304282,302,7019,,https://sra-downloadb.be-md.ncbi.nlm.nih.gov/sos5/sra-pub-zq-16/SRR010/10089/SRR10089285/SRR10089285.lite.1,SRX6821954,,RNA-Seq,cDNA,TRANSCRIPTOMIC,PAIRED,0,0,ILLUMINA,Illumina NovaSeq 6000,SRP221152,PRJNA564629,3,564629,SRS5364530,SAMN12718279,simple,9606,Homo sapiens,GSM4071552,,,,,,,no,,,,,GEO,SRA959162,,public,BD235E6FD37465C0C665D784AC237B87,19CE45731D9E5D564260B25FCF17AD10
SRR10089286,2021-01-01 11:59:37,2019-09-11 16:31:41,92398527,27904355154,92398527,302,8203,,https://sra-downloadb.be-md.ncbi.nlm.nih.gov/sos5/sra-pub-zq-16/SRR010/10089/SRR10089286/SRR10089286.lite.1,SRX6821955,,RNA-Seq,cDNA,TRANSCRIPTOMIC,PAIRED,0,0,ILLUMINA,Illumina NovaSeq 6000,SRP221152,PRJNA564629,3,564629,SRS5364531,SAMN12718318,simple,9606,Homo sapiens,GSM4071553,,,,,,,no,,,,,GEO,SRA959162,,public,00FB478713DDC3E91305BFC13C95271C,8A14CC103CDB8303C40ECAB4A3AD8B88
SRR10089287,2021-01-01 11:59:37,2019-09-11 16:25:07,87383862,26389926324,87383862,302,7804,,https://sra-downloadb.be-md.ncbi.nlm.nih.gov/sos5/sra-pub-zq-16/SRR010/10089/SRR10089287/SRR10089287.lite.1,SRX6821956,,RNA-Seq,cDNA,TRANSCRIPTOMIC,PAIRED,0,0,ILLUMINA,Illumina NovaSeq 6000,SRP221152,PRJNA564629,3,564629,SRS5364532,SAMN12718317,simple,9606,Homo sapiens,GSM4071554,,,,,,,no,,,,,GEO,SRA959162,,public,3A3BD64C54DAE335FB70C4D4C2807941,184ED5DED20B930AB4C3B829CAA07FC6
SRR10089288,2021-01-01 11:59:37,2019-09-11 16:58:41,109675440,33121982880,109675440,302,9661,,https://sra-downloadb.be-md.ncbi.nlm.nih.gov/sos5/sra-pub-zq-16/SRR010/10089/SRR10089288/SRR10089288.lite.1,SRX6821957,,RNA-Seq,cDNA,TRANSCRIPTOMIC,PAIRED,0,0,ILLUMINA,Illumina NovaSeq 6000,SRP221152,PRJNA564629,3,564629,SRS5364533,SAMN12718314,simple,9606,Homo sapiens,GSM4071555,,,,,,,no,,,,,GEO,SRA959162,,public,A6B50DE7B12787293C72487281536D2C,2564405F7272FD29376C93D832AD3A19
SRR10089289,2021-01-01 11:59:37,2019-09-11 16:49:25,102862813,31064569526,102862813,302,8795,,https://sra-downloadb.be-md.ncbi.nlm.nih.gov/sos5/sra-pub-zq-16/SRR010/10089/SRR10089289/SRR10089289.lite.1,SRX6821958,,RNA-Seq,cDNA,TRANSCRIPTOMIC,PAIRED,0,0,ILLUMINA,Illumina NovaSeq 6000,SRP221152,PRJNA564629,3,564629,SRS5364534,SAMN12718363,simple,9606,Homo sapiens,GSM4071556,,,,,,,no,,,,,GEO,SRA959162,,public,16FD787FAB37118CA497679285CAC1EC,D8AFEA50BD467DD935A45E5A94D82680
SRR10089290,2021-01-01 11:59:37,2019-09-11 16:52:03,104590635,31586371770,104590635,302,9004,,https://sra-downloadb.be-md.ncbi.nlm.nih.gov/sos5/sra-pub-zq-16/SRR010/10089/SRR10089290/SRR10089290.lite.1,SRX6821959,,RNA-Seq,cDNA,TRANSCRIPTOMIC,PAIRED,0,0,ILLUMINA,Illumina NovaSeq 6000,SRP221152,PRJNA564629,3,564629,SRS5364535,SAMN12718362,simple,9606,Homo sapiens,GSM4071557,,,,,,,no,,,,,GEO,SRA959162,,public,31979BADA98932D1BF870EEE421F3B13,F291D157723E14340CAED2D1B1F317E2
SRR10089291,2021-01-01 11:59:37,2019-09-11 16:44:11,99267076,29978656952,99267076,302,8559,,https://sra-downloadb.be-md.ncbi.nlm.nih.gov/sos5/sra-pub-zq-16/SRR010/10089/SRR10089291/SRR10089291.lite.1,SRX6821960,,RNA-Seq,cDNA,TRANSCRIPTOMIC,PAIRED,0,0,ILLUMINA,Illumina NovaSeq 6000,SRP221152,PRJNA564629,3,564629,SRS5364536,SAMN12718361,simple,9606,Homo sapiens,GSM4071558,,,,,,,no,,,,,GEO,SRA959162,,public,B60C75D00458BF5827BA44535DBA10EB,E7A35DEA7D794C74F73F667FCD33EFA2
SRR10089292,2021-01-01 11:59:37,2019-09-11 16:13:01,76438581,23084451462,76438581,302,7143,,https://sra-downloadb.be-md.ncbi.nlm.nih.gov/sos5/sra-pub-zq-16/SRR010/10089/SRR10089292/SRR10089292.lite.1,SRX6821961,,RNA-Seq,cDNA,TRANSCRIPTOMIC,PAIRED,0,0,ILLUMINA,Illumina NovaSeq 6000,SRP221152,PRJNA564629,3,564629,SRS5364537,SAMN12718360,simple,9606,Homo sapiens,GSM4071559,,,,,,,no,,,,,GEO,SRA959162,,public,CB4428F893A2197D810F6162FBF9BFFC,D06F8D8C7F8A6246A143F5B5D7816CC6
SRR10089293,2021-01-01 11:59:37,2019-09-11 16:27:56,71630560,21632429120,71630560,302,6709,,https://sra-downloadb.be-md.ncbi.nlm.nih.gov/sos5/sra-pub-zq-16/SRR010/10089/SRR10089293/SRR10089293.lite.1,SRX6821962,,RNA-Seq,cDNA,TRANSCRIPTOMIC,PAIRED,0,0,ILLUMINA,Illumina NovaSeq 6000,SRP221152,PRJNA564629,3,564629,SRS5364538,SAMN12718359,simple,9606,Homo sapiens,GSM4071560,,,,,,,no,,,,,GEO,SRA959162,,public,D88576C8E30A7999AE5A492595C0240B,DC1C6225427E5AC3C3105A9FD8452927
SRR10089294,2021-01-01 11:59:37,2019-09-11 16:09:32,63291525,19114040550,63291525,302,5609,,https://sra-downloadb.be-md.ncbi.nlm.nih.gov/sos5/sra-pub-zq-16/SRR010/10089/SRR10089294/SRR10089294.lite.1,SRX6821963,,RNA-Seq,cDNA,TRANSCRIPTOMIC,PAIRED,0,0,ILLUMINA,Illumina NovaSeq 6000,SRP221152,PRJNA564629,3,564629,SRS5364539,SAMN12718358,simple,9606,Homo sapiens,GSM4071561,,,,,,,no,,,,,GEO,SRA959162,,public,104FB59CB60D14D67DABBEE31CB27B7D,55EF7D27E51405AE1CA3C545C3F00F35
SRR10089295,2021-01-01 11:59:38,2019-09-11 16:28:14,94344993,28492187886,94344993,302,8593,,https://sra-downloadb.be-md.ncbi.nlm.nih.gov/sos5/sra-pub-zq-16/SRR010/10089/SRR10089295/SRR10089295.lite.1,SRX6821964,,RNA-Seq,cDNA,TRANSCRIPTOMIC,PAIRED,0,0,ILLUMINA,Illumina NovaSeq 6000,SRP221152,PRJNA564629,3,564629,SRS5364540,SAMN12718357,simple,9606,Homo sapiens,GSM4071562,,,,,,,no,,,,,GEO,SRA959162,,public,F5C48FC63C1B0E7838A65EE3F17F418E,8612907B82E45CAD0E6CB7396CCE0C62
SRR10089296,2021-01-01 11:59:38,2019-09-11 16:31:58,88197498,26635644396,88197498,302,8085,,https://sra-downloadb.be-md.ncbi.nlm.nih.gov/sos5/sra-pub-zq-16/SRR010/10089/SRR10089296/SRR10089296.lite.1,SRX6821965,,RNA-Seq,cDNA,TRANSCRIPTOMIC,PAIRED,0,0,ILLUMINA,Illumina NovaSeq 6000,SRP221152,PRJNA564629,3,564629,SRS5364541,SAMN12718356,simple,9606,Homo sapiens,GSM4071563,,,,,,,no,,,,,GEO,SRA959162,,public,3DE6C1128C7F9173B05044EAA7045151,240FFFC2FBA71821D8BBEDE499A641E7
SRR10089297,2021-01-01 11:59:38,2019-09-11 16:31:42,90159308,27228111016,90159308,302,8037,,https://sra-downloadb.be-md.ncbi.nlm.nih.gov/sos5/sra-pub-zq-16/SRR010/10089/SRR10089297/SRR10089297.lite.1,SRX6821966,,RNA-Seq,cDNA,TRANSCRIPTOMIC,PAIRED,0,0,ILLUMINA,Illumina NovaSeq 6000,SRP221152,PRJNA564629,3,564629,SRS5364542,SAMN12718355,simple,9606,Homo sapiens,GSM4071564,,,,,,,no,,,,,GEO,SRA959162,,public,7D29C01BECF8967493ABE0B2F53431E9,172838485653E669BF9C075494BC197E
SRR10089298,2021-01-01 11:59:38,2019-09-11 16:39:40,90292683,27268390266,90292683,302,8260,,https://sra-downloadb.be-md.ncbi.nlm.nih.gov/sos5/sra-pub-zq-16/SRR010/10089/SRR10089298/SRR10089298.lite.1,SRX6821967,,RNA-Seq,cDNA,TRANSCRIPTOMIC,PAIRED,0,0,ILLUMINA,Illumina NovaSeq 6000,SRP221152,PRJNA564629,3,564629,SRS5364543,SAMN12718354,simple,9606,Homo sapiens,GSM4071565,,,,,,,no,,,,,GEO,SRA959162,,public,25D975B64CFA3222B62B2C84C2A97123,BCD22ACE9DBAA61BB0D10437E60518C4
SRR10089299,2021-01-01 11:59:38,2019-09-11 16:35:03,86692086,26181009972,86692086,302,8049,,https://sra-downloadb.be-md.ncbi.nlm.nih.gov/sos5/sra-pub-zq-16/SRR010/10089/SRR10089299/SRR10089299.lite.1,SRX6821968,,RNA-Seq,cDNA,TRANSCRIPTOMIC,PAIRED,0,0,ILLUMINA,Illumina NovaSeq 6000,SRP221152,PRJNA564629,3,564629,SRS5364544,SAMN12718353,simple,9606,Homo sapiens,GSM4071566,,,,,,,no,,,,,GEO,SRA959162,,public,1A9AD4433C988158B41CE3188A0221C5,41B88A00459F855E26BD7824BC933829
SRR10089300,2021-01-01 11:59:38,2019-09-11 16:41:02,85248609,25745079918,85248609,302,7925,,https://sra-downloadb.be-md.ncbi.nlm.nih.gov/sos5/sra-pub-zq-16/SRR010/10089/SRR10089300/SRR10089300.lite.1,SRX6821969,,RNA-Seq,cDNA,TRANSCRIPTOMIC,PAIRED,0,0,ILLUMINA,Illumina NovaSeq 6000,SRP221152,PRJNA564629,3,564629,SRS5364545,SAMN12718352,simple,9606,Homo sapiens,GSM4071567,,,,,,,no,,,,,GEO,SRA959162,,public,0A575163B3120FEBF63D4E305A13DBD6,74E4EE227B3D5C2FF5D4337520E2B441
SRR10089301,2021-01-01 11:59:38,2019-09-11 16:14:05,80173208,24212308816,80173208,302,7322,,https://sra-downloadb.be-md.ncbi.nlm.nih.gov/sos5/sra-pub-zq-16/SRR010/10089/SRR10089301/SRR10089301.lite.1,SRX6821970,,RNA-Seq,cDNA,TRANSCRIPTOMIC,PAIRED,0,0,ILLUMINA,Illumina NovaSeq 6000,SRP221152,PRJNA564629,3,564629,SRS5364546,SAMN12718351,simple,9606,Homo sapiens,GSM4071568,,,,,,,no,,,,,GEO,SRA959162,,public,2A10437E205D21E192E8A09F5D060280,8A5737762C4E0428CA3E3D33F902B121
SRR10089302,2021-01-01 11:59:38,2019-09-11 16:19:00,83137347,25107478794,83137347,302,7722,,https://sra-downloadb.be-md.ncbi.nlm.nih.gov/sos5/sra-pub-zq-16/SRR010/10089/SRR10089302/SRR10089302.lite.1,SRX6821971,,RNA-Seq,cDNA,TRANSCRIPTOMIC,PAIRED,0,0,ILLUMINA,Illumina NovaSeq 6000,SRP221152,PRJNA564629,3,564629,SRS5364547,SAMN12718350,simple,9606,Homo sapiens,GSM4071569,,,,,,,no,,,,,GEO,SRA959162,,public,C144435A1DE61BD25A78E21CB7BE2F4A,0BEBFE8A8BBE2CC96F4E65DEEB8D0FAA
SRR10089303,2021-01-01 11:59:38,2019-09-11 16:39:54,109609105,33101949710,109609105,302,9502,,https://sra-downloadb.be-md.ncbi.nlm.nih.gov/sos5/sra-pub-zq-16/SRR010/10089/SRR10089303/SRR10089303.lite.1,SRX6821972,,RNA-Seq,cDNA,TRANSCRIPTOMIC,PAIRED,0,0,ILLUMINA,Illumina NovaSeq 6000,SRP221152,PRJNA564629,3,564629,SRS5364548,SAMN12718349,simple,9606,Homo sapiens,GSM4071570,,,,,,,no,,,,,GEO,SRA959162,,public,903ADB2C7637F20E0510D5EE74C00DDD,EC5A9CE47F6F8299524077D0E9E06E6A
SRR10089304,2021-01-01 11:59:38,2019-09-11 17:18:17,99421264,30025221728,99421264,302,8758,,https://sra-downloadb.be-md.ncbi.nlm.nih.gov/sos5/sra-pub-zq-16/SRR010/10089/SRR10089304/SRR10089304.lite.1,SRX6821973,,RNA-Seq,cDNA,TRANSCRIPTOMIC,PAIRED,0,0,ILLUMINA,Illumina NovaSeq 6000,SRP221152,PRJNA564629,3,564629,SRS5364549,SAMN12718348,simple,9606,Homo sapiens,GSM4071571,,,,,,,no,,,,,GEO,SRA959162,,public,694041C2DAAD9477931BC2880ACA71A1,4C11A75FECF9DF6405FC2754F8B7BF6A
SRR10089305,2021-01-01 11:59:38,2019-09-11 17:07:45,75324700,22748059400,75324700,302,6536,,https://sra-downloadb.be-md.ncbi.nlm.nih.gov/sos5/sra-pub-zq-16/SRR010/10089/SRR10089305/SRR10089305.lite.1,SRX6821974,,RNA-Seq,cDNA,TRANSCRIPTOMIC,PAIRED,0,0,ILLUMINA,Illumina NovaSeq 6000,SRP221152,PRJNA564629,3,564629,SRS5364550,SAMN12718347,simple,9606,Homo sapiens,GSM4071572,,,,,,,no,,,,,GEO,SRA959162,,public,865FD97F46CD683EECAA68D41F79CEB5,576EA8BB406C7E0089B83A99DDE0A474
SRR10089306,2021-01-01 11:59:38,2019-09-11 17:02:25,74148714,22392911628,74148714,302,6425,,https://sra-downloadb.be-md.ncbi.nlm.nih.gov/sos5/sra-pub-zq-16/SRR010/10089/SRR10089306/SRR10089306.lite.1,SRX6821975,,RNA-Seq,cDNA,TRANSCRIPTOMIC,PAIRED,0,0,ILLUMINA,Illumina NovaSeq 6000,SRP221152,PRJNA564629,3,564629,SRS5364551,SAMN12718346,simple,9606,Homo sapiens,GSM4071573,,,,,,,no,,,,,GEO,SRA959162,,public,04138A11B49110F8F6D2A643A570ECF3,B94F2F886FF104BD2ECB5B0930E2B636
SRR10089307,2021-01-01 11:59:38,2019-09-11 18:05:45,141263757,42661654614,141263757,302,12406,,https://sra-downloadb.be-md.ncbi.nlm.nih.gov/sos5/sra-pub-zq-16/SRR010/10089/SRR10089307/SRR10089307.lite.1,SRX6821976,,RNA-Seq,cDNA,TRANSCRIPTOMIC,PAIRED,0,0,ILLUMINA,Illumina NovaSeq 6000,SRP221152,PRJNA564629,3,564629,SRS5364552,SAMN12718345,simple,9606,Homo sapiens,GSM4071574,,,,,,,no,,,,,GEO,SRA959162,,public,82034CC07DC53050C6EE0C7FA821C35A,0B14B43CEF159428F26A3773D8AC1472
SRR10089308,2021-01-01 11:59:38,2019-09-11 17:17:37,89518116,27034471032,89518116,302,7789,,https://sra-downloadb.be-md.ncbi.nlm.nih.gov/sos5/sra-pub-zq-16/SRR010/10089/SRR10089308/SRR10089308.lite.1,SRX6821977,,RNA-Seq,cDNA,TRANSCRIPTOMIC,PAIRED,0,0,ILLUMINA,Illumina NovaSeq 6000,SRP221152,PRJNA564629,3,564629,SRS5364553,SAMN12718344,simple,9606,Homo sapiens,GSM4071575,,,,,,,no,,,,,GEO,SRA959162,,public,98E2A073C748FBB90A9D0AE087EC1BE2,CA6D139D160CBB27FF7FAD8BF3501854
SRR10089309,2021-01-01 11:59:38,2019-09-11 17:11:59,80587969,24337566638,80587969,302,7134,,https://sra-downloadb.be-md.ncbi.nlm.nih.gov/sos5/sra-pub-zq-16/SRR010/10089/SRR10089309/SRR10089309.lite.1,SRX6821978,,RNA-Seq,cDNA,TRANSCRIPTOMIC,PAIRED,0,0,ILLUMINA,Illumina NovaSeq 6000,SRP221152,PRJNA564629,3,564629,SRS5364554,SAMN12718343,simple,9606,Homo sapiens,GSM4071576,,,,,,,no,,,,,GEO,SRA959162,,public,B30CCD067BBD84FE06805617AE3F3DA9,D58A80A6C56F844B7B847D62B5BDB69F
SRR10089310,2021-01-01 11:59:38,2019-09-11 18:24:46,101443057,30635803214,101443057,302,8709,,https://sra-downloadb.be-md.ncbi.nlm.nih.gov/sos5/sra-pub-zq-16/SRR010/10089/SRR10089310/SRR10089310.lite.1,SRX6821979,,RNA-Seq,cDNA,TRANSCRIPTOMIC,PAIRED,0,0,ILLUMINA,Illumina NovaSeq 6000,SRP221152,PRJNA564629,3,564629,SRS5364555,SAMN12718342,simple,9606,Homo sapiens,GSM4071577,,,,,,,no,,,,,GEO,SRA959162,,public,44592799B412E65B15FD14BBB2D39329,9AF81E639E180B202D15D20DF0493EED
SRR10089311,2021-01-01 11:59:38,2019-09-11 18:42:45,94047464,28402334128,94047464,302,8267,,https://sra-downloadb.be-md.ncbi.nlm.nih.gov/sos5/sra-pub-zq-16/SRR010/10089/SRR10089311/SRR10089311.lite.1,SRX6821980,,RNA-Seq,cDNA,TRANSCRIPTOMIC,PAIRED,0,0,ILLUMINA,Illumina NovaSeq 6000,SRP221152,PRJNA564629,3,564629,SRS5364556,SAMN12718341,simple,9606,Homo sapiens,GSM4071578,,,,,,,no,,,,,GEO,SRA959162,,public,EA6FA3192C059B55C2295F8EB4BD5D29,2227F1023869B6059CC30C9981A298BE
SRR10089312,2021-01-01 11:59:38,2019-09-11 18:20:24,88300938,26666883276,88300938,302,7837,,https://sra-downloadb.be-md.ncbi.nlm.nih.gov/sos5/sra-pub-zq-16/SRR010/10089/SRR10089312/SRR10089312.lite.1,SRX6821981,,RNA-Seq,cDNA,TRANSCRIPTOMIC,PAIRED,0,0,ILLUMINA,Illumina NovaSeq 6000,SRP221152,PRJNA564629,3,564629,SRS5364557,SAMN12718340,simple,9606,Homo sapiens,GSM4071579,,,,,,,no,,,,,GEO,SRA959162,,public,D69C1FB74D2CAFEFC402C12A31812E22,7D56F61C08453D7FF33641DDD8E224CB
SRR10089313,2021-01-01 11:59:38,2019-09-11 18:32:03,93137934,28127656068,93137934,302,8025,,https://sra-downloadb.be-md.ncbi.nlm.nih.gov/sos5/sra-pub-zq-16/SRR010/10089/SRR10089313/SRR10089313.lite.1,SRX6821982,,RNA-Seq,cDNA,TRANSCRIPTOMIC,PAIRED,0,0,ILLUMINA,Illumina NovaSeq 6000,SRP221152,PRJNA564629,3,564629,SRS5364558,SAMN12718339,simple,9606,Homo sapiens,GSM4071580,,,,,,,no,,,,,GEO,SRA959162,,public,24C957C2C72E438779A62A69DE38F9B4,F0ED654F87DFCE8A2E80ACB62C6E977F
SRR10089314,2021-01-01 11:59:38,2019-09-11 18:19:58,67141414,20276707028,67141414,302,5853,,https://sra-downloadb.be-md.ncbi.nlm.nih.gov/sos5/sra-pub-zq-16/SRR010/10089/SRR10089314/SRR10089314.lite.1,SRX6821983,,RNA-Seq,cDNA,TRANSCRIPTOMIC,PAIRED,0,0,ILLUMINA,Illumina NovaSeq 6000,SRP221152,PRJNA564629,3,564629,SRS5364559,SAMN12718299,simple,9606,Homo sapiens,GSM4071581,,,,,,,no,,,,,GEO,SRA959162,,public,FC8BC1104328BDE5853B1A83E2852678,D6E170F534882F92F855DF09D20E0109
SRR10089315,2021-01-01 11:59:38,2019-09-11 18:29:14,99960449,30188055598,99960449,302,8707,,https://sra-downloadb.be-md.ncbi.nlm.nih.gov/sos5/sra-pub-zq-16/SRR010/10089/SRR10089315/SRR10089315.lite.1,SRX6821984,,RNA-Seq,cDNA,TRANSCRIPTOMIC,PAIRED,0,0,ILLUMINA,Illumina NovaSeq 6000,SRP221152,PRJNA564629,3,564629,SRS5364560,SAMN12718298,simple,9606,Homo sapiens,GSM4071582,,,,,,,no,,,,,GEO,SRA959162,,public,D2B7DE74D370CF542FEE68116468506C,11B761D6AADB2905DF24B6525491AA5B
SRR10089316,2021-01-01 11:59:38,2019-09-11 18:18:47,81383895,24577936290,81383895,302,7128,,https://sra-downloadb.be-md.ncbi.nlm.nih.gov/sos5/sra-pub-zq-16/SRR010/10089/SRR10089316/SRR10089316.lite.1,SRX6821985,,RNA-Seq,cDNA,TRANSCRIPTOMIC,PAIRED,0,0,ILLUMINA,Illumina NovaSeq 6000,SRP221152,PRJNA564629,3,564629,SRS5364561,SAMN12718297,simple,9606,Homo sapiens,GSM4071583,,,,,,,no,,,,,GEO,SRA959162,,public,A5EF0FE6C4F04F433F1429504EBEADB0,EA984DB3BB5CCF5F581AFD1EBF65EACE
SRR10089317,2021-01-01 11:59:38,2019-09-11 18:14:55,68795977,20776385054,68795977,302,5959,,https://sra-downloadb.be-md.ncbi.nlm.nih.gov/sos5/sra-pub-zq-16/SRR010/10089/SRR10089317/SRR10089317.lite.1,SRX6821986,,RNA-Seq,cDNA,TRANSCRIPTOMIC,PAIRED,0,0,ILLUMINA,Illumina NovaSeq 6000,SRP221152,PRJNA564629,3,564629,SRS5364562,SAMN12718296,simple,9606,Homo sapiens,GSM4071584,,,,,,,no,,,,,GEO,SRA959162,,public,33D2F953282E7D0967D50E5199C6DC85,2F37F01AC740C1664624BAFA42B1A105
SRR10089318,2021-01-01 11:59:38,2019-09-11 18:18:14,74740511,22571634322,74740511,302,6450,,https://sra-downloadb.be-md.ncbi.nlm.nih.gov/sos5/sra-pub-zq-16/SRR010/10089/SRR10089318/SRR10089318.lite.1,SRX6821987,,RNA-Seq,cDNA,TRANSCRIPTOMIC,PAIRED,0,0,ILLUMINA,Illumina NovaSeq 6000,SRP221152,PRJNA564629,3,564629,SRS5364563,SAMN12718295,simple,9606,Homo sapiens,GSM4071585,,,,,,,no,,,,,GEO,SRA959162,,public,01C9804DAEC045C581A7C605F915155B,588FBA136EEFA40C88E9F58757A40DFA
SRR10089319,2021-01-01 11:59:38,2019-09-11 18:15:51,76641698,23145792796,76641698,302,6589,,https://sra-downloadb.be-md.ncbi.nlm.nih.gov/sos5/sra-pub-zq-16/SRR010/10089/SRR10089319/SRR10089319.lite.1,SRX6821988,,RNA-Seq,cDNA,TRANSCRIPTOMIC,PAIRED,0,0,ILLUMINA,Illumina NovaSeq 6000,SRP221152,PRJNA564629,3,564629,SRS5364564,SAMN12718294,simple,9606,Homo sapiens,GSM4071586,,,,,,,no,,,,,GEO,SRA959162,,public,57AA277ADE1D0A5BFDB324744CFA6FAB,A9AD05B07CF11FD0A6A25E76792A0E12
SRR10089320,2021-01-01 11:59:38,2019-09-11 18:34:58,83835622,25318357844,83835622,302,7216,,https://sra-downloadb.be-md.ncbi.nlm.nih.gov/sos5/sra-pub-zq-16/SRR010/10089/SRR10089320/SRR10089320.lite.1,SRX6821989,,RNA-Seq,cDNA,TRANSCRIPTOMIC,PAIRED,0,0,ILLUMINA,Illumina NovaSeq 6000,SRP221152,PRJNA564629,3,564629,SRS5364565,SAMN12718293,simple,9606,Homo sapiens,GSM4071587,,,,,,,no,,,,,GEO,SRA959162,,public,0FA4017FD67263E356B3869C7DD2E70B,F061391179922F8983564D86598C0987
SRR10089254,2021-01-01 11:59:36,2019-09-11 15:39:55,77276917,23337628934,77276917,302,6748,,https://sra-downloadb.be-md.ncbi.nlm.nih.gov/sos5/sra-pub-zq-16/SRR010/10089/SRR10089254/SRR10089254.lite.1,SRX6821923,,RNA-Seq,cDNA,TRANSCRIPTOMIC,PAIRED,0,0,ILLUMINA,Illumina NovaSeq 6000,SRP221152,PRJNA564629,3,564629,SRS5364499,SAMN12718262,simple,9606,Homo sapiens,GSM4071521,,,,,,,no,,,,,GEO,SRA959162,,public,8E3DBDCFAB998AA9F79FC27C0B86EF8F,4117224A08C3201DC97BCA8BDE25F207
SRR10089255,2021-01-01 11:59:36,2019-09-11 15:46:35,83943504,25350938208,83943504,302,7431,,https://sra-downloadb.be-md.ncbi.nlm.nih.gov/sos5/sra-pub-zq-16/SRR010/10089/SRR10089255/SRR10089255.lite.1,SRX6821924,,RNA-Seq,cDNA,TRANSCRIPTOMIC,PAIRED,0,0,ILLUMINA,Illumina NovaSeq 6000,SRP221152,PRJNA564629,3,564629,SRS5364500,SAMN12718261,simple,9606,Homo sapiens,GSM4071522,,,,,,,no,,,,,GEO,SRA959162,,public,4DD3E1B115C200A2CAEF07586C125B36,165A3970B6F9A25D230C060E1589BB8D
SRR10089256,2021-01-01 11:59:36,2019-09-11 15:21:25,64473578,19471020556,64473578,302,5619,,https://sra-downloadb.be-md.ncbi.nlm.nih.gov/sos5/sra-pub-zq-16/SRR010/10089/SRR10089256/SRR10089256.lite.1,SRX6821925,,RNA-Seq,cDNA,TRANSCRIPTOMIC,PAIRED,0,0,ILLUMINA,Illumina NovaSeq 6000,SRP221152,PRJNA564629,3,564629,SRS5364501,SAMN12718260,simple,9606,Homo sapiens,GSM4071523,,,,,,,no,,,,,GEO,SRA959162,,public,A3E83EBA37A956CD158BF2E6D02A162C,6E7BDBEECC0D4A03E37065572F28EB9A
SRR10089257,2021-01-01 11:59:36,2019-09-11 15:41:12,76760178,23181573756,76760178,302,6585,,https://sra-downloadb.be-md.ncbi.nlm.nih.gov/sos5/sra-pub-zq-16/SRR010/10089/SRR10089257/SRR10089257.lite.1,SRX6821926,,RNA-Seq,cDNA,TRANSCRIPTOMIC,PAIRED,0,0,ILLUMINA,Illumina NovaSeq 6000,SRP221152,PRJNA564629,3,564629,SRS5364502,SAMN12718259,simple,9606,Homo sapiens,GSM4071524,,,,,,,no,,,,,GEO,SRA959162,,public,4C69F536D97D25212EB4D850763B78BD,EB1A20A1C83BBB346EFD1B86F3291246
SRR10089258,2021-01-01 11:59:36,2019-09-11 15:38:16,80284307,24245860714,80284307,302,7098,,https://sra-downloadb.be-md.ncbi.nlm.nih.gov/sos5/sra-pub-zq-16/SRR010/10089/SRR10089258/SRR10089258.lite.1,SRX6821927,,RNA-Seq,cDNA,TRANSCRIPTOMIC,PAIRED,0,0,ILLUMINA,Illumina NovaSeq 6000,SRP221152,PRJNA564629,3,564629,SRS5364503,SAMN12718258,simple,9606,Homo sapiens,GSM4071525,,,,,,,no,,,,,GEO,SRA959162,,public,2B1D93A9CCCE67CDF58D9E2B15D43B9E,D38803651050786FF90B3D1B1CF02F6C
SRR10089259,2021-01-01 11:59:36,2019-09-11 15:51:42,90858110,27439149220,90858110,302,8016,,https://sra-downloadb.be-md.ncbi.nlm.nih.gov/sos5/sra-pub-zq-16/SRR010/10089/SRR10089259/SRR10089259.lite.1,SRX6821928,,RNA-Seq,cDNA,TRANSCRIPTOMIC,PAIRED,0,0,ILLUMINA,Illumina NovaSeq 6000,SRP221152,PRJNA564629,3,564629,SRS5364504,SAMN12718257,simple,9606,Homo sapiens,GSM4071526,,,,,,,no,,,,,GEO,SRA959162,,public,D9E3B3D7EAB23DF4B65F73B80342220C,0F9A375A72058EF2A26A085FCAD3C23A
SRR10089260,2021-01-01 11:59:36,2019-09-11 15:30:27,73380431,22160890162,73380431,302,6497,,https://sra-downloadb.be-md.ncbi.nlm.nih.gov/sos5/sra-pub-zq-16/SRR010/10089/SRR10089260/SRR10089260.lite.1,SRX6821929,,RNA-Seq,cDNA,TRANSCRIPTOMIC,PAIRED,0,0,ILLUMINA,Illumina NovaSeq 6000,SRP221152,PRJNA564629,3,564629,SRS5364505,SAMN12718256,simple,9606,Homo sapiens,GSM4071527,,,,,,,no,,,,,GEO,SRA959162,,public,E4A68521851ACA1BA9735B294A0D5662,D995574656EBA1074DE3BE0712FB70DA
