stringId_A	stringId_B	preferredName_A	preferredName_B	ncbiTaxonId	score	nscore	fscore	pscore	ascore	escore	dscore	tscore
9606.ENSP00000006053	9606.ENSP00000369581	CX3CL1	IFNB1	9606	0.495	0	0	0	0	0.0	0.0	0.496
9606.ENSP00000006053	9606.ENSP00000259607	CX3CL1	CCL21	9606	0.507	0	0	0	0	0.0	0.0	0.507
9606.ENSP00000006053	9606.ENSP00000420298	CX3CL1	CD200	9606	0.524	0	0	0	0	0.0	0.0	0.524
9606.ENSP00000006053	9606.ENSP00000354901	CX3CL1	CXCL9	9606	0.56	0	0	0	0	0.0	0.0	0.56
9606.ENSP00000006053	9606.ENSP00000379110	CX3CL1	CXCL1	9606	0.568	0	0	0	0	0.0	0.0	0.568
9606.ENSP00000006053	9606.ENSP00000369554	CX3CL1	IFNA2	9606	0.607	0	0	0	0	0.0	0.0	0.607
9606.ENSP00000006053	9606.ENSP00000474412	CX3CL1	CCL5	9606	0.643	0	0	0	0	0.0	0.0	0.643
9606.ENSP00000006053	9606.ENSP00000292174	CX3CL1	CXCR5	9606	0.65	0	0	0	0	0.0	0.65	0.0
9606.ENSP00000006053	9606.ENSP00000350256	CX3CL1	CCR9	9606	0.65	0	0	0	0	0.0	0.65	0.0
9606.ENSP00000006053	9606.ENSP00000332504	CX3CL1	CCR10	9606	0.65	0	0	0	0	0.0	0.65	0.0
9606.ENSP00000006053	9606.ENSP00000332659	CX3CL1	CCR4	9606	0.65	0	0	0	0	0.0	0.65	0.0
9606.ENSP00000006053	9606.ENSP00000246657	CX3CL1	CCR7	9606	0.741	0	0	0	0	0.0	0.65	0.293
9606.ENSP00000006053	9606.ENSP00000326432	CX3CL1	CCR8	9606	0.762	0	0	0	0	0.0	0.65	0.349
9606.ENSP00000006053	9606.ENSP00000441600	CX3CL1	CCR3	9606	0.762	0	0	0	0	0.0	0.65	0.349
9606.ENSP00000006053	9606.ENSP00000296140	CX3CL1	CCR1	9606	0.764	0	0	0	0	0.0	0.65	0.356
9606.ENSP00000006053	9606.ENSP00000310405	CX3CL1	XCR1	9606	0.766	0	0	0	0	0.0	0.65	0.361
9606.ENSP00000006053	9606.ENSP00000497260	CX3CL1	GNAI1	9606	0.8	0	0	0	0	0.8	0.0	0.0
9606.ENSP00000006053	9606.ENSP00000343952	CX3CL1	CCR6	9606	0.813	0	0	0	0	0.0	0.65	0.49
9606.ENSP00000006053	9606.ENSP00000319635	CX3CL1	CXCR2	9606	0.823	0	0	0	0	0.0	0.65	0.517
9606.ENSP00000006053	9606.ENSP00000395704	CX3CL1	CXCR6	9606	0.895	0	0	0	0	0.0	0.65	0.715
9606.ENSP00000006053	9606.ENSP00000292303	CX3CL1	CCR5	9606	0.918	0	0	0	0	0.0	0.65	0.777
9606.ENSP00000006053	9606.ENSP00000302234	CX3CL1	CCL11	9606	0.957	0	0	0	0	0.0	0.0	0.957
9606.ENSP00000006053	9606.ENSP00000362795	CX3CL1	CXCR3	9606	0.969	0	0	0	0	0.0	0.65	0.916
9606.ENSP00000006053	9606.ENSP00000295683	CX3CL1	CXCR1	9606	0.984	0	0	0	0	0.0	0.65	0.958
9606.ENSP00000006053	9606.ENSP00000386884	CX3CL1	CXCR4	9606	0.99	0	0	0	0	0.0	0.65	0.973
9606.ENSP00000006053	9606.ENSP00000292301	CX3CL1	CCR2	9606	0.993	0	0	0	0	0.0	0.65	0.981
9606.ENSP00000006053	9606.ENSP00000351059	CX3CL1	CX3CR1	9606	0.999	0	0	0	0	0.618	0.9	0.983
9606.ENSP00000046794	9606.ENSP00000428056	LCP2	PIK3R1	9606	0.457	0	0	0	0	0.457	0.0	0.0
9606.ENSP00000046794	9606.ENSP00000264316	LCP2	TXK	9606	0.499	0	0	0	0	0.0	0.5	0.0
9606.ENSP00000046794	9606.ENSP00000240618	LCP2	KLRK1	9606	0.499	0	0	0	0	0.0	0.5	0.0
9606.ENSP00000046794	9606.ENSP00000371327	LCP2	KLRC2	9606	0.499	0	0	0	0	0.0	0.5	0.0
9606.ENSP00000046794	9606.ENSP00000354782	LCP2	CD247	9606	0.516	0	0	0	0	0.0	0.5	0.073
9606.ENSP00000046794	9606.ENSP00000428924	LCP2	LYN	9606	0.812	0	0	0	0	0.292	0.5	0.514
9606.ENSP00000046794	9606.ENSP00000262629	LCP2	TYROBP	9606	0.864	0	0	0	0	0.0	0.5	0.741
9606.ENSP00000046794	9606.ENSP00000370912	LCP2	TEC	9606	0.9	0	0	0	0	0.0	0.9	0.0
9606.ENSP00000046794	9606.ENSP00000346671	LCP2	FYN	9606	0.965	0	0	0	0	0.292	0.5	0.911
9606.ENSP00000046794	9606.ENSP00000224337	LCP2	BLNK	9606	0.985	0	0	0	0	0.0	0.9	0.859
9606.ENSP00000046794	9606.ENSP00000482457	LCP2	PLCG2	9606	0.986	0	0	0	0	0.0	0.9	0.869
9606.ENSP00000046794	9606.ENSP00000477713	LCP2	LCK	9606	0.987	0	0	0	0	0.457	0.5	0.957
9606.ENSP00000046794	9606.ENSP00000364898	LCP2	SYK	9606	0.991	0	0	0	0	0.292	0.5	0.977
9606.ENSP00000046794	9606.ENSP00000360916	LCP2	VAV2	9606	0.991	0	0	0	0	0.0	0.9	0.917
9606.ENSP00000046794	9606.ENSP00000378845	LCP2	LAT	9606	0.993	0	0	0	0	0.457	0.5	0.979
9606.ENSP00000046794	9606.ENSP00000483570	LCP2	BTK	9606	0.996	0	0	0	0	0.0	0.9	0.962
9606.ENSP00000046794	9606.ENSP00000359073	LCP2	VAV3	9606	0.997	0	0	0	0	0.0	0.9	0.979
9606.ENSP00000046794	9606.ENSP00000472929	LCP2	VAV1	9606	0.998	0	0	0	0	0.457	0.9	0.982
9606.ENSP00000046794	9606.ENSP00000339186	LCP2	GRAP2	9606	0.999	0	0	0	0	0.705	0.9	0.982
9606.ENSP00000215794	9606.ENSP00000270139	USP18	IFNAR1	9606	0.418	0	0	0	0	0.0	0.0	0.419
9606.ENSP00000215794	9606.ENSP00000315768	USP18	STAT2	9606	0.68	0	0	0	0	0.457	0.0	0.436
9606.ENSP00000215794	9606.ENSP00000343957	USP18	IFNAR2	9606	0.998	0	0	0	0	0.457	0.9	0.981
9606.ENSP00000219235	9606.ENSP00000259607	CCL22	CCL21	9606	0.442	0	0	0	0	0.0	0.0	0.442
9606.ENSP00000219235	9606.ENSP00000308815	CCL22	CCL19	9606	0.445	0	0	0	0	0.0	0.0	0.445
9606.ENSP00000219235	9606.ENSP00000482259	CCL22	CCL4	9606	0.566	0	0	0	0	0.0	0.0	0.566
9606.ENSP00000219235	9606.ENSP00000319635	CCL22	CXCR2	9606	0.651	0	0	0	0	0.0	0.65	0.045
9606.ENSP00000219235	9606.ENSP00000350256	CCL22	CCR9	9606	0.651	0	0	0	0	0.0	0.65	0.045
9606.ENSP00000219235	9606.ENSP00000395704	CCL22	CXCR6	9606	0.651	0	0	0	0	0.0	0.65	0.045
9606.ENSP00000219235	9606.ENSP00000310405	CCL22	XCR1	9606	0.651	0	0	0	0	0.0	0.65	0.045
9606.ENSP00000219235	9606.ENSP00000305651	CCL22	CXCL10	9606	0.656	0	0	0	0	0.0	0.0	0.656
9606.ENSP00000219235	9606.ENSP00000226524	CCL22	PF4V1	9606	0.734	0	0	0	0	0.734	0.0	0.0
9606.ENSP00000219235	9606.ENSP00000292174	CCL22	CXCR5	9606	0.741	0	0	0	0	0.0	0.65	0.291
9606.ENSP00000219235	9606.ENSP00000351059	CCL22	CX3CR1	9606	0.755	0	0	0	0	0.0	0.65	0.33
9606.ENSP00000219235	9606.ENSP00000295683	CCL22	CXCR1	9606	0.757	0	0	0	0	0.0	0.65	0.336
9606.ENSP00000219235	9606.ENSP00000362795	CCL22	CXCR3	9606	0.764	0	0	0	0	0.0	0.65	0.353
9606.ENSP00000219235	9606.ENSP00000343952	CCL22	CCR6	9606	0.851	0	0	0	0	0.0	0.65	0.593
9606.ENSP00000219235	9606.ENSP00000296140	CCL22	CCR1	9606	0.884	0	0	0	0	0.0	0.65	0.683
9606.ENSP00000219235	9606.ENSP00000474412	CCL22	CCL5	9606	0.9	0	0	0	0	0.0	0.9	0.0
9606.ENSP00000219235	9606.ENSP00000332504	CCL22	CCR10	9606	0.922	0	0	0	0	0.0	0.65	0.787
9606.ENSP00000219235	9606.ENSP00000292303	CCL22	CCR5	9606	0.932	0	0	0	0	0.0	0.65	0.813
9606.ENSP00000219235	9606.ENSP00000219244	CCL22	CCL17	9606	0.932	0	0	0	0	0.0	0.9	0.35
9606.ENSP00000219235	9606.ENSP00000386884	CCL22	CXCR4	9606	0.937	0	0	0	0	0.0	0.65	0.828
9606.ENSP00000219235	9606.ENSP00000416996	CCL22	ACKR2	9606	0.947	0	0	0	0	0.0	0.5	0.899
9606.ENSP00000219235	9606.ENSP00000246657	CCL22	CCR7	9606	0.954	0	0	0	0	0.0	0.65	0.876
9606.ENSP00000219235	9606.ENSP00000292301	CCL22	CCR2	9606	0.967	0	0	0	0	0.0	0.65	0.91
9606.ENSP00000219235	9606.ENSP00000332659	CCL22	CCR4	9606	0.983	0	0	0	0	0.287	0.65	0.938
9606.ENSP00000219235	9606.ENSP00000441600	CCL22	CCR3	9606	0.984	0	0	0	0	0.0	0.65	0.956
9606.ENSP00000219235	9606.ENSP00000326432	CCL22	CCR8	9606	0.988	0	0	0	0	0.0	0.65	0.969
9606.ENSP00000219244	9606.ENSP00000319635	CCL17	CXCR2	9606	0.651	0	0	0	0	0.0	0.65	0.045
9606.ENSP00000219244	9606.ENSP00000351059	CCL17	CX3CR1	9606	0.651	0	0	0	0	0.0	0.65	0.045
9606.ENSP00000219244	9606.ENSP00000310405	CCL17	XCR1	9606	0.654	0	0	0	0	0.0	0.65	0.052
9606.ENSP00000219244	9606.ENSP00000350256	CCL17	CCR9	9606	0.658	0	0	0	0	0.0	0.65	0.064
9606.ENSP00000219244	9606.ENSP00000395704	CCL17	CXCR6	9606	0.659	0	0	0	0	0.0	0.65	0.068
9606.ENSP00000219244	9606.ENSP00000482259	CCL17	CCL4	9606	0.697	0	0	0	0	0.0	0.0	0.697
9606.ENSP00000219244	9606.ENSP00000295683	CCL17	CXCR1	9606	0.71	0	0	0	0	0.0	0.65	0.206
9606.ENSP00000219244	9606.ENSP00000296029	CCL17	PF4	9606	0.734	0	0	0	0	0.734	0.0	0.0
9606.ENSP00000219244	9606.ENSP00000354416	CCL17	CCL28	9606	0.734	0	0	0	0	0.734	0.0	0.0
9606.ENSP00000219244	9606.ENSP00000337065	CCL17	CXCL14	9606	0.734	0	0	0	0	0.734	0.0	0.0
9606.ENSP00000219244	9606.ENSP00000472467	CCL17	CXCL17	9606	0.734	0	0	0	0	0.734	0.0	0.0
9606.ENSP00000219244	9606.ENSP00000292174	CCL17	CXCR5	9606	0.777	0	0	0	0	0.0	0.65	0.39
9606.ENSP00000219244	9606.ENSP00000259607	CCL17	CCL21	9606	0.792	0	0	0	0	0.734	0.0	0.252
9606.ENSP00000219244	9606.ENSP00000375086	CCL17	CCL25	9606	0.793	0	0	0	0	0.734	0.0	0.256
9606.ENSP00000219244	9606.ENSP00000378365	CCL17	CCL26	9606	0.827	0	0	0	0	0.734	0.0	0.377
9606.ENSP00000219244	9606.ENSP00000386884	CCL17	CXCR4	9606	0.829	0	0	0	0	0.0	0.65	0.533
9606.ENSP00000219244	9606.ENSP00000246657	CCL17	CCR7	9606	0.834	0	0	0	0	0.0	0.65	0.546
9606.ENSP00000219244	9606.ENSP00000362795	CCL17	CXCR3	9606	0.834	0	0	0	0	0.0	0.65	0.547
9606.ENSP00000219244	9606.ENSP00000292301	CCL17	CCR2	9606	0.87	0	0	0	0	0.0	0.65	0.646
9606.ENSP00000219244	9606.ENSP00000296140	CCL17	CCR1	9606	0.87	0	0	0	0	0.0	0.65	0.646
9606.ENSP00000219244	9606.ENSP00000343952	CCL17	CCR6	9606	0.916	0	0	0	0	0.0	0.65	0.771
9606.ENSP00000219244	9606.ENSP00000441600	CCL17	CCR3	9606	0.95	0	0	0	0	0.0	0.65	0.865
9606.ENSP00000219244	9606.ENSP00000292303	CCL17	CCR5	9606	0.953	0	0	0	0	0.322	0.65	0.82
9606.ENSP00000219244	9606.ENSP00000416996	CCL17	ACKR2	9606	0.977	0	0	0	0	0.0	0.5	0.956
9606.ENSP00000219244	9606.ENSP00000332659	CCL17	CCR4	9606	0.977	0	0	0	0	0.483	0.65	0.883
9606.ENSP00000219244	9606.ENSP00000474412	CCL17	CCL5	9606	0.981	0	0	0	0	0.734	0.9	0.372
9606.ENSP00000219244	9606.ENSP00000332504	CCL17	CCR10	9606	0.982	0	0	0	0	0.0	0.65	0.951
9606.ENSP00000219244	9606.ENSP00000326432	CCL17	CCR8	9606	0.994	0	0	0	0	0.287	0.65	0.979
9606.ENSP00000222139	9606.ENSP00000501150	EPOR	PIK3CB	9606	0.499	0	0	0	0	0.0	0.5	0.0
9606.ENSP00000222139	9606.ENSP00000482457	EPOR	PLCG2	9606	0.598	0	0	0	0	0.23	0.5	0.0
9606.ENSP00000222139	9606.ENSP00000405338	EPOR	INPP5D	9606	0.659	0	0	0	0	0.457	0.0	0.398
9606.ENSP00000222139	9606.ENSP00000428056	EPOR	PIK3R1	9606	0.716	0	0	0	0	0.457	0.5	0.0
9606.ENSP00000222139	9606.ENSP00000472929	EPOR	VAV1	9606	0.763	0	0	0	0	0.292	0.5	0.385
9606.ENSP00000222139	9606.ENSP00000431885	EPOR	TYK2	9606	0.766	0	0	0	0	0.0	0.65	0.361
9606.ENSP00000222139	9606.ENSP00000428924	EPOR	LYN	9606	0.852	0	0	0	0	0.292	0.8	0.0
9606.ENSP00000222139	9606.ENSP00000499900	EPOR	JAK1	9606	0.932	0	0	0	0	0.0	0.8	0.677
9606.ENSP00000222139	9606.ENSP00000371067	EPOR	JAK2	9606	0.999	0	0	0	0	0.943	0.8	0.981
9606.ENSP00000222254	9606.ENSP00000332049	PIK3R2	CD86	9606	0.4	0	0	0	0	0.0	0.4	0.0
9606.ENSP00000222254	9606.ENSP00000499900	PIK3R2	JAK1	9606	0.4	0	0	0	0	0.0	0.4	0.0
9606.ENSP00000222254	9606.ENSP00000371067	PIK3R2	JAK2	9606	0.4	0	0	0	0	0.0	0.4	0.0
9606.ENSP00000222254	9606.ENSP00000477713	PIK3R2	LCK	9606	0.434	0	0	0	0	0.096	0.4	0.0
9606.ENSP00000222254	9606.ENSP00000358165	PIK3R2	FCGR1A	9606	0.499	0	0	0	0	0.0	0.5	0.0
9606.ENSP00000222254	9606.ENSP00000262629	PIK3R2	TYROBP	9606	0.499	0	0	0	0	0.0	0.5	0.0
9606.ENSP00000222254	9606.ENSP00000354782	PIK3R2	CD247	9606	0.499	0	0	0	0	0.0	0.5	0.0
9606.ENSP00000222254	9606.ENSP00000356946	PIK3R2	FCGR3A	9606	0.499	0	0	0	0	0.0	0.5	0.0
9606.ENSP00000222254	9606.ENSP00000371327	PIK3R2	KLRC2	9606	0.499	0	0	0	0	0.0	0.5	0.0
9606.ENSP00000222254	9606.ENSP00000240618	PIK3R2	KLRK1	9606	0.499	0	0	0	0	0.0	0.5	0.0
9606.ENSP00000222254	9606.ENSP00000428924	PIK3R2	LYN	9606	0.54	0	0	0	0	0.118	0.5	0.0
9606.ENSP00000222254	9606.ENSP00000346671	PIK3R2	FYN	9606	0.557	0	0	0	0	0.292	0.4	0.0
9606.ENSP00000222254	9606.ENSP00000496577	PIK3R2	SOCS1	9606	0.599	0	0	0	0	0.166	0.54	0.0
9606.ENSP00000222254	9606.ENSP00000364898	PIK3R2	SYK	9606	0.763	0	0	0	0	0.23	0.5	0.435
9606.ENSP00000222254	9606.ENSP00000482457	PIK3R2	PLCG2	9606	0.9	0	0	0	0	0.0	0.9	0.0
9606.ENSP00000222254	9606.ENSP00000428056	PIK3R2	PIK3R1	9606	0.998	0	0	0	0	0.669	0.9	0.957
9606.ENSP00000222254	9606.ENSP00000501150	PIK3R2	PIK3CB	9606	0.999	0	0	0	0	0.766	0.904	0.984
9606.ENSP00000224337	9606.ENSP00000339186	BLNK	GRAP2	9606	0.457	0	0	0	0	0.457	0.0	0.0
9606.ENSP00000224337	9606.ENSP00000461269	BLNK	SCIMP	9606	0.534	0	0	0	0	0.292	0.0	0.369
9606.ENSP00000224337	9606.ENSP00000313419	BLNK	CD19	9606	0.794	0	0	0	0	0.0	0.0	0.794
9606.ENSP00000224337	9606.ENSP00000370912	BLNK	TEC	9606	0.9	0	0	0	0	0.0	0.9	0.042
9606.ENSP00000224337	9606.ENSP00000360916	BLNK	VAV2	9606	0.926	0	0	0	0	0.0	0.9	0.291
9606.ENSP00000224337	9606.ENSP00000359073	BLNK	VAV3	9606	0.926	0	0	0	0	0.292	0.9	0.0
9606.ENSP00000224337	9606.ENSP00000428924	BLNK	LYN	9606	0.941	0	0	0	0	0.292	0.0	0.921
9606.ENSP00000224337	9606.ENSP00000364898	BLNK	SYK	9606	0.993	0	0	0	0	0.457	0.4	0.981
9606.ENSP00000224337	9606.ENSP00000472929	BLNK	VAV1	9606	0.998	0	0	0	0	0.292	0.9	0.979
9606.ENSP00000224337	9606.ENSP00000482457	BLNK	PLCG2	9606	0.998	0	0	0	0	0.292	0.9	0.982
9606.ENSP00000224337	9606.ENSP00000483570	BLNK	BTK	9606	0.999	0	0	0	0	0.524	0.9	0.982
9606.ENSP00000225831	9606.ENSP00000354394	CCL2	STAT1	9606	0.447	0	0	0	0	0.0	0.0	0.447
9606.ENSP00000225831	9606.ENSP00000482259	CCL2	CCL4	9606	0.53	0	0	0	0	0.292	0.0	0.364
9606.ENSP00000225831	9606.ENSP00000499900	CCL2	JAK1	9606	0.558	0	0	0	0	0.0	0.0	0.558
9606.ENSP00000225831	9606.ENSP00000351671	CCL2	CCL20	9606	0.633	0	0	0	0	0.0	0.0	0.633
9606.ENSP00000225831	9606.ENSP00000292174	CCL2	CXCR5	9606	0.713	0	0	0	0	0.0	0.65	0.215
9606.ENSP00000225831	9606.ENSP00000350256	CCL2	CCR9	9606	0.73	0	0	0	0	0.0	0.65	0.261
9606.ENSP00000225831	9606.ENSP00000306512	CCL2	CXCL8	9606	0.734	0	0	0	0	0.734	0.0	0.0
9606.ENSP00000225831	9606.ENSP00000472467	CCL2	CXCL17	9606	0.734	0	0	0	0	0.734	0.0	0.0
9606.ENSP00000225831	9606.ENSP00000310405	CCL2	XCR1	9606	0.753	0	0	0	0	0.0	0.65	0.324
9606.ENSP00000225831	9606.ENSP00000286758	CCL2	CXCL13	9606	0.76	0	0	0	0	0.734	0.0	0.138
9606.ENSP00000225831	9606.ENSP00000395704	CCL2	CXCR6	9606	0.78	0	0	0	0	0.0	0.65	0.397
9606.ENSP00000225831	9606.ENSP00000483330	CCL2	CCL4L2	9606	0.782	0	0	0	0	0.734	0.0	0.216
9606.ENSP00000225831	9606.ENSP00000367832	CCL2	CCL7	9606	0.784	0	0	0	0	0.0	0.0	0.784
9606.ENSP00000225831	9606.ENSP00000484078	CCL2	CCL15	9606	0.785	0	0	0	0	0.734	0.0	0.227
9606.ENSP00000225831	9606.ENSP00000497260	CCL2	GNAI1	9606	0.8	0	0	0	0	0.8	0.0	0.0
9606.ENSP00000225831	9606.ENSP00000354901	CCL2	CXCL9	9606	0.801	0	0	0	0	0.734	0.0	0.284
9606.ENSP00000225831	9606.ENSP00000296029	CCL2	PF4	9606	0.804	0	0	0	0	0.734	0.0	0.296
9606.ENSP00000225831	9606.ENSP00000378365	CCL2	CCL26	9606	0.808	0	0	0	0	0.734	0.0	0.309
9606.ENSP00000225831	9606.ENSP00000225844	CCL2	CCL13	9606	0.813	0	0	0	0	0.292	0.0	0.748
9606.ENSP00000225831	9606.ENSP00000326432	CCL2	CCR8	9606	0.821	0	0	0	0	0.0	0.65	0.509
9606.ENSP00000225831	9606.ENSP00000332504	CCL2	CCR10	9606	0.836	0	0	0	0	0.0	0.65	0.552
9606.ENSP00000225831	9606.ENSP00000332659	CCL2	CCR4	9606	0.886	0	0	0	0	0.0	0.65	0.689
9606.ENSP00000225831	9606.ENSP00000302234	CCL2	CCL11	9606	0.904	0	0	0	0	0.734	0.0	0.656
9606.ENSP00000225831	9606.ENSP00000246657	CCL2	CCR7	9606	0.906	0	0	0	0	0.0	0.65	0.745
9606.ENSP00000225831	9606.ENSP00000474412	CCL2	CCL5	9606	0.96	0	0	0	0	0.734	0.0	0.858
9606.ENSP00000225831	9606.ENSP00000378118	CCL2	CCL8	9606	0.962	0	0	0	0	0.734	0.0	0.865
9606.ENSP00000225831	9606.ENSP00000416996	CCL2	ACKR2	9606	0.97	0	0	0	0	0.0	0.5	0.944
9606.ENSP00000225831	9606.ENSP00000295683	CCL2	CXCR1	9606	0.989	0	0	0	0	0.0	0.65	0.97
9606.ENSP00000225831	9606.ENSP00000351059	CCL2	CX3CR1	9606	0.991	0	0	0	0	0.0	0.65	0.977
9606.ENSP00000225831	9606.ENSP00000343952	CCL2	CCR6	9606	0.992	0	0	0	0	0.0	0.65	0.978
9606.ENSP00000225831	9606.ENSP00000319635	CCL2	CXCR2	9606	0.992	0	0	0	0	0.0	0.65	0.98
9606.ENSP00000225831	9606.ENSP00000386884	CCL2	CXCR4	9606	0.993	0	0	0	0	0.0	0.65	0.981
9606.ENSP00000225831	9606.ENSP00000362795	CCL2	CXCR3	9606	0.993	0	0	0	0	0.0	0.65	0.982
9606.ENSP00000225831	9606.ENSP00000296140	CCL2	CCR1	9606	0.995	0	0	0	0	0.287	0.65	0.982
9606.ENSP00000225831	9606.ENSP00000292303	CCL2	CCR5	9606	0.996	0	0	0	0	0.287	0.65	0.987
9606.ENSP00000225831	9606.ENSP00000441600	CCL2	CCR3	9606	0.996	0	0	0	0	0.292	0.65	0.987
9606.ENSP00000225831	9606.ENSP00000292301	CCL2	CCR2	9606	0.999	0	0	0	0	0.943	0.65	0.987
9606.ENSP00000225842	9606.ENSP00000416996	CCL1	ACKR2	9606	0.629	0	0	0	0	0.0	0.0	0.629
9606.ENSP00000225842	9606.ENSP00000362795	CCL1	CXCR3	9606	0.65	0	0	0	0	0.0	0.65	0.0
9606.ENSP00000225842	9606.ENSP00000386884	CCL1	CXCR4	9606	0.65	0	0	0	0	0.0	0.65	0.0
9606.ENSP00000225842	9606.ENSP00000292174	CCL1	CXCR5	9606	0.65	0	0	0	0	0.0	0.65	0.0
9606.ENSP00000225842	9606.ENSP00000295683	CCL1	CXCR1	9606	0.65	0	0	0	0	0.0	0.65	0.0
9606.ENSP00000225842	9606.ENSP00000332659	CCL1	CCR4	9606	0.65	0	0	0	0	0.0	0.65	0.0
9606.ENSP00000225842	9606.ENSP00000395704	CCL1	CXCR6	9606	0.683	0	0	0	0	0.0	0.65	0.133
9606.ENSP00000225842	9606.ENSP00000246657	CCL1	CCR7	9606	0.699	0	0	0	0	0.0	0.65	0.176
9606.ENSP00000225842	9606.ENSP00000351059	CCL1	CX3CR1	9606	0.725	0	0	0	0	0.0	0.65	0.248
9606.ENSP00000225842	9606.ENSP00000306884	CCL1	CXCL11	9606	0.734	0	0	0	0	0.734	0.0	0.0
9606.ENSP00000225842	9606.ENSP00000332504	CCL1	CCR10	9606	0.735	0	0	0	0	0.0	0.65	0.275
9606.ENSP00000225842	9606.ENSP00000310405	CCL1	XCR1	9606	0.743	0	0	0	0	0.0	0.65	0.298
9606.ENSP00000225842	9606.ENSP00000441600	CCL1	CCR3	9606	0.793	0	0	0	0	0.0	0.65	0.435
9606.ENSP00000225842	9606.ENSP00000350256	CCL1	CCR9	9606	0.816	0	0	0	0	0.0	0.65	0.498
9606.ENSP00000225842	9606.ENSP00000292301	CCL1	CCR2	9606	0.863	0	0	0	0	0.0	0.65	0.626
9606.ENSP00000225842	9606.ENSP00000319635	CCL1	CXCR2	9606	0.871	0	0	0	0	0.0	0.65	0.649
9606.ENSP00000225842	9606.ENSP00000343952	CCL1	CCR6	9606	0.899	0	0	0	0	0.0	0.65	0.724
9606.ENSP00000225842	9606.ENSP00000296140	CCL1	CCR1	9606	0.936	0	0	0	0	0.287	0.65	0.767
9606.ENSP00000225842	9606.ENSP00000292303	CCL1	CCR5	9606	0.951	0	0	0	0	0.0	0.65	0.866
9606.ENSP00000225842	9606.ENSP00000326432	CCL1	CCR8	9606	0.999	0	0	0	0	0.287	0.9	0.987
9606.ENSP00000225844	9606.ENSP00000295683	CCL13	CXCR1	9606	0.651	0	0	0	0	0.0	0.65	0.045
9606.ENSP00000225844	9606.ENSP00000326432	CCL13	CCR8	9606	0.651	0	0	0	0	0.0	0.65	0.045
9606.ENSP00000225844	9606.ENSP00000332504	CCL13	CCR10	9606	0.651	0	0	0	0	0.0	0.65	0.045
9606.ENSP00000225844	9606.ENSP00000319635	CCL13	CXCR2	9606	0.651	0	0	0	0	0.0	0.65	0.045
9606.ENSP00000225844	9606.ENSP00000343952	CCL13	CCR6	9606	0.651	0	0	0	0	0.0	0.65	0.045
9606.ENSP00000225844	9606.ENSP00000310405	CCL13	XCR1	9606	0.651	0	0	0	0	0.0	0.65	0.045
9606.ENSP00000225844	9606.ENSP00000395704	CCL13	CXCR6	9606	0.651	0	0	0	0	0.0	0.65	0.045
9606.ENSP00000225844	9606.ENSP00000386884	CCL13	CXCR4	9606	0.651	0	0	0	0	0.0	0.65	0.045
9606.ENSP00000225844	9606.ENSP00000332659	CCL13	CCR4	9606	0.671	0	0	0	0	0.0	0.65	0.099
9606.ENSP00000225844	9606.ENSP00000246657	CCL13	CCR7	9606	0.684	0	0	0	0	0.0	0.65	0.134
9606.ENSP00000225844	9606.ENSP00000356792	CCL13	XCL1	9606	0.734	0	0	0	0	0.734	0.0	0.0
9606.ENSP00000225844	9606.ENSP00000379140	CCL13	CXCL12	9606	0.734	0	0	0	0	0.734	0.0	0.0
9606.ENSP00000225844	9606.ENSP00000354901	CCL13	CXCL9	9606	0.734	0	0	0	0	0.734	0.0	0.0
9606.ENSP00000225844	9606.ENSP00000400533	CCL13	CCL24	9606	0.734	0	0	0	0	0.734	0.0	0.0
9606.ENSP00000225844	9606.ENSP00000296029	CCL13	PF4	9606	0.734	0	0	0	0	0.734	0.0	0.0
9606.ENSP00000225844	9606.ENSP00000296028	CCL13	PPBP	9606	0.734	0	0	0	0	0.734	0.0	0.0
9606.ENSP00000225844	9606.ENSP00000337065	CCL13	CXCL14	9606	0.734	0	0	0	0	0.734	0.0	0.0
9606.ENSP00000225844	9606.ENSP00000472467	CCL13	CXCL17	9606	0.734	0	0	0	0	0.734	0.0	0.0
9606.ENSP00000225844	9606.ENSP00000354416	CCL13	CCL28	9606	0.734	0	0	0	0	0.734	0.0	0.0
9606.ENSP00000225844	9606.ENSP00000259607	CCL13	CCL21	9606	0.734	0	0	0	0	0.734	0.0	0.0
9606.ENSP00000225844	9606.ENSP00000378365	CCL13	CCL26	9606	0.734	0	0	0	0	0.734	0.0	0.0
9606.ENSP00000225844	9606.ENSP00000305651	CCL13	CXCL10	9606	0.734	0	0	0	0	0.734	0.0	0.0
9606.ENSP00000225844	9606.ENSP00000306884	CCL13	CXCL11	9606	0.734	0	0	0	0	0.734	0.0	0.0
9606.ENSP00000225844	9606.ENSP00000302234	CCL13	CCL11	9606	0.738	0	0	0	0	0.734	0.0	0.059
9606.ENSP00000225844	9606.ENSP00000474412	CCL13	CCL5	9606	0.743	0	0	0	0	0.734	0.0	0.077
9606.ENSP00000225844	9606.ENSP00000292174	CCL13	CXCR5	9606	0.751	0	0	0	0	0.0	0.65	0.317
9606.ENSP00000225844	9606.ENSP00000350256	CCL13	CCR9	9606	0.762	0	0	0	0	0.0	0.65	0.349
9606.ENSP00000225844	9606.ENSP00000351059	CCL13	CX3CR1	9606	0.769	0	0	0	0	0.0	0.65	0.367
9606.ENSP00000225844	9606.ENSP00000362795	CCL13	CXCR3	9606	0.824	0	0	0	0	0.287	0.65	0.354
9606.ENSP00000225844	9606.ENSP00000416996	CCL13	ACKR2	9606	0.83	0	0	0	0	0.292	0.0	0.769
9606.ENSP00000225844	9606.ENSP00000378118	CCL13	CCL8	9606	0.859	0	0	0	0	0.734	0.0	0.494
9606.ENSP00000225844	9606.ENSP00000296140	CCL13	CCR1	9606	0.986	0	0	0	0	0.0	0.65	0.964
9606.ENSP00000225844	9606.ENSP00000292303	CCL13	CCR5	9606	0.991	0	0	0	0	0.287	0.65	0.97
9606.ENSP00000225844	9606.ENSP00000441600	CCL13	CCR3	9606	0.994	0	0	0	0	0.0	0.7	0.982
9606.ENSP00000225844	9606.ENSP00000292301	CCL13	CCR2	9606	0.995	0	0	0	0	0.287	0.7	0.982
9606.ENSP00000226317	9606.ENSP00000472467	CXCL6	CXCL17	9606	0.437	0	0	0	0	0.0	0.0	0.437
9606.ENSP00000226317	9606.ENSP00000343952	CXCL6	CCR6	9606	0.65	0	0	0	0	0.0	0.65	0.0
9606.ENSP00000226317	9606.ENSP00000395704	CXCL6	CXCR6	9606	0.65	0	0	0	0	0.0	0.65	0.0
9606.ENSP00000226317	9606.ENSP00000350256	CXCL6	CCR9	9606	0.65	0	0	0	0	0.0	0.65	0.0
9606.ENSP00000226317	9606.ENSP00000332659	CXCL6	CCR4	9606	0.65	0	0	0	0	0.0	0.65	0.0
9606.ENSP00000226317	9606.ENSP00000326432	CXCL6	CCR8	9606	0.65	0	0	0	0	0.0	0.65	0.0
9606.ENSP00000226317	9606.ENSP00000310405	CXCL6	XCR1	9606	0.65	0	0	0	0	0.0	0.65	0.0
9606.ENSP00000226317	9606.ENSP00000292174	CXCL6	CXCR5	9606	0.65	0	0	0	0	0.0	0.65	0.0
9606.ENSP00000226317	9606.ENSP00000246657	CXCL6	CCR7	9606	0.65	0	0	0	0	0.0	0.65	0.0
9606.ENSP00000226317	9606.ENSP00000332504	CXCL6	CCR10	9606	0.65	0	0	0	0	0.0	0.65	0.0
9606.ENSP00000226317	9606.ENSP00000292301	CXCL6	CCR2	9606	0.651	0	0	0	0	0.0	0.65	0.044
9606.ENSP00000226317	9606.ENSP00000351059	CXCL6	CX3CR1	9606	0.651	0	0	0	0	0.0	0.65	0.044
9606.ENSP00000226317	9606.ENSP00000293778	CXCL6	CXCL16	9606	0.661	0	0	0	0	0.0	0.0	0.661
9606.ENSP00000226317	9606.ENSP00000292303	CXCL6	CCR5	9606	0.662	0	0	0	0	0.0	0.65	0.074
9606.ENSP00000226317	9606.ENSP00000386884	CXCL6	CXCR4	9606	0.675	0	0	0	0	0.0	0.65	0.112
9606.ENSP00000226317	9606.ENSP00000362795	CXCL6	CXCR3	9606	0.72	0	0	0	0	0.0	0.65	0.233
9606.ENSP00000226317	9606.ENSP00000378118	CXCL6	CCL8	9606	0.734	0	0	0	0	0.734	0.0	0.0
9606.ENSP00000226317	9606.ENSP00000302234	CXCL6	CCL11	9606	0.734	0	0	0	0	0.734	0.0	0.0
9606.ENSP00000226317	9606.ENSP00000367832	CXCL6	CCL7	9606	0.734	0	0	0	0	0.734	0.0	0.0
9606.ENSP00000226317	9606.ENSP00000441600	CXCL6	CCR3	9606	0.734	0	0	0	0	0.0	0.65	0.272
9606.ENSP00000226317	9606.ENSP00000296140	CXCL6	CCR1	9606	0.734	0	0	0	0	0.0	0.65	0.273
9606.ENSP00000226317	9606.ENSP00000379140	CXCL6	CXCL12	9606	0.734	0	0	0	0	0.734	0.0	0.0
9606.ENSP00000226317	9606.ENSP00000306512	CXCL6	CXCL8	9606	0.741	0	0	0	0	0.0	0.4	0.587
9606.ENSP00000226317	9606.ENSP00000305651	CXCL6	CXCL10	9606	0.778	0	0	0	0	0.734	0.0	0.2
9606.ENSP00000226317	9606.ENSP00000474412	CXCL6	CCL5	9606	0.821	0	0	0	0	0.734	0.0	0.355
9606.ENSP00000226317	9606.ENSP00000296029	CXCL6	PF4	9606	0.833	0	0	0	0	0.734	0.4	0.0
9606.ENSP00000226317	9606.ENSP00000296028	CXCL6	PPBP	9606	0.833	0	0	0	0	0.734	0.4	0.0
9606.ENSP00000226317	9606.ENSP00000296026	CXCL6	CXCL3	9606	0.847	0	0	0	0	0.734	0.4	0.119
9606.ENSP00000226317	9606.ENSP00000427279	CXCL6	CXCL2	9606	0.87	0	0	0	0	0.734	0.4	0.254
9606.ENSP00000226317	9606.ENSP00000379110	CXCL6	CXCL1	9606	0.888	0	0	0	0	0.734	0.4	0.36
9606.ENSP00000226317	9606.ENSP00000296027	CXCL6	CXCL5	9606	0.9	0	0	0	0	0.0	0.9	0.0
9606.ENSP00000226317	9606.ENSP00000319635	CXCL6	CXCR2	9606	0.993	0	0	0	0	0.0	0.65	0.983
9606.ENSP00000226317	9606.ENSP00000295683	CXCL6	CXCR1	9606	0.994	0	0	0	0	0.0	0.7	0.983
9606.ENSP00000226524	9606.ENSP00000296028	PF4V1	PPBP	9606	0.41	0	0	0	0	0.0	0.0	0.411
9606.ENSP00000226524	9606.ENSP00000441600	PF4V1	CCR3	9606	0.65	0	0	0	0	0.0	0.65	0.0
9606.ENSP00000226524	9606.ENSP00000343952	PF4V1	CCR6	9606	0.65	0	0	0	0	0.0	0.65	0.0
9606.ENSP00000226524	9606.ENSP00000292303	PF4V1	CCR5	9606	0.65	0	0	0	0	0.0	0.65	0.0
9606.ENSP00000226524	9606.ENSP00000350256	PF4V1	CCR9	9606	0.65	0	0	0	0	0.0	0.65	0.0
9606.ENSP00000226524	9606.ENSP00000351059	PF4V1	CX3CR1	9606	0.65	0	0	0	0	0.0	0.65	0.0
9606.ENSP00000226524	9606.ENSP00000296140	PF4V1	CCR1	9606	0.65	0	0	0	0	0.0	0.65	0.0
9606.ENSP00000226524	9606.ENSP00000326432	PF4V1	CCR8	9606	0.65	0	0	0	0	0.0	0.65	0.0
9606.ENSP00000226524	9606.ENSP00000310405	PF4V1	XCR1	9606	0.65	0	0	0	0	0.0	0.65	0.0
9606.ENSP00000226524	9606.ENSP00000292174	PF4V1	CXCR5	9606	0.65	0	0	0	0	0.0	0.65	0.0
9606.ENSP00000226524	9606.ENSP00000332659	PF4V1	CCR4	9606	0.65	0	0	0	0	0.0	0.65	0.0
9606.ENSP00000226524	9606.ENSP00000246657	PF4V1	CCR7	9606	0.65	0	0	0	0	0.0	0.65	0.0
9606.ENSP00000226524	9606.ENSP00000292301	PF4V1	CCR2	9606	0.65	0	0	0	0	0.0	0.65	0.0
9606.ENSP00000226524	9606.ENSP00000395704	PF4V1	CXCR6	9606	0.65	0	0	0	0	0.0	0.65	0.0
9606.ENSP00000226524	9606.ENSP00000332504	PF4V1	CCR10	9606	0.65	0	0	0	0	0.0	0.65	0.0
9606.ENSP00000226524	9606.ENSP00000295683	PF4V1	CXCR1	9606	0.651	0	0	0	0	0.0	0.65	0.046
9606.ENSP00000226524	9606.ENSP00000319635	PF4V1	CXCR2	9606	0.66	0	0	0	0	0.0	0.65	0.071
9606.ENSP00000226524	9606.ENSP00000386884	PF4V1	CXCR4	9606	0.661	0	0	0	0	0.0	0.65	0.072
9606.ENSP00000226524	9606.ENSP00000375086	PF4V1	CCL25	9606	0.734	0	0	0	0	0.734	0.0	0.0
9606.ENSP00000226524	9606.ENSP00000259607	PF4V1	CCL21	9606	0.734	0	0	0	0	0.734	0.0	0.0
9606.ENSP00000226524	9606.ENSP00000356792	PF4V1	XCL1	9606	0.734	0	0	0	0	0.734	0.0	0.0
9606.ENSP00000226524	9606.ENSP00000259631	PF4V1	CCL27	9606	0.734	0	0	0	0	0.734	0.0	0.0
9606.ENSP00000226524	9606.ENSP00000308815	PF4V1	CCL19	9606	0.734	0	0	0	0	0.734	0.0	0.0
9606.ENSP00000226524	9606.ENSP00000356793	PF4V1	XCL2	9606	0.734	0	0	0	0	0.734	0.0	0.0
9606.ENSP00000226524	9606.ENSP00000302234	PF4V1	CCL11	9606	0.734	0	0	0	0	0.734	0.0	0.0
9606.ENSP00000226524	9606.ENSP00000483330	PF4V1	CCL4L2	9606	0.734	0	0	0	0	0.734	0.0	0.0
9606.ENSP00000226524	9606.ENSP00000354416	PF4V1	CCL28	9606	0.734	0	0	0	0	0.734	0.0	0.0
9606.ENSP00000226524	9606.ENSP00000379140	PF4V1	CXCL12	9606	0.734	0	0	0	0	0.734	0.0	0.0
9606.ENSP00000226524	9606.ENSP00000378365	PF4V1	CCL26	9606	0.734	0	0	0	0	0.734	0.0	0.0
9606.ENSP00000226524	9606.ENSP00000474412	PF4V1	CCL5	9606	0.763	0	0	0	0	0.0	0.0	0.763
9606.ENSP00000226524	9606.ENSP00000354901	PF4V1	CXCL9	9606	0.9	0	0	0	0	0.0	0.9	0.0
9606.ENSP00000226524	9606.ENSP00000296029	PF4V1	PF4	9606	0.915	0	0	0	0	0.0	0.9	0.19
9606.ENSP00000226524	9606.ENSP00000286758	PF4V1	CXCL13	9606	0.972	0	0	0	0	0.734	0.9	0.0
9606.ENSP00000226524	9606.ENSP00000305651	PF4V1	CXCL10	9606	0.972	0	0	0	0	0.734	0.9	0.0
9606.ENSP00000226524	9606.ENSP00000306884	PF4V1	CXCL11	9606	0.972	0	0	0	0	0.734	0.9	0.0
9606.ENSP00000226524	9606.ENSP00000362795	PF4V1	CXCR3	9606	0.986	0	0	0	0	0.0	0.65	0.964
9606.ENSP00000228887	9606.ENSP00000482259	GPRC5D	CCL4	9606	0.494	0	0	0	0	0.095	0.0	0.464
9606.ENSP00000229402	9606.ENSP00000354782	KLRB1	CD247	9606	0.404	0	0	0	0	0.0	0.0	0.404
9606.ENSP00000229402	9606.ENSP00000477713	KLRB1	LCK	9606	0.412	0	0	0	0	0.0	0.0	0.413
9606.ENSP00000229402	9606.ENSP00000262629	KLRB1	TYROBP	9606	0.416	0	0	0	0	0.0	0.0	0.416
9606.ENSP00000229402	9606.ENSP00000240618	KLRB1	KLRK1	9606	0.901	0	0	0	0	0.0	0.9	0.056
9606.ENSP00000229708	9606.ENSP00000246551	ULBP1	HCST	9606	0.499	0	0	0	0	0.0	0.5	0.0
9606.ENSP00000229708	9606.ENSP00000291890	ULBP1	NCR1	9606	0.73	0	0	0	0	0.0	0.0	0.73
9606.ENSP00000229708	9606.ENSP00000356320	ULBP1	ULBP2	9606	0.9	0	0	0	0	0.0	0.9	0.0
9606.ENSP00000229708	9606.ENSP00000356308	ULBP1	ULBP3	9606	0.958	0	0	0	0	0.603	0.9	0.0
9606.ENSP00000229708	9606.ENSP00000240618	ULBP1	KLRK1	9606	0.995	0	0	0	0	0.405	0.5	0.986
9606.ENSP00000234961	9606.ENSP00000497260	OPRD1	GNAI1	9606	0.9	0	0	0	0	0.9	0.0	0.0
9606.ENSP00000239347	9606.ENSP00000356713	IFNA7	IFNGR1	9606	0.404	0	0	0	0	0.0	0.0	0.404
9606.ENSP00000239347	9606.ENSP00000431885	IFNA7	TYK2	9606	0.499	0	0	0	0	0.0	0.5	0.0
9606.ENSP00000239347	9606.ENSP00000499900	IFNA7	JAK1	9606	0.499	0	0	0	0	0.0	0.5	0.0
9606.ENSP00000239347	9606.ENSP00000354394	IFNA7	STAT1	9606	0.499	0	0	0	0	0.0	0.5	0.0
9606.ENSP00000239347	9606.ENSP00000315768	IFNA7	STAT2	9606	0.499	0	0	0	0	0.0	0.5	0.0
9606.ENSP00000239347	9606.ENSP00000496577	IFNA7	SOCS1	9606	0.499	0	0	0	0	0.0	0.5	0.0
9606.ENSP00000239347	9606.ENSP00000343957	IFNA7	IFNAR2	9606	0.558	0	0	0	0	0.0	0.5	0.154
9606.ENSP00000239347	9606.ENSP00000369564	IFNA7	IFNA16	9606	0.61	0	0	0	0	0.61	0.0	0.0
9606.ENSP00000239347	9606.ENSP00000270139	IFNA7	IFNAR1	9606	0.747	0	0	0	0	0.0	0.5	0.516
9606.ENSP00000240618	9606.ENSP00000332049	KLRK1	CD86	9606	0.475	0	0	0	0	0.0	0.0	0.475
9606.ENSP00000240618	9606.ENSP00000364898	KLRK1	SYK	9606	0.499	0	0	0	0	0.0	0.5	0.0
9606.ENSP00000240618	9606.ENSP00000339186	KLRK1	GRAP2	9606	0.499	0	0	0	0	0.0	0.5	0.0
9606.ENSP00000240618	9606.ENSP00000482457	KLRK1	PLCG2	9606	0.499	0	0	0	0	0.0	0.5	0.0
9606.ENSP00000240618	9606.ENSP00000483570	KLRK1	BTK	9606	0.499	0	0	0	0	0.0	0.5	0.0
9606.ENSP00000240618	9606.ENSP00000501150	KLRK1	PIK3CB	9606	0.499	0	0	0	0	0.0	0.5	0.0
9606.ENSP00000240618	9606.ENSP00000359073	KLRK1	VAV3	9606	0.499	0	0	0	0	0.0	0.5	0.0
9606.ENSP00000240618	9606.ENSP00000477713	KLRK1	LCK	9606	0.499	0	0	0	0	0.0	0.5	0.0
9606.ENSP00000240618	9606.ENSP00000346671	KLRK1	FYN	9606	0.499	0	0	0	0	0.0	0.5	0.0
9606.ENSP00000240618	9606.ENSP00000428056	KLRK1	PIK3R1	9606	0.499	0	0	0	0	0.0	0.5	0.0
9606.ENSP00000240618	9606.ENSP00000360916	KLRK1	VAV2	9606	0.499	0	0	0	0	0.0	0.5	0.0
9606.ENSP00000240618	9606.ENSP00000378845	KLRK1	LAT	9606	0.499	0	0	0	0	0.0	0.5	0.0
9606.ENSP00000240618	9606.ENSP00000289902	KLRK1	FCER1G	9606	0.524	0	0	0	0	0.0	0.0	0.524
9606.ENSP00000240618	9606.ENSP00000354782	KLRK1	CD247	9606	0.567	0	0	0	0	0.0	0.0	0.567
9606.ENSP00000240618	9606.ENSP00000356946	KLRK1	FCGR3A	9606	0.613	0	0	0	0	0.0	0.0	0.613
9606.ENSP00000240618	9606.ENSP00000371327	KLRK1	KLRC2	9606	0.719	0	0	0	0	0.0	0.4	0.551
9606.ENSP00000240618	9606.ENSP00000291890	KLRK1	NCR1	9606	0.857	0	0	0	0	0.0	0.0	0.857
9606.ENSP00000240618	9606.ENSP00000356329	KLRK1	RAET1G	9606	0.974	0	0	0	0	0.483	0.0	0.953
9606.ENSP00000240618	9606.ENSP00000356320	KLRK1	ULBP2	9606	0.993	0	0	0	0	0.549	0.0	0.986
9606.ENSP00000240618	9606.ENSP00000252229	KLRK1	MICB	9606	0.993	0	0	0	0	0.0	0.5	0.987
9606.ENSP00000240618	9606.ENSP00000262629	KLRK1	TYROBP	9606	0.994	0	0	0	0	0.041	0.7	0.981
9606.ENSP00000240618	9606.ENSP00000356310	KLRK1	RAET1L	9606	0.995	0	0	0	0	0.96	0.0	0.885
9606.ENSP00000240618	9606.ENSP00000349709	KLRK1	RAET1E	9606	0.996	0	0	0	0	0.746	0.5	0.977
9606.ENSP00000240618	9606.ENSP00000246551	KLRK1	HCST	9606	0.998	0	0	0	0	0.457	0.9	0.982
9606.ENSP00000240618	9606.ENSP00000356308	KLRK1	ULBP3	9606	0.999	0	0	0	0	0.96	0.5	0.985
9606.ENSP00000240618	9606.ENSP00000413079	KLRK1	MICA	9606	0.999	0	0	0	0	0.96	0.5	0.987
9606.ENSP00000241256	9606.ENSP00000359532	GHSR	NTSR1	9606	0.516	0	0	0	0	0.0	0.0	0.516
9606.ENSP00000241256	9606.ENSP00000497260	GHSR	GNAI1	9606	0.9	0	0	0	0	0.9	0.0	0.0
9606.ENSP00000246551	9606.ENSP00000354782	HCST	CD247	9606	0.469	0	0	0	0	0.0	0.0	0.469
9606.ENSP00000246551	9606.ENSP00000413079	HCST	MICA	9606	0.499	0	0	0	0	0.0	0.5	0.0
9606.ENSP00000246551	9606.ENSP00000349709	HCST	RAET1E	9606	0.499	0	0	0	0	0.0	0.5	0.0
9606.ENSP00000246551	9606.ENSP00000356308	HCST	ULBP3	9606	0.499	0	0	0	0	0.0	0.5	0.0
9606.ENSP00000246551	9606.ENSP00000262629	HCST	TYROBP	9606	0.636	0	0	0	0	0.041	0.0	0.636
9606.ENSP00000246551	9606.ENSP00000252229	HCST	MICB	9606	0.652	0	0	0	0	0.0	0.5	0.333
9606.ENSP00000246551	9606.ENSP00000364898	HCST	SYK	9606	0.755	0	0	0	0	0.0	0.0	0.755
9606.ENSP00000246551	9606.ENSP00000472929	HCST	VAV1	9606	0.804	0	0	0	0	0.0	0.0	0.804
9606.ENSP00000246657	9606.ENSP00000351059	CCR7	CX3CR1	9606	0.44	0	0	0	0	0.0	0.0	0.44
9606.ENSP00000246657	9606.ENSP00000319635	CCR7	CXCR2	9606	0.467	0	0	0	0	0.0	0.0	0.467
9606.ENSP00000246657	9606.ENSP00000295683	CCR7	CXCR1	9606	0.499	0	0	0	0	0.0	0.0	0.499
9606.ENSP00000246657	9606.ENSP00000343952	CCR7	CCR6	9606	0.561	0	0	0	0	0.0	0.0	0.561
9606.ENSP00000246657	9606.ENSP00000350256	CCR7	CCR9	9606	0.582	0	0	0	0	0.0	0.0	0.582
9606.ENSP00000246657	9606.ENSP00000326432	CCR7	CCR8	9606	0.619	0	0	0	0	0.0	0.0	0.619
9606.ENSP00000246657	9606.ENSP00000337065	CCR7	CXCL14	9606	0.65	0	0	0	0	0.0	0.65	0.0
9606.ENSP00000246657	9606.ENSP00000378365	CCR7	CCL26	9606	0.65	0	0	0	0	0.0	0.65	0.0
9606.ENSP00000246657	9606.ENSP00000354416	CCR7	CCL28	9606	0.65	0	0	0	0	0.0	0.65	0.0
9606.ENSP00000246657	9606.ENSP00000296029	CCR7	PF4	9606	0.65	0	0	0	0	0.0	0.65	0.0
9606.ENSP00000246657	9606.ENSP00000484078	CCR7	CCL15	9606	0.65	0	0	0	0	0.0	0.65	0.0
9606.ENSP00000246657	9606.ENSP00000302234	CCR7	CCL11	9606	0.651	0	0	0	0	0.0	0.65	0.045
9606.ENSP00000246657	9606.ENSP00000478024	CCR7	CCL16	9606	0.651	0	0	0	0	0.0	0.65	0.045
9606.ENSP00000246657	9606.ENSP00000332504	CCR7	CCR10	9606	0.659	0	0	0	0	0.0	0.0	0.659
9606.ENSP00000246657	9606.ENSP00000306512	CCR7	CXCL8	9606	0.665	0	0	0	0	0.0	0.65	0.082
9606.ENSP00000246657	9606.ENSP00000479955	CCR7	CCL18	9606	0.665	0	0	0	0	0.0	0.65	0.082
9606.ENSP00000246657	9606.ENSP00000395704	CCR7	CXCR6	9606	0.683	0	0	0	0	0.0	0.0	0.683
9606.ENSP00000246657	9606.ENSP00000356793	CCR7	XCL2	9606	0.699	0	0	0	0	0.0	0.65	0.176
9606.ENSP00000246657	9606.ENSP00000296028	CCR7	PPBP	9606	0.7	0	0	0	0	0.0	0.65	0.178
9606.ENSP00000246657	9606.ENSP00000367832	CCR7	CCL7	9606	0.726	0	0	0	0	0.0	0.65	0.25
9606.ENSP00000246657	9606.ENSP00000306884	CCR7	CXCL11	9606	0.749	0	0	0	0	0.0	0.65	0.312
9606.ENSP00000246657	9606.ENSP00000293778	CCR7	CXCL16	9606	0.756	0	0	0	0	0.0	0.65	0.334
9606.ENSP00000246657	9606.ENSP00000379110	CCR7	CXCL1	9606	0.757	0	0	0	0	0.0	0.65	0.335
9606.ENSP00000246657	9606.ENSP00000296027	CCR7	CXCL5	9606	0.78	0	0	0	0	0.0	0.65	0.398
9606.ENSP00000246657	9606.ENSP00000378118	CCR7	CCL8	9606	0.788	0	0	0	0	0.0	0.65	0.42
9606.ENSP00000246657	9606.ENSP00000480558	CCR7	CCL3L1	9606	0.795	0	0	0	0	0.0	0.65	0.438
9606.ENSP00000246657	9606.ENSP00000483330	CCR7	CCL4L2	9606	0.796	0	0	0	0	0.0	0.65	0.443
9606.ENSP00000246657	9606.ENSP00000416996	CCR7	ACKR2	9606	0.796	0	0	0	0	0.0	0.0	0.796
9606.ENSP00000246657	9606.ENSP00000292301	CCR7	CCR2	9606	0.798	0	0	0	0	0.0	0.0	0.798
9606.ENSP00000246657	9606.ENSP00000400533	CCR7	CCL24	9606	0.798	0	0	0	0	0.0	0.65	0.448
9606.ENSP00000246657	9606.ENSP00000427279	CCR7	CXCL2	9606	0.817	0	0	0	0	0.0	0.65	0.501
9606.ENSP00000246657	9606.ENSP00000296026	CCR7	CXCL3	9606	0.844	0	0	0	0	0.0	0.65	0.574
9606.ENSP00000246657	9606.ENSP00000477908	CCR7	CCL3	9606	0.857	0	0	0	0	0.0	0.65	0.609
9606.ENSP00000246657	9606.ENSP00000292174	CCR7	CXCR5	9606	0.862	0	0	0	0	0.0	0.0	0.862
9606.ENSP00000246657	9606.ENSP00000305651	CCR7	CXCL10	9606	0.863	0	0	0	0	0.0	0.65	0.626
9606.ENSP00000246657	9606.ENSP00000296140	CCR7	CCR1	9606	0.869	0	0	0	0	0.0	0.0	0.869
9606.ENSP00000246657	9606.ENSP00000354901	CCR7	CXCL9	9606	0.877	0	0	0	0	0.0	0.65	0.665
9606.ENSP00000246657	9606.ENSP00000441600	CCR7	CCR3	9606	0.88	0	0	0	0	0.0	0.0	0.88
9606.ENSP00000246657	9606.ENSP00000356792	CCR7	XCL1	9606	0.881	0	0	0	0	0.0	0.65	0.675
9606.ENSP00000246657	9606.ENSP00000292303	CCR7	CCR5	9606	0.882	0	0	0	0	0.0	0.0	0.882
9606.ENSP00000246657	9606.ENSP00000386884	CCR7	CXCR4	9606	0.895	0	0	0	0	0.0	0.0	0.895
9606.ENSP00000246657	9606.ENSP00000259631	CCR7	CCL27	9606	0.937	0	0	0	0	0.0	0.65	0.829
9606.ENSP00000246657	9606.ENSP00000474412	CCR7	CCL5	9606	0.962	0	0	0	0	0.0	0.65	0.897
9606.ENSP00000246657	9606.ENSP00000482259	CCR7	CCL4	9606	0.982	0	0	0	0	0.0	0.65	0.951
9606.ENSP00000246657	9606.ENSP00000351671	CCR7	CCL20	9606	0.984	0	0	0	0	0.0	0.65	0.958
9606.ENSP00000246657	9606.ENSP00000375086	CCR7	CCL25	9606	0.985	0	0	0	0	0.0	0.65	0.961
9606.ENSP00000246657	9606.ENSP00000286758	CCR7	CXCL13	9606	0.99	0	0	0	0	0.0	0.65	0.975
9606.ENSP00000246657	9606.ENSP00000379140	CCR7	CXCL12	9606	0.993	0	0	0	0	0.0	0.65	0.983
9606.ENSP00000246657	9606.ENSP00000308815	CCR7	CCL19	9606	0.995	0	0	0	0	0.287	0.7	0.982
9606.ENSP00000246657	9606.ENSP00000259607	CCR7	CCL21	9606	0.996	0	0	0	0	0.437	0.7	0.982
9606.ENSP00000252229	9606.ENSP00000291890	MICB	NCR1	9606	0.87	0	0	0	0	0.0	0.0	0.87
9606.ENSP00000252229	9606.ENSP00000413079	MICB	MICA	9606	0.91	0	0	0	0	0.139	0.9	0.0
9606.ENSP00000252575	9606.ENSP00000480132	NCAN	NCAM1	9606	0.951	0	0	0	0	0.292	0.9	0.374
9606.ENSP00000253719	9606.ENSP00000356792	NAPSA	XCL1	9606	0.408	0	0	0	0	0.0	0.0	0.408
9606.ENSP00000255008	9606.ENSP00000350198	SSTR4	SSTR2	9606	0.443	0	0	0	0	0.0	0.4	0.111
9606.ENSP00000255008	9606.ENSP00000497260	SSTR4	GNAI1	9606	0.9	0	0	0	0	0.9	0.0	0.0
9606.ENSP00000257068	9606.ENSP00000497260	MTNR1B	GNAI1	9606	0.922	0	0	0	0	0.919	0.0	0.072
9606.ENSP00000257068	9606.ENSP00000302811	MTNR1B	MTNR1A	9606	0.926	0	0	0	0	0.292	0.9	0.0
9606.ENSP00000259607	9606.ENSP00000369581	CCL21	IFNB1	9606	0.527	0	0	0	0	0.0	0.0	0.527
9606.ENSP00000259607	9606.ENSP00000302234	CCL21	CCL11	9606	0.554	0	0	0	0	0.0	0.0	0.554
9606.ENSP00000259607	9606.ENSP00000310405	CCL21	XCR1	9606	0.651	0	0	0	0	0.0	0.65	0.045
9606.ENSP00000259607	9606.ENSP00000332659	CCL21	CCR4	9606	0.659	0	0	0	0	0.0	0.65	0.068
9606.ENSP00000259607	9606.ENSP00000286758	CCL21	CXCL13	9606	0.686	0	0	0	0	0.0	0.0	0.686
9606.ENSP00000259607	9606.ENSP00000354416	CCL21	CCL28	9606	0.734	0	0	0	0	0.734	0.0	0.0
9606.ENSP00000259607	9606.ENSP00000472467	CCL21	CXCL17	9606	0.734	0	0	0	0	0.734	0.0	0.0
9606.ENSP00000259607	9606.ENSP00000306884	CCL21	CXCL11	9606	0.734	0	0	0	0	0.734	0.0	0.0
9606.ENSP00000259607	9606.ENSP00000427279	CCL21	CXCL2	9606	0.734	0	0	0	0	0.734	0.0	0.0
9606.ENSP00000259607	9606.ENSP00000296028	CCL21	PPBP	9606	0.734	0	0	0	0	0.734	0.0	0.0
9606.ENSP00000259607	9606.ENSP00000296029	CCL21	PF4	9606	0.734	0	0	0	0	0.734	0.0	0.0
9606.ENSP00000259607	9606.ENSP00000356792	CCL21	XCL1	9606	0.742	0	0	0	0	0.734	0.0	0.072
9606.ENSP00000259607	9606.ENSP00000441600	CCL21	CCR3	9606	0.75	0	0	0	0	0.0	0.65	0.317
9606.ENSP00000259607	9606.ENSP00000378365	CCL21	CCL26	9606	0.772	0	0	0	0	0.734	0.0	0.179
9606.ENSP00000259607	9606.ENSP00000356793	CCL21	XCL2	9606	0.783	0	0	0	0	0.734	0.0	0.221
9606.ENSP00000259607	9606.ENSP00000337065	CCL21	CXCL14	9606	0.795	0	0	0	0	0.734	0.0	0.263
9606.ENSP00000259607	9606.ENSP00000395704	CCL21	CXCR6	9606	0.798	0	0	0	0	0.0	0.65	0.448
9606.ENSP00000259607	9606.ENSP00000326432	CCL21	CCR8	9606	0.804	0	0	0	0	0.0	0.65	0.463
9606.ENSP00000259607	9606.ENSP00000474412	CCL21	CCL5	9606	0.81	0	0	0	0	0.734	0.0	0.315
9606.ENSP00000259607	9606.ENSP00000400533	CCL21	CCL24	9606	0.812	0	0	0	0	0.734	0.0	0.323
9606.ENSP00000259607	9606.ENSP00000305651	CCL21	CXCL10	9606	0.817	0	0	0	0	0.734	0.0	0.341
9606.ENSP00000259607	9606.ENSP00000343952	CCL21	CCR6	9606	0.853	0	0	0	0	0.0	0.65	0.599
9606.ENSP00000259607	9606.ENSP00000354901	CCL21	CXCL9	9606	0.855	0	0	0	0	0.734	0.0	0.48
9606.ENSP00000259607	9606.ENSP00000296140	CCL21	CCR1	9606	0.86	0	0	0	0	0.0	0.65	0.617
9606.ENSP00000259607	9606.ENSP00000292301	CCL21	CCR2	9606	0.862	0	0	0	0	0.0	0.65	0.622
9606.ENSP00000259607	9606.ENSP00000319635	CCL21	CXCR2	9606	0.875	0	0	0	0	0.0	0.65	0.659
9606.ENSP00000259607	9606.ENSP00000332504	CCL21	CCR10	9606	0.878	0	0	0	0	0.0	0.65	0.666
9606.ENSP00000259607	9606.ENSP00000295683	CCL21	CXCR1	9606	0.89	0	0	0	0	0.0	0.65	0.701
9606.ENSP00000259607	9606.ENSP00000379140	CCL21	CXCL12	9606	0.923	0	0	0	0	0.734	0.0	0.723
9606.ENSP00000259607	9606.ENSP00000292303	CCL21	CCR5	9606	0.929	0	0	0	0	0.0	0.65	0.806
9606.ENSP00000259607	9606.ENSP00000416996	CCL21	ACKR2	9606	0.96	0	0	0	0	0.0	0.0	0.96
9606.ENSP00000259607	9606.ENSP00000351059	CCL21	CX3CR1	9606	0.964	0	0	0	0	0.0	0.65	0.901
9606.ENSP00000259607	9606.ENSP00000350256	CCL21	CCR9	9606	0.964	0	0	0	0	0.0	0.65	0.902
9606.ENSP00000259607	9606.ENSP00000292174	CCL21	CXCR5	9606	0.978	0	0	0	0	0.0	0.65	0.94
9606.ENSP00000259607	9606.ENSP00000308815	CCL21	CCL19	9606	0.988	0	0	0	0	0.0	0.9	0.891
9606.ENSP00000259607	9606.ENSP00000362795	CCL21	CXCR3	9606	0.988	0	0	0	0	0.0	0.65	0.968
9606.ENSP00000259607	9606.ENSP00000386884	CCL21	CXCR4	9606	0.993	0	0	0	0	0.0	0.65	0.982
9606.ENSP00000259631	9606.ENSP00000375086	CCL27	CCL25	9606	0.497	0	0	0	0	0.0	0.0	0.497
9606.ENSP00000259631	9606.ENSP00000367832	CCL27	CCL7	9606	0.539	0	0	0	0	0.0	0.0	0.539
9606.ENSP00000259631	9606.ENSP00000400533	CCL27	CCL24	9606	0.552	0	0	0	0	0.0	0.0	0.552
9606.ENSP00000259631	9606.ENSP00000441600	CCL27	CCR3	9606	0.65	0	0	0	0	0.0	0.65	0.0
9606.ENSP00000259631	9606.ENSP00000351059	CCL27	CX3CR1	9606	0.65	0	0	0	0	0.0	0.65	0.0
9606.ENSP00000259631	9606.ENSP00000310405	CCL27	XCR1	9606	0.65	0	0	0	0	0.0	0.65	0.0
9606.ENSP00000259631	9606.ENSP00000319635	CCL27	CXCR2	9606	0.65	0	0	0	0	0.0	0.65	0.0
9606.ENSP00000259631	9606.ENSP00000386884	CCL27	CXCR4	9606	0.65	0	0	0	0	0.0	0.65	0.0
9606.ENSP00000259631	9606.ENSP00000395704	CCL27	CXCR6	9606	0.65	0	0	0	0	0.0	0.65	0.0
9606.ENSP00000259631	9606.ENSP00000362795	CCL27	CXCR3	9606	0.661	0	0	0	0	0.0	0.65	0.073
9606.ENSP00000259631	9606.ENSP00000326432	CCL27	CCR8	9606	0.681	0	0	0	0	0.0	0.65	0.128
9606.ENSP00000259631	9606.ENSP00000474412	CCL27	CCL5	9606	0.734	0	0	0	0	0.734	0.0	0.0
9606.ENSP00000259631	9606.ENSP00000302234	CCL27	CCL11	9606	0.734	0	0	0	0	0.734	0.0	0.0
9606.ENSP00000259631	9606.ENSP00000295683	CCL27	CXCR1	9606	0.754	0	0	0	0	0.0	0.65	0.327
9606.ENSP00000259631	9606.ENSP00000292303	CCL27	CCR5	9606	0.767	0	0	0	0	0.0	0.65	0.364
9606.ENSP00000259631	9606.ENSP00000292174	CCL27	CXCR5	9606	0.772	0	0	0	0	0.0	0.65	0.376
9606.ENSP00000259631	9606.ENSP00000296140	CCL27	CCR1	9606	0.781	0	0	0	0	0.0	0.65	0.402
9606.ENSP00000259631	9606.ENSP00000350256	CCL27	CCR9	9606	0.788	0	0	0	0	0.0	0.65	0.421
9606.ENSP00000259631	9606.ENSP00000292301	CCL27	CCR2	9606	0.798	0	0	0	0	0.0	0.65	0.447
9606.ENSP00000259631	9606.ENSP00000332659	CCL27	CCR4	9606	0.821	0	0	0	0	0.0	0.65	0.509
9606.ENSP00000259631	9606.ENSP00000343952	CCL27	CCR6	9606	0.858	0	0	0	0	0.0	0.65	0.612
9606.ENSP00000259631	9606.ENSP00000354416	CCL27	CCL28	9606	0.9	0	0	0	0	0.0	0.9	0.0
9606.ENSP00000259631	9606.ENSP00000416996	CCL27	ACKR2	9606	0.982	0	0	0	0	0.0	0.0	0.982
9606.ENSP00000259631	9606.ENSP00000332504	CCL27	CCR10	9606	0.994	0	0	0	0	0.0	0.7	0.982
9606.ENSP00000262629	9606.ENSP00000477713	TYROBP	LCK	9606	0.499	0	0	0	0	0.0	0.5	0.0
9606.ENSP00000262629	9606.ENSP00000501150	TYROBP	PIK3CB	9606	0.499	0	0	0	0	0.0	0.5	0.0
9606.ENSP00000262629	9606.ENSP00000378845	TYROBP	LAT	9606	0.499	0	0	0	0	0.0	0.5	0.0
9606.ENSP00000262629	9606.ENSP00000360916	TYROBP	VAV2	9606	0.499	0	0	0	0	0.0	0.5	0.0
9606.ENSP00000262629	9606.ENSP00000428056	TYROBP	PIK3R1	9606	0.499	0	0	0	0	0.0	0.5	0.0
9606.ENSP00000262629	9606.ENSP00000346671	TYROBP	FYN	9606	0.499	0	0	0	0	0.0	0.5	0.0
9606.ENSP00000262629	9606.ENSP00000483570	TYROBP	BTK	9606	0.499	0	0	0	0	0.0	0.5	0.0
9606.ENSP00000262629	9606.ENSP00000482457	TYROBP	PLCG2	9606	0.499	0	0	0	0	0.0	0.5	0.0
9606.ENSP00000262629	9606.ENSP00000339186	TYROBP	GRAP2	9606	0.499	0	0	0	0	0.0	0.5	0.0
9606.ENSP00000262629	9606.ENSP00000371505	TYROBP	CLEC6A	9606	0.555	0	0	0	0	0.0	0.0	0.555
9606.ENSP00000262629	9606.ENSP00000359073	TYROBP	VAV3	9606	0.713	0	0	0	0	0.0	0.5	0.45
9606.ENSP00000262629	9606.ENSP00000433642	TYROBP	FCGR3B	9606	0.739	0	0	0	0	0.0	0.0	0.739
9606.ENSP00000262629	9606.ENSP00000405338	TYROBP	INPP5D	9606	0.773	0	0	0	0	0.0	0.0	0.773
9606.ENSP00000262629	9606.ENSP00000356946	TYROBP	FCGR3A	9606	0.834	0	0	0	0	0.0	0.0	0.834
9606.ENSP00000262629	9606.ENSP00000291890	TYROBP	NCR1	9606	0.889	0	0	0	0	0.0	0.0	0.889
9606.ENSP00000262629	9606.ENSP00000371327	TYROBP	KLRC2	9606	0.998	0	0	0	0	0.292	0.9	0.982
9606.ENSP00000262629	9606.ENSP00000364898	TYROBP	SYK	9606	0.999	0	0	0	0	0.886	0.9	0.982
9606.ENSP00000263932	9606.ENSP00000356694	TNFRSF8	FASLG	9606	0.474	0	0	0	0	0.0	0.0	0.474
9606.ENSP00000263932	9606.ENSP00000433642	TNFRSF8	FCGR3B	9606	0.973	0	0	0	0	0.0	0.0	0.973
9606.ENSP00000263932	9606.ENSP00000356946	TNFRSF8	FCGR3A	9606	0.98	0	0	0	0	0.0	0.0	0.98
9606.ENSP00000264316	9606.ENSP00000483570	TXK	BTK	9606	0.4	0	0	0	0	0.0	0.4	0.0
9606.ENSP00000264316	9606.ENSP00000370912	TXK	TEC	9606	0.4	0	0	0	0	0.0	0.4	0.0
9606.ENSP00000264316	9606.ENSP00000360916	TXK	VAV2	9606	0.499	0	0	0	0	0.0	0.5	0.0
9606.ENSP00000264316	9606.ENSP00000482457	TXK	PLCG2	9606	0.499	0	0	0	0	0.0	0.5	0.0
9606.ENSP00000264316	9606.ENSP00000378845	TXK	LAT	9606	0.499	0	0	0	0	0.0	0.5	0.0
9606.ENSP00000264316	9606.ENSP00000364898	TXK	SYK	9606	0.517	0	0	0	0	0.0	0.4	0.229
9606.ENSP00000264316	9606.ENSP00000428924	TXK	LYN	9606	0.631	0	0	0	0	0.0	0.5	0.294
9606.ENSP00000264316	9606.ENSP00000359073	TXK	VAV3	9606	0.632	0	0	0	0	0.0	0.5	0.295
9606.ENSP00000264316	9606.ENSP00000339186	TXK	GRAP2	9606	0.65	0	0	0	0	0.0	0.5	0.33
9606.ENSP00000264316	9606.ENSP00000472929	TXK	VAV1	9606	0.722	0	0	0	0	0.0	0.5	0.467
9606.ENSP00000266718	9606.ENSP00000296585	LUM	ITGA2	9606	0.499	0	0	0	0	0.0	0.5	0.0
9606.ENSP00000266718	9606.ENSP00000480132	LUM	NCAM1	9606	0.526	0	0	0	0	0.0	0.0	0.526
9606.ENSP00000266718	9606.ENSP00000356694	LUM	FASLG	9606	0.64	0	0	0	0	0.0	0.0	0.64
9606.ENSP00000270139	9606.ENSP00000428056	IFNAR1	PIK3R1	9606	0.581	0	0	0	0	0.292	0.0	0.433
9606.ENSP00000270139	9606.ENSP00000480467	IFNAR1	IFNA13	9606	0.688	0	0	0	0	0.0	0.0	0.688
9606.ENSP00000270139	9606.ENSP00000484479	IFNAR1	IFNA5	9606	0.746	0	0	0	0	0.0	0.5	0.514
9606.ENSP00000270139	9606.ENSP00000369574	IFNAR1	IFNA21	9606	0.747	0	0	0	0	0.0	0.5	0.516
9606.ENSP00000270139	9606.ENSP00000369558	IFNAR1	IFNA6	9606	0.747	0	0	0	0	0.0	0.5	0.515
9606.ENSP00000270139	9606.ENSP00000369564	IFNAR1	IFNA16	9606	0.748	0	0	0	0	0.0	0.5	0.517
9606.ENSP00000270139	9606.ENSP00000371067	IFNAR1	JAK2	9606	0.806	0	0	0	0	0.0	0.8	0.073
9606.ENSP00000270139	9606.ENSP00000369571	IFNAR1	IFNA14	9606	0.847	0	0	0	0	0.0	0.5	0.707
9606.ENSP00000270139	9606.ENSP00000369566	IFNAR1	IFNA10	9606	0.848	0	0	0	0	0.0	0.5	0.708
9606.ENSP00000270139	9606.ENSP00000369553	IFNAR1	IFNA8	9606	0.866	0	0	0	0	0.287	0.5	0.655
9606.ENSP00000270139	9606.ENSP00000412897	IFNAR1	IFNA4	9606	0.866	0	0	0	0	0.0	0.5	0.744
9606.ENSP00000270139	9606.ENSP00000411940	IFNAR1	IFNA17	9606	0.885	0	0	0	0	0.0	0.5	0.779
9606.ENSP00000270139	9606.ENSP00000276943	IFNAR1	IFNK	9606	0.9	0	0	0	0	0.0	0.0	0.9
9606.ENSP00000270139	9606.ENSP00000354394	IFNAR1	STAT1	9606	0.913	0	0	0	0	0.292	0.5	0.776
9606.ENSP00000270139	9606.ENSP00000418018	IFNAR1	IFNE	9606	0.921	0	0	0	0	0.0	0.0	0.921
9606.ENSP00000270139	9606.ENSP00000356713	IFNAR1	IFNGR1	9606	0.94	0	0	0	0	0.429	0.9	0.0
9606.ENSP00000270139	9606.ENSP00000369578	IFNAR1	IFNW1	9606	0.946	0	0	0	0	0.946	0.0	0.044
9606.ENSP00000270139	9606.ENSP00000496577	IFNAR1	SOCS1	9606	0.948	0	0	0	0	0.292	0.5	0.865
9606.ENSP00000270139	9606.ENSP00000315768	IFNAR1	STAT2	9606	0.956	0	0	0	0	0.549	0.8	0.559
9606.ENSP00000270139	9606.ENSP00000276927	IFNAR1	IFNA1	9606	0.99	0	0	0	0	0.0	0.5	0.982
9606.ENSP00000270139	9606.ENSP00000369581	IFNAR1	IFNB1	9606	0.996	0	0	0	0	0.643	0.5	0.982
9606.ENSP00000270139	9606.ENSP00000499900	IFNAR1	JAK1	9606	0.998	0	0	0	0	0.362	0.9	0.982
9606.ENSP00000270139	9606.ENSP00000431885	IFNAR1	TYK2	9606	0.999	0	0	0	0	0.943	0.9	0.982
9606.ENSP00000270139	9606.ENSP00000343957	IFNAR1	IFNAR2	9606	0.999	0	0	0	0	0.886	0.9	0.983
9606.ENSP00000270139	9606.ENSP00000369554	IFNAR1	IFNA2	9606	0.999	0	0	0	0	0.96	0.5	0.98
9606.ENSP00000276927	9606.ENSP00000354394	IFNA1	STAT1	9606	0.499	0	0	0	0	0.0	0.5	0.0
9606.ENSP00000276927	9606.ENSP00000496577	IFNA1	SOCS1	9606	0.499	0	0	0	0	0.0	0.5	0.0
9606.ENSP00000276927	9606.ENSP00000369553	IFNA1	IFNA8	9606	0.573	0	0	0	0	0.573	0.0	0.0
9606.ENSP00000276927	9606.ENSP00000315768	IFNA1	STAT2	9606	0.577	0	0	0	0	0.0	0.5	0.19
9606.ENSP00000276927	9606.ENSP00000484479	IFNA1	IFNA5	9606	0.601	0	0	0	0	0.601	0.0	0.0
9606.ENSP00000276927	9606.ENSP00000411940	IFNA1	IFNA17	9606	0.623	0	0	0	0	0.623	0.0	0.0
9606.ENSP00000276927	9606.ENSP00000412897	IFNA1	IFNA4	9606	0.664	0	0	0	0	0.664	0.0	0.0
9606.ENSP00000276927	9606.ENSP00000369571	IFNA1	IFNA14	9606	0.669	0	0	0	0	0.669	0.0	0.0
9606.ENSP00000276927	9606.ENSP00000369574	IFNA1	IFNA21	9606	0.669	0	0	0	0	0.669	0.0	0.0
9606.ENSP00000276927	9606.ENSP00000369558	IFNA1	IFNA6	9606	0.671	0	0	0	0	0.671	0.0	0.0
9606.ENSP00000276927	9606.ENSP00000356713	IFNA1	IFNGR1	9606	0.71	0	0	0	0	0.0	0.0	0.71
9606.ENSP00000276927	9606.ENSP00000306884	IFNA1	CXCL11	9606	0.745	0	0	0	0	0.0	0.0	0.745
9606.ENSP00000276927	9606.ENSP00000276943	IFNA1	IFNK	9606	0.812	0	0	0	0	0.0	0.0	0.812
9606.ENSP00000276927	9606.ENSP00000480467	IFNA1	IFNA13	9606	0.831	0	0	0	0	0.831	0.0	0.0
9606.ENSP00000276927	9606.ENSP00000418018	IFNA1	IFNE	9606	0.87	0	0	0	0	0.0	0.0	0.87
9606.ENSP00000276927	9606.ENSP00000431885	IFNA1	TYK2	9606	0.929	0	0	0	0	0.0	0.5	0.864
9606.ENSP00000276927	9606.ENSP00000499900	IFNA1	JAK1	9606	0.94	0	0	0	0	0.0	0.5	0.886
9606.ENSP00000276927	9606.ENSP00000369581	IFNA1	IFNB1	9606	0.982	0	0	0	0	0.0	0.0	0.982
9606.ENSP00000276927	9606.ENSP00000343957	IFNA1	IFNAR2	9606	0.993	0	0	0	0	0.287	0.5	0.982
9606.ENSP00000276943	9606.ENSP00000369581	IFNK	IFNB1	9606	0.548	0	0	0	0	0.0	0.0	0.548
9606.ENSP00000276943	9606.ENSP00000418018	IFNK	IFNE	9606	0.597	0	0	0	0	0.0	0.0	0.597
9606.ENSP00000276943	9606.ENSP00000343957	IFNK	IFNAR2	9606	0.748	0	0	0	0	0.0	0.0	0.748
9606.ENSP00000284503	9606.ENSP00000377245	NEIL2	KEAP1	9606	0.984	0	0	0	0	0.292	0.0	0.979
9606.ENSP00000286758	9606.ENSP00000296028	CXCL13	PPBP	9606	0.42	0	0	0	0	0.0	0.0	0.42
9606.ENSP00000286758	9606.ENSP00000400533	CXCL13	CCL24	9606	0.431	0	0	0	0	0.0	0.0	0.431
9606.ENSP00000286758	9606.ENSP00000378365	CXCL13	CCL26	9606	0.453	0	0	0	0	0.0	0.0	0.453
9606.ENSP00000286758	9606.ENSP00000296027	CXCL13	CXCL5	9606	0.477	0	0	0	0	0.0	0.0	0.477
9606.ENSP00000286758	9606.ENSP00000482259	CXCL13	CCL4	9606	0.496	0	0	0	0	0.292	0.0	0.318
9606.ENSP00000286758	9606.ENSP00000306512	CXCL13	CXCL8	9606	0.51	0	0	0	0	0.0	0.0	0.51
9606.ENSP00000286758	9606.ENSP00000379110	CXCL13	CXCL1	9606	0.557	0	0	0	0	0.0	0.0	0.557
9606.ENSP00000286758	9606.ENSP00000474412	CXCL13	CCL5	9606	0.611	0	0	0	0	0.0	0.0	0.611
9606.ENSP00000286758	9606.ENSP00000332504	CXCL13	CCR10	9606	0.65	0	0	0	0	0.0	0.65	0.0
9606.ENSP00000286758	9606.ENSP00000441600	CXCL13	CCR3	9606	0.65	0	0	0	0	0.0	0.65	0.0
9606.ENSP00000286758	9606.ENSP00000350256	CXCL13	CCR9	9606	0.65	0	0	0	0	0.0	0.65	0.0
9606.ENSP00000286758	9606.ENSP00000310405	CXCL13	XCR1	9606	0.65	0	0	0	0	0.0	0.65	0.0
9606.ENSP00000286758	9606.ENSP00000332659	CXCL13	CCR4	9606	0.65	0	0	0	0	0.0	0.65	0.0
9606.ENSP00000286758	9606.ENSP00000354416	CXCL13	CCL28	9606	0.734	0	0	0	0	0.734	0.0	0.0
9606.ENSP00000286758	9606.ENSP00000292301	CXCL13	CCR2	9606	0.749	0	0	0	0	0.0	0.65	0.314
9606.ENSP00000286758	9606.ENSP00000483330	CXCL13	CCL4L2	9606	0.759	0	0	0	0	0.734	0.0	0.132
9606.ENSP00000286758	9606.ENSP00000395704	CXCL13	CXCR6	9606	0.766	0	0	0	0	0.0	0.65	0.361
9606.ENSP00000286758	9606.ENSP00000351059	CXCL13	CX3CR1	9606	0.778	0	0	0	0	0.0	0.65	0.393
9606.ENSP00000286758	9606.ENSP00000292303	CXCL13	CCR5	9606	0.79	0	0	0	0	0.0	0.65	0.426
9606.ENSP00000286758	9606.ENSP00000326432	CXCL13	CCR8	9606	0.831	0	0	0	0	0.0	0.65	0.537
9606.ENSP00000286758	9606.ENSP00000296140	CXCL13	CCR1	9606	0.845	0	0	0	0	0.0	0.65	0.576
9606.ENSP00000286758	9606.ENSP00000343952	CXCL13	CCR6	9606	0.897	0	0	0	0	0.0	0.65	0.718
9606.ENSP00000286758	9606.ENSP00000296029	CXCL13	PF4	9606	0.9	0	0	0	0	0.0	0.9	0.0
9606.ENSP00000286758	9606.ENSP00000308815	CXCL13	CCL19	9606	0.907	0	0	0	0	0.0	0.0	0.907
9606.ENSP00000286758	9606.ENSP00000306884	CXCL13	CXCL11	9606	0.942	0	0	0	0	0.0	0.9	0.451
9606.ENSP00000286758	9606.ENSP00000354901	CXCL13	CXCL9	9606	0.973	0	0	0	0	0.0	0.9	0.742
9606.ENSP00000286758	9606.ENSP00000362795	CXCL13	CXCR3	9606	0.973	0	0	0	0	0.292	0.65	0.902
9606.ENSP00000286758	9606.ENSP00000295683	CXCL13	CXCR1	9606	0.974	0	0	0	0	0.0	0.65	0.931
9606.ENSP00000286758	9606.ENSP00000305651	CXCL13	CXCL10	9606	0.977	0	0	0	0	0.0	0.9	0.784
9606.ENSP00000286758	9606.ENSP00000386884	CXCL13	CXCR4	9606	0.992	0	0	0	0	0.0	0.65	0.979
9606.ENSP00000286758	9606.ENSP00000319635	CXCL13	CXCR2	9606	0.993	0	0	0	0	0.0	0.65	0.982
9606.ENSP00000286758	9606.ENSP00000292174	CXCL13	CXCR5	9606	0.998	0	0	0	0	0.0	0.9	0.982
9606.ENSP00000287907	9606.ENSP00000322924	HTR5A	HTR1F	9606	0.4	0	0	0	0	0.0	0.4	0.0
9606.ENSP00000287907	9606.ENSP00000307766	HTR5A	HTR1E	9606	0.41	0	0	0	0	0.0	0.4	0.057
9606.ENSP00000287907	9606.ENSP00000363748	HTR5A	HTR1D	9606	0.48	0	0	0	0	0.0	0.4	0.169
9606.ENSP00000287907	9606.ENSP00000497260	HTR5A	GNAI1	9606	0.9	0	0	0	0	0.9	0.0	0.0
9606.ENSP00000289902	9606.ENSP00000371327	FCER1G	KLRC2	9606	0.404	0	0	0	0	0.0	0.0	0.404
9606.ENSP00000289902	9606.ENSP00000296585	FCER1G	ITGA2	9606	0.487	0	0	0	0	0.0	0.0	0.488
9606.ENSP00000289902	9606.ENSP00000482457	FCER1G	PLCG2	9606	0.499	0	0	0	0	0.0	0.5	0.0
9606.ENSP00000289902	9606.ENSP00000415743	FCER1G	CD36	9606	0.53	0	0	0	0	0.0	0.0	0.53
9606.ENSP00000289902	9606.ENSP00000433277	FCER1G	MS4A1	9606	0.627	0	0	0	0	0.0	0.0	0.627
9606.ENSP00000289902	9606.ENSP00000428924	FCER1G	LYN	9606	0.679	0	0	0	0	0.0	0.5	0.386
9606.ENSP00000289902	9606.ENSP00000358165	FCER1G	FCGR1A	9606	0.887	0	0	0	0	0.345	0.0	0.835
9606.ENSP00000289902	9606.ENSP00000346671	FCER1G	FYN	9606	0.933	0	0	0	0	0.0	0.9	0.365
9606.ENSP00000289902	9606.ENSP00000354782	FCER1G	CD247	9606	0.986	0	0	0	0	0.0	0.9	0.866
9606.ENSP00000289902	9606.ENSP00000291759	FCER1G	LILRA4	9606	0.987	0	0	0	0	0.0	0.9	0.883
9606.ENSP00000289902	9606.ENSP00000433642	FCER1G	FCGR3B	9606	0.997	0	0	0	0	0.0	0.9	0.978
9606.ENSP00000289902	9606.ENSP00000291890	FCER1G	NCR1	9606	0.998	0	0	0	0	0.304	0.9	0.981
9606.ENSP00000289902	9606.ENSP00000356946	FCER1G	FCGR3A	9606	0.998	0	0	0	0	0.0	0.9	0.982
9606.ENSP00000289902	9606.ENSP00000371505	FCER1G	CLEC6A	9606	0.998	0	0	0	0	0.0	0.9	0.981
9606.ENSP00000289902	9606.ENSP00000308782	FCER1G	GP6	9606	0.998	0	0	0	0	0.457	0.9	0.982
9606.ENSP00000289902	9606.ENSP00000364898	FCER1G	SYK	9606	0.999	0	0	0	0	0.886	0.9	0.982
9606.ENSP00000291759	9606.ENSP00000354782	LILRA4	CD247	9606	0.9	0	0	0	0	0.0	0.9	0.0
9606.ENSP00000291759	9606.ENSP00000356946	LILRA4	FCGR3A	9606	0.9	0	0	0	0	0.0	0.9	0.0
9606.ENSP00000291759	9606.ENSP00000364898	LILRA4	SYK	9606	0.9	0	0	0	0	0.0	0.9	0.0
9606.ENSP00000291890	9606.ENSP00000364898	NCR1	SYK	9606	0.436	0	0	0	0	0.0	0.0	0.436
9606.ENSP00000291890	9606.ENSP00000358165	NCR1	FCGR1A	9606	0.499	0	0	0	0	0.0	0.5	0.0
9606.ENSP00000291890	9606.ENSP00000433642	NCR1	FCGR3B	9606	0.542	0	0	0	0	0.0	0.0	0.542
9606.ENSP00000291890	9606.ENSP00000356946	NCR1	FCGR3A	9606	0.825	0	0	0	0	0.0	0.0	0.825
9606.ENSP00000291890	9606.ENSP00000354782	NCR1	CD247	9606	0.998	0	0	0	0	0.292	0.9	0.978
9606.ENSP00000292174	9606.ENSP00000292303	CXCR5	CCR5	9606	0.445	0	0	0	0	0.0	0.0	0.445
9606.ENSP00000292174	9606.ENSP00000296140	CXCR5	CCR1	9606	0.447	0	0	0	0	0.0	0.0	0.447
9606.ENSP00000292174	9606.ENSP00000362795	CXCR5	CXCR3	9606	0.528	0	0	0	0	0.0	0.0	0.528
9606.ENSP00000292174	9606.ENSP00000296029	CXCR5	PF4	9606	0.65	0	0	0	0	0.0	0.65	0.0
9606.ENSP00000292174	9606.ENSP00000427279	CXCR5	CXCL2	9606	0.65	0	0	0	0	0.0	0.65	0.0
9606.ENSP00000292174	9606.ENSP00000356793	CXCR5	XCL2	9606	0.65	0	0	0	0	0.0	0.65	0.0
9606.ENSP00000292174	9606.ENSP00000296026	CXCR5	CXCL3	9606	0.65	0	0	0	0	0.0	0.65	0.0
9606.ENSP00000292174	9606.ENSP00000379110	CXCR5	CXCL1	9606	0.65	0	0	0	0	0.0	0.65	0.0
9606.ENSP00000292174	9606.ENSP00000356792	CXCR5	XCL1	9606	0.65	0	0	0	0	0.0	0.65	0.0
9606.ENSP00000292174	9606.ENSP00000354416	CXCR5	CCL28	9606	0.65	0	0	0	0	0.0	0.65	0.0
9606.ENSP00000292174	9606.ENSP00000378365	CXCR5	CCL26	9606	0.65	0	0	0	0	0.0	0.65	0.0
9606.ENSP00000292174	9606.ENSP00000400533	CXCR5	CCL24	9606	0.651	0	0	0	0	0.0	0.65	0.045
9606.ENSP00000292174	9606.ENSP00000302234	CXCR5	CCL11	9606	0.651	0	0	0	0	0.0	0.65	0.045
9606.ENSP00000292174	9606.ENSP00000378118	CXCR5	CCL8	9606	0.651	0	0	0	0	0.0	0.65	0.045
9606.ENSP00000292174	9606.ENSP00000306512	CXCR5	CXCL8	9606	0.652	0	0	0	0	0.0	0.65	0.047
9606.ENSP00000292174	9606.ENSP00000319635	CXCR5	CXCR2	9606	0.656	0	0	0	0	0.0	0.0	0.656
9606.ENSP00000292174	9606.ENSP00000483330	CXCR5	CCL4L2	9606	0.659	0	0	0	0	0.0	0.65	0.068
9606.ENSP00000292174	9606.ENSP00000367832	CXCR5	CCL7	9606	0.675	0	0	0	0	0.0	0.65	0.11
9606.ENSP00000292174	9606.ENSP00000296028	CXCR5	PPBP	9606	0.701	0	0	0	0	0.0	0.65	0.181
9606.ENSP00000292174	9606.ENSP00000480558	CXCR5	CCL3L1	9606	0.723	0	0	0	0	0.0	0.65	0.242
9606.ENSP00000292174	9606.ENSP00000295683	CXCR5	CXCR1	9606	0.731	0	0	0	0	0.0	0.0	0.731
9606.ENSP00000292174	9606.ENSP00000482259	CXCR5	CCL4	9606	0.74	0	0	0	0	0.287	0.65	0.045
9606.ENSP00000292174	9606.ENSP00000293778	CXCR5	CXCL16	9606	0.749	0	0	0	0	0.0	0.65	0.314
9606.ENSP00000292174	9606.ENSP00000477908	CXCR5	CCL3	9606	0.757	0	0	0	0	0.287	0.65	0.107
9606.ENSP00000292174	9606.ENSP00000484078	CXCR5	CCL15	9606	0.76	0	0	0	0	0.0	0.65	0.344
9606.ENSP00000292174	9606.ENSP00000306884	CXCR5	CXCL11	9606	0.762	0	0	0	0	0.0	0.65	0.348
9606.ENSP00000292174	9606.ENSP00000375086	CXCR5	CCL25	9606	0.77	0	0	0	0	0.0	0.65	0.372
9606.ENSP00000292174	9606.ENSP00000351671	CXCR5	CCL20	9606	0.806	0	0	0	0	0.0	0.65	0.47
9606.ENSP00000292174	9606.ENSP00000337065	CXCR5	CXCL14	9606	0.817	0	0	0	0	0.0	0.65	0.5
9606.ENSP00000292174	9606.ENSP00000296027	CXCR5	CXCL5	9606	0.856	0	0	0	0	0.0	0.65	0.606
9606.ENSP00000292174	9606.ENSP00000479955	CXCR5	CCL18	9606	0.872	0	0	0	0	0.0	0.65	0.649
9606.ENSP00000292174	9606.ENSP00000386884	CXCR5	CXCR4	9606	0.875	0	0	0	0	0.292	0.0	0.831
9606.ENSP00000292174	9606.ENSP00000474412	CXCR5	CCL5	9606	0.895	0	0	0	0	0.287	0.65	0.613
9606.ENSP00000292174	9606.ENSP00000354901	CXCR5	CXCL9	9606	0.916	0	0	0	0	0.0	0.65	0.772
9606.ENSP00000292174	9606.ENSP00000478024	CXCR5	CCL16	9606	0.928	0	0	0	0	0.287	0.65	0.737
9606.ENSP00000292174	9606.ENSP00000305651	CXCR5	CXCL10	9606	0.938	0	0	0	0	0.0	0.65	0.832
9606.ENSP00000292174	9606.ENSP00000308815	CXCR5	CCL19	9606	0.991	0	0	0	0	0.0	0.65	0.975
9606.ENSP00000292174	9606.ENSP00000379140	CXCR5	CXCL12	9606	0.993	0	0	0	0	0.0	0.65	0.982
9606.ENSP00000292301	9606.ENSP00000428924	CCR2	LYN	9606	0.451	0	0	0	0	0.0	0.0	0.451
9606.ENSP00000292301	9606.ENSP00000310447	CCR2	GLS2	9606	0.461	0	0	0	0	0.0	0.0	0.461
9606.ENSP00000292301	9606.ENSP00000351059	CCR2	CX3CR1	9606	0.525	0	0	0	0	0.0	0.0	0.525
9606.ENSP00000292301	9606.ENSP00000350256	CCR2	CCR9	9606	0.558	0	0	0	0	0.0	0.0	0.558
9606.ENSP00000292301	9606.ENSP00000395704	CCR2	CXCR6	9606	0.568	0	0	0	0	0.0	0.0	0.568
9606.ENSP00000292301	9606.ENSP00000337065	CCR2	CXCL14	9606	0.65	0	0	0	0	0.0	0.65	0.0
9606.ENSP00000292301	9606.ENSP00000332504	CCR2	CCR10	9606	0.65	0	0	0	0	0.0	0.0	0.65
9606.ENSP00000292301	9606.ENSP00000296029	CCR2	PF4	9606	0.65	0	0	0	0	0.0	0.65	0.0
9606.ENSP00000292301	9606.ENSP00000479955	CCR2	CCL18	9606	0.651	0	0	0	0	0.0	0.65	0.045
9606.ENSP00000292301	9606.ENSP00000354416	CCR2	CCL28	9606	0.677	0	0	0	0	0.0	0.65	0.116
9606.ENSP00000292301	9606.ENSP00000296026	CCR2	CXCL3	9606	0.677	0	0	0	0	0.0	0.65	0.115
9606.ENSP00000292301	9606.ENSP00000375086	CCR2	CCL25	9606	0.733	0	0	0	0	0.0	0.65	0.269
9606.ENSP00000292301	9606.ENSP00000356793	CCR2	XCL2	9606	0.748	0	0	0	0	0.0	0.65	0.31
9606.ENSP00000292301	9606.ENSP00000480558	CCR2	CCL3L1	9606	0.769	0	0	0	0	0.0	0.65	0.369
9606.ENSP00000292301	9606.ENSP00000356792	CCR2	XCL1	9606	0.772	0	0	0	0	0.0	0.65	0.376
9606.ENSP00000292301	9606.ENSP00000416996	CCR2	ACKR2	9606	0.775	0	0	0	0	0.0	0.0	0.775
9606.ENSP00000292301	9606.ENSP00000484078	CCR2	CCL15	9606	0.777	0	0	0	0	0.0	0.65	0.389
9606.ENSP00000292301	9606.ENSP00000293778	CCR2	CXCL16	9606	0.779	0	0	0	0	0.0	0.65	0.397
9606.ENSP00000292301	9606.ENSP00000483330	CCR2	CCL4L2	9606	0.79	0	0	0	0	0.0	0.65	0.426
9606.ENSP00000292301	9606.ENSP00000326432	CCR2	CCR8	9606	0.815	0	0	0	0	0.0	0.0	0.815
9606.ENSP00000292301	9606.ENSP00000400533	CCR2	CCL24	9606	0.827	0	0	0	0	0.0	0.65	0.527
9606.ENSP00000292301	9606.ENSP00000319635	CCR2	CXCR2	9606	0.833	0	0	0	0	0.0	0.0	0.833
9606.ENSP00000292301	9606.ENSP00000378365	CCR2	CCL26	9606	0.861	0	0	0	0	0.0	0.65	0.619
9606.ENSP00000292301	9606.ENSP00000306884	CCR2	CXCL11	9606	0.877	0	0	0	0	0.0	0.65	0.665
9606.ENSP00000292301	9606.ENSP00000427279	CCR2	CXCL2	9606	0.883	0	0	0	0	0.0	0.65	0.679
9606.ENSP00000292301	9606.ENSP00000497260	CCR2	GNAI1	9606	0.9	0	0	0	0	0.9	0.0	0.0
9606.ENSP00000292301	9606.ENSP00000295683	CCR2	CXCR1	9606	0.908	0	0	0	0	0.0	0.0	0.908
9606.ENSP00000292301	9606.ENSP00000296027	CCR2	CXCL5	9606	0.925	0	0	0	0	0.0	0.65	0.796
9606.ENSP00000292301	9606.ENSP00000308815	CCR2	CCL19	9606	0.927	0	0	0	0	0.0	0.65	0.8
9606.ENSP00000292301	9606.ENSP00000362795	CCR2	CXCR3	9606	0.928	0	0	0	0	0.0	0.0	0.928
9606.ENSP00000292301	9606.ENSP00000296028	CCR2	PPBP	9606	0.953	0	0	0	0	0.0	0.65	0.873
9606.ENSP00000292301	9606.ENSP00000441600	CCR2	CCR3	9606	0.953	0	0	0	0	0.0	0.0	0.953
9606.ENSP00000292301	9606.ENSP00000343952	CCR2	CCR6	9606	0.969	0	0	0	0	0.0	0.0	0.969
9606.ENSP00000292301	9606.ENSP00000386884	CCR2	CXCR4	9606	0.974	0	0	0	0	0.0	0.0	0.974
9606.ENSP00000292301	9606.ENSP00000354901	CCR2	CXCL9	9606	0.978	0	0	0	0	0.0	0.65	0.941
9606.ENSP00000292301	9606.ENSP00000296140	CCR2	CCR1	9606	0.979	0	0	0	0	0.0	0.0	0.979
9606.ENSP00000292301	9606.ENSP00000478024	CCR2	CCL16	9606	0.98	0	0	0	0	0.287	0.65	0.929
9606.ENSP00000292301	9606.ENSP00000292303	CCR2	CCR5	9606	0.982	0	0	0	0	0.0	0.0	0.982
9606.ENSP00000292301	9606.ENSP00000379110	CCR2	CXCL1	9606	0.986	0	0	0	0	0.0	0.65	0.962
9606.ENSP00000292301	9606.ENSP00000351671	CCR2	CCL20	9606	0.989	0	0	0	0	0.0	0.65	0.97
9606.ENSP00000292301	9606.ENSP00000306512	CCR2	CXCL8	9606	0.993	0	0	0	0	0.0	0.65	0.981
9606.ENSP00000292301	9606.ENSP00000379140	CCR2	CXCL12	9606	0.993	0	0	0	0	0.0	0.65	0.981
9606.ENSP00000292301	9606.ENSP00000477908	CCR2	CCL3	9606	0.993	0	0	0	0	0.0	0.65	0.982
9606.ENSP00000292301	9606.ENSP00000302234	CCR2	CCL11	9606	0.994	0	0	0	0	0.0	0.65	0.984
9606.ENSP00000292301	9606.ENSP00000305651	CCR2	CXCL10	9606	0.994	0	0	0	0	0.0	0.65	0.986
9606.ENSP00000292301	9606.ENSP00000378118	CCR2	CCL8	9606	0.995	0	0	0	0	0.287	0.65	0.984
9606.ENSP00000292301	9606.ENSP00000482259	CCR2	CCL4	9606	0.995	0	0	0	0	0.0	0.65	0.986
9606.ENSP00000292301	9606.ENSP00000474412	CCR2	CCL5	9606	0.995	0	0	0	0	0.0	0.65	0.987
9606.ENSP00000292301	9606.ENSP00000367832	CCR2	CCL7	9606	0.995	0	0	0	0	0.287	0.65	0.982
9606.ENSP00000292303	9606.ENSP00000369554	CCR5	IFNA2	9606	0.4	0	0	0	0	0.0	0.0	0.4
9606.ENSP00000292303	9606.ENSP00000499900	CCR5	JAK1	9606	0.429	0	0	0	0	0.0	0.0	0.429
9606.ENSP00000292303	9606.ENSP00000351059	CCR5	CX3CR1	9606	0.565	0	0	0	0	0.0	0.0	0.565
9606.ENSP00000292303	9606.ENSP00000332504	CCR5	CCR10	9606	0.574	0	0	0	0	0.0	0.0	0.574
9606.ENSP00000292303	9606.ENSP00000371067	CCR5	JAK2	9606	0.581	0	0	0	0	0.292	0.0	0.433
9606.ENSP00000292303	9606.ENSP00000416996	CCR5	ACKR2	9606	0.619	0	0	0	0	0.0	0.0	0.619
9606.ENSP00000292303	9606.ENSP00000337065	CCR5	CXCL14	9606	0.65	0	0	0	0	0.0	0.65	0.0
9606.ENSP00000292303	9606.ENSP00000326432	CCR5	CCR8	9606	0.674	0	0	0	0	0.0	0.0	0.674
9606.ENSP00000292303	9606.ENSP00000400533	CCR5	CCL24	9606	0.675	0	0	0	0	0.0	0.65	0.11
9606.ENSP00000292303	9606.ENSP00000295683	CCR5	CXCR1	9606	0.677	0	0	0	0	0.0	0.0	0.677
9606.ENSP00000292303	9606.ENSP00000354416	CCR5	CCL28	9606	0.677	0	0	0	0	0.0	0.65	0.116
9606.ENSP00000292303	9606.ENSP00000343952	CCR5	CCR6	9606	0.69	0	0	0	0	0.0	0.0	0.69
9606.ENSP00000292303	9606.ENSP00000479955	CCR5	CCL18	9606	0.691	0	0	0	0	0.0	0.65	0.155
9606.ENSP00000292303	9606.ENSP00000350256	CCR5	CCR9	9606	0.715	0	0	0	0	0.0	0.0	0.715
9606.ENSP00000292303	9606.ENSP00000356792	CCR5	XCL1	9606	0.732	0	0	0	0	0.0	0.65	0.268
9606.ENSP00000292303	9606.ENSP00000378365	CCR5	CCL26	9606	0.733	0	0	0	0	0.0	0.65	0.27
9606.ENSP00000292303	9606.ENSP00000356793	CCR5	XCL2	9606	0.74	0	0	0	0	0.0	0.65	0.29
9606.ENSP00000292303	9606.ENSP00000484078	CCR5	CCL15	9606	0.766	0	0	0	0	0.0	0.65	0.36
9606.ENSP00000292303	9606.ENSP00000296027	CCR5	CXCL5	9606	0.771	0	0	0	0	0.0	0.65	0.375
9606.ENSP00000292303	9606.ENSP00000296026	CCR5	CXCL3	9606	0.783	0	0	0	0	0.0	0.65	0.406
9606.ENSP00000292303	9606.ENSP00000395704	CCR5	CXCR6	9606	0.796	0	0	0	0	0.0	0.0	0.796
9606.ENSP00000292303	9606.ENSP00000319635	CCR5	CXCR2	9606	0.825	0	0	0	0	0.0	0.0	0.825
9606.ENSP00000292303	9606.ENSP00000296028	CCR5	PPBP	9606	0.846	0	0	0	0	0.0	0.65	0.579
9606.ENSP00000292303	9606.ENSP00000375086	CCR5	CCL25	9606	0.859	0	0	0	0	0.0	0.65	0.615
9606.ENSP00000292303	9606.ENSP00000293778	CCR5	CXCL16	9606	0.868	0	0	0	0	0.0	0.65	0.639
9606.ENSP00000292303	9606.ENSP00000306512	CCR5	CXCL8	9606	0.87	0	0	0	0	0.0	0.65	0.644
9606.ENSP00000292303	9606.ENSP00000296029	CCR5	PF4	9606	0.885	0	0	0	0	0.0	0.65	0.686
9606.ENSP00000292303	9606.ENSP00000497260	CCR5	GNAI1	9606	0.9	0	0	0	0	0.9	0.0	0.0
9606.ENSP00000292303	9606.ENSP00000427279	CCR5	CXCL2	9606	0.914	0	0	0	0	0.0	0.65	0.764
9606.ENSP00000292303	9606.ENSP00000379110	CCR5	CXCL1	9606	0.938	0	0	0	0	0.0	0.65	0.832
9606.ENSP00000292303	9606.ENSP00000306884	CCR5	CXCL11	9606	0.951	0	0	0	0	0.0	0.65	0.866
9606.ENSP00000292303	9606.ENSP00000362795	CCR5	CXCR3	9606	0.954	0	0	0	0	0.0	0.0	0.954
9606.ENSP00000292303	9606.ENSP00000478024	CCR5	CCL16	9606	0.978	0	0	0	0	0.0	0.65	0.942
9606.ENSP00000292303	9606.ENSP00000308815	CCR5	CCL19	9606	0.979	0	0	0	0	0.0	0.65	0.943
9606.ENSP00000292303	9606.ENSP00000483330	CCR5	CCL4L2	9606	0.983	0	0	0	0	0.0	0.65	0.954
9606.ENSP00000292303	9606.ENSP00000351671	CCR5	CCL20	9606	0.984	0	0	0	0	0.0	0.65	0.958
9606.ENSP00000292303	9606.ENSP00000379140	CCR5	CXCL12	9606	0.988	0	0	0	0	0.0	0.65	0.967
9606.ENSP00000292303	9606.ENSP00000386884	CCR5	CXCR4	9606	0.989	0	0	0	0	0.483	0.0	0.981
9606.ENSP00000292303	9606.ENSP00000367832	CCR5	CCL7	9606	0.993	0	0	0	0	0.287	0.65	0.977
9606.ENSP00000292303	9606.ENSP00000354901	CCR5	CXCL9	9606	0.993	0	0	0	0	0.0	0.65	0.982
9606.ENSP00000292303	9606.ENSP00000302234	CCR5	CCL11	9606	0.995	0	0	0	0	0.287	0.65	0.984
9606.ENSP00000292303	9606.ENSP00000305651	CCR5	CXCL10	9606	0.995	0	0	0	0	0.0	0.65	0.986
9606.ENSP00000292303	9606.ENSP00000378118	CCR5	CCL8	9606	0.995	0	0	0	0	0.287	0.65	0.984
9606.ENSP00000292303	9606.ENSP00000477908	CCR5	CCL3	9606	0.996	0	0	0	0	0.457	0.65	0.982
9606.ENSP00000292303	9606.ENSP00000480558	CCR5	CCL3L1	9606	0.997	0	0	0	0	0.457	0.65	0.987
9606.ENSP00000292303	9606.ENSP00000441600	CCR5	CCR3	9606	0.997	0	0	0	0	0.0	0.9	0.98
9606.ENSP00000292303	9606.ENSP00000296140	CCR5	CCR1	9606	0.998	0	0	0	0	0.0	0.9	0.981
9606.ENSP00000292303	9606.ENSP00000482259	CCR5	CCL4	9606	0.998	0	0	0	0	0.734	0.65	0.987
9606.ENSP00000292303	9606.ENSP00000474412	CCR5	CCL5	9606	0.999	0	0	0	0	0.95	0.65	0.987
9606.ENSP00000293778	9606.ENSP00000379110	CXCL16	CXCL1	9606	0.463	0	0	0	0	0.0	0.0	0.463
9606.ENSP00000293778	9606.ENSP00000332659	CXCL16	CCR4	9606	0.65	0	0	0	0	0.0	0.65	0.0
9606.ENSP00000293778	9606.ENSP00000296140	CXCL16	CCR1	9606	0.65	0	0	0	0	0.0	0.65	0.0
9606.ENSP00000293778	9606.ENSP00000310405	CXCL16	XCR1	9606	0.651	0	0	0	0	0.0	0.65	0.044
9606.ENSP00000293778	9606.ENSP00000326432	CXCL16	CCR8	9606	0.661	0	0	0	0	0.0	0.65	0.072
9606.ENSP00000293778	9606.ENSP00000332504	CXCL16	CCR10	9606	0.663	0	0	0	0	0.0	0.65	0.078
9606.ENSP00000293778	9606.ENSP00000350256	CXCL16	CCR9	9606	0.671	0	0	0	0	0.0	0.65	0.101
9606.ENSP00000293778	9606.ENSP00000441600	CXCL16	CCR3	9606	0.769	0	0	0	0	0.0	0.65	0.367
9606.ENSP00000293778	9606.ENSP00000319635	CXCL16	CXCR2	9606	0.839	0	0	0	0	0.0	0.65	0.559
9606.ENSP00000293778	9606.ENSP00000386884	CXCL16	CXCR4	9606	0.847	0	0	0	0	0.0	0.65	0.582
9606.ENSP00000293778	9606.ENSP00000295683	CXCL16	CXCR1	9606	0.873	0	0	0	0	0.0	0.65	0.654
9606.ENSP00000293778	9606.ENSP00000351059	CXCL16	CX3CR1	9606	0.939	0	0	0	0	0.0	0.65	0.835
9606.ENSP00000293778	9606.ENSP00000362795	CXCL16	CXCR3	9606	0.951	0	0	0	0	0.0	0.65	0.867
9606.ENSP00000293778	9606.ENSP00000343952	CXCL16	CCR6	9606	0.983	0	0	0	0	0.0	0.65	0.954
9606.ENSP00000293778	9606.ENSP00000395704	CXCL16	CXCR6	9606	0.998	0	0	0	0	0.0	0.9	0.982
9606.ENSP00000295589	9606.ENSP00000354416	CCKAR	CCL28	9606	0.74	0	0	0	0	0.0	0.0	0.74
9606.ENSP00000295589	9606.ENSP00000497260	CCKAR	GNAI1	9606	0.9	0	0	0	0	0.9	0.0	0.0
9606.ENSP00000295683	9606.ENSP00000351059	CXCR1	CX3CR1	9606	0.479	0	0	0	0	0.0	0.0	0.479
9606.ENSP00000295683	9606.ENSP00000433642	CXCR1	FCGR3B	9606	0.491	0	0	0	0	0.0	0.0	0.491
9606.ENSP00000295683	9606.ENSP00000356946	CXCR1	FCGR3A	9606	0.493	0	0	0	0	0.0	0.0	0.494
9606.ENSP00000295683	9606.ENSP00000471493	CXCR1	FPR1	9606	0.503	0	0	0	0	0.0	0.0	0.503
9606.ENSP00000295683	9606.ENSP00000395704	CXCR1	CXCR6	9606	0.618	0	0	0	0	0.0	0.0	0.618
9606.ENSP00000295683	9606.ENSP00000310447	CXCR1	GLS2	9606	0.624	0	0	0	0	0.0	0.0	0.624
9606.ENSP00000295683	9606.ENSP00000354416	CXCR1	CCL28	9606	0.65	0	0	0	0	0.0	0.65	0.0
9606.ENSP00000295683	9606.ENSP00000378365	CXCR1	CCL26	9606	0.65	0	0	0	0	0.0	0.65	0.0
9606.ENSP00000295683	9606.ENSP00000484078	CXCR1	CCL15	9606	0.65	0	0	0	0	0.0	0.65	0.0
9606.ENSP00000295683	9606.ENSP00000356793	CXCR1	XCL2	9606	0.65	0	0	0	0	0.0	0.65	0.0
9606.ENSP00000295683	9606.ENSP00000479955	CXCR1	CCL18	9606	0.651	0	0	0	0	0.0	0.65	0.045
9606.ENSP00000295683	9606.ENSP00000296029	CXCR1	PF4	9606	0.651	0	0	0	0	0.0	0.65	0.046
9606.ENSP00000295683	9606.ENSP00000478024	CXCR1	CCL16	9606	0.651	0	0	0	0	0.0	0.65	0.045
9606.ENSP00000295683	9606.ENSP00000386884	CXCR1	CXCR4	9606	0.651	0	0	0	0	0.0	0.0	0.651
9606.ENSP00000295683	9606.ENSP00000302234	CXCR1	CCL11	9606	0.653	0	0	0	0	0.0	0.65	0.05
9606.ENSP00000295683	9606.ENSP00000378118	CXCR1	CCL8	9606	0.653	0	0	0	0	0.0	0.65	0.05
9606.ENSP00000295683	9606.ENSP00000356792	CXCR1	XCL1	9606	0.663	0	0	0	0	0.0	0.65	0.079
9606.ENSP00000295683	9606.ENSP00000337065	CXCR1	CXCL14	9606	0.673	0	0	0	0	0.0	0.65	0.105
9606.ENSP00000295683	9606.ENSP00000306884	CXCR1	CXCL11	9606	0.676	0	0	0	0	0.0	0.65	0.113
9606.ENSP00000295683	9606.ENSP00000483330	CXCR1	CCL4L2	9606	0.695	0	0	0	0	0.0	0.65	0.166
9606.ENSP00000295683	9606.ENSP00000354901	CXCR1	CXCL9	9606	0.723	0	0	0	0	0.0	0.65	0.242
9606.ENSP00000295683	9606.ENSP00000482259	CXCR1	CCL4	9606	0.727	0	0	0	0	0.0	0.65	0.253
9606.ENSP00000295683	9606.ENSP00000400533	CXCR1	CCL24	9606	0.739	0	0	0	0	0.0	0.65	0.287
9606.ENSP00000295683	9606.ENSP00000441600	CXCR1	CCR3	9606	0.75	0	0	0	0	0.0	0.0	0.75
9606.ENSP00000295683	9606.ENSP00000375086	CXCR1	CCL25	9606	0.753	0	0	0	0	0.0	0.65	0.324
9606.ENSP00000295683	9606.ENSP00000480558	CXCR1	CCL3L1	9606	0.762	0	0	0	0	0.0	0.65	0.349
9606.ENSP00000295683	9606.ENSP00000367832	CXCR1	CCL7	9606	0.763	0	0	0	0	0.0	0.65	0.352
9606.ENSP00000295683	9606.ENSP00000351671	CXCR1	CCL20	9606	0.768	0	0	0	0	0.0	0.65	0.367
9606.ENSP00000295683	9606.ENSP00000308815	CXCR1	CCL19	9606	0.848	0	0	0	0	0.0	0.65	0.585
9606.ENSP00000295683	9606.ENSP00000296140	CXCR1	CCR1	9606	0.85	0	0	0	0	0.0	0.0	0.85
9606.ENSP00000295683	9606.ENSP00000362795	CXCR1	CXCR3	9606	0.873	0	0	0	0	0.0	0.0	0.873
9606.ENSP00000295683	9606.ENSP00000474412	CXCR1	CCL5	9606	0.922	0	0	0	0	0.0	0.65	0.786
9606.ENSP00000295683	9606.ENSP00000296026	CXCR1	CXCL3	9606	0.947	0	0	0	0	0.0	0.65	0.855
9606.ENSP00000295683	9606.ENSP00000477908	CXCR1	CCL3	9606	0.954	0	0	0	0	0.0	0.65	0.874
9606.ENSP00000295683	9606.ENSP00000379140	CXCR1	CXCL12	9606	0.969	0	0	0	0	0.0	0.65	0.917
9606.ENSP00000295683	9606.ENSP00000305651	CXCR1	CXCL10	9606	0.973	0	0	0	0	0.0	0.65	0.928
9606.ENSP00000295683	9606.ENSP00000427279	CXCR1	CXCL2	9606	0.982	0	0	0	0	0.0	0.65	0.953
9606.ENSP00000295683	9606.ENSP00000296028	CXCR1	PPBP	9606	0.993	0	0	0	0	0.287	0.65	0.975
9606.ENSP00000295683	9606.ENSP00000296027	CXCR1	CXCL5	9606	0.994	0	0	0	0	0.287	0.65	0.981
9606.ENSP00000295683	9606.ENSP00000379110	CXCR1	CXCL1	9606	0.995	0	0	0	0	0.287	0.65	0.983
9606.ENSP00000295683	9606.ENSP00000319635	CXCR1	CXCR2	9606	0.997	0	0	0	0	0.0	0.9	0.98
9606.ENSP00000295683	9606.ENSP00000306512	CXCR1	CXCL8	9606	0.999	0	0	0	0	0.946	0.7	0.982
9606.ENSP00000296026	9606.ENSP00000296029	CXCL3	PF4	9606	0.4	0	0	0	0	0.0	0.4	0.0
9606.ENSP00000296026	9606.ENSP00000441600	CXCL3	CCR3	9606	0.65	0	0	0	0	0.0	0.65	0.0
9606.ENSP00000296026	9606.ENSP00000350256	CXCL3	CCR9	9606	0.65	0	0	0	0	0.0	0.65	0.0
9606.ENSP00000296026	9606.ENSP00000310405	CXCL3	XCR1	9606	0.65	0	0	0	0	0.0	0.65	0.0
9606.ENSP00000296026	9606.ENSP00000332504	CXCL3	CCR10	9606	0.65	0	0	0	0	0.0	0.65	0.0
9606.ENSP00000296026	9606.ENSP00000343952	CXCL3	CCR6	9606	0.65	0	0	0	0	0.0	0.65	0.0
9606.ENSP00000296026	9606.ENSP00000395704	CXCL3	CXCR6	9606	0.65	0	0	0	0	0.0	0.65	0.0
9606.ENSP00000296026	9606.ENSP00000326432	CXCL3	CCR8	9606	0.651	0	0	0	0	0.0	0.65	0.044
9606.ENSP00000296026	9606.ENSP00000332659	CXCL3	CCR4	9606	0.659	0	0	0	0	0.0	0.65	0.066
9606.ENSP00000296026	9606.ENSP00000306512	CXCL3	CXCL8	9606	0.67	0	0	0	0	0.0	0.4	0.474
9606.ENSP00000296026	9606.ENSP00000296028	CXCL3	PPBP	9606	0.69	0	0	0	0	0.0	0.4	0.506
9606.ENSP00000296026	9606.ENSP00000351059	CXCL3	CX3CR1	9606	0.695	0	0	0	0	0.0	0.65	0.165
9606.ENSP00000296026	9606.ENSP00000356793	CXCL3	XCL2	9606	0.734	0	0	0	0	0.734	0.0	0.0
9606.ENSP00000296026	9606.ENSP00000302234	CXCL3	CCL11	9606	0.734	0	0	0	0	0.734	0.0	0.0
9606.ENSP00000296026	9606.ENSP00000296140	CXCL3	CCR1	9606	0.74	0	0	0	0	0.0	0.65	0.29
9606.ENSP00000296026	9606.ENSP00000362795	CXCL3	CXCR3	9606	0.822	0	0	0	0	0.0	0.65	0.515
9606.ENSP00000296026	9606.ENSP00000386884	CXCL3	CXCR4	9606	0.88	0	0	0	0	0.0	0.65	0.673
9606.ENSP00000296026	9606.ENSP00000296027	CXCL3	CXCL5	9606	0.95	0	0	0	0	0.734	0.4	0.716
9606.ENSP00000296026	9606.ENSP00000427279	CXCL3	CXCL2	9606	0.98	0	0	0	0	0.61	0.9	0.546
9606.ENSP00000296026	9606.ENSP00000379110	CXCL3	CXCL1	9606	0.986	0	0	0	0	0.61	0.9	0.681
9606.ENSP00000296026	9606.ENSP00000319635	CXCL3	CXCR2	9606	0.995	0	0	0	0	0.287	0.65	0.983
9606.ENSP00000296027	9606.ENSP00000296029	CXCL5	PF4	9606	0.4	0	0	0	0	0.0	0.4	0.0
9606.ENSP00000296027	9606.ENSP00000306884	CXCL5	CXCL11	9606	0.407	0	0	0	0	0.0	0.0	0.407
9606.ENSP00000296027	9606.ENSP00000305651	CXCL5	CXCL10	9606	0.418	0	0	0	0	0.0	0.0	0.418
9606.ENSP00000296027	9606.ENSP00000415743	CXCL5	CD36	9606	0.422	0	0	0	0	0.0	0.0	0.423
9606.ENSP00000296027	9606.ENSP00000306512	CXCL5	CXCL8	9606	0.493	0	0	0	0	0.0	0.4	0.191
9606.ENSP00000296027	9606.ENSP00000343952	CXCL5	CCR6	9606	0.65	0	0	0	0	0.0	0.65	0.0
9606.ENSP00000296027	9606.ENSP00000350256	CXCL5	CCR9	9606	0.65	0	0	0	0	0.0	0.65	0.0
9606.ENSP00000296027	9606.ENSP00000310405	CXCL5	XCR1	9606	0.65	0	0	0	0	0.0	0.65	0.0
9606.ENSP00000296027	9606.ENSP00000326432	CXCL5	CCR8	9606	0.65	0	0	0	0	0.0	0.65	0.0
9606.ENSP00000296027	9606.ENSP00000395704	CXCL5	CXCR6	9606	0.65	0	0	0	0	0.0	0.65	0.0
9606.ENSP00000296027	9606.ENSP00000332504	CXCL5	CCR10	9606	0.65	0	0	0	0	0.0	0.65	0.0
9606.ENSP00000296027	9606.ENSP00000351059	CXCL5	CX3CR1	9606	0.65	0	0	0	0	0.0	0.65	0.0
9606.ENSP00000296027	9606.ENSP00000441600	CXCL5	CCR3	9606	0.659	0	0	0	0	0.0	0.65	0.066
9606.ENSP00000296027	9606.ENSP00000296140	CXCL5	CCR1	9606	0.665	0	0	0	0	0.0	0.65	0.083
9606.ENSP00000296027	9606.ENSP00000332659	CXCL5	CCR4	9606	0.665	0	0	0	0	0.0	0.65	0.083
9606.ENSP00000296027	9606.ENSP00000296028	CXCL5	PPBP	9606	0.72	0	0	0	0	0.0	0.4	0.553
9606.ENSP00000296027	9606.ENSP00000337065	CXCL5	CXCL14	9606	0.734	0	0	0	0	0.734	0.0	0.0
9606.ENSP00000296027	9606.ENSP00000356793	CXCL5	XCL2	9606	0.734	0	0	0	0	0.734	0.0	0.0
9606.ENSP00000296027	9606.ENSP00000351671	CXCL5	CCL20	9606	0.734	0	0	0	0	0.734	0.0	0.0
9606.ENSP00000296027	9606.ENSP00000302234	CXCL5	CCL11	9606	0.78	0	0	0	0	0.734	0.0	0.208
9606.ENSP00000296027	9606.ENSP00000362795	CXCL5	CXCR3	9606	0.844	0	0	0	0	0.0	0.65	0.573
9606.ENSP00000296027	9606.ENSP00000427279	CXCL5	CXCL2	9606	0.877	0	0	0	0	0.734	0.4	0.292
9606.ENSP00000296027	9606.ENSP00000379110	CXCL5	CXCL1	9606	0.949	0	0	0	0	0.734	0.4	0.709
9606.ENSP00000296027	9606.ENSP00000386884	CXCL5	CXCR4	9606	0.963	0	0	0	0	0.0	0.65	0.901
9606.ENSP00000296027	9606.ENSP00000319635	CXCL5	CXCR2	9606	0.995	0	0	0	0	0.287	0.65	0.982
9606.ENSP00000296028	9606.ENSP00000306512	PPBP	CXCL8	9606	0.4	0	0	0	0	0.0	0.4	0.0
9606.ENSP00000296028	9606.ENSP00000296029	PPBP	PF4	9606	0.51	0	0	0	0	0.0	0.4	0.217
9606.ENSP00000296028	9606.ENSP00000332504	PPBP	CCR10	9606	0.65	0	0	0	0	0.0	0.65	0.0
9606.ENSP00000296028	9606.ENSP00000332659	PPBP	CCR4	9606	0.65	0	0	0	0	0.0	0.65	0.0
9606.ENSP00000296028	9606.ENSP00000296140	PPBP	CCR1	9606	0.65	0	0	0	0	0.0	0.65	0.0
9606.ENSP00000296028	9606.ENSP00000310405	PPBP	XCR1	9606	0.65	0	0	0	0	0.0	0.65	0.0
9606.ENSP00000296028	9606.ENSP00000350256	PPBP	CCR9	9606	0.65	0	0	0	0	0.0	0.65	0.0
9606.ENSP00000296028	9606.ENSP00000343952	PPBP	CCR6	9606	0.65	0	0	0	0	0.0	0.65	0.0
9606.ENSP00000296028	9606.ENSP00000351059	PPBP	CX3CR1	9606	0.651	0	0	0	0	0.0	0.65	0.044
9606.ENSP00000296028	9606.ENSP00000326432	PPBP	CCR8	9606	0.674	0	0	0	0	0.0	0.65	0.109
9606.ENSP00000296028	9606.ENSP00000441600	PPBP	CCR3	9606	0.674	0	0	0	0	0.0	0.65	0.109
9606.ENSP00000296028	9606.ENSP00000395704	PPBP	CXCR6	9606	0.702	0	0	0	0	0.0	0.65	0.184
9606.ENSP00000296028	9606.ENSP00000427279	PPBP	CXCL2	9606	0.712	0	0	0	0	0.0	0.4	0.54
9606.ENSP00000296028	9606.ENSP00000354901	PPBP	CXCL9	9606	0.734	0	0	0	0	0.734	0.0	0.0
9606.ENSP00000296028	9606.ENSP00000474412	PPBP	CCL5	9606	0.734	0	0	0	0	0.734	0.0	0.0
9606.ENSP00000296028	9606.ENSP00000306884	PPBP	CXCL11	9606	0.734	0	0	0	0	0.734	0.0	0.0
9606.ENSP00000296028	9606.ENSP00000378365	PPBP	CCL26	9606	0.734	0	0	0	0	0.734	0.0	0.0
9606.ENSP00000296028	9606.ENSP00000354416	PPBP	CCL28	9606	0.734	0	0	0	0	0.734	0.0	0.0
9606.ENSP00000296028	9606.ENSP00000337065	PPBP	CXCL14	9606	0.734	0	0	0	0	0.734	0.0	0.0
9606.ENSP00000296028	9606.ENSP00000378118	PPBP	CCL8	9606	0.8	0	0	0	0	0.734	0.0	0.282
9606.ENSP00000296028	9606.ENSP00000362795	PPBP	CXCR3	9606	0.821	0	0	0	0	0.0	0.65	0.51
9606.ENSP00000296028	9606.ENSP00000305651	PPBP	CXCL10	9606	0.834	0	0	0	0	0.734	0.0	0.403
9606.ENSP00000296028	9606.ENSP00000379110	PPBP	CXCL1	9606	0.844	0	0	0	0	0.0	0.4	0.751
9606.ENSP00000296028	9606.ENSP00000379140	PPBP	CXCL12	9606	0.93	0	0	0	0	0.734	0.0	0.749
9606.ENSP00000296028	9606.ENSP00000386884	PPBP	CXCR4	9606	0.93	0	0	0	0	0.0	0.65	0.809
9606.ENSP00000296028	9606.ENSP00000319635	PPBP	CXCR2	9606	0.995	0	0	0	0	0.287	0.65	0.983
9606.ENSP00000296029	9606.ENSP00000379110	PF4	CXCL1	9606	0.625	0	0	0	0	0.0	0.4	0.401
9606.ENSP00000296029	9606.ENSP00000319635	PF4	CXCR2	9606	0.65	0	0	0	0	0.0	0.65	0.0
9606.ENSP00000296029	9606.ENSP00000332504	PF4	CCR10	9606	0.65	0	0	0	0	0.0	0.65	0.0
9606.ENSP00000296029	9606.ENSP00000326432	PF4	CCR8	9606	0.65	0	0	0	0	0.0	0.65	0.0
9606.ENSP00000296029	9606.ENSP00000310405	PF4	XCR1	9606	0.65	0	0	0	0	0.0	0.65	0.0
9606.ENSP00000296029	9606.ENSP00000332659	PF4	CCR4	9606	0.65	0	0	0	0	0.0	0.65	0.0
9606.ENSP00000296029	9606.ENSP00000350256	PF4	CCR9	9606	0.65	0	0	0	0	0.0	0.65	0.0
9606.ENSP00000296029	9606.ENSP00000351059	PF4	CX3CR1	9606	0.65	0	0	0	0	0.0	0.65	0.0
9606.ENSP00000296029	9606.ENSP00000395704	PF4	CXCR6	9606	0.65	0	0	0	0	0.0	0.65	0.0
9606.ENSP00000296029	9606.ENSP00000343952	PF4	CCR6	9606	0.65	0	0	0	0	0.0	0.65	0.0
9606.ENSP00000296029	9606.ENSP00000441600	PF4	CCR3	9606	0.684	0	0	0	0	0.0	0.65	0.135
9606.ENSP00000296029	9606.ENSP00000356793	PF4	XCL2	9606	0.734	0	0	0	0	0.734	0.0	0.0
9606.ENSP00000296029	9606.ENSP00000375086	PF4	CCL25	9606	0.734	0	0	0	0	0.734	0.0	0.0
9606.ENSP00000296029	9606.ENSP00000354416	PF4	CCL28	9606	0.734	0	0	0	0	0.734	0.0	0.0
9606.ENSP00000296029	9606.ENSP00000378365	PF4	CCL26	9606	0.734	0	0	0	0	0.734	0.0	0.0
9606.ENSP00000296029	9606.ENSP00000472467	PF4	CXCL17	9606	0.734	0	0	0	0	0.734	0.0	0.0
9606.ENSP00000296029	9606.ENSP00000337065	PF4	CXCL14	9606	0.734	0	0	0	0	0.734	0.0	0.0
9606.ENSP00000296029	9606.ENSP00000356792	PF4	XCL1	9606	0.734	0	0	0	0	0.734	0.0	0.0
9606.ENSP00000296029	9606.ENSP00000351671	PF4	CCL20	9606	0.74	0	0	0	0	0.734	0.0	0.065
9606.ENSP00000296029	9606.ENSP00000296140	PF4	CCR1	9606	0.76	0	0	0	0	0.0	0.65	0.345
9606.ENSP00000296029	9606.ENSP00000302234	PF4	CCL11	9606	0.773	0	0	0	0	0.734	0.0	0.184
9606.ENSP00000296029	9606.ENSP00000386884	PF4	CXCR4	9606	0.787	0	0	0	0	0.0	0.65	0.417
9606.ENSP00000296029	9606.ENSP00000427279	PF4	CXCL2	9606	0.833	0	0	0	0	0.734	0.4	0.0
9606.ENSP00000296029	9606.ENSP00000379140	PF4	CXCL12	9606	0.949	0	0	0	0	0.734	0.0	0.819
9606.ENSP00000296029	9606.ENSP00000306512	PF4	CXCL8	9606	0.969	0	0	0	0	0.734	0.4	0.825
9606.ENSP00000296029	9606.ENSP00000354901	PF4	CXCL9	9606	0.972	0	0	0	0	0.734	0.9	0.0
9606.ENSP00000296029	9606.ENSP00000305651	PF4	CXCL10	9606	0.972	0	0	0	0	0.734	0.9	0.057
9606.ENSP00000296029	9606.ENSP00000306884	PF4	CXCL11	9606	0.987	0	0	0	0	0.734	0.9	0.574
9606.ENSP00000296029	9606.ENSP00000362795	PF4	CXCR3	9606	0.995	0	0	0	0	0.292	0.65	0.982
9606.ENSP00000296029	9606.ENSP00000474412	PF4	CCL5	9606	0.996	0	0	0	0	0.734	0.0	0.987
9606.ENSP00000296140	9606.ENSP00000395704	CCR1	CXCR6	9606	0.487	0	0	0	0	0.0	0.0	0.488
9606.ENSP00000296140	9606.ENSP00000337065	CCR1	CXCL14	9606	0.65	0	0	0	0	0.0	0.65	0.0
9606.ENSP00000296140	9606.ENSP00000354416	CCR1	CCL28	9606	0.65	0	0	0	0	0.0	0.65	0.0
9606.ENSP00000296140	9606.ENSP00000356793	CCR1	XCL2	9606	0.65	0	0	0	0	0.0	0.65	0.0
9606.ENSP00000296140	9606.ENSP00000319635	CCR1	CXCR2	9606	0.651	0	0	0	0	0.0	0.0	0.651
9606.ENSP00000296140	9606.ENSP00000326432	CCR1	CCR8	9606	0.665	0	0	0	0	0.0	0.0	0.665
9606.ENSP00000296140	9606.ENSP00000350256	CCR1	CCR9	9606	0.705	0	0	0	0	0.0	0.0	0.705
9606.ENSP00000296140	9606.ENSP00000332504	CCR1	CCR10	9606	0.736	0	0	0	0	0.0	0.0	0.736
9606.ENSP00000296140	9606.ENSP00000375086	CCR1	CCL25	9606	0.754	0	0	0	0	0.0	0.65	0.328
9606.ENSP00000296140	9606.ENSP00000308815	CCR1	CCL19	9606	0.763	0	0	0	0	0.0	0.65	0.351
9606.ENSP00000296140	9606.ENSP00000483330	CCR1	CCL4L2	9606	0.763	0	0	0	0	0.0	0.65	0.352
9606.ENSP00000296140	9606.ENSP00000356792	CCR1	XCL1	9606	0.769	0	0	0	0	0.0	0.65	0.368
9606.ENSP00000296140	9606.ENSP00000400533	CCR1	CCL24	9606	0.802	0	0	0	0	0.0	0.65	0.459
9606.ENSP00000296140	9606.ENSP00000416996	CCR1	ACKR2	9606	0.806	0	0	0	0	0.0	0.0	0.806
9606.ENSP00000296140	9606.ENSP00000306884	CCR1	CXCL11	9606	0.811	0	0	0	0	0.0	0.65	0.484
9606.ENSP00000296140	9606.ENSP00000343952	CCR1	CCR6	9606	0.833	0	0	0	0	0.0	0.0	0.833
9606.ENSP00000296140	9606.ENSP00000379140	CCR1	CXCL12	9606	0.841	0	0	0	0	0.0	0.65	0.567
9606.ENSP00000296140	9606.ENSP00000386884	CCR1	CXCR4	9606	0.847	0	0	0	0	0.0	0.0	0.847
9606.ENSP00000296140	9606.ENSP00000427279	CCR1	CXCL2	9606	0.859	0	0	0	0	0.0	0.65	0.615
9606.ENSP00000296140	9606.ENSP00000378365	CCR1	CCL26	9606	0.877	0	0	0	0	0.0	0.65	0.665
9606.ENSP00000296140	9606.ENSP00000354901	CCR1	CXCL9	9606	0.889	0	0	0	0	0.0	0.65	0.695
9606.ENSP00000296140	9606.ENSP00000497260	CCR1	GNAI1	9606	0.9	0	0	0	0	0.9	0.0	0.0
9606.ENSP00000296140	9606.ENSP00000479955	CCR1	CCL18	9606	0.914	0	0	0	0	0.0	0.65	0.765
9606.ENSP00000296140	9606.ENSP00000362795	CCR1	CXCR3	9606	0.918	0	0	0	0	0.0	0.0	0.918
9606.ENSP00000296140	9606.ENSP00000351671	CCR1	CCL20	9606	0.937	0	0	0	0	0.0	0.65	0.83
9606.ENSP00000296140	9606.ENSP00000379110	CCR1	CXCL1	9606	0.947	0	0	0	0	0.0	0.65	0.857
9606.ENSP00000296140	9606.ENSP00000305651	CCR1	CXCL10	9606	0.983	0	0	0	0	0.0	0.65	0.954
9606.ENSP00000296140	9606.ENSP00000480558	CCR1	CCL3L1	9606	0.988	0	0	0	0	0.292	0.65	0.955
9606.ENSP00000296140	9606.ENSP00000302234	CCR1	CCL11	9606	0.988	0	0	0	0	0.0	0.65	0.969
9606.ENSP00000296140	9606.ENSP00000306512	CCR1	CXCL8	9606	0.99	0	0	0	0	0.0	0.65	0.975
9606.ENSP00000296140	9606.ENSP00000478024	CCR1	CCL16	9606	0.994	0	0	0	0	0.287	0.65	0.981
9606.ENSP00000296140	9606.ENSP00000378118	CCR1	CCL8	9606	0.995	0	0	0	0	0.287	0.65	0.982
9606.ENSP00000296140	9606.ENSP00000477908	CCR1	CCL3	9606	0.995	0	0	0	0	0.287	0.65	0.983
9606.ENSP00000296140	9606.ENSP00000482259	CCR1	CCL4	9606	0.995	0	0	0	0	0.287	0.65	0.982
9606.ENSP00000296140	9606.ENSP00000367832	CCR1	CCL7	9606	0.996	0	0	0	0	0.457	0.65	0.982
9606.ENSP00000296140	9606.ENSP00000441600	CCR1	CCR3	9606	0.997	0	0	0	0	0.0	0.9	0.976
9606.ENSP00000296140	9606.ENSP00000474412	CCR1	CCL5	9606	0.997	0	0	0	0	0.483	0.65	0.987
9606.ENSP00000296140	9606.ENSP00000484078	CCR1	CCL15	9606	0.999	0	0	0	0	0.925	0.65	0.98
9606.ENSP00000296435	9606.ENSP00000380070	CAMP	GAPDH	9606	0.886	0	0	0	0	0.0	0.0	0.886
9606.ENSP00000296435	9606.ENSP00000319635	CAMP	CXCR2	9606	0.899	0	0	0	0	0.0	0.0	0.899
9606.ENSP00000296435	9606.ENSP00000333800	CAMP	MRGPRX2	9606	0.946	0	0	0	0	0.0	0.0	0.946
9606.ENSP00000296585	9606.ENSP00000308782	ITGA2	GP6	9606	0.548	0	0	0	0	0.0	0.0	0.548
9606.ENSP00000296585	9606.ENSP00000496793	ITGA2	COL9A3	9606	0.588	0	0	0	0	0.0	0.5	0.211
9606.ENSP00000296585	9606.ENSP00000349790	ITGA2	COL9A1	9606	0.595	0	0	0	0	0.0	0.5	0.225
9606.ENSP00000296585	9606.ENSP00000428924	ITGA2	LYN	9606	0.673	0	0	0	0	0.127	0.36	0.463
9606.ENSP00000299727	9606.ENSP00000497260	GALR1	GNAI1	9606	0.9	0	0	0	0	0.9	0.0	0.0
9606.ENSP00000301908	9606.ENSP00000497260	PNOC	GNAI1	9606	0.735	0	0	0	0	0.735	0.0	0.0
9606.ENSP00000302234	9606.ENSP00000416996	CCL11	ACKR2	9606	0.578	0	0	0	0	0.0	0.5	0.191
9606.ENSP00000302234	9606.ENSP00000343952	CCL11	CCR6	9606	0.651	0	0	0	0	0.0	0.65	0.045
9606.ENSP00000302234	9606.ENSP00000310405	CCL11	XCR1	9606	0.651	0	0	0	0	0.0	0.65	0.045
9606.ENSP00000302234	9606.ENSP00000395704	CCL11	CXCR6	9606	0.651	0	0	0	0	0.0	0.65	0.045
9606.ENSP00000302234	9606.ENSP00000332504	CCL11	CCR10	9606	0.651	0	0	0	0	0.0	0.65	0.045
9606.ENSP00000302234	9606.ENSP00000351059	CCL11	CX3CR1	9606	0.659	0	0	0	0	0.0	0.65	0.068
9606.ENSP00000302234	9606.ENSP00000332659	CCL11	CCR4	9606	0.666	0	0	0	0	0.0	0.65	0.085
9606.ENSP00000302234	9606.ENSP00000350256	CCL11	CCR9	9606	0.7	0	0	0	0	0.0	0.65	0.18
9606.ENSP00000302234	9606.ENSP00000354416	CCL11	CCL28	9606	0.734	0	0	0	0	0.734	0.0	0.0
9606.ENSP00000302234	9606.ENSP00000474412	CCL11	CCL5	9606	0.734	0	0	0	0	0.734	0.0	0.0
9606.ENSP00000302234	9606.ENSP00000306884	CCL11	CXCL11	9606	0.734	0	0	0	0	0.734	0.0	0.0
9606.ENSP00000302234	9606.ENSP00000356792	CCL11	XCL1	9606	0.734	0	0	0	0	0.734	0.0	0.0
9606.ENSP00000302234	9606.ENSP00000427279	CCL11	CXCL2	9606	0.734	0	0	0	0	0.734	0.0	0.0
9606.ENSP00000302234	9606.ENSP00000479955	CCL11	CCL18	9606	0.736	0	0	0	0	0.734	0.0	0.049
9606.ENSP00000302234	9606.ENSP00000337065	CCL11	CXCL14	9606	0.74	0	0	0	0	0.734	0.0	0.066
9606.ENSP00000302234	9606.ENSP00000378365	CCL11	CCL26	9606	0.747	0	0	0	0	0.734	0.0	0.09
9606.ENSP00000302234	9606.ENSP00000305651	CCL11	CXCL10	9606	0.747	0	0	0	0	0.734	0.0	0.09
9606.ENSP00000302234	9606.ENSP00000379140	CCL11	CXCL12	9606	0.754	0	0	0	0	0.734	0.0	0.114
9606.ENSP00000302234	9606.ENSP00000386884	CCL11	CXCR4	9606	0.761	0	0	0	0	0.0	0.65	0.345
9606.ENSP00000302234	9606.ENSP00000326432	CCL11	CCR8	9606	0.801	0	0	0	0	0.0	0.65	0.455
9606.ENSP00000302234	9606.ENSP00000319635	CCL11	CXCR2	9606	0.825	0	0	0	0	0.0	0.65	0.522
9606.ENSP00000302234	9606.ENSP00000354901	CCL11	CXCL9	9606	0.828	0	0	0	0	0.734	0.0	0.382
9606.ENSP00000302234	9606.ENSP00000378118	CCL11	CCL8	9606	0.885	0	0	0	0	0.734	0.0	0.586
9606.ENSP00000302234	9606.ENSP00000379110	CCL11	CXCL1	9606	0.915	0	0	0	0	0.734	0.0	0.694
9606.ENSP00000302234	9606.ENSP00000362795	CCL11	CXCR3	9606	0.977	0	0	0	0	0.287	0.65	0.918
9606.ENSP00000302234	9606.ENSP00000441600	CCL11	CCR3	9606	0.999	0	0	0	0	0.972	0.65	0.982
9606.ENSP00000302811	9606.ENSP00000497260	MTNR1A	GNAI1	9606	0.922	0	0	0	0	0.919	0.0	0.072
9606.ENSP00000305651	9606.ENSP00000369554	CXCL10	IFNA2	9606	0.412	0	0	0	0	0.0	0.0	0.412
9606.ENSP00000305651	9606.ENSP00000354394	CXCL10	STAT1	9606	0.541	0	0	0	0	0.0	0.0	0.541
9606.ENSP00000305651	9606.ENSP00000326432	CXCL10	CCR8	9606	0.652	0	0	0	0	0.0	0.65	0.047
9606.ENSP00000305651	9606.ENSP00000332659	CXCL10	CCR4	9606	0.652	0	0	0	0	0.0	0.65	0.047
9606.ENSP00000305651	9606.ENSP00000310405	CXCL10	XCR1	9606	0.652	0	0	0	0	0.0	0.65	0.047
9606.ENSP00000305651	9606.ENSP00000350256	CXCL10	CCR9	9606	0.669	0	0	0	0	0.0	0.65	0.094
9606.ENSP00000305651	9606.ENSP00000379110	CXCL10	CXCL1	9606	0.707	0	0	0	0	0.0	0.0	0.707
9606.ENSP00000305651	9606.ENSP00000332504	CXCL10	CCR10	9606	0.722	0	0	0	0	0.0	0.65	0.238
9606.ENSP00000305651	9606.ENSP00000356792	CXCL10	XCL1	9606	0.734	0	0	0	0	0.734	0.0	0.0
9606.ENSP00000305651	9606.ENSP00000354416	CXCL10	CCL28	9606	0.734	0	0	0	0	0.734	0.0	0.0
9606.ENSP00000305651	9606.ENSP00000337065	CXCL10	CXCL14	9606	0.734	0	0	0	0	0.734	0.0	0.0
9606.ENSP00000305651	9606.ENSP00000472467	CXCL10	CXCL17	9606	0.734	0	0	0	0	0.734	0.0	0.0
9606.ENSP00000305651	9606.ENSP00000379140	CXCL10	CXCL12	9606	0.744	0	0	0	0	0.734	0.0	0.08
9606.ENSP00000305651	9606.ENSP00000378118	CXCL10	CCL8	9606	0.747	0	0	0	0	0.734	0.0	0.09
9606.ENSP00000305651	9606.ENSP00000474412	CXCL10	CCL5	9606	0.748	0	0	0	0	0.734	0.0	0.092
9606.ENSP00000305651	9606.ENSP00000378365	CXCL10	CCL26	9606	0.777	0	0	0	0	0.734	0.0	0.199
9606.ENSP00000305651	9606.ENSP00000343952	CXCL10	CCR6	9606	0.869	0	0	0	0	0.0	0.65	0.641
9606.ENSP00000305651	9606.ENSP00000351059	CXCL10	CX3CR1	9606	0.887	0	0	0	0	0.0	0.65	0.69
9606.ENSP00000305651	9606.ENSP00000395704	CXCL10	CXCR6	9606	0.925	0	0	0	0	0.0	0.65	0.796
9606.ENSP00000305651	9606.ENSP00000319635	CXCL10	CXCR2	9606	0.966	0	0	0	0	0.0	0.65	0.908
9606.ENSP00000305651	9606.ENSP00000306884	CXCL10	CXCL11	9606	0.974	0	0	0	0	0.734	0.9	0.111
9606.ENSP00000305651	9606.ENSP00000441600	CXCL10	CCR3	9606	0.978	0	0	0	0	0.0	0.65	0.94
9606.ENSP00000305651	9606.ENSP00000354901	CXCL10	CXCL9	9606	0.981	0	0	0	0	0.734	0.9	0.353
9606.ENSP00000305651	9606.ENSP00000386884	CXCL10	CXCR4	9606	0.991	0	0	0	0	0.0	0.65	0.977
9606.ENSP00000305651	9606.ENSP00000362795	CXCL10	CXCR3	9606	0.996	0	0	0	0	0.457	0.65	0.982
9606.ENSP00000305995	9606.ENSP00000380070	PGK2	GAPDH	9606	0.945	0	0	0	0	0.0	0.0	0.945
9606.ENSP00000306512	9606.ENSP00000416996	CXCL8	ACKR2	9606	0.424	0	0	0	0	0.0	0.0	0.424
9606.ENSP00000306512	9606.ENSP00000354652	CXCL8	NPY1R	9606	0.425	0	0	0	0	0.0	0.0	0.425
9606.ENSP00000306512	9606.ENSP00000371067	CXCL8	JAK2	9606	0.452	0	0	0	0	0.0	0.0	0.452
9606.ENSP00000306512	9606.ENSP00000380008	CXCL8	LTB4R	9606	0.553	0	0	0	0	0.0	0.0	0.553
9606.ENSP00000306512	9606.ENSP00000482259	CXCL8	CCL4	9606	0.622	0	0	0	0	0.0	0.0	0.622
9606.ENSP00000306512	9606.ENSP00000332659	CXCL8	CCR4	9606	0.652	0	0	0	0	0.0	0.65	0.047
9606.ENSP00000306512	9606.ENSP00000332504	CXCL8	CCR10	9606	0.718	0	0	0	0	0.0	0.65	0.228
9606.ENSP00000306512	9606.ENSP00000343952	CXCL8	CCR6	9606	0.726	0	0	0	0	0.0	0.65	0.251
9606.ENSP00000306512	9606.ENSP00000350256	CXCL8	CCR9	9606	0.731	0	0	0	0	0.0	0.65	0.264
9606.ENSP00000306512	9606.ENSP00000378118	CXCL8	CCL8	9606	0.734	0	0	0	0	0.734	0.0	0.0
9606.ENSP00000306512	9606.ENSP00000379110	CXCL8	CXCL1	9606	0.764	0	0	0	0	0.0	0.4	0.624
9606.ENSP00000306512	9606.ENSP00000326432	CXCL8	CCR8	9606	0.779	0	0	0	0	0.0	0.65	0.395
9606.ENSP00000306512	9606.ENSP00000310405	CXCL8	XCR1	9606	0.798	0	0	0	0	0.0	0.65	0.447
9606.ENSP00000306512	9606.ENSP00000497260	CXCL8	GNAI1	9606	0.8	0	0	0	0	0.8	0.0	0.0
9606.ENSP00000306512	9606.ENSP00000395704	CXCL8	CXCR6	9606	0.805	0	0	0	0	0.0	0.65	0.466
9606.ENSP00000306512	9606.ENSP00000351059	CXCL8	CX3CR1	9606	0.825	0	0	0	0	0.0	0.65	0.523
9606.ENSP00000306512	9606.ENSP00000427279	CXCL8	CXCL2	9606	0.904	0	0	0	0	0.0	0.4	0.847
9606.ENSP00000306512	9606.ENSP00000441600	CXCL8	CCR3	9606	0.953	0	0	0	0	0.0	0.65	0.872
9606.ENSP00000306512	9606.ENSP00000386884	CXCL8	CXCR4	9606	0.99	0	0	0	0	0.0	0.65	0.973
9606.ENSP00000306512	9606.ENSP00000362795	CXCL8	CXCR3	9606	0.991	0	0	0	0	0.0	0.65	0.976
9606.ENSP00000306512	9606.ENSP00000319635	CXCL8	CXCR2	9606	0.999	0	0	0	0	0.972	0.65	0.982
9606.ENSP00000306884	9606.ENSP00000350256	CXCL11	CCR9	9606	0.652	0	0	0	0	0.0	0.65	0.047
9606.ENSP00000306884	9606.ENSP00000326432	CXCL11	CCR8	9606	0.652	0	0	0	0	0.0	0.65	0.047
9606.ENSP00000306884	9606.ENSP00000332504	CXCL11	CCR10	9606	0.652	0	0	0	0	0.0	0.65	0.047
9606.ENSP00000306884	9606.ENSP00000310405	CXCL11	XCR1	9606	0.652	0	0	0	0	0.0	0.65	0.047
9606.ENSP00000306884	9606.ENSP00000332659	CXCL11	CCR4	9606	0.66	0	0	0	0	0.0	0.65	0.071
9606.ENSP00000306884	9606.ENSP00000351059	CXCL11	CX3CR1	9606	0.676	0	0	0	0	0.0	0.65	0.114
9606.ENSP00000306884	9606.ENSP00000343952	CXCL11	CCR6	9606	0.731	0	0	0	0	0.0	0.65	0.264
9606.ENSP00000306884	9606.ENSP00000427279	CXCL11	CXCL2	9606	0.734	0	0	0	0	0.734	0.0	0.0
9606.ENSP00000306884	9606.ENSP00000356792	CXCL11	XCL1	9606	0.734	0	0	0	0	0.734	0.0	0.0
9606.ENSP00000306884	9606.ENSP00000400533	CXCL11	CCL24	9606	0.734	0	0	0	0	0.734	0.0	0.0
9606.ENSP00000306884	9606.ENSP00000337065	CXCL11	CXCL14	9606	0.734	0	0	0	0	0.734	0.0	0.0
9606.ENSP00000306884	9606.ENSP00000375086	CXCL11	CCL25	9606	0.734	0	0	0	0	0.734	0.0	0.0
9606.ENSP00000306884	9606.ENSP00000378365	CXCL11	CCL26	9606	0.734	0	0	0	0	0.734	0.0	0.0
9606.ENSP00000306884	9606.ENSP00000351671	CXCL11	CCL20	9606	0.734	0	0	0	0	0.734	0.0	0.0
9606.ENSP00000306884	9606.ENSP00000378118	CXCL11	CCL8	9606	0.736	0	0	0	0	0.734	0.0	0.051
9606.ENSP00000306884	9606.ENSP00000395704	CXCL11	CXCR6	9606	0.737	0	0	0	0	0.0	0.65	0.28
9606.ENSP00000306884	9606.ENSP00000379140	CXCL11	CXCL12	9606	0.744	0	0	0	0	0.734	0.0	0.08
9606.ENSP00000306884	9606.ENSP00000319635	CXCL11	CXCR2	9606	0.79	0	0	0	0	0.0	0.65	0.426
9606.ENSP00000306884	9606.ENSP00000441600	CXCL11	CCR3	9606	0.855	0	0	0	0	0.0	0.65	0.604
9606.ENSP00000306884	9606.ENSP00000474412	CXCL11	CCL5	9606	0.858	0	0	0	0	0.734	0.0	0.489
9606.ENSP00000306884	9606.ENSP00000354901	CXCL11	CXCL9	9606	0.972	0	0	0	0	0.734	0.9	0.0
9606.ENSP00000306884	9606.ENSP00000386884	CXCL11	CXCR4	9606	0.985	0	0	0	0	0.0	0.65	0.96
9606.ENSP00000306884	9606.ENSP00000362795	CXCL11	CXCR3	9606	0.996	0	0	0	0	0.457	0.65	0.982
9606.ENSP00000307766	9606.ENSP00000322924	HTR1E	HTR1F	9606	0.4	0	0	0	0	0.0	0.4	0.0
9606.ENSP00000307766	9606.ENSP00000363748	HTR1E	HTR1D	9606	0.719	0	0	0	0	0.0	0.4	0.552
9606.ENSP00000307766	9606.ENSP00000497260	HTR1E	GNAI1	9606	0.9	0	0	0	0	0.9	0.0	0.0
9606.ENSP00000308782	9606.ENSP00000364898	GP6	SYK	9606	0.499	0	0	0	0	0.0	0.5	0.0
9606.ENSP00000308782	9606.ENSP00000428924	GP6	LYN	9606	0.988	0	0	0	0	0.457	0.9	0.806
9606.ENSP00000308782	9606.ENSP00000346671	GP6	FYN	9606	0.991	0	0	0	0	0.457	0.9	0.852
9606.ENSP00000308815	9606.ENSP00000351671	CCL19	CCL20	9606	0.408	0	0	0	0	0.0	0.0	0.408
9606.ENSP00000308815	9606.ENSP00000354901	CCL19	CXCL9	9606	0.483	0	0	0	0	0.0	0.0	0.484
9606.ENSP00000308815	9606.ENSP00000367832	CCL19	CCL7	9606	0.54	0	0	0	0	0.0	0.0	0.54
9606.ENSP00000308815	9606.ENSP00000332659	CCL19	CCR4	9606	0.655	0	0	0	0	0.0	0.65	0.055
9606.ENSP00000308815	9606.ENSP00000310405	CCL19	XCR1	9606	0.658	0	0	0	0	0.0	0.65	0.064
9606.ENSP00000308815	9606.ENSP00000332504	CCL19	CCR10	9606	0.766	0	0	0	0	0.0	0.65	0.36
9606.ENSP00000308815	9606.ENSP00000441600	CCL19	CCR3	9606	0.773	0	0	0	0	0.0	0.65	0.378
9606.ENSP00000308815	9606.ENSP00000395704	CCL19	CXCR6	9606	0.811	0	0	0	0	0.0	0.65	0.483
9606.ENSP00000308815	9606.ENSP00000326432	CCL19	CCR8	9606	0.831	0	0	0	0	0.0	0.65	0.537
9606.ENSP00000308815	9606.ENSP00000319635	CCL19	CXCR2	9606	0.88	0	0	0	0	0.0	0.65	0.673
9606.ENSP00000308815	9606.ENSP00000416996	CCL19	ACKR2	9606	0.911	0	0	0	0	0.0	0.0	0.911
9606.ENSP00000308815	9606.ENSP00000350256	CCL19	CCR9	9606	0.92	0	0	0	0	0.0	0.65	0.781
9606.ENSP00000308815	9606.ENSP00000351059	CCL19	CX3CR1	9606	0.936	0	0	0	0	0.0	0.65	0.824
9606.ENSP00000308815	9606.ENSP00000362795	CCL19	CXCR3	9606	0.962	0	0	0	0	0.0	0.65	0.898
9606.ENSP00000308815	9606.ENSP00000343952	CCL19	CCR6	9606	0.97	0	0	0	0	0.0	0.65	0.919
9606.ENSP00000308815	9606.ENSP00000386884	CCL19	CXCR4	9606	0.992	0	0	0	0	0.0	0.65	0.979
9606.ENSP00000310405	9606.ENSP00000337065	XCR1	CXCL14	9606	0.65	0	0	0	0	0.0	0.65	0.0
9606.ENSP00000310405	9606.ENSP00000427279	XCR1	CXCL2	9606	0.65	0	0	0	0	0.0	0.65	0.0
9606.ENSP00000310405	9606.ENSP00000378365	XCR1	CCL26	9606	0.65	0	0	0	0	0.0	0.65	0.0
9606.ENSP00000310405	9606.ENSP00000354416	XCR1	CCL28	9606	0.65	0	0	0	0	0.0	0.65	0.0
9606.ENSP00000310405	9606.ENSP00000375086	XCR1	CCL25	9606	0.65	0	0	0	0	0.0	0.65	0.0
9606.ENSP00000310405	9606.ENSP00000351671	XCR1	CCL20	9606	0.65	0	0	0	0	0.0	0.65	0.0
9606.ENSP00000310405	9606.ENSP00000484078	XCR1	CCL15	9606	0.65	0	0	0	0	0.0	0.65	0.0
9606.ENSP00000310405	9606.ENSP00000477908	XCR1	CCL3	9606	0.651	0	0	0	0	0.0	0.65	0.045
9606.ENSP00000310405	9606.ENSP00000479955	XCR1	CCL18	9606	0.651	0	0	0	0	0.0	0.65	0.045
9606.ENSP00000310405	9606.ENSP00000400533	XCR1	CCL24	9606	0.651	0	0	0	0	0.0	0.65	0.045
9606.ENSP00000310405	9606.ENSP00000354901	XCR1	CXCL9	9606	0.654	0	0	0	0	0.0	0.65	0.052
9606.ENSP00000310405	9606.ENSP00000483330	XCR1	CCL4L2	9606	0.659	0	0	0	0	0.0	0.65	0.068
9606.ENSP00000310405	9606.ENSP00000480558	XCR1	CCL3L1	9606	0.659	0	0	0	0	0.0	0.65	0.068
9606.ENSP00000310405	9606.ENSP00000482259	XCR1	CCL4	9606	0.681	0	0	0	0	0.0	0.65	0.126
9606.ENSP00000310405	9606.ENSP00000478024	XCR1	CCL16	9606	0.681	0	0	0	0	0.0	0.65	0.126
9606.ENSP00000310405	9606.ENSP00000378118	XCR1	CCL8	9606	0.705	0	0	0	0	0.0	0.65	0.193
9606.ENSP00000310405	9606.ENSP00000379110	XCR1	CXCL1	9606	0.708	0	0	0	0	0.0	0.65	0.2
9606.ENSP00000310405	9606.ENSP00000367832	XCR1	CCL7	9606	0.727	0	0	0	0	0.0	0.65	0.253
9606.ENSP00000310405	9606.ENSP00000379140	XCR1	CXCL12	9606	0.783	0	0	0	0	0.0	0.65	0.408
9606.ENSP00000310405	9606.ENSP00000474412	XCR1	CCL5	9606	0.853	0	0	0	0	0.0	0.65	0.597
9606.ENSP00000310405	9606.ENSP00000356793	XCR1	XCL2	9606	0.986	0	0	0	0	0.0	0.7	0.957
9606.ENSP00000310405	9606.ENSP00000356792	XCR1	XCL1	9606	0.996	0	0	0	0	0.0	0.7	0.987
9606.ENSP00000310447	9606.ENSP00000319635	GLS2	CXCR2	9606	0.408	0	0	0	0	0.0	0.0	0.409
9606.ENSP00000310631	9606.ENSP00000497260	MRGPRD	GNAI1	9606	0.9	0	0	0	0	0.9	0.0	0.0
9606.ENSP00000313419	9606.ENSP00000483570	CD19	BTK	9606	0.421	0	0	0	0	0.292	0.0	0.216
9606.ENSP00000313419	9606.ENSP00000433277	CD19	MS4A1	9606	0.426	0	0	0	0	0.0	0.0	0.426
9606.ENSP00000313419	9606.ENSP00000346671	CD19	FYN	9606	0.48	0	0	0	0	0.0	0.0	0.48
9606.ENSP00000313419	9606.ENSP00000364898	CD19	SYK	9606	0.538	0	0	0	0	0.292	0.0	0.375
9606.ENSP00000313419	9606.ENSP00000480132	CD19	NCAM1	9606	0.659	0	0	0	0	0.0	0.0	0.659
9606.ENSP00000313419	9606.ENSP00000351497	CD19	FCGR2B	9606	0.672	0	0	0	0	0.0	0.0	0.672
9606.ENSP00000313419	9606.ENSP00000415743	CD19	CD36	9606	0.75	0	0	0	0	0.0	0.0	0.75
9606.ENSP00000313419	9606.ENSP00000482457	CD19	PLCG2	9606	0.754	0	0	0	0	0.292	0.0	0.667
9606.ENSP00000313419	9606.ENSP00000428056	CD19	PIK3R1	9606	0.78	0	0	0	0	0.457	0.4	0.38
9606.ENSP00000313419	9606.ENSP00000428924	CD19	LYN	9606	0.962	0	0	0	0	0.292	0.0	0.949
9606.ENSP00000313419	9606.ENSP00000433642	CD19	FCGR3B	9606	0.972	0	0	0	0	0.0	0.0	0.972
9606.ENSP00000313419	9606.ENSP00000356946	CD19	FCGR3A	9606	0.976	0	0	0	0	0.0	0.0	0.976
9606.ENSP00000313419	9606.ENSP00000472929	CD19	VAV1	9606	0.986	0	0	0	0	0.457	0.9	0.768
9606.ENSP00000314223	9606.ENSP00000497260	GPR88	GNAI1	9606	0.9	0	0	0	0	0.9	0.0	0.0
9606.ENSP00000315768	9606.ENSP00000371067	STAT2	JAK2	9606	0.456	0	0	0	0	0.0	0.0	0.456
9606.ENSP00000315768	9606.ENSP00000369558	STAT2	IFNA6	9606	0.499	0	0	0	0	0.0	0.5	0.0
9606.ENSP00000315768	9606.ENSP00000369554	STAT2	IFNA2	9606	0.499	0	0	0	0	0.0	0.5	0.0
9606.ENSP00000315768	9606.ENSP00000369553	STAT2	IFNA8	9606	0.499	0	0	0	0	0.0	0.5	0.0
9606.ENSP00000315768	9606.ENSP00000484479	STAT2	IFNA5	9606	0.499	0	0	0	0	0.0	0.5	0.0
9606.ENSP00000315768	9606.ENSP00000369564	STAT2	IFNA16	9606	0.499	0	0	0	0	0.0	0.5	0.0
9606.ENSP00000315768	9606.ENSP00000369566	STAT2	IFNA10	9606	0.499	0	0	0	0	0.0	0.5	0.0
9606.ENSP00000315768	9606.ENSP00000411940	STAT2	IFNA17	9606	0.499	0	0	0	0	0.0	0.5	0.0
9606.ENSP00000315768	9606.ENSP00000412897	STAT2	IFNA4	9606	0.499	0	0	0	0	0.0	0.5	0.0
9606.ENSP00000315768	9606.ENSP00000369574	STAT2	IFNA21	9606	0.499	0	0	0	0	0.0	0.5	0.0
9606.ENSP00000315768	9606.ENSP00000369581	STAT2	IFNB1	9606	0.499	0	0	0	0	0.0	0.5	0.0
9606.ENSP00000315768	9606.ENSP00000369571	STAT2	IFNA14	9606	0.499	0	0	0	0	0.0	0.5	0.0
9606.ENSP00000315768	9606.ENSP00000496577	STAT2	SOCS1	9606	0.713	0	0	0	0	0.0	0.5	0.45
9606.ENSP00000315768	9606.ENSP00000499900	STAT2	JAK1	9606	0.906	0	0	0	0	0.0	0.8	0.553
9606.ENSP00000315768	9606.ENSP00000343957	STAT2	IFNAR2	9606	0.944	0	0	0	0	0.457	0.8	0.532
9606.ENSP00000315768	9606.ENSP00000431885	STAT2	TYK2	9606	0.958	0	0	0	0	0.457	0.8	0.645
9606.ENSP00000315768	9606.ENSP00000354394	STAT2	STAT1	9606	0.999	0	0	0	0	0.534	0.9	0.983
9606.ENSP00000319635	9606.ENSP00000471493	CXCR2	FPR1	9606	0.406	0	0	0	0	0.0	0.0	0.406
9606.ENSP00000319635	9606.ENSP00000375086	CXCR2	CCL25	9606	0.65	0	0	0	0	0.0	0.65	0.0
9606.ENSP00000319635	9606.ENSP00000484078	CXCR2	CCL15	9606	0.65	0	0	0	0	0.0	0.65	0.0
9606.ENSP00000319635	9606.ENSP00000356793	CXCR2	XCL2	9606	0.65	0	0	0	0	0.0	0.65	0.0
9606.ENSP00000319635	9606.ENSP00000356792	CXCR2	XCL1	9606	0.65	0	0	0	0	0.0	0.65	0.0
9606.ENSP00000319635	9606.ENSP00000378365	CXCR2	CCL26	9606	0.65	0	0	0	0	0.0	0.65	0.0
9606.ENSP00000319635	9606.ENSP00000354416	CXCR2	CCL28	9606	0.65	0	0	0	0	0.0	0.65	0.0
9606.ENSP00000319635	9606.ENSP00000400533	CXCR2	CCL24	9606	0.651	0	0	0	0	0.0	0.65	0.046
9606.ENSP00000319635	9606.ENSP00000479955	CXCR2	CCL18	9606	0.651	0	0	0	0	0.0	0.65	0.045
9606.ENSP00000319635	9606.ENSP00000337065	CXCR2	CXCL14	9606	0.674	0	0	0	0	0.0	0.65	0.109
9606.ENSP00000319635	9606.ENSP00000339381	CXCR2	RGS12	9606	0.685	0	0	0	0	0.0	0.0	0.685
9606.ENSP00000319635	9606.ENSP00000362795	CXCR2	CXCR3	9606	0.693	0	0	0	0	0.0	0.0	0.693
9606.ENSP00000319635	9606.ENSP00000480558	CXCR2	CCL3L1	9606	0.762	0	0	0	0	0.0	0.65	0.349
9606.ENSP00000319635	9606.ENSP00000478024	CXCR2	CCL16	9606	0.82	0	0	0	0	0.0	0.65	0.509
9606.ENSP00000319635	9606.ENSP00000483330	CXCR2	CCL4L2	9606	0.84	0	0	0	0	0.0	0.65	0.563
9606.ENSP00000319635	9606.ENSP00000378118	CXCR2	CCL8	9606	0.857	0	0	0	0	0.0	0.65	0.608
9606.ENSP00000319635	9606.ENSP00000351671	CXCR2	CCL20	9606	0.884	0	0	0	0	0.0	0.65	0.683
9606.ENSP00000319635	9606.ENSP00000367832	CXCR2	CCL7	9606	0.895	0	0	0	0	0.0	0.65	0.714
9606.ENSP00000319635	9606.ENSP00000497260	CXCR2	GNAI1	9606	0.9	0	0	0	0	0.9	0.0	0.0
9606.ENSP00000319635	9606.ENSP00000354901	CXCR2	CXCL9	9606	0.904	0	0	0	0	0.0	0.65	0.738
9606.ENSP00000319635	9606.ENSP00000477908	CXCR2	CCL3	9606	0.937	0	0	0	0	0.0	0.65	0.829
9606.ENSP00000319635	9606.ENSP00000482259	CXCR2	CCL4	9606	0.945	0	0	0	0	0.0	0.65	0.85
9606.ENSP00000319635	9606.ENSP00000386884	CXCR2	CXCR4	9606	0.981	0	0	0	0	0.0	0.0	0.981
9606.ENSP00000319635	9606.ENSP00000474412	CXCR2	CCL5	9606	0.989	0	0	0	0	0.0	0.65	0.97
9606.ENSP00000319635	9606.ENSP00000379140	CXCR2	CXCL12	9606	0.993	0	0	0	0	0.0	0.65	0.981
9606.ENSP00000319635	9606.ENSP00000427279	CXCR2	CXCL2	9606	0.995	0	0	0	0	0.287	0.65	0.983
9606.ENSP00000319635	9606.ENSP00000379110	CXCR2	CXCL1	9606	0.995	0	0	0	0	0.287	0.65	0.983
9606.ENSP00000320509	9606.ENSP00000482457	BANK1	PLCG2	9606	0.465	0	0	0	0	0.0	0.0	0.466
9606.ENSP00000320509	9606.ENSP00000428924	BANK1	LYN	9606	0.478	0	0	0	0	0.292	0.0	0.294
9606.ENSP00000322924	9606.ENSP00000363748	HTR1F	HTR1D	9606	0.482	0	0	0	0	0.0	0.4	0.173
9606.ENSP00000322924	9606.ENSP00000497260	HTR1F	GNAI1	9606	0.9	0	0	0	0	0.9	0.0	0.0
9606.ENSP00000326432	9606.ENSP00000332504	CCR8	CCR10	9606	0.433	0	0	0	0	0.0	0.0	0.433
9606.ENSP00000326432	9606.ENSP00000416996	CCR8	ACKR2	9606	0.528	0	0	0	0	0.0	0.0	0.528
9606.ENSP00000326432	9606.ENSP00000356792	CCR8	XCL1	9606	0.65	0	0	0	0	0.0	0.65	0.0
9606.ENSP00000326432	9606.ENSP00000378365	CCR8	CCL26	9606	0.65	0	0	0	0	0.0	0.65	0.0
9606.ENSP00000326432	9606.ENSP00000354416	CCR8	CCL28	9606	0.65	0	0	0	0	0.0	0.65	0.0
9606.ENSP00000326432	9606.ENSP00000356793	CCR8	XCL2	9606	0.65	0	0	0	0	0.0	0.65	0.0
9606.ENSP00000326432	9606.ENSP00000400533	CCR8	CCL24	9606	0.651	0	0	0	0	0.0	0.65	0.045
9606.ENSP00000326432	9606.ENSP00000427279	CCR8	CXCL2	9606	0.651	0	0	0	0	0.0	0.65	0.044
9606.ENSP00000326432	9606.ENSP00000354901	CCR8	CXCL9	9606	0.652	0	0	0	0	0.0	0.65	0.047
9606.ENSP00000326432	9606.ENSP00000484078	CCR8	CCL15	9606	0.658	0	0	0	0	0.0	0.65	0.063
9606.ENSP00000326432	9606.ENSP00000337065	CCR8	CXCL14	9606	0.666	0	0	0	0	0.0	0.65	0.086
9606.ENSP00000326432	9606.ENSP00000343952	CCR8	CCR6	9606	0.713	0	0	0	0	0.0	0.0	0.713
9606.ENSP00000326432	9606.ENSP00000480558	CCR8	CCL3L1	9606	0.722	0	0	0	0	0.0	0.65	0.24
9606.ENSP00000326432	9606.ENSP00000379140	CCR8	CXCL12	9606	0.725	0	0	0	0	0.0	0.65	0.247
9606.ENSP00000326432	9606.ENSP00000379110	CCR8	CXCL1	9606	0.755	0	0	0	0	0.0	0.65	0.331
9606.ENSP00000326432	9606.ENSP00000367832	CCR8	CCL7	9606	0.772	0	0	0	0	0.0	0.65	0.375
9606.ENSP00000326432	9606.ENSP00000477908	CCR8	CCL3	9606	0.788	0	0	0	0	0.0	0.65	0.419
9606.ENSP00000326432	9606.ENSP00000441600	CCR8	CCR3	9606	0.803	0	0	0	0	0.0	0.0	0.803
9606.ENSP00000326432	9606.ENSP00000474412	CCR8	CCL5	9606	0.815	0	0	0	0	0.0	0.65	0.494
9606.ENSP00000326432	9606.ENSP00000483330	CCR8	CCL4L2	9606	0.824	0	0	0	0	0.0	0.65	0.518
9606.ENSP00000326432	9606.ENSP00000375086	CCR8	CCL25	9606	0.827	0	0	0	0	0.0	0.65	0.526
9606.ENSP00000326432	9606.ENSP00000351671	CCR8	CCL20	9606	0.896	0	0	0	0	0.0	0.65	0.716
9606.ENSP00000326432	9606.ENSP00000378118	CCR8	CCL8	9606	0.957	0	0	0	0	0.0	0.65	0.882
9606.ENSP00000326432	9606.ENSP00000478024	CCR8	CCL16	9606	0.96	0	0	0	0	0.287	0.65	0.854
9606.ENSP00000326432	9606.ENSP00000482259	CCR8	CCL4	9606	0.964	0	0	0	0	0.0	0.65	0.903
9606.ENSP00000326432	9606.ENSP00000479955	CCR8	CCL18	9606	0.993	0	0	0	0	0.0	0.65	0.981
9606.ENSP00000328472	9606.ENSP00000365006	S1PR5	S1PR3	9606	0.485	0	0	0	0	0.0	0.4	0.178
9606.ENSP00000328472	9606.ENSP00000497260	S1PR5	GNAI1	9606	0.9	0	0	0	0	0.9	0.0	0.0
9606.ENSP00000328708	9606.ENSP00000357301	RXFP3	RXFP4	9606	0.9	0	0	0	0	0.0	0.9	0.0
9606.ENSP00000328708	9606.ENSP00000405841	RXFP3	RXFP1	9606	0.9	0	0	0	0	0.0	0.9	0.0
9606.ENSP00000328708	9606.ENSP00000497260	RXFP3	GNAI1	9606	0.9	0	0	0	0	0.0	0.9	0.0
9606.ENSP00000332049	9606.ENSP00000472929	CD86	VAV1	9606	0.4	0	0	0	0	0.0	0.4	0.0
9606.ENSP00000332049	9606.ENSP00000346671	CD86	FYN	9606	0.4	0	0	0	0	0.0	0.4	0.0
9606.ENSP00000332049	9606.ENSP00000428056	CD86	PIK3R1	9606	0.4	0	0	0	0	0.0	0.4	0.0
9606.ENSP00000332049	9606.ENSP00000477713	CD86	LCK	9606	0.4	0	0	0	0	0.0	0.4	0.0
9606.ENSP00000332049	9606.ENSP00000428924	CD86	LYN	9606	0.499	0	0	0	0	0.0	0.5	0.0
9606.ENSP00000332049	9606.ENSP00000339186	CD86	GRAP2	9606	0.499	0	0	0	0	0.0	0.5	0.0
9606.ENSP00000332049	9606.ENSP00000356694	CD86	FASLG	9606	0.576	0	0	0	0	0.0	0.0	0.576
9606.ENSP00000332504	9606.ENSP00000386884	CCR10	CXCR4	9606	0.41	0	0	0	0	0.0	0.0	0.411
9606.ENSP00000332504	9606.ENSP00000343952	CCR10	CCR6	9606	0.45	0	0	0	0	0.0	0.0	0.45
9606.ENSP00000332504	9606.ENSP00000441600	CCR10	CCR3	9606	0.465	0	0	0	0	0.0	0.0	0.466
9606.ENSP00000332504	9606.ENSP00000379110	CCR10	CXCL1	9606	0.65	0	0	0	0	0.0	0.65	0.0
9606.ENSP00000332504	9606.ENSP00000356792	CCR10	XCL1	9606	0.65	0	0	0	0	0.0	0.65	0.0
9606.ENSP00000332504	9606.ENSP00000375086	CCR10	CCL25	9606	0.65	0	0	0	0	0.0	0.65	0.0
9606.ENSP00000332504	9606.ENSP00000484078	CCR10	CCL15	9606	0.65	0	0	0	0	0.0	0.65	0.0
9606.ENSP00000332504	9606.ENSP00000427279	CCR10	CXCL2	9606	0.65	0	0	0	0	0.0	0.65	0.0
9606.ENSP00000332504	9606.ENSP00000378365	CCR10	CCL26	9606	0.65	0	0	0	0	0.0	0.65	0.0
9606.ENSP00000332504	9606.ENSP00000337065	CCR10	CXCL14	9606	0.65	0	0	0	0	0.0	0.65	0.0
9606.ENSP00000332504	9606.ENSP00000356793	CCR10	XCL2	9606	0.65	0	0	0	0	0.0	0.65	0.0
9606.ENSP00000332504	9606.ENSP00000367832	CCR10	CCL7	9606	0.651	0	0	0	0	0.0	0.65	0.045
9606.ENSP00000332504	9606.ENSP00000482259	CCR10	CCL4	9606	0.651	0	0	0	0	0.0	0.65	0.045
9606.ENSP00000332504	9606.ENSP00000479955	CCR10	CCL18	9606	0.651	0	0	0	0	0.0	0.65	0.045
9606.ENSP00000332504	9606.ENSP00000477908	CCR10	CCL3	9606	0.651	0	0	0	0	0.0	0.65	0.045
9606.ENSP00000332504	9606.ENSP00000400533	CCR10	CCL24	9606	0.652	0	0	0	0	0.0	0.65	0.047
9606.ENSP00000332504	9606.ENSP00000480558	CCR10	CCL3L1	9606	0.659	0	0	0	0	0.0	0.65	0.068
9606.ENSP00000332504	9606.ENSP00000483330	CCR10	CCL4L2	9606	0.659	0	0	0	0	0.0	0.65	0.068
9606.ENSP00000332504	9606.ENSP00000478024	CCR10	CCL16	9606	0.674	0	0	0	0	0.0	0.65	0.107
9606.ENSP00000332504	9606.ENSP00000474412	CCR10	CCL5	9606	0.684	0	0	0	0	0.0	0.65	0.134
9606.ENSP00000332504	9606.ENSP00000354901	CCR10	CXCL9	9606	0.696	0	0	0	0	0.0	0.65	0.168
9606.ENSP00000332504	9606.ENSP00000379140	CCR10	CXCL12	9606	0.705	0	0	0	0	0.0	0.65	0.193
9606.ENSP00000332504	9606.ENSP00000378118	CCR10	CCL8	9606	0.715	0	0	0	0	0.0	0.65	0.221
9606.ENSP00000332504	9606.ENSP00000351671	CCR10	CCL20	9606	0.83	0	0	0	0	0.0	0.65	0.535
9606.ENSP00000332504	9606.ENSP00000354416	CCR10	CCL28	9606	0.956	0	0	0	0	0.0	0.9	0.583
9606.ENSP00000332659	9606.ENSP00000441600	CCR4	CCR3	9606	0.465	0	0	0	0	0.0	0.4	0.146
9606.ENSP00000332659	9606.ENSP00000356793	CCR4	XCL2	9606	0.65	0	0	0	0	0.0	0.65	0.0
9606.ENSP00000332659	9606.ENSP00000337065	CCR4	CXCL14	9606	0.65	0	0	0	0	0.0	0.65	0.0
9606.ENSP00000332659	9606.ENSP00000378365	CCR4	CCL26	9606	0.65	0	0	0	0	0.0	0.65	0.0
9606.ENSP00000332659	9606.ENSP00000354416	CCR4	CCL28	9606	0.65	0	0	0	0	0.0	0.65	0.0
9606.ENSP00000332659	9606.ENSP00000351671	CCR4	CCL20	9606	0.65	0	0	0	0	0.0	0.65	0.0
9606.ENSP00000332659	9606.ENSP00000375086	CCR4	CCL25	9606	0.65	0	0	0	0	0.0	0.65	0.0
9606.ENSP00000332659	9606.ENSP00000356792	CCR4	XCL1	9606	0.65	0	0	0	0	0.0	0.65	0.0
9606.ENSP00000332659	9606.ENSP00000484078	CCR4	CCL15	9606	0.65	0	0	0	0	0.0	0.65	0.0
9606.ENSP00000332659	9606.ENSP00000367832	CCR4	CCL7	9606	0.651	0	0	0	0	0.0	0.65	0.045
9606.ENSP00000332659	9606.ENSP00000400533	CCR4	CCL24	9606	0.651	0	0	0	0	0.0	0.65	0.045
9606.ENSP00000332659	9606.ENSP00000482259	CCR4	CCL4	9606	0.651	0	0	0	0	0.0	0.65	0.045
9606.ENSP00000332659	9606.ENSP00000354901	CCR4	CXCL9	9606	0.652	0	0	0	0	0.0	0.65	0.047
9606.ENSP00000332659	9606.ENSP00000478024	CCR4	CCL16	9606	0.654	0	0	0	0	0.0	0.65	0.052
9606.ENSP00000332659	9606.ENSP00000427279	CCR4	CXCL2	9606	0.659	0	0	0	0	0.0	0.65	0.066
9606.ENSP00000332659	9606.ENSP00000379110	CCR4	CXCL1	9606	0.659	0	0	0	0	0.0	0.65	0.066
9606.ENSP00000332659	9606.ENSP00000378118	CCR4	CCL8	9606	0.666	0	0	0	0	0.0	0.65	0.085
9606.ENSP00000332659	9606.ENSP00000479955	CCR4	CCL18	9606	0.671	0	0	0	0	0.0	0.65	0.099
9606.ENSP00000332659	9606.ENSP00000480558	CCR4	CCL3L1	9606	0.678	0	0	0	0	0.0	0.65	0.119
9606.ENSP00000332659	9606.ENSP00000483330	CCR4	CCL4L2	9606	0.682	0	0	0	0	0.0	0.65	0.13
9606.ENSP00000332659	9606.ENSP00000379140	CCR4	CXCL12	9606	0.705	0	0	0	0	0.0	0.65	0.192
9606.ENSP00000332659	9606.ENSP00000477908	CCR4	CCL3	9606	0.757	0	0	0	0	0.292	0.65	0.099
9606.ENSP00000332659	9606.ENSP00000474412	CCR4	CCL5	9606	0.888	0	0	0	0	0.292	0.65	0.584
9606.ENSP00000333800	9606.ENSP00000497260	MRGPRX2	GNAI1	9606	0.9	0	0	0	0	0.9	0.0	0.0
9606.ENSP00000333800	9606.ENSP00000383692	MRGPRX2	CENPS-CORT	9606	0.9	0	0	0	0	0.9	0.0	0.0
9606.ENSP00000337065	9606.ENSP00000395704	CXCL14	CXCR6	9606	0.65	0	0	0	0	0.0	0.65	0.0
9606.ENSP00000337065	9606.ENSP00000441600	CXCL14	CCR3	9606	0.65	0	0	0	0	0.0	0.65	0.0
9606.ENSP00000337065	9606.ENSP00000351059	CXCL14	CX3CR1	9606	0.65	0	0	0	0	0.0	0.65	0.0
9606.ENSP00000337065	9606.ENSP00000350256	CXCL14	CCR9	9606	0.65	0	0	0	0	0.0	0.65	0.0
9606.ENSP00000337065	9606.ENSP00000472467	CXCL14	CXCL17	9606	0.734	0	0	0	0	0.734	0.0	0.0
9606.ENSP00000337065	9606.ENSP00000354416	CXCL14	CCL28	9606	0.734	0	0	0	0	0.734	0.0	0.0
9606.ENSP00000337065	9606.ENSP00000354901	CXCL14	CXCL9	9606	0.734	0	0	0	0	0.734	0.0	0.0
9606.ENSP00000337065	9606.ENSP00000379140	CXCL14	CXCL12	9606	0.734	0	0	0	0	0.734	0.0	0.0
9606.ENSP00000337065	9606.ENSP00000378365	CXCL14	CCL26	9606	0.734	0	0	0	0	0.734	0.0	0.0
9606.ENSP00000337065	9606.ENSP00000427279	CXCL14	CXCL2	9606	0.734	0	0	0	0	0.734	0.0	0.0
9606.ENSP00000337065	9606.ENSP00000356792	CXCL14	XCL1	9606	0.734	0	0	0	0	0.734	0.0	0.0
9606.ENSP00000337065	9606.ENSP00000474412	CXCL14	CCL5	9606	0.734	0	0	0	0	0.734	0.0	0.0
9606.ENSP00000337065	9606.ENSP00000362795	CXCL14	CXCR3	9606	0.754	0	0	0	0	0.0	0.65	0.326
9606.ENSP00000337065	9606.ENSP00000343952	CXCL14	CCR6	9606	0.76	0	0	0	0	0.0	0.65	0.344
9606.ENSP00000337065	9606.ENSP00000386884	CXCL14	CXCR4	9606	0.968	0	0	0	0	0.292	0.65	0.882
9606.ENSP00000339186	9606.ENSP00000343957	GRAP2	IFNAR2	9606	0.446	0	0	0	0	0.446	0.0	0.0
9606.ENSP00000339186	9606.ENSP00000360916	GRAP2	VAV2	9606	0.499	0	0	0	0	0.0	0.5	0.0
9606.ENSP00000339186	9606.ENSP00000399588	GRAP2	GAB3	9606	0.499	0	0	0	0	0.0	0.5	0.0
9606.ENSP00000339186	9606.ENSP00000397863	GRAP2	IL34	9606	0.499	0	0	0	0	0.0	0.5	0.0
9606.ENSP00000339186	9606.ENSP00000354782	GRAP2	CD247	9606	0.499	0	0	0	0	0.0	0.5	0.0
9606.ENSP00000339186	9606.ENSP00000371327	GRAP2	KLRC2	9606	0.499	0	0	0	0	0.0	0.5	0.0
9606.ENSP00000339186	9606.ENSP00000354394	GRAP2	STAT1	9606	0.499	0	0	0	0	0.0	0.5	0.0
9606.ENSP00000339186	9606.ENSP00000405338	GRAP2	INPP5D	9606	0.499	0	0	0	0	0.0	0.5	0.0
9606.ENSP00000339186	9606.ENSP00000370912	GRAP2	TEC	9606	0.499	0	0	0	0	0.0	0.5	0.0
9606.ENSP00000339186	9606.ENSP00000501150	GRAP2	PIK3CB	9606	0.499	0	0	0	0	0.0	0.5	0.0
9606.ENSP00000339186	9606.ENSP00000428924	GRAP2	LYN	9606	0.579	0	0	0	0	0.0	0.5	0.193
9606.ENSP00000339186	9606.ENSP00000428056	GRAP2	PIK3R1	9606	0.61	0	0	0	0	0.0	0.5	0.252
9606.ENSP00000339186	9606.ENSP00000359073	GRAP2	VAV3	9606	0.667	0	0	0	0	0.0	0.5	0.362
9606.ENSP00000339186	9606.ENSP00000364898	GRAP2	SYK	9606	0.726	0	0	0	0	0.292	0.5	0.29
9606.ENSP00000339186	9606.ENSP00000482457	GRAP2	PLCG2	9606	0.8	0	0	0	0	0.0	0.8	0.044
9606.ENSP00000339186	9606.ENSP00000477713	GRAP2	LCK	9606	0.873	0	0	0	0	0.0	0.5	0.757
9606.ENSP00000339186	9606.ENSP00000483570	GRAP2	BTK	9606	0.897	0	0	0	0	0.0	0.5	0.804
9606.ENSP00000339186	9606.ENSP00000346671	GRAP2	FYN	9606	0.908	0	0	0	0	0.0	0.8	0.563
9606.ENSP00000339186	9606.ENSP00000472929	GRAP2	VAV1	9606	0.987	0	0	0	0	0.0	0.5	0.976
9606.ENSP00000339186	9606.ENSP00000378845	GRAP2	LAT	9606	0.995	0	0	0	0	0.457	0.9	0.931
9606.ENSP00000339381	9606.ENSP00000497260	RGS12	GNAI1	9606	0.894	0	0	0	0	0.635	0.5	0.466
9606.ENSP00000342007	9606.ENSP00000380070	CYP1A2	GAPDH	9606	0.98	0	0	0	0	0.0	0.0	0.98
9606.ENSP00000343952	9606.ENSP00000350256	CCR6	CCR9	9606	0.48	0	0	0	0	0.0	0.0	0.48
9606.ENSP00000343952	9606.ENSP00000362795	CCR6	CXCR3	9606	0.542	0	0	0	0	0.0	0.0	0.542
9606.ENSP00000343952	9606.ENSP00000416996	CCR6	ACKR2	9606	0.553	0	0	0	0	0.0	0.0	0.553
9606.ENSP00000343952	9606.ENSP00000379110	CCR6	CXCL1	9606	0.65	0	0	0	0	0.0	0.65	0.0
9606.ENSP00000343952	9606.ENSP00000356792	CCR6	XCL1	9606	0.65	0	0	0	0	0.0	0.65	0.0
9606.ENSP00000343952	9606.ENSP00000354416	CCR6	CCL28	9606	0.65	0	0	0	0	0.0	0.65	0.0
9606.ENSP00000343952	9606.ENSP00000484078	CCR6	CCL15	9606	0.65	0	0	0	0	0.0	0.65	0.0
9606.ENSP00000343952	9606.ENSP00000427279	CCR6	CXCL2	9606	0.65	0	0	0	0	0.0	0.65	0.0
9606.ENSP00000343952	9606.ENSP00000356793	CCR6	XCL2	9606	0.65	0	0	0	0	0.0	0.65	0.0
9606.ENSP00000343952	9606.ENSP00000378365	CCR6	CCL26	9606	0.659	0	0	0	0	0.0	0.65	0.066
9606.ENSP00000343952	9606.ENSP00000400533	CCR6	CCL24	9606	0.659	0	0	0	0	0.0	0.65	0.067
9606.ENSP00000343952	9606.ENSP00000479955	CCR6	CCL18	9606	0.697	0	0	0	0	0.0	0.65	0.17
9606.ENSP00000343952	9606.ENSP00000375086	CCR6	CCL25	9606	0.699	0	0	0	0	0.0	0.65	0.176
9606.ENSP00000343952	9606.ENSP00000478024	CCR6	CCL16	9606	0.745	0	0	0	0	0.0	0.65	0.303
9606.ENSP00000343952	9606.ENSP00000483330	CCR6	CCL4L2	9606	0.751	0	0	0	0	0.0	0.65	0.32
9606.ENSP00000343952	9606.ENSP00000378118	CCR6	CCL8	9606	0.76	0	0	0	0	0.0	0.65	0.344
9606.ENSP00000343952	9606.ENSP00000480558	CCR6	CCL3L1	9606	0.761	0	0	0	0	0.0	0.65	0.347
9606.ENSP00000343952	9606.ENSP00000367832	CCR6	CCL7	9606	0.764	0	0	0	0	0.0	0.65	0.355
9606.ENSP00000343952	9606.ENSP00000441600	CCR6	CCR3	9606	0.828	0	0	0	0	0.0	0.0	0.828
9606.ENSP00000343952	9606.ENSP00000379140	CCR6	CXCL12	9606	0.903	0	0	0	0	0.0	0.65	0.736
9606.ENSP00000343952	9606.ENSP00000474412	CCR6	CCL5	9606	0.917	0	0	0	0	0.0	0.65	0.772
9606.ENSP00000343952	9606.ENSP00000482259	CCR6	CCL4	9606	0.926	0	0	0	0	0.0	0.65	0.797
9606.ENSP00000343952	9606.ENSP00000477908	CCR6	CCL3	9606	0.939	0	0	0	0	0.0	0.65	0.833
9606.ENSP00000343952	9606.ENSP00000354901	CCR6	CXCL9	9606	0.953	0	0	0	0	0.0	0.65	0.873
9606.ENSP00000343952	9606.ENSP00000351671	CCR6	CCL20	9606	0.999	0	0	0	0	0.9	0.9	0.982
9606.ENSP00000343957	9606.ENSP00000496577	IFNAR2	SOCS1	9606	0.499	0	0	0	0	0.0	0.5	0.0
9606.ENSP00000343957	9606.ENSP00000412897	IFNAR2	IFNA4	9606	0.557	0	0	0	0	0.0	0.5	0.152
9606.ENSP00000343957	9606.ENSP00000369574	IFNAR2	IFNA21	9606	0.558	0	0	0	0	0.0	0.5	0.154
9606.ENSP00000343957	9606.ENSP00000369571	IFNAR2	IFNA14	9606	0.558	0	0	0	0	0.0	0.5	0.153
9606.ENSP00000343957	9606.ENSP00000369558	IFNAR2	IFNA6	9606	0.559	0	0	0	0	0.0	0.5	0.155
9606.ENSP00000343957	9606.ENSP00000369564	IFNAR2	IFNA16	9606	0.559	0	0	0	0	0.0	0.5	0.155
9606.ENSP00000343957	9606.ENSP00000369566	IFNAR2	IFNA10	9606	0.559	0	0	0	0	0.0	0.5	0.155
9606.ENSP00000343957	9606.ENSP00000411940	IFNAR2	IFNA17	9606	0.645	0	0	0	0	0.0	0.5	0.321
9606.ENSP00000343957	9606.ENSP00000484479	IFNAR2	IFNA5	9606	0.672	0	0	0	0	0.287	0.5	0.155
9606.ENSP00000343957	9606.ENSP00000369553	IFNAR2	IFNA8	9606	0.77	0	0	0	0	0.287	0.5	0.408
9606.ENSP00000343957	9606.ENSP00000371067	IFNAR2	JAK2	9606	0.829	0	0	0	0	0.0	0.8	0.181
9606.ENSP00000343957	9606.ENSP00000418018	IFNAR2	IFNE	9606	0.857	0	0	0	0	0.0	0.0	0.857
9606.ENSP00000343957	9606.ENSP00000354394	IFNAR2	STAT1	9606	0.934	0	0	0	0	0.457	0.5	0.777
9606.ENSP00000343957	9606.ENSP00000356713	IFNAR2	IFNGR1	9606	0.944	0	0	0	0	0.0	0.9	0.466
9606.ENSP00000343957	9606.ENSP00000369578	IFNAR2	IFNW1	9606	0.946	0	0	0	0	0.946	0.0	0.0
9606.ENSP00000343957	9606.ENSP00000369581	IFNAR2	IFNB1	9606	0.993	0	0	0	0	0.287	0.5	0.982
9606.ENSP00000343957	9606.ENSP00000431885	IFNAR2	TYK2	9606	0.997	0	0	0	0	0.0	0.9	0.978
9606.ENSP00000343957	9606.ENSP00000499900	IFNAR2	JAK1	9606	0.998	0	0	0	0	0.457	0.9	0.982
9606.ENSP00000343957	9606.ENSP00000369554	IFNAR2	IFNA2	9606	0.999	0	0	0	0	0.96	0.5	0.958
9606.ENSP00000344903	9606.ENSP00000442060	MAFK	MAFF	9606	0.766	0	0	0	0	0.0	0.0	0.766
9606.ENSP00000344903	9606.ENSP00000380252	MAFK	NFE2L2	9606	0.911	0	0	0	0	0.491	0.7	0.464
9606.ENSP00000344903	9606.ENSP00000350369	MAFK	MAFG	9606	0.947	0	0	0	0	0.61	0.0	0.871
9606.ENSP00000346671	9606.ENSP00000496577	FYN	SOCS1	9606	0.42	0	0	0	0	0.42	0.0	0.0
9606.ENSP00000346671	9606.ENSP00000499900	FYN	JAK1	9606	0.484	0	0	0	0	0.075	0.0	0.466
9606.ENSP00000346671	9606.ENSP00000397863	FYN	IL34	9606	0.499	0	0	0	0	0.0	0.5	0.0
9606.ENSP00000346671	9606.ENSP00000371327	FYN	KLRC2	9606	0.499	0	0	0	0	0.0	0.5	0.0
9606.ENSP00000346671	9606.ENSP00000405338	FYN	INPP5D	9606	0.499	0	0	0	0	0.0	0.5	0.0
9606.ENSP00000346671	9606.ENSP00000354394	FYN	STAT1	9606	0.518	0	0	0	0	0.0	0.5	0.077
9606.ENSP00000346671	9606.ENSP00000356694	FYN	FASLG	9606	0.542	0	0	0	0	0.542	0.0	0.0
9606.ENSP00000346671	9606.ENSP00000501150	FYN	PIK3CB	9606	0.553	0	0	0	0	0.0	0.4	0.287
9606.ENSP00000346671	9606.ENSP00000378845	FYN	LAT	9606	0.557	0	0	0	0	0.292	0.4	0.0
9606.ENSP00000346671	9606.ENSP00000360916	FYN	VAV2	9606	0.598	0	0	0	0	0.23	0.5	0.0
9606.ENSP00000346671	9606.ENSP00000399588	FYN	GAB3	9606	0.63	0	0	0	0	0.292	0.5	0.0
9606.ENSP00000346671	9606.ENSP00000359073	FYN	VAV3	9606	0.665	0	0	0	0	0.0	0.5	0.359
9606.ENSP00000346671	9606.ENSP00000371067	FYN	JAK2	9606	0.717	0	0	0	0	0.292	0.4	0.388
9606.ENSP00000346671	9606.ENSP00000428056	FYN	PIK3R1	9606	0.776	0	0	0	0	0.577	0.4	0.19
9606.ENSP00000346671	9606.ENSP00000480132	FYN	NCAM1	9606	0.802	0	0	0	0	0.0	0.8	0.053
9606.ENSP00000346671	9606.ENSP00000483570	FYN	BTK	9606	0.847	0	0	0	0	0.292	0.5	0.604
9606.ENSP00000346671	9606.ENSP00000482457	FYN	PLCG2	9606	0.898	0	0	0	0	0.292	0.8	0.339
9606.ENSP00000346671	9606.ENSP00000472929	FYN	VAV1	9606	0.938	0	0	0	0	0.457	0.4	0.826
9606.ENSP00000346671	9606.ENSP00000415743	FYN	CD36	9606	0.959	0	0	0	0	0.457	0.0	0.928
9606.ENSP00000346671	9606.ENSP00000354782	FYN	CD247	9606	0.972	0	0	0	0	0.501	0.9	0.491
9606.ENSP00000346671	9606.ENSP00000364898	FYN	SYK	9606	0.974	0	0	0	0	0.292	0.4	0.944
9606.ENSP00000346671	9606.ENSP00000428924	FYN	LYN	9606	0.992	0	0	0	0	0.0	0.8	0.963
9606.ENSP00000346671	9606.ENSP00000477713	FYN	LCK	9606	0.998	0	0	0	0	0.292	0.9	0.98
9606.ENSP00000349709	9606.ENSP00000356320	RAET1E	ULBP2	9606	0.512	0	0	0	0	0.304	0.0	0.328
9606.ENSP00000349709	9606.ENSP00000356329	RAET1E	RAET1G	9606	0.901	0	0	0	0	0.0	0.9	0.051
9606.ENSP00000349709	9606.ENSP00000356310	RAET1E	RAET1L	9606	0.901	0	0	0	0	0.0	0.9	0.051
9606.ENSP00000349790	9606.ENSP00000480132	COL9A1	NCAM1	9606	0.499	0	0	0	0	0.0	0.5	0.0
9606.ENSP00000349790	9606.ENSP00000496793	COL9A1	COL9A3	9606	0.991	0	0	0	0	0.9	0.8	0.587
9606.ENSP00000350198	9606.ENSP00000428056	SSTR2	PIK3R1	9606	0.405	0	0	0	0	0.405	0.0	0.0
9606.ENSP00000350198	9606.ENSP00000497260	SSTR2	GNAI1	9606	0.9	0	0	0	0	0.9	0.0	0.0
9606.ENSP00000350256	9606.ENSP00000441600	CCR9	CCR3	9606	0.495	0	0	0	0	0.0	0.0	0.496
9606.ENSP00000350256	9606.ENSP00000379110	CCR9	CXCL1	9606	0.65	0	0	0	0	0.0	0.65	0.0
9606.ENSP00000350256	9606.ENSP00000484078	CCR9	CCL15	9606	0.65	0	0	0	0	0.0	0.65	0.0
9606.ENSP00000350256	9606.ENSP00000378365	CCR9	CCL26	9606	0.65	0	0	0	0	0.0	0.65	0.0
9606.ENSP00000350256	9606.ENSP00000427279	CCR9	CXCL2	9606	0.65	0	0	0	0	0.0	0.65	0.0
9606.ENSP00000350256	9606.ENSP00000356793	CCR9	XCL2	9606	0.65	0	0	0	0	0.0	0.65	0.0
9606.ENSP00000350256	9606.ENSP00000351671	CCR9	CCL20	9606	0.651	0	0	0	0	0.0	0.65	0.044
9606.ENSP00000350256	9606.ENSP00000356792	CCR9	XCL1	9606	0.651	0	0	0	0	0.0	0.65	0.044
9606.ENSP00000350256	9606.ENSP00000479955	CCR9	CCL18	9606	0.651	0	0	0	0	0.0	0.65	0.045
9606.ENSP00000350256	9606.ENSP00000354901	CCR9	CXCL9	9606	0.652	0	0	0	0	0.0	0.65	0.047
9606.ENSP00000350256	9606.ENSP00000354416	CCR9	CCL28	9606	0.657	0	0	0	0	0.0	0.65	0.061
9606.ENSP00000350256	9606.ENSP00000400533	CCR9	CCL24	9606	0.669	0	0	0	0	0.0	0.65	0.095
9606.ENSP00000350256	9606.ENSP00000483330	CCR9	CCL4L2	9606	0.695	0	0	0	0	0.0	0.65	0.166
9606.ENSP00000350256	9606.ENSP00000478024	CCR9	CCL16	9606	0.712	0	0	0	0	0.0	0.65	0.211
9606.ENSP00000350256	9606.ENSP00000482259	CCR9	CCL4	9606	0.727	0	0	0	0	0.0	0.65	0.253
9606.ENSP00000350256	9606.ENSP00000367832	CCR9	CCL7	9606	0.754	0	0	0	0	0.0	0.65	0.326
9606.ENSP00000350256	9606.ENSP00000480558	CCR9	CCL3L1	9606	0.761	0	0	0	0	0.0	0.65	0.346
9606.ENSP00000350256	9606.ENSP00000474412	CCR9	CCL5	9606	0.796	0	0	0	0	0.0	0.65	0.443
9606.ENSP00000350256	9606.ENSP00000379140	CCR9	CXCL12	9606	0.823	0	0	0	0	0.0	0.65	0.517
9606.ENSP00000350256	9606.ENSP00000378118	CCR9	CCL8	9606	0.838	0	0	0	0	0.0	0.65	0.556
9606.ENSP00000350256	9606.ENSP00000477908	CCR9	CCL3	9606	0.912	0	0	0	0	0.0	0.65	0.761
9606.ENSP00000350256	9606.ENSP00000375086	CCR9	CCL25	9606	0.998	0	0	0	0	0.0	0.9	0.983
9606.ENSP00000350369	9606.ENSP00000442060	MAFG	MAFF	9606	0.807	0	0	0	0	0.237	0.0	0.758
9606.ENSP00000350369	9606.ENSP00000380252	MAFG	NFE2L2	9606	0.994	0	0	0	0	0.633	0.7	0.952
9606.ENSP00000351059	9606.ENSP00000441600	CX3CR1	CCR3	9606	0.412	0	0	0	0	0.0	0.0	0.412
9606.ENSP00000351059	9606.ENSP00000397863	CX3CR1	IL34	9606	0.412	0	0	0	0	0.0	0.0	0.413
9606.ENSP00000351059	9606.ENSP00000386884	CX3CR1	CXCR4	9606	0.517	0	0	0	0	0.0	0.0	0.517
9606.ENSP00000351059	9606.ENSP00000356793	CX3CR1	XCL2	9606	0.65	0	0	0	0	0.0	0.65	0.0
9606.ENSP00000351059	9606.ENSP00000478024	CX3CR1	CCL16	9606	0.651	0	0	0	0	0.0	0.65	0.045
9606.ENSP00000351059	9606.ENSP00000482259	CX3CR1	CCL4	9606	0.651	0	0	0	0	0.0	0.65	0.045
9606.ENSP00000351059	9606.ENSP00000479955	CX3CR1	CCL18	9606	0.651	0	0	0	0	0.0	0.65	0.045
9606.ENSP00000351059	9606.ENSP00000484078	CX3CR1	CCL15	9606	0.658	0	0	0	0	0.0	0.65	0.064
9606.ENSP00000351059	9606.ENSP00000378118	CX3CR1	CCL8	9606	0.659	0	0	0	0	0.0	0.65	0.068
9606.ENSP00000351059	9606.ENSP00000354416	CX3CR1	CCL28	9606	0.673	0	0	0	0	0.0	0.65	0.105
9606.ENSP00000351059	9606.ENSP00000354901	CX3CR1	CXCL9	9606	0.69	0	0	0	0	0.0	0.65	0.153
9606.ENSP00000351059	9606.ENSP00000483330	CX3CR1	CCL4L2	9606	0.694	0	0	0	0	0.0	0.65	0.164
9606.ENSP00000351059	9606.ENSP00000427279	CX3CR1	CXCL2	9606	0.695	0	0	0	0	0.0	0.65	0.165
9606.ENSP00000351059	9606.ENSP00000367832	CX3CR1	CCL7	9606	0.749	0	0	0	0	0.0	0.65	0.313
9606.ENSP00000351059	9606.ENSP00000480558	CX3CR1	CCL3L1	9606	0.754	0	0	0	0	0.0	0.65	0.327
9606.ENSP00000351059	9606.ENSP00000400533	CX3CR1	CCL24	9606	0.762	0	0	0	0	0.0	0.65	0.35
9606.ENSP00000351059	9606.ENSP00000356792	CX3CR1	XCL1	9606	0.77	0	0	0	0	0.0	0.65	0.371
9606.ENSP00000351059	9606.ENSP00000351671	CX3CR1	CCL20	9606	0.871	0	0	0	0	0.0	0.65	0.647
9606.ENSP00000351059	9606.ENSP00000497260	CX3CR1	GNAI1	9606	0.9	0	0	0	0	0.9	0.0	0.0
9606.ENSP00000351059	9606.ENSP00000375086	CX3CR1	CCL25	9606	0.914	0	0	0	0	0.0	0.65	0.767
9606.ENSP00000351059	9606.ENSP00000477908	CX3CR1	CCL3	9606	0.918	0	0	0	0	0.0	0.65	0.777
9606.ENSP00000351059	9606.ENSP00000420298	CX3CR1	CD200	9606	0.936	0	0	0	0	0.0	0.0	0.936
9606.ENSP00000351059	9606.ENSP00000379110	CX3CR1	CXCL1	9606	0.959	0	0	0	0	0.0	0.65	0.888
9606.ENSP00000351059	9606.ENSP00000378365	CX3CR1	CCL26	9606	0.965	0	0	0	0	0.0	0.65	0.905
9606.ENSP00000351059	9606.ENSP00000379140	CX3CR1	CXCL12	9606	0.976	0	0	0	0	0.0	0.65	0.936
9606.ENSP00000351059	9606.ENSP00000474412	CX3CR1	CCL5	9606	0.981	0	0	0	0	0.0	0.65	0.948
9606.ENSP00000351497	9606.ENSP00000356946	FCGR2B	FCGR3A	9606	0.576	0	0	0	0	0.0	0.0	0.576
9606.ENSP00000351497	9606.ENSP00000428924	FCGR2B	LYN	9606	0.757	0	0	0	0	0.457	0.0	0.571
9606.ENSP00000351497	9606.ENSP00000358165	FCGR2B	FCGR1A	9606	0.768	0	0	0	0	0.0	0.0	0.768
9606.ENSP00000351497	9606.ENSP00000364898	FCGR2B	SYK	9606	0.9	0	0	0	0	0.0	0.9	0.0
9606.ENSP00000351497	9606.ENSP00000405338	FCGR2B	INPP5D	9606	0.99	0	0	0	0	0.549	0.9	0.809
9606.ENSP00000351671	9606.ENSP00000482259	CCL20	CCL4	9606	0.532	0	0	0	0	0.0	0.0	0.532
9606.ENSP00000351671	9606.ENSP00000416996	CCL20	ACKR2	9606	0.56	0	0	0	0	0.0	0.0	0.56
9606.ENSP00000351671	9606.ENSP00000477908	CCL20	CCL3	9606	0.605	0	0	0	0	0.0	0.0	0.605
9606.ENSP00000351671	9606.ENSP00000379110	CCL20	CXCL1	9606	0.67	0	0	0	0	0.0	0.0	0.67
9606.ENSP00000351671	9606.ENSP00000356793	CCL20	XCL2	9606	0.734	0	0	0	0	0.734	0.0	0.0
9606.ENSP00000351671	9606.ENSP00000474412	CCL20	CCL5	9606	0.761	0	0	0	0	0.734	0.0	0.14
9606.ENSP00000351671	9606.ENSP00000472467	CCL20	CXCL17	9606	0.802	0	0	0	0	0.734	0.0	0.288
9606.ENSP00000351671	9606.ENSP00000441600	CCL20	CCR3	9606	0.816	0	0	0	0	0.0	0.65	0.498
9606.ENSP00000351671	9606.ENSP00000379140	CCL20	CXCL12	9606	0.827	0	0	0	0	0.734	0.0	0.377
9606.ENSP00000351671	9606.ENSP00000386884	CCL20	CXCR4	9606	0.903	0	0	0	0	0.0	0.65	0.736
9606.ENSP00000351671	9606.ENSP00000395704	CCL20	CXCR6	9606	0.913	0	0	0	0	0.0	0.65	0.763
9606.ENSP00000351671	9606.ENSP00000362795	CCL20	CXCR3	9606	0.982	0	0	0	0	0.0	0.65	0.951
9606.ENSP00000353915	9606.ENSP00000497260	HTR4	GNAI1	9606	0.9	0	0	0	0	0.9	0.0	0.041
9606.ENSP00000354394	9606.ENSP00000428056	STAT1	PIK3R1	9606	0.499	0	0	0	0	0.0	0.5	0.0
9606.ENSP00000354394	9606.ENSP00000369574	STAT1	IFNA21	9606	0.499	0	0	0	0	0.0	0.5	0.0
9606.ENSP00000354394	9606.ENSP00000369564	STAT1	IFNA16	9606	0.499	0	0	0	0	0.0	0.5	0.0
9606.ENSP00000354394	9606.ENSP00000412897	STAT1	IFNA4	9606	0.499	0	0	0	0	0.0	0.5	0.0
9606.ENSP00000354394	9606.ENSP00000411940	STAT1	IFNA17	9606	0.499	0	0	0	0	0.0	0.5	0.0
9606.ENSP00000354394	9606.ENSP00000369553	STAT1	IFNA8	9606	0.499	0	0	0	0	0.0	0.5	0.0
9606.ENSP00000354394	9606.ENSP00000397863	STAT1	IL34	9606	0.499	0	0	0	0	0.0	0.5	0.0
9606.ENSP00000354394	9606.ENSP00000399588	STAT1	GAB3	9606	0.499	0	0	0	0	0.0	0.5	0.0
9606.ENSP00000354394	9606.ENSP00000482457	STAT1	PLCG2	9606	0.499	0	0	0	0	0.0	0.5	0.0
9606.ENSP00000354394	9606.ENSP00000369566	STAT1	IFNA10	9606	0.499	0	0	0	0	0.0	0.5	0.0
9606.ENSP00000354394	9606.ENSP00000405338	STAT1	INPP5D	9606	0.499	0	0	0	0	0.0	0.5	0.0
9606.ENSP00000354394	9606.ENSP00000369554	STAT1	IFNA2	9606	0.499	0	0	0	0	0.0	0.5	0.0
9606.ENSP00000354394	9606.ENSP00000369558	STAT1	IFNA6	9606	0.499	0	0	0	0	0.0	0.5	0.0
9606.ENSP00000354394	9606.ENSP00000369581	STAT1	IFNB1	9606	0.504	0	0	0	0	0.0	0.5	0.05
9606.ENSP00000354394	9606.ENSP00000364898	STAT1	SYK	9606	0.512	0	0	0	0	0.0	0.5	0.065
9606.ENSP00000354394	9606.ENSP00000477713	STAT1	LCK	9606	0.518	0	0	0	0	0.0	0.5	0.077
9606.ENSP00000354394	9606.ENSP00000428924	STAT1	LYN	9606	0.518	0	0	0	0	0.0	0.5	0.077
9606.ENSP00000354394	9606.ENSP00000501150	STAT1	PIK3CB	9606	0.525	0	0	0	0	0.0	0.5	0.089
9606.ENSP00000354394	9606.ENSP00000358165	STAT1	FCGR1A	9606	0.527	0	0	0	0	0.0	0.0	0.527
9606.ENSP00000354394	9606.ENSP00000484479	STAT1	IFNA5	9606	0.582	0	0	0	0	0.199	0.5	0.0
9606.ENSP00000354394	9606.ENSP00000369571	STAT1	IFNA14	9606	0.584	0	0	0	0	0.203	0.5	0.0
9606.ENSP00000354394	9606.ENSP00000431885	STAT1	TYK2	9606	0.839	0	0	0	0	0.292	0.5	0.583
9606.ENSP00000354394	9606.ENSP00000356713	STAT1	IFNGR1	9606	0.944	0	0	0	0	0.618	0.5	0.734
9606.ENSP00000354394	9606.ENSP00000371067	STAT1	JAK2	9606	0.99	0	0	0	0	0.457	0.5	0.969
9606.ENSP00000354394	9606.ENSP00000499900	STAT1	JAK1	9606	0.992	0	0	0	0	0.457	0.4	0.978
9606.ENSP00000354416	9606.ENSP00000416996	CCL28	ACKR2	9606	0.444	0	0	0	0	0.0	0.0	0.444
9606.ENSP00000354416	9606.ENSP00000441600	CCL28	CCR3	9606	0.65	0	0	0	0	0.0	0.65	0.0
9606.ENSP00000354416	9606.ENSP00000386884	CCL28	CXCR4	9606	0.65	0	0	0	0	0.0	0.65	0.0
9606.ENSP00000354416	9606.ENSP00000362795	CCL28	CXCR3	9606	0.65	0	0	0	0	0.0	0.65	0.0
9606.ENSP00000354416	9606.ENSP00000395704	CCL28	CXCR6	9606	0.658	0	0	0	0	0.0	0.65	0.063
9606.ENSP00000354416	9606.ENSP00000356793	CCL28	XCL2	9606	0.734	0	0	0	0	0.734	0.0	0.0
9606.ENSP00000354416	9606.ENSP00000356792	CCL28	XCL1	9606	0.734	0	0	0	0	0.734	0.0	0.0
9606.ENSP00000354416	9606.ENSP00000472467	CCL28	CXCL17	9606	0.734	0	0	0	0	0.734	0.0	0.0
9606.ENSP00000354416	9606.ENSP00000379140	CCL28	CXCL12	9606	0.734	0	0	0	0	0.734	0.0	0.0
9606.ENSP00000354416	9606.ENSP00000474412	CCL28	CCL5	9606	0.734	0	0	0	0	0.734	0.0	0.0
9606.ENSP00000354416	9606.ENSP00000427279	CCL28	CXCL2	9606	0.734	0	0	0	0	0.734	0.0	0.0
9606.ENSP00000354416	9606.ENSP00000378365	CCL28	CCL26	9606	0.734	0	0	0	0	0.734	0.0	0.0
9606.ENSP00000354416	9606.ENSP00000354901	CCL28	CXCL9	9606	0.734	0	0	0	0	0.734	0.0	0.0
9606.ENSP00000354536	9606.ENSP00000377245	ASTN1	KEAP1	9606	0.405	0	0	0	0	0.405	0.0	0.0
9606.ENSP00000354652	9606.ENSP00000466009	NPY1R	PPY	9606	0.499	0	0	0	0	0.0	0.5	0.0
9606.ENSP00000354652	9606.ENSP00000497260	NPY1R	GNAI1	9606	0.903	0	0	0	0	0.9	0.0	0.072
9606.ENSP00000354782	9606.ENSP00000371327	CD247	KLRC2	9606	0.4	0	0	0	0	0.0	0.0	0.401
9606.ENSP00000354782	9606.ENSP00000482457	CD247	PLCG2	9606	0.499	0	0	0	0	0.0	0.5	0.0
9606.ENSP00000354782	9606.ENSP00000360916	CD247	VAV2	9606	0.499	0	0	0	0	0.0	0.5	0.0
9606.ENSP00000354782	9606.ENSP00000472929	CD247	VAV1	9606	0.499	0	0	0	0	0.0	0.5	0.0
9606.ENSP00000354782	9606.ENSP00000501150	CD247	PIK3CB	9606	0.499	0	0	0	0	0.0	0.5	0.0
9606.ENSP00000354782	9606.ENSP00000359073	CD247	VAV3	9606	0.499	0	0	0	0	0.0	0.5	0.0
9606.ENSP00000354782	9606.ENSP00000378845	CD247	LAT	9606	0.634	0	0	0	0	0.292	0.5	0.05
9606.ENSP00000354782	9606.ENSP00000358165	CD247	FCGR1A	9606	0.8	0	0	0	0	0.0	0.8	0.0
9606.ENSP00000354782	9606.ENSP00000428056	CD247	PIK3R1	9606	0.802	0	0	0	0	0.621	0.5	0.0
9606.ENSP00000354782	9606.ENSP00000477713	CD247	LCK	9606	0.85	0	0	0	0	0.462	0.5	0.488
9606.ENSP00000354782	9606.ENSP00000364898	CD247	SYK	9606	0.989	0	0	0	0	0.102	0.9	0.889
9606.ENSP00000354782	9606.ENSP00000356946	CD247	FCGR3A	9606	0.997	0	0	0	0	0.0	0.9	0.98
9606.ENSP00000354782	9606.ENSP00000433642	CD247	FCGR3B	9606	0.997	0	0	0	0	0.0	0.9	0.973
9606.ENSP00000354901	9606.ENSP00000379110	CXCL9	CXCL1	9606	0.664	0	0	0	0	0.0	0.0	0.664
9606.ENSP00000354901	9606.ENSP00000472467	CXCL9	CXCL17	9606	0.734	0	0	0	0	0.734	0.0	0.0
9606.ENSP00000354901	9606.ENSP00000378365	CXCL9	CCL26	9606	0.734	0	0	0	0	0.734	0.0	0.0
9606.ENSP00000354901	9606.ENSP00000427279	CXCL9	CXCL2	9606	0.734	0	0	0	0	0.734	0.0	0.0
9606.ENSP00000354901	9606.ENSP00000356792	CXCL9	XCL1	9606	0.734	0	0	0	0	0.734	0.0	0.0
9606.ENSP00000354901	9606.ENSP00000441600	CXCL9	CCR3	9606	0.791	0	0	0	0	0.0	0.65	0.428
9606.ENSP00000354901	9606.ENSP00000474412	CXCL9	CCL5	9606	0.882	0	0	0	0	0.734	0.0	0.577
9606.ENSP00000354901	9606.ENSP00000379140	CXCL9	CXCL12	9606	0.924	0	0	0	0	0.734	0.0	0.729
9606.ENSP00000354901	9606.ENSP00000395704	CXCL9	CXCR6	9606	0.952	0	0	0	0	0.0	0.65	0.869
9606.ENSP00000354901	9606.ENSP00000386884	CXCL9	CXCR4	9606	0.985	0	0	0	0	0.0	0.65	0.959
9606.ENSP00000354901	9606.ENSP00000362795	CXCL9	CXCR3	9606	0.996	0	0	0	0	0.457	0.65	0.982
9606.ENSP00000356308	9606.ENSP00000356320	ULBP3	ULBP2	9606	0.9	0	0	0	0	0.0	0.9	0.0
9606.ENSP00000356310	9606.ENSP00000356329	RAET1L	RAET1G	9606	0.9	0	0	0	0	0.0	0.9	0.0
9606.ENSP00000356320	9606.ENSP00000413079	ULBP2	MICA	9606	0.48	0	0	0	0	0.0	0.0	0.48
9606.ENSP00000356429	9606.ENSP00000497260	RGS1	GNAI1	9606	0.956	0	0	0	0	0.909	0.5	0.115
9606.ENSP00000356430	9606.ENSP00000497260	RGS18	GNAI1	9606	0.677	0	0	0	0	0.33	0.5	0.115
9606.ENSP00000356529	9606.ENSP00000497260	RGS16	GNAI1	9606	0.969	0	0	0	0	0.933	0.5	0.165
9606.ENSP00000356694	9606.ENSP00000428924	FASLG	LYN	9606	0.42	0	0	0	0	0.42	0.0	0.0
9606.ENSP00000356694	9606.ENSP00000428056	FASLG	PIK3R1	9606	0.478	0	0	0	0	0.478	0.0	0.0
9606.ENSP00000356694	9606.ENSP00000499232	FASLG	ARHGAP9	9606	0.504	0	0	0	0	0.166	0.0	0.429
9606.ENSP00000356694	9606.ENSP00000398568	FASLG	PRF1	9606	0.845	0	0	0	0	0.0	0.0	0.845
9606.ENSP00000356694	9606.ENSP00000367013	FASLG	TNFRSF25	9606	0.98	0	0	0	0	0.0	0.0	0.98
9606.ENSP00000356694	9606.ENSP00000359013	FASLG	TNFRSF6B	9606	0.999	0	0	0	0	0.952	0.5	0.982
9606.ENSP00000356713	9606.ENSP00000480467	IFNGR1	IFNA13	9606	0.403	0	0	0	0	0.0	0.0	0.403
9606.ENSP00000356713	9606.ENSP00000369574	IFNGR1	IFNA21	9606	0.403	0	0	0	0	0.0	0.0	0.403
9606.ENSP00000356713	9606.ENSP00000369558	IFNGR1	IFNA6	9606	0.404	0	0	0	0	0.0	0.0	0.404
9606.ENSP00000356713	9606.ENSP00000369564	IFNGR1	IFNA16	9606	0.404	0	0	0	0	0.0	0.0	0.404
9606.ENSP00000356713	9606.ENSP00000369566	IFNGR1	IFNA10	9606	0.404	0	0	0	0	0.0	0.0	0.404
9606.ENSP00000356713	9606.ENSP00000412897	IFNGR1	IFNA4	9606	0.404	0	0	0	0	0.0	0.0	0.404
9606.ENSP00000356713	9606.ENSP00000369553	IFNGR1	IFNA8	9606	0.404	0	0	0	0	0.0	0.0	0.404
9606.ENSP00000356713	9606.ENSP00000484479	IFNGR1	IFNA5	9606	0.404	0	0	0	0	0.0	0.0	0.404
9606.ENSP00000356713	9606.ENSP00000369571	IFNGR1	IFNA14	9606	0.404	0	0	0	0	0.0	0.0	0.404
9606.ENSP00000356713	9606.ENSP00000369581	IFNGR1	IFNB1	9606	0.491	0	0	0	0	0.0	0.0	0.491
9606.ENSP00000356713	9606.ENSP00000431885	IFNGR1	TYK2	9606	0.65	0	0	0	0	0.0	0.65	0.0
9606.ENSP00000356713	9606.ENSP00000496577	IFNGR1	SOCS1	9606	0.939	0	0	0	0	0.166	0.5	0.866
9606.ENSP00000356713	9606.ENSP00000499900	IFNGR1	JAK1	9606	0.998	0	0	0	0	0.457	0.9	0.982
9606.ENSP00000356713	9606.ENSP00000371067	IFNGR1	JAK2	9606	0.998	0	0	0	0	0.457	0.9	0.982
9606.ENSP00000356792	9606.ENSP00000441600	XCL1	CCR3	9606	0.65	0	0	0	0	0.0	0.65	0.0
9606.ENSP00000356792	9606.ENSP00000362795	XCL1	CXCR3	9606	0.65	0	0	0	0	0.0	0.65	0.0
9606.ENSP00000356792	9606.ENSP00000395704	XCL1	CXCR6	9606	0.65	0	0	0	0	0.0	0.65	0.0
9606.ENSP00000356792	9606.ENSP00000400533	XCL1	CCL24	9606	0.734	0	0	0	0	0.734	0.0	0.0
9606.ENSP00000356792	9606.ENSP00000378365	XCL1	CCL26	9606	0.734	0	0	0	0	0.734	0.0	0.0
9606.ENSP00000356792	9606.ENSP00000474412	XCL1	CCL5	9606	0.734	0	0	0	0	0.734	0.0	0.0
9606.ENSP00000356792	9606.ENSP00000379140	XCL1	CXCL12	9606	0.734	0	0	0	0	0.734	0.0	0.0
9606.ENSP00000356792	9606.ENSP00000427279	XCL1	CXCL2	9606	0.734	0	0	0	0	0.734	0.0	0.0
9606.ENSP00000356792	9606.ENSP00000472467	XCL1	CXCL17	9606	0.734	0	0	0	0	0.734	0.0	0.0
9606.ENSP00000356792	9606.ENSP00000386884	XCL1	CXCR4	9606	0.772	0	0	0	0	0.0	0.65	0.377
9606.ENSP00000356792	9606.ENSP00000356793	XCL1	XCL2	9606	0.908	0	0	0	0	0.0	0.9	0.122
9606.ENSP00000356793	9606.ENSP00000441600	XCL2	CCR3	9606	0.65	0	0	0	0	0.0	0.65	0.0
9606.ENSP00000356793	9606.ENSP00000395704	XCL2	CXCR6	9606	0.65	0	0	0	0	0.0	0.65	0.0
9606.ENSP00000356793	9606.ENSP00000362795	XCL2	CXCR3	9606	0.65	0	0	0	0	0.0	0.65	0.0
9606.ENSP00000356793	9606.ENSP00000386884	XCL2	CXCR4	9606	0.651	0	0	0	0	0.0	0.65	0.044
9606.ENSP00000356793	9606.ENSP00000379140	XCL2	CXCL12	9606	0.734	0	0	0	0	0.734	0.0	0.0
9606.ENSP00000356793	9606.ENSP00000427279	XCL2	CXCL2	9606	0.734	0	0	0	0	0.734	0.0	0.0
9606.ENSP00000356793	9606.ENSP00000367832	XCL2	CCL7	9606	0.734	0	0	0	0	0.734	0.0	0.0
9606.ENSP00000356793	9606.ENSP00000474412	XCL2	CCL5	9606	0.734	0	0	0	0	0.734	0.0	0.0
9606.ENSP00000356793	9606.ENSP00000472467	XCL2	CXCL17	9606	0.734	0	0	0	0	0.734	0.0	0.0
9606.ENSP00000356793	9606.ENSP00000378365	XCL2	CCL26	9606	0.734	0	0	0	0	0.734	0.0	0.0
9606.ENSP00000356793	9606.ENSP00000378118	XCL2	CCL8	9606	0.734	0	0	0	0	0.734	0.0	0.0
9606.ENSP00000356946	9606.ENSP00000420298	FCGR3A	CD200	9606	0.469	0	0	0	0	0.0	0.0	0.469
9606.ENSP00000356946	9606.ENSP00000477713	FCGR3A	LCK	9606	0.487	0	0	0	0	0.292	0.0	0.306
9606.ENSP00000356946	9606.ENSP00000472929	FCGR3A	VAV1	9606	0.499	0	0	0	0	0.0	0.5	0.0
9606.ENSP00000356946	9606.ENSP00000482457	FCGR3A	PLCG2	9606	0.499	0	0	0	0	0.0	0.5	0.0
9606.ENSP00000356946	9606.ENSP00000428056	FCGR3A	PIK3R1	9606	0.499	0	0	0	0	0.0	0.5	0.0
9606.ENSP00000356946	9606.ENSP00000360916	FCGR3A	VAV2	9606	0.499	0	0	0	0	0.0	0.5	0.0
9606.ENSP00000356946	9606.ENSP00000501150	FCGR3A	PIK3CB	9606	0.499	0	0	0	0	0.0	0.5	0.0
9606.ENSP00000356946	9606.ENSP00000359073	FCGR3A	VAV3	9606	0.499	0	0	0	0	0.0	0.5	0.0
9606.ENSP00000356946	9606.ENSP00000480132	FCGR3A	NCAM1	9606	0.765	0	0	0	0	0.07	0.0	0.758
9606.ENSP00000356946	9606.ENSP00000415743	FCGR3A	CD36	9606	0.787	0	0	0	0	0.0	0.0	0.787
9606.ENSP00000356946	9606.ENSP00000364898	FCGR3A	SYK	9606	0.948	0	0	0	0	0.292	0.9	0.336
9606.ENSP00000356946	9606.ENSP00000433642	FCGR3A	FCGR3B	9606	0.964	0	0	0	0	0.421	0.9	0.431
9606.ENSP00000356946	9606.ENSP00000358165	FCGR3A	FCGR1A	9606	0.967	0	0	0	0	0.393	0.0	0.948
9606.ENSP00000357301	9606.ENSP00000405841	RXFP4	RXFP1	9606	0.9	0	0	0	0	0.0	0.9	0.0
9606.ENSP00000357301	9606.ENSP00000497260	RXFP4	GNAI1	9606	0.9	0	0	0	0	0.0	0.9	0.0
9606.ENSP00000358099	9606.ENSP00000497260	RGS10	GNAI1	9606	0.693	0	0	0	0	0.33	0.5	0.159
9606.ENSP00000358165	9606.ENSP00000480132	FCGR1A	NCAM1	9606	0.475	0	0	0	0	0.0	0.0	0.475
9606.ENSP00000358165	9606.ENSP00000359073	FCGR1A	VAV3	9606	0.499	0	0	0	0	0.0	0.5	0.0
9606.ENSP00000358165	9606.ENSP00000501150	FCGR1A	PIK3CB	9606	0.499	0	0	0	0	0.0	0.5	0.0
9606.ENSP00000358165	9606.ENSP00000472929	FCGR1A	VAV1	9606	0.499	0	0	0	0	0.0	0.5	0.0
9606.ENSP00000358165	9606.ENSP00000360916	FCGR1A	VAV2	9606	0.499	0	0	0	0	0.0	0.5	0.0
9606.ENSP00000358165	9606.ENSP00000428056	FCGR1A	PIK3R1	9606	0.499	0	0	0	0	0.0	0.5	0.0
9606.ENSP00000358165	9606.ENSP00000482457	FCGR1A	PLCG2	9606	0.499	0	0	0	0	0.0	0.5	0.0
9606.ENSP00000358165	9606.ENSP00000433642	FCGR1A	FCGR3B	9606	0.787	0	0	0	0	0.0	0.0	0.787
9606.ENSP00000358165	9606.ENSP00000364898	FCGR1A	SYK	9606	0.964	0	0	0	0	0.4	0.9	0.457
9606.ENSP00000358513	9606.ENSP00000497260	CNR1	GNAI1	9606	0.946	0	0	0	0	0.946	0.0	0.0
9606.ENSP00000359073	9606.ENSP00000431885	VAV3	TYK2	9606	0.426	0	0	0	0	0.0	0.0	0.426
9606.ENSP00000359073	9606.ENSP00000371327	VAV3	KLRC2	9606	0.499	0	0	0	0	0.0	0.5	0.0
9606.ENSP00000359073	9606.ENSP00000482457	VAV3	PLCG2	9606	0.499	0	0	0	0	0.0	0.5	0.0
9606.ENSP00000359073	9606.ENSP00000477713	VAV3	LCK	9606	0.499	0	0	0	0	0.0	0.5	0.0
9606.ENSP00000359073	9606.ENSP00000370912	VAV3	TEC	9606	0.499	0	0	0	0	0.0	0.5	0.0
9606.ENSP00000359073	9606.ENSP00000483570	VAV3	BTK	9606	0.531	0	0	0	0	0.0	0.5	0.101
9606.ENSP00000359073	9606.ENSP00000423602	VAV3	DAPP1	9606	0.58	0	0	0	0	0.0	0.0	0.58
9606.ENSP00000359073	9606.ENSP00000378845	VAV3	LAT	9606	0.615	0	0	0	0	0.0	0.5	0.262
9606.ENSP00000359073	9606.ENSP00000428924	VAV3	LYN	9606	0.632	0	0	0	0	0.0	0.5	0.295
9606.ENSP00000359073	9606.ENSP00000472929	VAV3	VAV1	9606	0.9	0	0	0	0	0.0	0.9	0.0
9606.ENSP00000359073	9606.ENSP00000360916	VAV3	VAV2	9606	0.9	0	0	0	0	0.0	0.9	0.0
9606.ENSP00000359073	9606.ENSP00000364898	VAV3	SYK	9606	0.906	0	0	0	0	0.0	0.5	0.82
9606.ENSP00000359532	9606.ENSP00000497260	NTSR1	GNAI1	9606	0.9	0	0	0	0	0.9	0.0	0.0
9606.ENSP00000360299	9606.ENSP00000497260	ADGRF1	GNAI1	9606	0.901	0	0	0	0	0.901	0.0	0.0
9606.ENSP00000360916	9606.ENSP00000496577	VAV2	SOCS1	9606	0.42	0	0	0	0	0.42	0.0	0.0
9606.ENSP00000360916	9606.ENSP00000431885	VAV2	TYK2	9606	0.426	0	0	0	0	0.0	0.0	0.426
9606.ENSP00000360916	9606.ENSP00000501150	VAV2	PIK3CB	9606	0.434	0	0	0	0	0.0	0.0	0.434
9606.ENSP00000360916	9606.ENSP00000482457	VAV2	PLCG2	9606	0.499	0	0	0	0	0.0	0.5	0.0
9606.ENSP00000360916	9606.ENSP00000428924	VAV2	LYN	9606	0.499	0	0	0	0	0.0	0.5	0.0
9606.ENSP00000360916	9606.ENSP00000371327	VAV2	KLRC2	9606	0.499	0	0	0	0	0.0	0.5	0.0
9606.ENSP00000360916	9606.ENSP00000378845	VAV2	LAT	9606	0.499	0	0	0	0	0.0	0.5	0.0
9606.ENSP00000360916	9606.ENSP00000477713	VAV2	LCK	9606	0.499	0	0	0	0	0.0	0.5	0.0
9606.ENSP00000360916	9606.ENSP00000370912	VAV2	TEC	9606	0.499	0	0	0	0	0.0	0.5	0.0
9606.ENSP00000360916	9606.ENSP00000483570	VAV2	BTK	9606	0.677	0	0	0	0	0.0	0.5	0.381
9606.ENSP00000360916	9606.ENSP00000364898	VAV2	SYK	9606	0.716	0	0	0	0	0.457	0.5	0.0
9606.ENSP00000360916	9606.ENSP00000472929	VAV2	VAV1	9606	0.9	0	0	0	0	0.0	0.9	0.0
9606.ENSP00000362795	9606.ENSP00000416996	CXCR3	ACKR2	9606	0.418	0	0	0	0	0.0	0.0	0.418
9606.ENSP00000362795	9606.ENSP00000484078	CXCR3	CCL15	9606	0.65	0	0	0	0	0.0	0.65	0.0
9606.ENSP00000362795	9606.ENSP00000479955	CXCR3	CCL18	9606	0.651	0	0	0	0	0.0	0.65	0.045
9606.ENSP00000362795	9606.ENSP00000478024	CXCR3	CCL16	9606	0.651	0	0	0	0	0.0	0.65	0.045
9606.ENSP00000362795	9606.ENSP00000375086	CXCR3	CCL25	9606	0.731	0	0	0	0	0.0	0.65	0.263
9606.ENSP00000362795	9606.ENSP00000367832	CXCR3	CCL7	9606	0.74	0	0	0	0	0.287	0.65	0.045
9606.ENSP00000362795	9606.ENSP00000395704	CXCR3	CXCR6	9606	0.741	0	0	0	0	0.0	0.0	0.741
9606.ENSP00000362795	9606.ENSP00000480558	CXCR3	CCL3L1	9606	0.741	0	0	0	0	0.0	0.65	0.291
9606.ENSP00000362795	9606.ENSP00000483330	CXCR3	CCL4L2	9606	0.762	0	0	0	0	0.0	0.65	0.348
9606.ENSP00000362795	9606.ENSP00000400533	CXCR3	CCL24	9606	0.858	0	0	0	0	0.0	0.65	0.611
9606.ENSP00000362795	9606.ENSP00000378365	CXCR3	CCL26	9606	0.867	0	0	0	0	0.0	0.65	0.636
9606.ENSP00000362795	9606.ENSP00000379110	CXCR3	CXCL1	9606	0.89	0	0	0	0	0.0	0.65	0.7
9606.ENSP00000362795	9606.ENSP00000378118	CXCR3	CCL8	9606	0.91	0	0	0	0	0.0	0.65	0.756
9606.ENSP00000362795	9606.ENSP00000441600	CXCR3	CCR3	9606	0.912	0	0	0	0	0.0	0.0	0.912
9606.ENSP00000362795	9606.ENSP00000427279	CXCR3	CXCL2	9606	0.926	0	0	0	0	0.0	0.65	0.798
9606.ENSP00000362795	9606.ENSP00000386884	CXCR3	CXCR4	9606	0.93	0	0	0	0	0.322	0.0	0.902
9606.ENSP00000362795	9606.ENSP00000482259	CXCR3	CCL4	9606	0.982	0	0	0	0	0.0	0.65	0.952
9606.ENSP00000362795	9606.ENSP00000477908	CXCR3	CCL3	9606	0.99	0	0	0	0	0.0	0.65	0.975
9606.ENSP00000362795	9606.ENSP00000379140	CXCR3	CXCL12	9606	0.993	0	0	0	0	0.0	0.65	0.981
9606.ENSP00000362795	9606.ENSP00000474412	CXCR3	CCL5	9606	0.995	0	0	0	0	0.287	0.65	0.982
9606.ENSP00000363748	9606.ENSP00000497260	HTR1D	GNAI1	9606	0.901	0	0	0	0	0.9	0.0	0.05
9606.ENSP00000364898	9606.ENSP00000370912	SYK	TEC	9606	0.4	0	0	0	0	0.0	0.4	0.0
9606.ENSP00000364898	9606.ENSP00000501150	SYK	PIK3CB	9606	0.499	0	0	0	0	0.0	0.5	0.0
9606.ENSP00000364898	9606.ENSP00000499900	SYK	JAK1	9606	0.499	0	0	0	0	0.0	0.5	0.0
9606.ENSP00000364898	9606.ENSP00000371327	SYK	KLRC2	9606	0.499	0	0	0	0	0.0	0.5	0.0
9606.ENSP00000364898	9606.ENSP00000496577	SYK	SOCS1	9606	0.648	0	0	0	0	0.0	0.5	0.326
9606.ENSP00000364898	9606.ENSP00000428056	SYK	PIK3R1	9606	0.744	0	0	0	0	0.457	0.5	0.134
9606.ENSP00000364898	9606.ENSP00000431885	SYK	TYK2	9606	0.8	0	0	0	0	0.0	0.8	0.0
9606.ENSP00000364898	9606.ENSP00000371067	SYK	JAK2	9606	0.8	0	0	0	0	0.0	0.8	0.0
9606.ENSP00000364898	9606.ENSP00000371505	SYK	CLEC6A	9606	0.83	0	0	0	0	0.0	0.5	0.675
9606.ENSP00000364898	9606.ENSP00000378845	SYK	LAT	9606	0.849	0	0	0	0	0.292	0.5	0.61
9606.ENSP00000364898	9606.ENSP00000433642	SYK	FCGR3B	9606	0.921	0	0	0	0	0.0	0.9	0.245
9606.ENSP00000364898	9606.ENSP00000477713	SYK	LCK	9606	0.963	0	0	0	0	0.457	0.5	0.875
9606.ENSP00000364898	9606.ENSP00000482457	SYK	PLCG2	9606	0.989	0	0	0	0	0.292	0.4	0.978
9606.ENSP00000364898	9606.ENSP00000483570	SYK	BTK	9606	0.991	0	0	0	0	0.292	0.4	0.981
9606.ENSP00000364898	9606.ENSP00000428924	SYK	LYN	9606	0.991	0	0	0	0	0.292	0.4	0.981
9606.ENSP00000364898	9606.ENSP00000472929	SYK	VAV1	9606	0.999	0	0	0	0	0.943	0.4	0.981
9606.ENSP00000365006	9606.ENSP00000497260	S1PR3	GNAI1	9606	0.9	0	0	0	0	0.9	0.0	0.0
9606.ENSP00000367832	9606.ENSP00000379110	CCL7	CXCL1	9606	0.451	0	0	0	0	0.0	0.0	0.451
9606.ENSP00000367832	9606.ENSP00000395704	CCL7	CXCR6	9606	0.651	0	0	0	0	0.0	0.65	0.045
9606.ENSP00000367832	9606.ENSP00000386884	CCL7	CXCR4	9606	0.661	0	0	0	0	0.0	0.65	0.072
9606.ENSP00000367832	9606.ENSP00000416996	CCL7	ACKR2	9606	0.916	0	0	0	0	0.292	0.5	0.782
9606.ENSP00000367832	9606.ENSP00000441600	CCL7	CCR3	9606	0.996	0	0	0	0	0.457	0.65	0.982
9606.ENSP00000369553	9606.ENSP00000496577	IFNA8	SOCS1	9606	0.499	0	0	0	0	0.0	0.5	0.0
9606.ENSP00000369553	9606.ENSP00000499900	IFNA8	JAK1	9606	0.499	0	0	0	0	0.0	0.5	0.0
9606.ENSP00000369553	9606.ENSP00000431885	IFNA8	TYK2	9606	0.499	0	0	0	0	0.0	0.5	0.0
9606.ENSP00000369553	9606.ENSP00000480467	IFNA8	IFNA13	9606	0.639	0	0	0	0	0.639	0.0	0.0
9606.ENSP00000369553	9606.ENSP00000412897	IFNA8	IFNA4	9606	0.653	0	0	0	0	0.653	0.0	0.0
9606.ENSP00000369554	9606.ENSP00000369581	IFNA2	IFNB1	9606	0.454	0	0	0	0	0.0	0.0	0.454
9606.ENSP00000369554	9606.ENSP00000379110	IFNA2	CXCL1	9606	0.585	0	0	0	0	0.0	0.0	0.585
9606.ENSP00000369554	9606.ENSP00000496577	IFNA2	SOCS1	9606	0.6	0	0	0	0	0.0	0.5	0.234
9606.ENSP00000369554	9606.ENSP00000499900	IFNA2	JAK1	9606	0.657	0	0	0	0	0.0	0.5	0.343
9606.ENSP00000369554	9606.ENSP00000412897	IFNA2	IFNA4	9606	0.665	0	0	0	0	0.665	0.0	0.0
9606.ENSP00000369554	9606.ENSP00000484479	IFNA2	IFNA5	9606	0.669	0	0	0	0	0.669	0.0	0.0
9606.ENSP00000369554	9606.ENSP00000431885	IFNA2	TYK2	9606	0.672	0	0	0	0	0.0	0.5	0.371
9606.ENSP00000369558	9606.ENSP00000496577	IFNA6	SOCS1	9606	0.499	0	0	0	0	0.0	0.5	0.0
9606.ENSP00000369558	9606.ENSP00000499900	IFNA6	JAK1	9606	0.499	0	0	0	0	0.0	0.5	0.0
9606.ENSP00000369558	9606.ENSP00000431885	IFNA6	TYK2	9606	0.499	0	0	0	0	0.0	0.5	0.0
9606.ENSP00000369558	9606.ENSP00000369574	IFNA6	IFNA21	9606	0.631	0	0	0	0	0.631	0.0	0.0
9606.ENSP00000369558	9606.ENSP00000484479	IFNA6	IFNA5	9606	0.661	0	0	0	0	0.661	0.0	0.0
9606.ENSP00000369558	9606.ENSP00000369571	IFNA6	IFNA14	9606	0.685	0	0	0	0	0.685	0.0	0.0
9606.ENSP00000369564	9606.ENSP00000499900	IFNA16	JAK1	9606	0.499	0	0	0	0	0.0	0.5	0.0
9606.ENSP00000369564	9606.ENSP00000496577	IFNA16	SOCS1	9606	0.499	0	0	0	0	0.0	0.5	0.0
9606.ENSP00000369564	9606.ENSP00000431885	IFNA16	TYK2	9606	0.499	0	0	0	0	0.0	0.5	0.0
9606.ENSP00000369564	9606.ENSP00000484479	IFNA16	IFNA5	9606	0.61	0	0	0	0	0.61	0.0	0.0
9606.ENSP00000369564	9606.ENSP00000480467	IFNA16	IFNA13	9606	0.61	0	0	0	0	0.61	0.0	0.0
9606.ENSP00000369566	9606.ENSP00000496577	IFNA10	SOCS1	9606	0.499	0	0	0	0	0.0	0.5	0.0
9606.ENSP00000369566	9606.ENSP00000499900	IFNA10	JAK1	9606	0.499	0	0	0	0	0.0	0.5	0.0
9606.ENSP00000369566	9606.ENSP00000431885	IFNA10	TYK2	9606	0.499	0	0	0	0	0.0	0.5	0.0
9606.ENSP00000369571	9606.ENSP00000431885	IFNA14	TYK2	9606	0.499	0	0	0	0	0.0	0.5	0.0
9606.ENSP00000369571	9606.ENSP00000496577	IFNA14	SOCS1	9606	0.499	0	0	0	0	0.0	0.5	0.0
9606.ENSP00000369571	9606.ENSP00000499900	IFNA14	JAK1	9606	0.499	0	0	0	0	0.0	0.5	0.0
9606.ENSP00000369571	9606.ENSP00000369574	IFNA14	IFNA21	9606	0.653	0	0	0	0	0.653	0.0	0.0
9606.ENSP00000369571	9606.ENSP00000484479	IFNA14	IFNA5	9606	0.659	0	0	0	0	0.659	0.0	0.0
9606.ENSP00000369574	9606.ENSP00000480467	IFNA21	IFNA13	9606	0.446	0	0	0	0	0.446	0.0	0.0
9606.ENSP00000369574	9606.ENSP00000412897	IFNA21	IFNA4	9606	0.469	0	0	0	0	0.469	0.0	0.0
9606.ENSP00000369574	9606.ENSP00000499900	IFNA21	JAK1	9606	0.499	0	0	0	0	0.0	0.5	0.0
9606.ENSP00000369574	9606.ENSP00000496577	IFNA21	SOCS1	9606	0.499	0	0	0	0	0.0	0.5	0.0
9606.ENSP00000369574	9606.ENSP00000431885	IFNA21	TYK2	9606	0.499	0	0	0	0	0.0	0.5	0.0
9606.ENSP00000369581	9606.ENSP00000411940	IFNB1	IFNA17	9606	0.428	0	0	0	0	0.0	0.0	0.428
9606.ENSP00000369581	9606.ENSP00000412897	IFNB1	IFNA4	9606	0.454	0	0	0	0	0.0	0.0	0.454
9606.ENSP00000369581	9606.ENSP00000496577	IFNB1	SOCS1	9606	0.499	0	0	0	0	0.0	0.5	0.0
9606.ENSP00000369581	9606.ENSP00000418018	IFNB1	IFNE	9606	0.504	0	0	0	0	0.0	0.0	0.504
9606.ENSP00000369581	9606.ENSP00000499900	IFNB1	JAK1	9606	0.661	0	0	0	0	0.0	0.5	0.351
9606.ENSP00000369581	9606.ENSP00000431885	IFNB1	TYK2	9606	0.858	0	0	0	0	0.0	0.5	0.728
9606.ENSP00000370912	9606.ENSP00000371067	TEC	JAK2	9606	0.457	0	0	0	0	0.457	0.0	0.0
9606.ENSP00000370912	9606.ENSP00000378845	TEC	LAT	9606	0.499	0	0	0	0	0.0	0.5	0.0
9606.ENSP00000370912	9606.ENSP00000482457	TEC	PLCG2	9606	0.499	0	0	0	0	0.0	0.5	0.0
9606.ENSP00000370912	9606.ENSP00000496577	TEC	SOCS1	9606	0.563	0	0	0	0	0.42	0.0	0.278
9606.ENSP00000370912	9606.ENSP00000428924	TEC	LYN	9606	0.635	0	0	0	0	0.292	0.5	0.053
9606.ENSP00000370912	9606.ENSP00000483570	TEC	BTK	9606	0.9	0	0	0	0	0.0	0.9	0.0
9606.ENSP00000370912	9606.ENSP00000472929	TEC	VAV1	9606	0.926	0	0	0	0	0.292	0.9	0.0
9606.ENSP00000371067	9606.ENSP00000501150	JAK2	PIK3CB	9606	0.4	0	0	0	0	0.0	0.4	0.0
9606.ENSP00000371067	9606.ENSP00000477713	JAK2	LCK	9606	0.499	0	0	0	0	0.0	0.5	0.0
9606.ENSP00000371067	9606.ENSP00000405338	JAK2	INPP5D	9606	0.499	0	0	0	0	0.0	0.5	0.0
9606.ENSP00000371067	9606.ENSP00000482457	JAK2	PLCG2	9606	0.499	0	0	0	0	0.0	0.5	0.0
9606.ENSP00000371067	9606.ENSP00000472929	JAK2	VAV1	9606	0.736	0	0	0	0	0.457	0.5	0.107
9606.ENSP00000371067	9606.ENSP00000428056	JAK2	PIK3R1	9606	0.773	0	0	0	0	0.457	0.4	0.362
9606.ENSP00000371067	9606.ENSP00000428924	JAK2	LYN	9606	0.907	0	0	0	0	0.292	0.8	0.4
9606.ENSP00000371067	9606.ENSP00000431885	JAK2	TYK2	9606	0.996	0	0	0	0	0.292	0.8	0.98
9606.ENSP00000371067	9606.ENSP00000499900	JAK2	JAK1	9606	0.998	0	0	0	0	0.457	0.9	0.98
9606.ENSP00000371067	9606.ENSP00000496577	JAK2	SOCS1	9606	0.998	0	0	0	0	0.457	0.9	0.981
9606.ENSP00000371327	9606.ENSP00000378845	KLRC2	LAT	9606	0.499	0	0	0	0	0.0	0.5	0.0
9606.ENSP00000371327	9606.ENSP00000428056	KLRC2	PIK3R1	9606	0.499	0	0	0	0	0.0	0.5	0.0
9606.ENSP00000371327	9606.ENSP00000477713	KLRC2	LCK	9606	0.499	0	0	0	0	0.0	0.5	0.0
9606.ENSP00000371327	9606.ENSP00000501150	KLRC2	PIK3CB	9606	0.499	0	0	0	0	0.0	0.5	0.0
9606.ENSP00000371327	9606.ENSP00000483570	KLRC2	BTK	9606	0.499	0	0	0	0	0.0	0.5	0.0
9606.ENSP00000371327	9606.ENSP00000482457	KLRC2	PLCG2	9606	0.499	0	0	0	0	0.0	0.5	0.0
9606.ENSP00000371505	9606.ENSP00000482457	CLEC6A	PLCG2	9606	0.499	0	0	0	0	0.0	0.5	0.0
9606.ENSP00000375066	9606.ENSP00000473159	HCAR2	FFAR2	9606	0.569	0	0	0	0	0.0	0.0	0.569
9606.ENSP00000375086	9606.ENSP00000441600	CCL25	CCR3	9606	0.655	0	0	0	0	0.0	0.65	0.057
9606.ENSP00000375086	9606.ENSP00000395704	CCL25	CXCR6	9606	0.702	0	0	0	0	0.0	0.65	0.185
9606.ENSP00000375086	9606.ENSP00000474412	CCL25	CCL5	9606	0.734	0	0	0	0	0.734	0.0	0.043
9606.ENSP00000375086	9606.ENSP00000379140	CCL25	CXCL12	9606	0.734	0	0	0	0	0.734	0.0	0.0
9606.ENSP00000375086	9606.ENSP00000472467	CCL25	CXCL17	9606	0.734	0	0	0	0	0.734	0.0	0.0
9606.ENSP00000375086	9606.ENSP00000386884	CCL25	CXCR4	9606	0.757	0	0	0	0	0.0	0.65	0.335
9606.ENSP00000375086	9606.ENSP00000416996	CCL25	ACKR2	9606	0.982	0	0	0	0	0.0	0.0	0.982
9606.ENSP00000377245	9606.ENSP00000405424	KEAP1	OXR1	9606	0.446	0	0	0	0	0.206	0.0	0.331
9606.ENSP00000377245	9606.ENSP00000499185	KEAP1	ENC1	9606	0.926	0	0	0	0	0.292	0.9	0.0
9606.ENSP00000377245	9606.ENSP00000440502	KEAP1	DPP3	9606	0.939	0	0	0	0	0.662	0.0	0.828
9606.ENSP00000377245	9606.ENSP00000438465	KEAP1	PGAM5	9606	0.994	0	0	0	0	0.685	0.0	0.983
9606.ENSP00000377245	9606.ENSP00000380252	KEAP1	NFE2L2	9606	0.999	0	0	0	0	0.961	0.5	0.984
9606.ENSP00000378118	9606.ENSP00000477908	CCL8	CCL3	9606	0.491	0	0	0	0	0.0	0.0	0.491
9606.ENSP00000378118	9606.ENSP00000395704	CCL8	CXCR6	9606	0.651	0	0	0	0	0.0	0.65	0.045
9606.ENSP00000378118	9606.ENSP00000474412	CCL8	CCL5	9606	0.734	0	0	0	0	0.734	0.0	0.0
9606.ENSP00000378118	9606.ENSP00000472467	CCL8	CXCL17	9606	0.734	0	0	0	0	0.734	0.0	0.0
9606.ENSP00000378118	9606.ENSP00000427279	CCL8	CXCL2	9606	0.734	0	0	0	0	0.734	0.0	0.0
9606.ENSP00000378118	9606.ENSP00000378365	CCL8	CCL26	9606	0.745	0	0	0	0	0.734	0.0	0.084
9606.ENSP00000378118	9606.ENSP00000416996	CCL8	ACKR2	9606	0.81	0	0	0	0	0.292	0.0	0.743
9606.ENSP00000378118	9606.ENSP00000386884	CCL8	CXCR4	9606	0.884	0	0	0	0	0.0	0.65	0.684
9606.ENSP00000378118	9606.ENSP00000441600	CCL8	CCR3	9606	0.987	0	0	0	0	0.0	0.65	0.966
9606.ENSP00000378365	9606.ENSP00000427279	CCL26	CXCL2	9606	0.437	0	0	0	0	0.0	0.0	0.437
9606.ENSP00000378365	9606.ENSP00000386884	CCL26	CXCR4	9606	0.65	0	0	0	0	0.0	0.65	0.0
9606.ENSP00000378365	9606.ENSP00000395704	CCL26	CXCR6	9606	0.652	0	0	0	0	0.0	0.65	0.048
9606.ENSP00000378365	9606.ENSP00000379140	CCL26	CXCL12	9606	0.734	0	0	0	0	0.734	0.0	0.0
9606.ENSP00000378365	9606.ENSP00000472467	CCL26	CXCL17	9606	0.734	0	0	0	0	0.734	0.0	0.0
9606.ENSP00000378365	9606.ENSP00000474412	CCL26	CCL5	9606	0.734	0	0	0	0	0.734	0.0	0.0
9606.ENSP00000378365	9606.ENSP00000441600	CCL26	CCR3	9606	0.993	0	0	0	0	0.0	0.65	0.982
9606.ENSP00000378492	9606.ENSP00000497260	GRM2	GNAI1	9606	0.9	0	0	0	0	0.9	0.0	0.0
9606.ENSP00000378845	9606.ENSP00000428056	LAT	PIK3R1	9606	0.457	0	0	0	0	0.457	0.0	0.0
9606.ENSP00000378845	9606.ENSP00000483570	LAT	BTK	9606	0.499	0	0	0	0	0.0	0.5	0.0
9606.ENSP00000378845	9606.ENSP00000428924	LAT	LYN	9606	0.499	0	0	0	0	0.0	0.5	0.0
9606.ENSP00000378845	9606.ENSP00000482457	LAT	PLCG2	9606	0.764	0	0	0	0	0.549	0.5	0.0
9606.ENSP00000378845	9606.ENSP00000477713	LAT	LCK	9606	0.866	0	0	0	0	0.457	0.5	0.548
9606.ENSP00000378845	9606.ENSP00000472929	LAT	VAV1	9606	0.942	0	0	0	0	0.457	0.5	0.806
9606.ENSP00000379110	9606.ENSP00000480132	CXCL1	NCAM1	9606	0.426	0	0	0	0	0.044	0.0	0.425
9606.ENSP00000379110	9606.ENSP00000395704	CXCL1	CXCR6	9606	0.765	0	0	0	0	0.0	0.65	0.358
9606.ENSP00000379110	9606.ENSP00000441600	CXCL1	CCR3	9606	0.869	0	0	0	0	0.0	0.65	0.643
9606.ENSP00000379110	9606.ENSP00000427279	CXCL1	CXCL2	9606	0.983	0	0	0	0	0.61	0.9	0.608
9606.ENSP00000379110	9606.ENSP00000386884	CXCL1	CXCR4	9606	0.994	0	0	0	0	0.0	0.65	0.985
9606.ENSP00000379140	9606.ENSP00000428924	CXCL12	LYN	9606	0.445	0	0	0	0	0.0	0.0	0.445
9606.ENSP00000379140	9606.ENSP00000416996	CXCL12	ACKR2	9606	0.587	0	0	0	0	0.0	0.0	0.587
9606.ENSP00000379140	9606.ENSP00000472467	CXCL12	CXCL17	9606	0.734	0	0	0	0	0.734	0.0	0.0
9606.ENSP00000379140	9606.ENSP00000474412	CXCL12	CCL5	9606	0.764	0	0	0	0	0.734	0.0	0.152
9606.ENSP00000379140	9606.ENSP00000441600	CXCL12	CCR3	9606	0.81	0	0	0	0	0.0	0.65	0.48
9606.ENSP00000379140	9606.ENSP00000427279	CXCL12	CXCL2	9606	0.847	0	0	0	0	0.734	0.0	0.449
9606.ENSP00000379140	9606.ENSP00000395704	CXCL12	CXCR6	9606	0.949	0	0	0	0	0.0	0.65	0.862
9606.ENSP00000379140	9606.ENSP00000386884	CXCL12	CXCR4	9606	0.999	0	0	0	0	0.618	0.9	0.982
9606.ENSP00000380008	9606.ENSP00000497260	LTB4R	GNAI1	9606	0.9	0	0	0	0	0.9	0.0	0.0
9606.ENSP00000380070	9606.ENSP00000497767	GAPDH	ALDOB	9606	0.736	0	0	0	0	0.0	0.0	0.736
9606.ENSP00000380252	9606.ENSP00000499185	NFE2L2	ENC1	9606	0.457	0	0	0	0	0.457	0.0	0.0
9606.ENSP00000380252	9606.ENSP00000458021	NFE2L2	PMF1-BGLAP	9606	0.591	0	0	0	0	0.0	0.0	0.591
9606.ENSP00000380252	9606.ENSP00000438465	NFE2L2	PGAM5	9606	0.628	0	0	0	0	0.292	0.0	0.497
9606.ENSP00000380252	9606.ENSP00000442060	NFE2L2	MAFF	9606	0.918	0	0	0	0	0.46	0.0	0.854
9606.ENSP00000383392	9606.ENSP00000480132	NCAM2	NCAM1	9606	0.9	0	0	0	0	0.0	0.9	0.0
9606.ENSP00000383558	9606.ENSP00000497260	GCGR	GNAI1	9606	0.9	0	0	0	0	0.9	0.0	0.0
9606.ENSP00000383692	9606.ENSP00000497260	CENPS-CORT	GNAI1	9606	0.8	0	0	0	0	0.8	0.0	0.0
9606.ENSP00000386229	9606.ENSP00000497260	RGS14	GNAI1	9606	0.984	0	0	0	0	0.966	0.5	0.1
9606.ENSP00000386884	9606.ENSP00000496577	CXCR4	SOCS1	9606	0.478	0	0	0	0	0.166	0.0	0.4
9606.ENSP00000386884	9606.ENSP00000395704	CXCR4	CXCR6	9606	0.539	0	0	0	0	0.0	0.0	0.539
9606.ENSP00000386884	9606.ENSP00000416996	CXCR4	ACKR2	9606	0.581	0	0	0	0	0.0	0.0	0.581
9606.ENSP00000386884	9606.ENSP00000479955	CXCR4	CCL18	9606	0.651	0	0	0	0	0.0	0.65	0.045
9606.ENSP00000386884	9606.ENSP00000478024	CXCR4	CCL16	9606	0.651	0	0	0	0	0.0	0.65	0.045
9606.ENSP00000386884	9606.ENSP00000441600	CXCR4	CCR3	9606	0.662	0	0	0	0	0.0	0.0	0.662
9606.ENSP00000386884	9606.ENSP00000484078	CXCR4	CCL15	9606	0.742	0	0	0	0	0.0	0.65	0.294
9606.ENSP00000386884	9606.ENSP00000480558	CXCR4	CCL3L1	9606	0.763	0	0	0	0	0.0	0.65	0.351
9606.ENSP00000386884	9606.ENSP00000483330	CXCR4	CCL4L2	9606	0.763	0	0	0	0	0.0	0.65	0.351
9606.ENSP00000386884	9606.ENSP00000400533	CXCR4	CCL24	9606	0.786	0	0	0	0	0.0	0.65	0.414
9606.ENSP00000386884	9606.ENSP00000497260	CXCR4	GNAI1	9606	0.929	0	0	0	0	0.322	0.9	0.0
9606.ENSP00000386884	9606.ENSP00000477908	CXCR4	CCL3	9606	0.958	0	0	0	0	0.0	0.65	0.886
9606.ENSP00000386884	9606.ENSP00000482259	CXCR4	CCL4	9606	0.973	0	0	0	0	0.0	0.65	0.926
9606.ENSP00000386884	9606.ENSP00000427279	CXCR4	CXCL2	9606	0.984	0	0	0	0	0.0	0.65	0.956
9606.ENSP00000386884	9606.ENSP00000474412	CXCR4	CCL5	9606	0.993	0	0	0	0	0.0	0.65	0.981
9606.ENSP00000395704	9606.ENSP00000441600	CXCR6	CCR3	9606	0.429	0	0	0	0	0.0	0.0	0.429
9606.ENSP00000395704	9606.ENSP00000427279	CXCR6	CXCL2	9606	0.65	0	0	0	0	0.0	0.65	0.0
9606.ENSP00000395704	9606.ENSP00000400533	CXCR6	CCL24	9606	0.651	0	0	0	0	0.0	0.65	0.045
9606.ENSP00000395704	9606.ENSP00000479955	CXCR6	CCL18	9606	0.651	0	0	0	0	0.0	0.65	0.045
9606.ENSP00000395704	9606.ENSP00000482259	CXCR6	CCL4	9606	0.654	0	0	0	0	0.0	0.65	0.052
9606.ENSP00000395704	9606.ENSP00000484078	CXCR6	CCL15	9606	0.671	0	0	0	0	0.0	0.65	0.101
9606.ENSP00000395704	9606.ENSP00000478024	CXCR6	CCL16	9606	0.674	0	0	0	0	0.0	0.65	0.108
9606.ENSP00000395704	9606.ENSP00000483330	CXCR6	CCL4L2	9606	0.703	0	0	0	0	0.0	0.65	0.187
9606.ENSP00000395704	9606.ENSP00000480558	CXCR6	CCL3L1	9606	0.71	0	0	0	0	0.0	0.65	0.206
9606.ENSP00000395704	9606.ENSP00000474412	CXCR6	CCL5	9606	0.869	0	0	0	0	0.0	0.65	0.643
9606.ENSP00000395704	9606.ENSP00000477908	CXCR6	CCL3	9606	0.87	0	0	0	0	0.0	0.65	0.645
9606.ENSP00000397863	9606.ENSP00000428924	IL34	LYN	9606	0.499	0	0	0	0	0.0	0.5	0.0
9606.ENSP00000397863	9606.ENSP00000428056	IL34	PIK3R1	9606	0.499	0	0	0	0	0.0	0.5	0.0
9606.ENSP00000397863	9606.ENSP00000501150	IL34	PIK3CB	9606	0.499	0	0	0	0	0.0	0.5	0.0
9606.ENSP00000397863	9606.ENSP00000482457	IL34	PLCG2	9606	0.499	0	0	0	0	0.0	0.5	0.0
9606.ENSP00000397863	9606.ENSP00000405338	IL34	INPP5D	9606	0.499	0	0	0	0	0.0	0.5	0.0
9606.ENSP00000397863	9606.ENSP00000399588	IL34	GAB3	9606	0.499	0	0	0	0	0.0	0.5	0.0
9606.ENSP00000399588	9606.ENSP00000428056	GAB3	PIK3R1	9606	0.499	0	0	0	0	0.0	0.5	0.0
9606.ENSP00000399588	9606.ENSP00000501150	GAB3	PIK3CB	9606	0.499	0	0	0	0	0.0	0.5	0.0
9606.ENSP00000399588	9606.ENSP00000482457	GAB3	PLCG2	9606	0.499	0	0	0	0	0.0	0.5	0.0
9606.ENSP00000399588	9606.ENSP00000405338	GAB3	INPP5D	9606	0.499	0	0	0	0	0.0	0.5	0.0
9606.ENSP00000399588	9606.ENSP00000428924	GAB3	LYN	9606	0.716	0	0	0	0	0.457	0.5	0.0
9606.ENSP00000400533	9606.ENSP00000474412	CCL24	CCL5	9606	0.734	0	0	0	0	0.734	0.0	0.0
9606.ENSP00000400533	9606.ENSP00000441600	CCL24	CCR3	9606	0.993	0	0	0	0	0.0	0.65	0.982
9606.ENSP00000405338	9606.ENSP00000501150	INPP5D	PIK3CB	9606	0.499	0	0	0	0	0.0	0.5	0.0
9606.ENSP00000405338	9606.ENSP00000499900	INPP5D	JAK1	9606	0.499	0	0	0	0	0.0	0.5	0.0
9606.ENSP00000405338	9606.ENSP00000482457	INPP5D	PLCG2	9606	0.636	0	0	0	0	0.0	0.5	0.303
9606.ENSP00000405338	9606.ENSP00000428056	INPP5D	PIK3R1	9606	0.716	0	0	0	0	0.457	0.5	0.0
9606.ENSP00000405338	9606.ENSP00000428924	INPP5D	LYN	9606	0.95	0	0	0	0	0.292	0.9	0.361
9606.ENSP00000405841	9606.ENSP00000497260	RXFP1	GNAI1	9606	0.909	0	0	0	0	0.0	0.9	0.13
9606.ENSP00000411940	9606.ENSP00000431885	IFNA17	TYK2	9606	0.499	0	0	0	0	0.0	0.5	0.0
9606.ENSP00000411940	9606.ENSP00000496577	IFNA17	SOCS1	9606	0.499	0	0	0	0	0.0	0.5	0.0
9606.ENSP00000411940	9606.ENSP00000499900	IFNA17	JAK1	9606	0.499	0	0	0	0	0.0	0.5	0.0
9606.ENSP00000411940	9606.ENSP00000484479	IFNA17	IFNA5	9606	0.542	0	0	0	0	0.542	0.0	0.0
9606.ENSP00000412897	9606.ENSP00000496577	IFNA4	SOCS1	9606	0.499	0	0	0	0	0.0	0.5	0.0
9606.ENSP00000412897	9606.ENSP00000499900	IFNA4	JAK1	9606	0.499	0	0	0	0	0.0	0.5	0.0
9606.ENSP00000412897	9606.ENSP00000431885	IFNA4	TYK2	9606	0.499	0	0	0	0	0.0	0.5	0.0
9606.ENSP00000412897	9606.ENSP00000480467	IFNA4	IFNA13	9606	0.592	0	0	0	0	0.592	0.0	0.0
9606.ENSP00000412897	9606.ENSP00000484479	IFNA4	IFNA5	9606	0.652	0	0	0	0	0.652	0.0	0.0
9606.ENSP00000415743	9606.ENSP00000433642	CD36	FCGR3B	9606	0.787	0	0	0	0	0.0	0.0	0.787
9606.ENSP00000415743	9606.ENSP00000428924	CD36	LYN	9606	0.975	0	0	0	0	0.457	0.0	0.957
9606.ENSP00000416996	9606.ENSP00000441600	ACKR2	CCR3	9606	0.478	0	0	0	0	0.0	0.0	0.478
9606.ENSP00000416996	9606.ENSP00000480558	ACKR2	CCL3L1	9606	0.774	0	0	0	0	0.0	0.5	0.567
9606.ENSP00000416996	9606.ENSP00000482259	ACKR2	CCL4	9606	0.799	0	0	0	0	0.0	0.5	0.615
9606.ENSP00000416996	9606.ENSP00000474412	ACKR2	CCL5	9606	0.944	0	0	0	0	0.292	0.5	0.854
9606.ENSP00000416996	9606.ENSP00000477908	ACKR2	CCL3	9606	0.944	0	0	0	0	0.0	0.5	0.894
9606.ENSP00000423602	9606.ENSP00000482457	DAPP1	PLCG2	9606	0.821	0	0	0	0	0.0	0.7	0.429
9606.ENSP00000427279	9606.ENSP00000441600	CXCL2	CCR3	9606	0.749	0	0	0	0	0.0	0.65	0.314
9606.ENSP00000427279	9606.ENSP00000474412	CXCL2	CCL5	9606	0.764	0	0	0	0	0.734	0.0	0.15
9606.ENSP00000428056	9606.ENSP00000499900	PIK3R1	JAK1	9606	0.4	0	0	0	0	0.0	0.4	0.0
9606.ENSP00000428056	9606.ENSP00000428924	PIK3R1	LYN	9606	0.654	0	0	0	0	0.142	0.5	0.26
9606.ENSP00000428056	9606.ENSP00000496577	PIK3R1	SOCS1	9606	0.768	0	0	0	0	0.517	0.54	0.0
9606.ENSP00000428056	9606.ENSP00000472929	PIK3R1	VAV1	9606	0.79	0	0	0	0	0.457	0.4	0.408
9606.ENSP00000428056	9606.ENSP00000477713	PIK3R1	LCK	9606	0.826	0	0	0	0	0.457	0.4	0.51
9606.ENSP00000428056	9606.ENSP00000482457	PIK3R1	PLCG2	9606	0.973	0	0	0	0	0.614	0.9	0.367
9606.ENSP00000428056	9606.ENSP00000501150	PIK3R1	PIK3CB	9606	0.999	0	0	0	0	0.678	0.904	0.984
9606.ENSP00000428924	9606.ENSP00000461269	LYN	SCIMP	9606	0.499	0	0	0	0	0.321	0.0	0.293
9606.ENSP00000428924	9606.ENSP00000496577	LYN	SOCS1	9606	0.63	0	0	0	0	0.292	0.5	0.0
9606.ENSP00000428924	9606.ENSP00000501150	LYN	PIK3CB	9606	0.637	0	0	0	0	0.0	0.5	0.304
9606.ENSP00000428924	9606.ENSP00000431885	LYN	TYK2	9606	0.763	0	0	0	0	0.292	0.5	0.386
9606.ENSP00000428924	9606.ENSP00000499900	LYN	JAK1	9606	0.8	0	0	0	0	0.0	0.8	0.0
9606.ENSP00000428924	9606.ENSP00000477713	LYN	LCK	9606	0.882	0	0	0	0	0.578	0.4	0.573
9606.ENSP00000428924	9606.ENSP00000482457	LYN	PLCG2	9606	0.91	0	0	0	0	0.457	0.4	0.747
9606.ENSP00000428924	9606.ENSP00000472929	LYN	VAV1	9606	0.968	0	0	0	0	0.0	0.4	0.949
9606.ENSP00000428924	9606.ENSP00000483570	LYN	BTK	9606	0.979	0	0	0	0	0.292	0.4	0.955
9606.ENSP00000431885	9606.ENSP00000484479	TYK2	IFNA5	9606	0.499	0	0	0	0	0.0	0.5	0.0
9606.ENSP00000431885	9606.ENSP00000472929	TYK2	VAV1	9606	0.565	0	0	0	0	0.292	0.0	0.411
9606.ENSP00000431885	9606.ENSP00000496577	TYK2	SOCS1	9606	0.998	0	0	0	0	0.42	0.9	0.975
9606.ENSP00000431885	9606.ENSP00000499900	TYK2	JAK1	9606	0.998	0	0	0	0	0.292	0.9	0.982
9606.ENSP00000433001	9606.ENSP00000497260	RGS5	GNAI1	9606	0.677	0	0	0	0	0.33	0.5	0.115
9606.ENSP00000433642	9606.ENSP00000480132	FCGR3B	NCAM1	9606	0.782	0	0	0	0	0.07	0.0	0.776
9606.ENSP00000441600	9606.ENSP00000479955	CCR3	CCL18	9606	0.651	0	0	0	0	0.0	0.65	0.045
9606.ENSP00000441600	9606.ENSP00000483330	CCR3	CCL4L2	9606	0.659	0	0	0	0	0.0	0.65	0.068
9606.ENSP00000441600	9606.ENSP00000478024	CCR3	CCL16	9606	0.749	0	0	0	0	0.0	0.65	0.312
9606.ENSP00000441600	9606.ENSP00000497260	CCR3	GNAI1	9606	0.9	0	0	0	0	0.9	0.0	0.0
9606.ENSP00000441600	9606.ENSP00000484078	CCR3	CCL15	9606	0.978	0	0	0	0	0.287	0.65	0.921
9606.ENSP00000441600	9606.ENSP00000480558	CCR3	CCL3L1	9606	0.986	0	0	0	0	0.292	0.65	0.949
9606.ENSP00000441600	9606.ENSP00000482259	CCR3	CCL4	9606	0.994	0	0	0	0	0.287	0.65	0.98
9606.ENSP00000441600	9606.ENSP00000477908	CCR3	CCL3	9606	0.995	0	0	0	0	0.287	0.65	0.982
9606.ENSP00000441600	9606.ENSP00000474412	CCR3	CCL5	9606	0.997	0	0	0	0	0.457	0.65	0.987
9606.ENSP00000442982	9606.ENSP00000497260	GPR17	GNAI1	9606	0.9	0	0	0	0	0.9	0.0	0.0
9606.ENSP00000458791	9606.ENSP00000497260	GPR139	GNAI1	9606	0.9	0	0	0	0	0.9	0.0	0.0
9606.ENSP00000466009	9606.ENSP00000497260	PPY	GNAI1	9606	0.8	0	0	0	0	0.8	0.0	0.0
9606.ENSP00000466009	9606.ENSP00000490174	PPY	NPY4R2	9606	0.9	0	0	0	0	0.9	0.0	0.0
9606.ENSP00000471493	9606.ENSP00000497260	FPR1	GNAI1	9606	0.901	0	0	0	0	0.9	0.0	0.053
9606.ENSP00000472467	9606.ENSP00000474412	CXCL17	CCL5	9606	0.734	0	0	0	0	0.734	0.0	0.0
9606.ENSP00000472929	9606.ENSP00000496577	VAV1	SOCS1	9606	0.659	0	0	0	0	0.457	0.0	0.398
9606.ENSP00000472929	9606.ENSP00000477713	VAV1	LCK	9606	0.946	0	0	0	0	0.292	0.4	0.884
9606.ENSP00000472929	9606.ENSP00000482457	VAV1	PLCG2	9606	0.987	0	0	0	0	0.292	0.4	0.973
9606.ENSP00000472929	9606.ENSP00000483570	VAV1	BTK	9606	0.991	0	0	0	0	0.292	0.4	0.981
9606.ENSP00000474412	9606.ENSP00000484078	CCL5	CCL15	9606	0.447	0	0	0	0	0.0	0.0	0.447
9606.ENSP00000474412	9606.ENSP00000480558	CCL5	CCL3L1	9606	0.677	0	0	0	0	0.0	0.0	0.677
9606.ENSP00000474412	9606.ENSP00000497260	CCL5	GNAI1	9606	0.8	0	0	0	0	0.8	0.0	0.0
9606.ENSP00000474412	9606.ENSP00000478024	CCL5	CCL16	9606	0.812	0	0	0	0	0.734	0.0	0.325
9606.ENSP00000474412	9606.ENSP00000477908	CCL5	CCL3	9606	0.825	0	0	0	0	0.0	0.0	0.825
9606.ENSP00000474412	9606.ENSP00000482259	CCL5	CCL4	9606	0.865	0	0	0	0	0.0	0.0	0.865
9606.ENSP00000477548	9606.ENSP00000497260	HCRTR2	GNAI1	9606	0.903	0	0	0	0	0.903	0.0	0.044
9606.ENSP00000477713	9606.ENSP00000501150	LCK	PIK3CB	9606	0.4	0	0	0	0	0.0	0.4	0.0
9606.ENSP00000477713	9606.ENSP00000496577	LCK	SOCS1	9606	0.457	0	0	0	0	0.457	0.0	0.0
9606.ENSP00000477713	9606.ENSP00000482457	LCK	PLCG2	9606	0.604	0	0	0	0	0.0	0.5	0.242
9606.ENSP00000477713	9606.ENSP00000483570	LCK	BTK	9606	0.655	0	0	0	0	0.0	0.5	0.339
9606.ENSP00000477908	9606.ENSP00000483330	CCL3	CCL4L2	9606	0.619	0	0	0	0	0.0	0.0	0.619
9606.ENSP00000477908	9606.ENSP00000480558	CCL3	CCL3L1	9606	0.938	0	0	0	0	0.0	0.9	0.414
9606.ENSP00000477908	9606.ENSP00000482259	CCL3	CCL4	9606	0.955	0	0	0	0	0.292	0.0	0.94
9606.ENSP00000480132	9606.ENSP00000496793	NCAM1	COL9A3	9606	0.499	0	0	0	0	0.0	0.5	0.0
9606.ENSP00000480467	9606.ENSP00000484479	IFNA13	IFNA5	9606	0.651	0	0	0	0	0.651	0.0	0.0
9606.ENSP00000482259	9606.ENSP00000483330	CCL4	CCL4L2	9606	0.909	0	0	0	0	0.0	0.9	0.128
9606.ENSP00000482457	9606.ENSP00000501150	PLCG2	PIK3CB	9606	0.9	0	0	0	0	0.0	0.9	0.0
9606.ENSP00000482457	9606.ENSP00000483570	PLCG2	BTK	9606	0.997	0	0	0	0	0.457	0.8	0.982
9606.ENSP00000484078	9606.ENSP00000497260	CCL15	GNAI1	9606	0.8	0	0	0	0	0.8	0.0	0.0
9606.ENSP00000484479	9606.ENSP00000496577	IFNA5	SOCS1	9606	0.499	0	0	0	0	0.0	0.5	0.0
9606.ENSP00000484479	9606.ENSP00000499900	IFNA5	JAK1	9606	0.499	0	0	0	0	0.0	0.5	0.0
9606.ENSP00000490174	9606.ENSP00000497260	NPY4R2	GNAI1	9606	0.903	0	0	0	0	0.9	0.0	0.072
9606.ENSP00000496577	9606.ENSP00000501150	SOCS1	PIK3CB	9606	0.54	0	0	0	0	0.0	0.54	0.0
9606.ENSP00000496577	9606.ENSP00000499900	SOCS1	JAK1	9606	0.995	0	0	0	0	0.457	0.9	0.922
9606.ENSP00000499900	9606.ENSP00000501150	JAK1	PIK3CB	9606	0.4	0	0	0	0	0.0	0.4	0.0
