Gene_set,Term,P-value,Adjusted P-value,Old P-value,Old adjusted P-value,Odds Ratio,Combined Score,Genes
GO_Biological_Process_2023,Long-Term Synaptic Depression (GO:0060292),0.00047354986327343047,0.2097825894301297,0,0,89.30113636363636,683.6228226831221,PRRT1;SLC24A2
GO_Biological_Process_2023,Negative Regulation Of Synaptic Transmission (GO:0050805),0.002037797480001248,0.31382713651739425,0,0,35.70681818181818,221.23536491692636,PRRT1;SLC24A2
GO_Biological_Process_2023,Anterograde Trans-Synaptic Signaling (GO:0098916),0.006125444951320178,0.31382713651739425,0,0,5.850337584396099,29.8092477935301,KCNQ2;MYCBPAP;NPTX1;SLC18A2
GO_Biological_Process_2023,Regulation Of Plasma Membrane Bounded Cell Projection Organization (GO:0120035),0.006873597400084204,0.31382713651739425,0,0,17.842045454545456,88.8545937487067,KIF26A;EFHC2
GO_Biological_Process_2023,Renal System Process Involved In Regulation Of Blood Volume (GO:0001977),0.022577248405500554,0.31382713651739425,0,0,58.8689138576779,223.16101966388382,PTPRO
GO_Biological_Process_2023,Cilium Movement Involved In Cell Motility (GO:0060294),0.033676139162459574,0.31382713651739425,0,0,35.31685393258427,119.75824134581735,RSPH9
GO_Biological_Process_2023,Copper Ion Import (GO:0015677),0.033676139162459574,0.31382713651739425,0,0,35.31685393258427,119.75824134581735,ATP7B
GO_Biological_Process_2023,Positive Regulation Of Behavior (GO:0048520),0.033676139162459574,0.31382713651739425,0,0,35.31685393258427,119.75824134581735,NPAS2
GO_Biological_Process_2023,"Regulation Of Wnt Signaling Pathway, Planar Cell Polarity Pathway (GO:2000095)",0.033676139162459574,0.31382713651739425,0,0,35.31685393258427,119.75824134581735,DACT1
GO_Biological_Process_2023,Serotonin Uptake (GO:0051610),0.033676139162459574,0.31382713651739425,0,0,35.31685393258427,119.75824134581735,SLC18A2
GO_Biological_Process_2023,Nervous System Development (GO:0007399),0.03670486829060344,0.31382713651739425,0,0,2.8584152904063833,9.446622000827489,KCNQ2;NPTX1;NPAS2;SDK2;DACT1
GO_Biological_Process_2023,Fatty Acid Biosynthetic Process (GO:0006633),0.03787295726346371,0.31382713651739425,0,0,6.848339160839161,22.41816117237275,ASAH2;SCD
GO_Biological_Process_2023,Negative Regulation Of Reactive Oxygen Species Biosynthetic Process (GO:1903427),0.03917875813379783,0.31382713651739425,0,0,29.428838951310862,95.33827182365336,SLC18A2
GO_Biological_Process_2023,Regulation Of Lipase Activity (GO:0060191),0.03917875813379783,0.31382713651739425,0,0,29.428838951310862,95.33827182365336,PCSK5
GO_Biological_Process_2023,Collagen-Activated Signaling Pathway (GO:0038065),0.03917875813379783,0.31382713651739425,0,0,29.428838951310862,95.33827182365336,ITGA2
GO_Biological_Process_2023,Dopamine Transport (GO:0015872),0.03917875813379783,0.31382713651739425,0,0,29.428838951310862,95.33827182365336,SLC18A2
GO_Biological_Process_2023,Serotonin Transport (GO:0006837),0.03917875813379783,0.31382713651739425,0,0,29.428838951310862,95.33827182365336,SLC18A2
GO_Biological_Process_2023,Eye Photoreceptor Cell Differentiation (GO:0001754),0.04465039056787464,0.31382713651739425,0,0,25.223113964687,78.41594287939199,SDK2
GO_Biological_Process_2023,Positive Regulation Of Macrophage Cytokine Production (GO:0060907),0.04465039056787464,0.31382713651739425,0,0,25.223113964687,78.41594287939199,GPRC5B
GO_Biological_Process_2023,Unsaturated Fatty Acid Biosynthetic Process (GO:0006636),0.04465039056787464,0.31382713651739425,0,0,25.223113964687,78.41594287939199,SCD
GO_Biological_Process_2023,Mesodermal Cell Differentiation (GO:0048333),0.04465039056787464,0.31382713651739425,0,0,25.223113964687,78.41594287939199,ITGA2
GO_Biological_Process_2023,Cellular Response To Forskolin (GO:1904322),0.04465039056787464,0.31382713651739425,0,0,25.223113964687,78.41594287939199,GNAI1
GO_Biological_Process_2023,Response To Forskolin (GO:1904321),0.04465039056787464,0.31382713651739425,0,0,25.223113964687,78.41594287939199,GNAI1
GO_Biological_Process_2023,Digestive Tract Morphogenesis (GO:0048546),0.04465039056787464,0.31382713651739425,0,0,25.223113964687,78.41594287939199,EPHB3
GO_Biological_Process_2023,Phagocytosis (GO:0006909),0.04721785556930148,0.31382713651739425,0,0,6.033127889060093,18.419037859292324,TIMD4;HAVCR1
GO_Biological_Process_2023,Thymus Development (GO:0048538),0.0500912087532471,0.31382713651739425,0,0,22.0688202247191,66.07205626855767,EPHB3
GO_Biological_Process_2023,Regulation Of Lipoprotein Lipase Activity (GO:0051004),0.0500912087532471,0.31382713651739425,0,0,22.0688202247191,66.07205626855767,PCSK5
GO_Biological_Process_2023,Regulation Of Mast Cell Activation (GO:0033003),0.0500912087532471,0.31382713651739425,0,0,22.0688202247191,66.07205626855767,HAVCR1
GO_Biological_Process_2023,Negative Regulation Of Transforming Growth Factor Beta Production (GO:0071635),0.0500912087532471,0.31382713651739425,0,0,22.0688202247191,66.07205626855767,LAPTM4B
GO_Biological_Process_2023,Neuron Projection Fasciculation (GO:0106030),0.0500912087532471,0.31382713651739425,0,0,22.0688202247191,66.07205626855767,EPHB3
GO_Biological_Process_2023,Calcium Ion Import (GO:0070509),0.0500912087532471,0.31382713651739425,0,0,22.0688202247191,66.07205626855767,SLC24A2
GO_Biological_Process_2023,Podocyte Differentiation (GO:0072112),0.0500912087532471,0.31382713651739425,0,0,22.0688202247191,66.07205626855767,PTPRO
GO_Biological_Process_2023,Diol Metabolic Process (GO:0034311),0.0500912087532471,0.31382713651739425,0,0,22.0688202247191,66.07205626855767,PRKG2
GO_Biological_Process_2023,Signal Release (GO:0023061),0.0500912087532471,0.31382713651739425,0,0,22.0688202247191,66.07205626855767,PCSK5
GO_Biological_Process_2023,Adenylate Cyclase-Activating G Protein-Coupled Receptor Signaling Pathway (GO:0007189),0.0528967351177502,0.31382713651739425,0,0,5.648629148629149,16.603657679887203,ADGRE1;ADGRG7
GO_Biological_Process_2023,Long-Chain Fatty Acid Metabolic Process (GO:0001676),0.0528967351177502,0.31382713651739425,0,0,5.648629148629149,16.603657679887203,ASAH2;ADTRP
GO_Biological_Process_2023,Epithelial Cell Morphogenesis (GO:0003382),0.05550138407678925,0.31382713651739425,0,0,19.615480649188516,56.715167409861934,RAB25
GO_Biological_Process_2023,Intracellular Copper Ion Homeostasis (GO:0006878),0.05550138407678925,0.31382713651739425,0,0,19.615480649188516,56.715167409861934,ATP7B
GO_Biological_Process_2023,Neurotransmitter Uptake (GO:0001504),0.05550138407678925,0.31382713651739425,0,0,19.615480649188516,56.715167409861934,SLC18A2
GO_Biological_Process_2023,Axonal Fasciculation (GO:0007413),0.05550138407678925,0.31382713651739425,0,0,19.615480649188516,56.715167409861934,EPHB3
GO_Biological_Process_2023,Organic Cyclic Compound Catabolic Process (GO:1901361),0.05550138407678925,0.31382713651739425,0,0,19.615480649188516,56.715167409861934,PRODH
GO_Biological_Process_2023,Copper Ion Transport (GO:0006825),0.05550138407678925,0.31382713651739425,0,0,19.615480649188516,56.715167409861934,ATP7B
GO_Biological_Process_2023,Negative Regulation Of Biosynthetic Process (GO:0009890),0.05550138407678925,0.31382713651739425,0,0,19.615480649188516,56.715167409861934,SLC18A2
GO_Biological_Process_2023,Substrate-Dependent Cell Migration (GO:0006929),0.06088108705744163,0.31382713651739425,0,0,17.652808988764043,49.40725921845647,ITGA2
GO_Biological_Process_2023,Intrinsic Apoptotic Signaling Pathway In Response To Oxidative Stress (GO:0008631),0.06088108705744163,0.31382713651739425,0,0,17.652808988764043,49.40725921845647,PRODH
GO_Biological_Process_2023,Autonomic Nervous System Development (GO:0048483),0.06088108705744163,0.31382713651739425,0,0,17.652808988764043,49.40725921845647,KIF26A
GO_Biological_Process_2023,Regulation Of Non-Canonical Wnt Signaling Pathway (GO:2000050),0.06088108705744163,0.31382713651739425,0,0,17.652808988764043,49.40725921845647,DACT1
GO_Biological_Process_2023,Nucleotide Metabolic Process (GO:0009117),0.06088108705744163,0.31382713651739425,0,0,17.652808988764043,49.40725921845647,FHIT
GO_Biological_Process_2023,Lysosomal Membrane Organization (GO:0097212),0.06088108705744163,0.31382713651739425,0,0,17.652808988764043,49.40725921845647,LAPTM4B
GO_Biological_Process_2023,Purine Ribonucleoside Bisphosphate Metabolic Process (GO:0034035),0.06088108705744163,0.31382713651739425,0,0,17.652808988764043,49.40725921845647,TPST1
GO_Biological_Process_2023,Embryonic Digestive Tract Development (GO:0048566),0.06088108705744163,0.31382713651739425,0,0,17.652808988764043,49.40725921845647,PCSK5
GO_Biological_Process_2023,Positive Regulation Of Canonical Wnt Signaling Pathway (GO:0090263),0.06337926977300115,0.31382713651739425,0,0,5.081493506493507,14.01790172123948,GPRC5B;DACT1
GO_Biological_Process_2023,Sphingoid Biosynthetic Process (GO:0046520),0.06623048728893537,0.31382713651739425,0,0,16.046986721144023,43.56138105309271,ASAH2
GO_Biological_Process_2023,Sphingosine Biosynthetic Process (GO:0046512),0.06623048728893537,0.31382713651739425,0,0,16.046986721144023,43.56138105309271,ASAH2
GO_Biological_Process_2023,Glutamine Family Amino Acid Catabolic Process (GO:0009065),0.06623048728893537,0.31382713651739425,0,0,16.046986721144023,43.56138105309271,PRODH
GO_Biological_Process_2023,Limb Morphogenesis (GO:0035108),0.06623048728893537,0.31382713651739425,0,0,16.046986721144023,43.56138105309271,PCSK5
GO_Biological_Process_2023,Motile Cilium Assembly (GO:0044458),0.06623048728893537,0.31382713651739425,0,0,16.046986721144023,43.56138105309271,RSPH9
GO_Biological_Process_2023,Embryo Development Ending In Birth Or Egg Hatching (GO:0009792),0.06623048728893537,0.31382713651739425,0,0,16.046986721144023,43.56138105309271,RAI2
GO_Biological_Process_2023,Signal Peptide Processing (GO:0006465),0.06623048728893537,0.31382713651739425,0,0,16.046986721144023,43.56138105309271,PCSK5
GO_Biological_Process_2023,Regulation Of Canonical Wnt Signaling Pathway (GO:0060828),0.06994041047371248,0.31382713651739425,0,0,3.271026072329689,8.701294655431731,GPRC5B;PTPRO;DACT1
GO_Biological_Process_2023,3'-Phosphoadenosine 5'-Phosphosulfate Metabolic Process (GO:0050427),0.07154975347236302,0.31382713651739425,0,0,14.708801498127341,38.7924373507998,TPST1
GO_Biological_Process_2023,Negative Regulation Of Reactive Oxygen Species Metabolic Process (GO:2000378),0.07154975347236302,0.31382713651739425,0,0,14.708801498127341,38.7924373507998,SLC18A2
GO_Biological_Process_2023,Regulation Of Macrophage Cytokine Production (GO:0010935),0.07154975347236302,0.31382713651739425,0,0,14.708801498127341,38.7924373507998,GPRC5B
GO_Biological_Process_2023,Cellular Modified Amino Acid Catabolic Process (GO:0042219),0.07154975347236302,0.31382713651739425,0,0,14.708801498127341,38.7924373507998,PRODH
GO_Biological_Process_2023,Ceramide Catabolic Process (GO:0046514),0.07154975347236302,0.31382713651739425,0,0,14.708801498127341,38.7924373507998,ASAH2
GO_Biological_Process_2023,Response To Copper Ion (GO:0046688),0.07154975347236302,0.31382713651739425,0,0,14.708801498127341,38.7924373507998,ATP7B
GO_Biological_Process_2023,Copper Ion Homeostasis (GO:0055070),0.07154975347236302,0.31382713651739425,0,0,14.708801498127341,38.7924373507998,ATP7B
GO_Biological_Process_2023,Response To Fatty Acid (GO:0070542),0.07154975347236302,0.31382713651739425,0,0,14.708801498127341,38.7924373507998,SCD
GO_Biological_Process_2023,Regulation Of Activin Receptor Signaling Pathway (GO:0032925),0.07154975347236302,0.31382713651739425,0,0,14.708801498127341,38.7924373507998,DACT1
GO_Biological_Process_2023,Urogenital System Development (GO:0001655),0.028142360544102147,0.31382713651739425,0,0,44.14887640449438,157.63265131145167,EPHB3
GO_Biological_Process_2023,Regulation Of Glomerular Filtration (GO:0003093),0.028142360544102147,0.31382713651739425,0,0,44.14887640449438,157.63265131145167,PTPRO
GO_Biological_Process_2023,Enteric Nervous System Development (GO:0048484),0.022577248405500554,0.31382713651739425,0,0,58.8689138576779,223.16101966388382,KIF26A
GO_Biological_Process_2023,Monoamine Transport (GO:0015844),0.033676139162459574,0.31382713651739425,0,0,35.31685393258427,119.75824134581735,SLC18A2
GO_Biological_Process_2023,Purine-Containing Compound Metabolic Process (GO:0072521),0.033676139162459574,0.31382713651739425,0,0,35.31685393258427,119.75824134581735,FHIT
GO_Biological_Process_2023,Regulation Of Transforming Growth Factor Beta1 Production (GO:0032908),0.033676139162459574,0.31382713651739425,0,0,35.31685393258427,119.75824134581735,LAPTM4B
GO_Biological_Process_2023,Regulation Of Protein Localization To Cell Cortex (GO:1904776),0.033676139162459574,0.31382713651739425,0,0,35.31685393258427,119.75824134581735,GNAI1
GO_Biological_Process_2023,Regulation Of Postsynaptic Neurotransmitter Receptor Activity (GO:0098962),0.033676139162459574,0.31382713651739425,0,0,35.31685393258427,119.75824134581735,NPTX1
GO_Biological_Process_2023,Neurotransmitter Reuptake (GO:0098810),0.033676139162459574,0.31382713651739425,0,0,35.31685393258427,119.75824134581735,SLC18A2
GO_Biological_Process_2023,Positive Regulation Of Mast Cell Activation (GO:0033005),0.033676139162459574,0.31382713651739425,0,0,35.31685393258427,119.75824134581735,HAVCR1
GO_Biological_Process_2023,Chordate Embryonic Development (GO:0043009),0.029348407385444333,0.31382713651739425,0,0,7.917171717171717,27.935874972423303,PCSK5;DACT1
GO_Biological_Process_2023,Regulation Of Neuron Projection Development (GO:0010975),0.009211175074908661,0.31382713651739425,0,0,5.17641196013289,24.263591707930022,KIF26A;PTPRO;EFHC2;EPHB3
GO_Biological_Process_2023,Regulation Of Neurotransmitter Receptor Activity (GO:0099601),0.00952919706343552,0.31382713651739425,0,0,14.864583333333334,69.170775061603,PRRT1;NPTX1
GO_Biological_Process_2023,Digestive Tract Development (GO:0048565),0.010253732456862402,0.31382713651739425,0,0,14.26909090909091,65.35405587047327,PCSK5;EPHB3
GO_Biological_Process_2023,Neurotransmitter Loading Into Synaptic Vesicle (GO:0098700),0.011352325527676739,0.31382713651739425,0,0,176.62921348314606,791.0043761115662,SLC18A2
GO_Biological_Process_2023,Regulation Of Retinal Ganglion Cell Axon Guidance (GO:0090259),0.011352325527676739,0.31382713651739425,0,0,176.62921348314606,791.0043761115662,PTPRO
GO_Biological_Process_2023,"Phagocytosis, Engulfment (GO:0006911)",0.01177353271804511,0.31382713651739425,0,0,13.210437710437711,58.67945986856217,TIMD4;HAVCR1
GO_Biological_Process_2023,Glomerular Epithelial Cell Differentiation (GO:0072311),0.016980628267936698,0.31382713651739425,0,0,88.30898876404494,359.91936462600864,PTPRO
GO_Biological_Process_2023,Long-Chain Fatty Acid Catabolic Process (GO:0042758),0.016980628267936698,0.31382713651739425,0,0,88.30898876404494,359.91936462600864,ADTRP
GO_Biological_Process_2023,Protein Sulfation (GO:0006477),0.022577248405500554,0.31382713651739425,0,0,58.8689138576779,223.16101966388382,TPST1
GO_Biological_Process_2023,Proline Metabolic Process (GO:0006560),0.022577248405500554,0.31382713651739425,0,0,58.8689138576779,223.16101966388382,PRODH
GO_Biological_Process_2023,Axonemal Central Apparatus Assembly (GO:1904158),0.022577248405500554,0.31382713651739425,0,0,58.8689138576779,223.16101966388382,RSPH9
GO_Biological_Process_2023,Amine Transport (GO:0015837),0.022577248405500554,0.31382713651739425,0,0,58.8689138576779,223.16101966388382,SLC18A2
GO_Biological_Process_2023,Heterocycle Catabolic Process (GO:0046700),0.022577248405500554,0.31382713651739425,0,0,58.8689138576779,223.16101966388382,PRODH
GO_Biological_Process_2023,Adenylate Cyclase-Modulating G Protein-Coupled Receptor Signaling Pathway (GO:0007188),0.01889233010800215,0.31382713651739425,0,0,5.61242816091954,22.27572318198245,ADGRE1;ADGRG7;GNAI1
GO_Biological_Process_2023,Chemical Synaptic Transmission (GO:0007268),0.017077938848193006,0.31382713651739425,0,0,4.28017063437457,17.420156550148562,KCNQ2;MYCBPAP;NPTX1;SLC18A2
GO_Biological_Process_2023,Renal Filtration Cell Differentiation (GO:0061318),0.016980628267936698,0.31382713651739425,0,0,88.30898876404494,359.91936462600864,PTPRO
GO_Biological_Process_2023,Amide Biosynthetic Process (GO:0043604),0.029348407385444333,0.31382713651739425,0,0,7.917171717171717,27.935874972423303,ASAH2;PCSK5
GO_Biological_Process_2023,Pteridine-Containing Compound Metabolic Process (GO:0042558),0.028142360544102147,0.31382713651739425,0,0,44.14887640449438,157.63265131145167,PRKG2
GO_Biological_Process_2023,Peptidyl-Tyrosine Dephosphorylation Involved In Inactivation Of Protein Kinase Activity (GO:1990264),0.028142360544102147,0.31382713651739425,0,0,44.14887640449438,157.63265131145167,PTPRO
GO_Biological_Process_2023,Regulation Of Lysosome Organization (GO:1905671),0.028142360544102147,0.31382713651739425,0,0,44.14887640449438,157.63265131145167,LAPTM4B
GO_Biological_Process_2023,Regulation Of Lysosomal Protein Catabolic Process (GO:1905165),0.028142360544102147,0.31382713651739425,0,0,44.14887640449438,157.63265131145167,LAPTM4B
GO_Biological_Process_2023,"RNA Phosphodiester Bond Hydrolysis, Endonucleolytic (GO:0090502)",0.07683905338089274,0.32112925139373094,0,0,13.576490924805531,34.83784946249454,ZC3H12B
GO_Biological_Process_2023,Regulation Of Nervous System Process (GO:0031644),0.07683905338089274,0.32112925139373094,0,0,13.576490924805531,34.83784946249454,NPTX1
GO_Biological_Process_2023,Regulation Of AMPA Receptor Activity (GO:2000311),0.07683905338089274,0.32112925139373094,0,0,13.576490924805531,34.83784946249454,PRRT1
GO_Biological_Process_2023,Dendritic Spine Morphogenesis (GO:0060997),0.07683905338089274,0.32112925139373094,0,0,13.576490924805531,34.83784946249454,EPHB3
GO_Biological_Process_2023,Positive Regulation Of Endothelial Cell Apoptotic Process (GO:2000353),0.07683905338089274,0.32112925139373094,0,0,13.576490924805531,34.83784946249454,ECSCR
GO_Biological_Process_2023,Epithelial Cell Development (GO:0002064),0.08209855388898461,0.32368246243112386,0,0,12.60593900481541,31.512765977772286,RAB25
GO_Biological_Process_2023,Sphingolipid Catabolic Process (GO:0030149),0.08209855388898461,0.32368246243112386,0,0,12.60593900481541,31.512765977772286,ASAH2
GO_Biological_Process_2023,NLS-bearing Protein Import Into Nucleus (GO:0006607),0.08209855388898461,0.32368246243112386,0,0,12.60593900481541,31.512765977772286,RGPD8
GO_Biological_Process_2023,Positive Regulation Of Myeloid Leukocyte Cytokine Production Involved In Immune Response (GO:0061081),0.08209855388898461,0.32368246243112386,0,0,12.60593900481541,31.512765977772286,GPRC5B
GO_Biological_Process_2023,Negative Regulation Of Phosphatase Activity (GO:0010923),0.08209855388898461,0.32368246243112386,0,0,12.60593900481541,31.512765977772286,PPP4R4
GO_Biological_Process_2023,Regulation Of Vacuole Organization (GO:0044088),0.08209855388898461,0.32368246243112386,0,0,12.60593900481541,31.512765977772286,LAPTM4B
GO_Biological_Process_2023,Positive Regulation Of Protein Catabolic Process (GO:0045732),0.08278945692453123,0.32368246243112386,0,0,4.334534368070954,10.799295406090573,ECSCR;DACT1
GO_Biological_Process_2023,Endomembrane System Organization (GO:0010256),0.08329526121252398,0.32368246243112386,0,0,3.0282485875706215,7.526298870751615,LAPTM4B;SPTBN5;FAM174B
GO_Biological_Process_2023,Negative Regulation Of Canonical Wnt Signaling Pathway (GO:0090090),0.08448100069268473,0.32509655868001897,0,0,4.282037239868565,10.581892952407907,PTPRO;DACT1
GO_Biological_Process_2023,Xenobiotic Catabolic Process (GO:0042178),0.08732842095467779,0.32509655868001897,0,0,11.764794007490636,28.683500904095524,CRYZ
GO_Biological_Process_2023,Neural Tube Development (GO:0021915),0.08732842095467779,0.32509655868001897,0,0,11.764794007490636,28.683500904095524,DACT1
GO_Biological_Process_2023,Diol Biosynthetic Process (GO:0034312),0.08732842095467779,0.32509655868001897,0,0,11.764794007490636,28.683500904095524,ASAH2
GO_Biological_Process_2023,Regulation Of cAMP-mediated Signaling (GO:0043949),0.08732842095467779,0.32509655868001897,0,0,11.764794007490636,28.683500904095524,GNAI1
GO_Biological_Process_2023,Potassium Ion Transport (GO:0006813),0.08961830171662764,0.3254215183350846,0,0,4.1318710359408035,9.966881626956743,SLC24A2;KCNQ2
GO_Biological_Process_2023,Sphingosine Metabolic Process (GO:0006670),0.09252881963524617,0.3254215183350846,0,0,11.02879213483146,26.2511183635061,ASAH2
GO_Biological_Process_2023,Positive Regulation Of Leukocyte Activation (GO:0002696),0.09252881963524617,0.3254215183350846,0,0,11.02879213483146,26.2511183635061,HAVCR1
GO_Biological_Process_2023,Long-Term Synaptic Potentiation (GO:0060291),0.09252881963524617,0.3254215183350846,0,0,11.02879213483146,26.2511183635061,SLC24A2
GO_Biological_Process_2023,Mesoderm Formation (GO:0001707),0.09252881963524617,0.3254215183350846,0,0,11.02879213483146,26.2511183635061,ITGA2
GO_Biological_Process_2023,Cilium-Dependent Cell Motility (GO:0060285),0.09252881963524617,0.3254215183350846,0,0,11.02879213483146,26.2511183635061,RSPH9
GO_Biological_Process_2023,Neuron Projection Guidance (GO:0097485),0.09660795571462595,0.3254215183350846,0,0,3.9472222222222224,9.225030097960774,PTPRO;EPHB3
GO_Biological_Process_2023,Positive Regulation Of Wnt Signaling Pathway (GO:0030177),0.09660795571462595,0.3254215183350846,0,0,3.9472222222222224,9.225030097960774,GPRC5B;DACT1
GO_Biological_Process_2023,Glutamate Metabolic Process (GO:0006536),0.09769991408254232,0.3254215183350846,0,0,10.379378717779247,24.14092572898233,PRODH
GO_Biological_Process_2023,Regulation Of Reactive Oxygen Species Biosynthetic Process (GO:1903426),0.09769991408254232,0.3254215183350846,0,0,10.379378717779247,24.14092572898233,SLC18A2
GO_Biological_Process_2023,Oxoacid Metabolic Process (GO:0043436),0.09769991408254232,0.3254215183350846,0,0,10.379378717779247,24.14092572898233,TPST1
GO_Biological_Process_2023,Negative Regulation Of Protein Dephosphorylation (GO:0035308),0.09769991408254232,0.3254215183350846,0,0,10.379378717779247,24.14092572898233,PPP4R4
GO_Biological_Process_2023,Positive Regulation Of Epithelial Cell Apoptotic Process (GO:1904037),0.09769991408254232,0.3254215183350846,0,0,10.379378717779247,24.14092572898233,ECSCR
GO_Biological_Process_2023,Negative Regulation Of Phosphoprotein Phosphatase Activity (GO:0032515),0.09769991408254232,0.3254215183350846,0,0,10.379378717779247,24.14092572898233,PPP4R4
GO_Biological_Process_2023,Negative Regulation Of Cell Communication (GO:0010648),0.10284186754103007,0.33304570617109347,0,0,9.802122347066167,22.29554223487525,KIF26A
GO_Biological_Process_2023,Limb Development (GO:0060173),0.10284186754103007,0.33304570617109347,0,0,9.802122347066167,22.29554223487525,PCSK5
GO_Biological_Process_2023,Respiratory Tube Development (GO:0030323),0.10284186754103007,0.33304570617109347,0,0,9.802122347066167,22.29554223487525,PCSK5
GO_Biological_Process_2023,Cytoskeleton Organization (GO:0007010),0.10374787235126613,0.33304570617109347,0,0,3.7782882011605414,8.560813772620024,TIMD4;ZNF135
GO_Biological_Process_2023,Epithelium Development (GO:0060429),0.10374787235126613,0.33304570617109347,0,0,3.7782882011605414,8.560813772620024,CNN3;DACT1
GO_Biological_Process_2023,Long-Chain Fatty Acid Biosynthetic Process (GO:0042759),0.10795484240025313,0.33678869847402915,0,0,9.285629804849203,20.670204404785675,ASAH2
GO_Biological_Process_2023,Intrinsic Apoptotic Signaling Pathway (GO:0097193),0.10737098890223828,0.33678869847402915,0,0,3.699100378787879,8.254413971317055,PRODH;FHIT
GO_Biological_Process_2023,Monocyte Chemotaxis (GO:0002548),0.10795484240025313,0.33678869847402915,0,0,9.285629804849203,20.670204404785675,PTPRO
GO_Biological_Process_2023,Regulation Of Spindle Organization (GO:0090224),0.10795484240025313,0.33678869847402915,0,0,9.285629804849203,20.670204404785675,GNAI1
GO_Biological_Process_2023,Potassium Ion Transmembrane Transport (GO:0071805),0.10919529261776566,0.3382763260816097,0,0,3.660731021555764,8.107118340658884,SLC24A2;KCNQ2
GO_Biological_Process_2023,Negative Regulation Of Wnt Signaling Pathway (GO:0030178),0.12596943428393623,0.3398636891432777,0,0,3.3479845626072042,6.936073140932984,PTPRO;DACT1
GO_Biological_Process_2023,Central Nervous System Development (GO:0007417),0.11174470028592631,0.3398636891432777,0,0,2.6491976783885285,5.805818630392908,NPTX1;SMARCA1;NPAS2
GO_Biological_Process_2023,Positive Regulation Of Defense Response (GO:0031349),0.1240757998529814,0.3398636891432777,0,0,3.38008658008658,7.053776305929772,GPRC5B;NPAS2
GO_Biological_Process_2023,Negative Regulation Of Signal Transduction (GO:0009968),0.12404485772027855,0.3398636891432777,0,0,2.522608978529603,5.264967528382219,ASAH2;KIF26A;DACT1
GO_Biological_Process_2023,Negative Regulation Of NIK/NF-kappaB Signaling (GO:1901223),0.12312150552318243,0.3398636891432777,0,0,8.017875383043922,16.794109974920087,NLRP2
GO_Biological_Process_2023,Multivesicular Body Sorting Pathway (GO:0071985),0.12312150552318243,0.3398636891432777,0,0,8.017875383043922,16.794109974920087,LAPTM4B
GO_Biological_Process_2023,Regulation Of Neuron Migration (GO:2001222),0.12312150552318243,0.3398636891432777,0,0,8.017875383043922,16.794109974920087,KIF26A
GO_Biological_Process_2023,Alpha-Amino Acid Catabolic Process (GO:1901606),0.12312150552318243,0.3398636891432777,0,0,8.017875383043922,16.794109974920087,PRODH
GO_Biological_Process_2023,Positive Regulation Of Neuron Differentiation (GO:0045666),0.12312150552318243,0.3398636891432777,0,0,8.017875383043922,16.794109974920087,GPRC5B
GO_Biological_Process_2023,Endosome Transport Via Multivesicular Body Sorting Pathway (GO:0032509),0.11809450125473962,0.3398636891432777,0,0,8.400214018191546,17.94512618297304,LAPTM4B
GO_Biological_Process_2023,Embryonic Skeletal System Development (GO:0048706),0.11809450125473962,0.3398636891432777,0,0,8.400214018191546,17.94512618297304,PCSK5
GO_Biological_Process_2023,Protein Localization To Cell Surface (GO:0034394),0.11809450125473962,0.3398636891432777,0,0,8.400214018191546,17.94512618297304,PRRT1
GO_Biological_Process_2023,Cell Morphogenesis Involved In Differentiation (GO:0000904),0.11809450125473962,0.3398636891432777,0,0,8.400214018191546,17.94512618297304,RAB25
GO_Biological_Process_2023,Negative Regulation Of Protein Transport (GO:0051224),0.11809450125473962,0.3398636891432777,0,0,8.400214018191546,17.94512618297304,ADTRP
GO_Biological_Process_2023,Cellular Response To Low-Density Lipoprotein Particle Stimulus (GO:0071404),0.11303900010992549,0.3398636891432777,0,0,8.820786516853932,19.229512069738114,ADTRP
GO_Biological_Process_2023,Positive Regulation Of Synapse Assembly (GO:0051965),0.11303900010992549,0.3398636891432777,0,0,8.820786516853932,19.229512069738114,EPHB3
GO_Biological_Process_2023,Regulation Of JNK Cascade (GO:0046328),0.11286862984476558,0.3398636891432777,0,0,3.586317722681359,7.8236622274811465,EDAR;DACT1
GO_Biological_Process_2023,Regulation Of Anatomical Structure Morphogenesis (GO:0022603),0.12596943428393623,0.3398636891432777,0,0,3.3479845626072042,6.936073140932984,ZNF135;EPHB3
GO_Biological_Process_2023,Apoptotic Cell Clearance (GO:0043277),0.1281201717537864,0.3398636891432777,0,0,7.6687835857352225,15.75771385511941,TIMD4
GO_Biological_Process_2023,Lamellipodium Assembly (GO:0030032),0.1281201717537864,0.3398636891432777,0,0,7.6687835857352225,15.75771385511941,PTPRO
GO_Biological_Process_2023,Axoneme Assembly (GO:0035082),0.1281201717537864,0.3398636891432777,0,0,7.6687835857352225,15.75771385511941,RSPH9
GO_Biological_Process_2023,Peptidyl-Tyrosine Dephosphorylation (GO:0035335),0.1281201717537864,0.3398636891432777,0,0,7.6687835857352225,15.75771385511941,PTPRO
GO_Biological_Process_2023,Cellular Response To Steroid Hormone Stimulus (GO:0071383),0.1281201717537864,0.3398636891432777,0,0,7.6687835857352225,15.75771385511941,ADTRP
GO_Biological_Process_2023,Dendritic Spine Organization (GO:0097061),0.1281201717537864,0.3398636891432777,0,0,7.6687835857352225,15.75771385511941,EPHB3
GO_Biological_Process_2023,Axon Guidance (GO:0007411),0.13553965291466985,0.35142915290200677,0,0,3.196150696150696,6.387478528864728,PTPRO;EPHB3
GO_Biological_Process_2023,Synaptic Vesicle Cycle (GO:0099504),0.13803312100439996,0.35142915290200677,0,0,7.05438202247191,13.969521939072566,SLC18A2
GO_Biological_Process_2023,RNA Phosphodiester Bond Hydrolysis (GO:0090501),0.13803312100439996,0.35142915290200677,0,0,7.05438202247191,13.969521939072566,ZC3H12B
GO_Biological_Process_2023,Negative Regulation Of Signaling (GO:0023057),0.13803312100439996,0.35142915290200677,0,0,7.05438202247191,13.969521939072566,KIF26A
GO_Biological_Process_2023,Positive Regulation Of Proteolysis Involved In Protein Catabolic Process (GO:1903052),0.13803312100439996,0.35142915290200677,0,0,7.05438202247191,13.969521939072566,ECSCR
GO_Biological_Process_2023,Amide Transport (GO:0042886),0.13803312100439996,0.35142915290200677,0,0,7.05438202247191,13.969521939072566,SLC14A1
GO_Biological_Process_2023,Plasma Membrane Invagination (GO:0099024),0.13803312100439996,0.35142915290200677,0,0,7.05438202247191,13.969521939072566,HAVCR1
GO_Biological_Process_2023,Regulation Of Mitotic Cell Cycle (GO:0007346),0.1413585542024246,0.35708751148418116,0,0,3.1114433811802233,6.087401072353122,ASAH2;TTC28
GO_Biological_Process_2023,One-Carbon Compound Transport (GO:0019755),0.14294771732501055,0.35708751148418116,0,0,6.782627484874676,13.194084692627284,SLC14A1
GO_Biological_Process_2023,Response To Peptide (GO:1901652),0.14294771732501055,0.35708751148418116,0,0,6.782627484874676,13.194084692627284,GNAI1
GO_Biological_Process_2023,Glutamine Family Amino Acid Metabolic Process (GO:0009064),0.1478346021895045,0.35708751148418116,0,0,6.531002913025385,12.485064754364009,PRODH
GO_Biological_Process_2023,Negative Regulation Of Proteasomal Ubiquitin-Dependent Protein Catabolic Process (GO:0032435),0.1478346021895045,0.35708751148418116,0,0,6.531002913025385,12.485064754364009,FHIT
GO_Biological_Process_2023,Negative Regulation Of G1/S Transition Of Mitotic Cell Cycle (GO:2000134),0.1478346021895045,0.35708751148418116,0,0,6.531002913025385,12.485064754364009,DACT1
GO_Biological_Process_2023,Response To Steroid Hormone (GO:0048545),0.1478346021895045,0.35708751148418116,0,0,6.531002913025385,12.485064754364009,ADTRP
GO_Biological_Process_2023,Regulation Of Establishment Of Planar Polarity (GO:0090175),0.15269393011719293,0.35708751148418116,0,0,6.297351524879614,11.834737521153933,DACT1
GO_Biological_Process_2023,Transition Metal Ion Transport (GO:0000041),0.15269393011719293,0.35708751148418116,0,0,6.297351524879614,11.834737521153933,ATP7B
GO_Biological_Process_2023,Lamellipodium Organization (GO:0097581),0.15269393011719293,0.35708751148418116,0,0,6.297351524879614,11.834737521153933,PTPRO
GO_Biological_Process_2023,Calcium Ion Import Across Plasma Membrane (GO:0098703),0.15269393011719293,0.35708751148418116,0,0,6.297351524879614,11.834737521153933,SLC24A2
GO_Biological_Process_2023,Cellular Nitrogen Compound Biosynthetic Process (GO:0044271),0.15269393011719293,0.35708751148418116,0,0,6.297351524879614,11.834737521153933,ASAH2
GO_Biological_Process_2023,Negative Regulation Of Cell Cycle G1/S Phase Transition (GO:1902807),0.15269393011719293,0.35708751148418116,0,0,6.297351524879614,11.834737521153933,DACT1
GO_Biological_Process_2023,Regulation Of Cell Morphogenesis (GO:0022604),0.15269393011719293,0.35708751148418116,0,0,6.297351524879614,11.834737521153933,ZNF135
GO_Biological_Process_2023,Golgi Organization (GO:0007030),0.15315265729569846,0.35708751148418116,0,0,2.9547348484848484,5.544028371369147,SPTBN5;FAM174B
GO_Biological_Process_2023,Cellular Response To Organic Cyclic Compound (GO:0071407),0.15315265729569846,0.35708751148418116,0,0,2.9547348484848484,5.544028371369147,ADTRP;GNAI1
GO_Biological_Process_2023,Negative Regulation Of Protein Secretion (GO:0050709),0.15752585472474417,0.3597111012528952,0,0,6.079814025571484,11.236503605858255,ADTRP
GO_Biological_Process_2023,Purine Nucleotide Metabolic Process (GO:0006163),0.15752585472474417,0.3597111012528952,0,0,6.079814025571484,11.236503605858255,FHIT
GO_Biological_Process_2023,Signal Transduction By P53 Class Mediator (GO:0072331),0.15752585472474417,0.3597111012528952,0,0,6.079814025571484,11.236503605858255,FHIT
GO_Biological_Process_2023,Dendrite Morphogenesis (GO:0048813),0.15752585472474417,0.3597111012528952,0,0,6.079814025571484,11.236503605858255,EPHB3
GO_Biological_Process_2023,Negative Regulation Of JNK Cascade (GO:0046329),0.16233052887256122,0.3669001239313501,0,0,5.876779026217228,10.684693718281755,DACT1
GO_Biological_Process_2023,Anterior/Posterior Pattern Specification (GO:0009952),0.16233052887256122,0.3669001239313501,0,0,5.876779026217228,10.684693718281755,PCSK5
GO_Biological_Process_2023,Negative Regulation Of Stress-Activated MAPK Cascade (GO:0032873),0.17658256371052064,0.37073969537327317,0,0,5.341504937010555,9.261991843152826,DACT1
GO_Biological_Process_2023,Positive Regulation Of Nervous System Development (GO:0051962),0.17658256371052064,0.37073969537327317,0,0,5.341504937010555,9.261991843152826,EPHB3
GO_Biological_Process_2023,Negative Regulation Of Mitotic Cell Cycle Phase Transition (GO:1901991),0.17658256371052064,0.37073969537327317,0,0,5.341504937010555,9.261991843152826,DACT1
GO_Biological_Process_2023,Regulation Of Endothelial Cell Apoptotic Process (GO:2000351),0.17658256371052064,0.37073969537327317,0,0,5.341504937010555,9.261991843152826,ECSCR
GO_Biological_Process_2023,Intrinsic Apoptotic Signaling Pathway By P53 Class Mediator (GO:0072332),0.1718587326285784,0.37073969537327317,0,0,5.508778089887641,9.701412478755772,FHIT
GO_Biological_Process_2023,Amino Acid Catabolic Process (GO:0009063),0.1718587326285784,0.37073969537327317,0,0,5.508778089887641,9.701412478755772,PRODH
GO_Biological_Process_2023,Positive Regulation Of Protein Tyrosine Kinase Activity (GO:0061098),0.1718587326285784,0.37073969537327317,0,0,5.508778089887641,9.701412478755772,GPRC5B
GO_Biological_Process_2023,Negative Regulation Of Proteasomal Protein Catabolic Process (GO:1901799),0.1718587326285784,0.37073969537327317,0,0,5.508778089887641,9.701412478755772,FHIT
GO_Biological_Process_2023,Substrate Adhesion-Dependent Cell Spreading (GO:0034446),0.17658256371052064,0.37073969537327317,0,0,5.341504937010555,9.261991843152826,EPHB3
GO_Biological_Process_2023,Cilium Movement (GO:0003341),0.1718587326285784,0.37073969537327317,0,0,5.508778089887641,9.701412478755772,RSPH9
GO_Biological_Process_2023,Regulation Of Synapse Assembly (GO:0051963),0.1718587326285784,0.37073969537327317,0,0,5.508778089887641,9.701412478755772,EPHB3
GO_Biological_Process_2023,Regulation Of Phosphoprotein Phosphatase Activity (GO:0043666),0.1718587326285784,0.37073969537327317,0,0,5.508778089887641,9.701412478755772,PPP4R4
GO_Biological_Process_2023,Cellular Response To Ketone (GO:1901655),0.17658256371052064,0.37073969537327317,0,0,5.341504937010555,9.261991843152826,GNAI1
GO_Biological_Process_2023,Negative Regulation Of Cell-Substrate Adhesion (GO:0010812),0.17658256371052064,0.37073969537327317,0,0,5.341504937010555,9.261991843152826,PTPRO
GO_Biological_Process_2023,Neuropeptide Signaling Pathway (GO:0007218),0.17658256371052064,0.37073969537327317,0,0,5.341504937010555,9.261991843152826,KISS1R
GO_Biological_Process_2023,Ephrin Receptor Signaling Pathway (GO:0048013),0.1812797470928708,0.3717913331580638,0,0,5.184071381361534,8.852910636387799,EPHB3
GO_Biological_Process_2023,Negative Regulation Of Ubiquitin-Dependent Protein Catabolic Process (GO:2000059),0.1812797470928708,0.3717913331580638,0,0,5.184071381361534,8.852910636387799,FHIT
GO_Biological_Process_2023,Regulation Of Cell-Cell Adhesion (GO:0022407),0.1812797470928708,0.3717913331580638,0,0,5.184071381361534,8.852910636387799,EPHB3
GO_Biological_Process_2023,Regulation Of Axonogenesis (GO:0050770),0.1812797470928708,0.3717913331580638,0,0,5.184071381361534,8.852910636387799,EPHB3
GO_Biological_Process_2023,Regulation Of Protein Tyrosine Kinase Activity (GO:0061097),0.1812797470928708,0.3717913331580638,0,0,5.184071381361534,8.852910636387799,GPRC5B
GO_Biological_Process_2023,Adenylate Cyclase-Inhibiting G Protein-Coupled Receptor Signaling Pathway (GO:0007193),0.18595043147676513,0.3761463065945523,0,0,5.0356340288924555,8.47132193199265,GNAI1
GO_Biological_Process_2023,Negative Regulation Of Cell-Cell Adhesion (GO:0022408),0.18595043147676513,0.3761463065945523,0,0,5.0356340288924555,8.47132193199265,ADTRP
GO_Biological_Process_2023,Negative Regulation Of Immune System Process (GO:0002683),0.18595043147676513,0.3761463065945523,0,0,5.0356340288924555,8.47132193199265,ADTRP
GO_Biological_Process_2023,Neurotransmitter Transport (GO:0006836),0.19059476465656344,0.3803309943371964,0,0,4.895443196004994,8.114714819077404,SLC18A2
GO_Biological_Process_2023,Renal System Development (GO:0072001),0.19059476465656344,0.3803309943371964,0,0,4.895443196004994,8.114714819077404,PCSK5
GO_Biological_Process_2023,Ceramide Biosynthetic Process (GO:0046513),0.19059476465656344,0.3803309943371964,0,0,4.895443196004994,8.114714819077404,ASAH2
GO_Biological_Process_2023,Regulation Of Transport (GO:0051049),0.19521289363500566,0.38606835660851563,0,0,4.762830245976313,7.780866948268245,RAB25
GO_Biological_Process_2023,Positive Regulation Of Leukocyte Cell-Cell Adhesion (GO:1903039),0.19521289363500566,0.38606835660851563,0,0,4.762830245976313,7.780866948268245,SIRPB1
GO_Biological_Process_2023,Axonogenesis (GO:0007409),0.19986961434332456,0.38834315418461746,0,0,2.475842339478703,3.986329124371108,PTPRO;EPHB3
GO_Biological_Process_2023,Intracellular Monoatomic Cation Homeostasis (GO:0030003),0.19986961434332456,0.38834315418461746,0,0,2.475842339478703,3.986329124371108,SLC24A2;ATP7B
GO_Biological_Process_2023,Regulation Of Cell-Substrate Adhesion (GO:0010810),0.19980496460701097,0.38834315418461746,0,0,4.637196924896511,7.467804832326691,PTPRO
GO_Biological_Process_2023,Regulation Of Mitotic Spindle Organization (GO:0060236),0.19980496460701097,0.38834315418461746,0,0,4.637196924896511,7.467804832326691,GNAI1
GO_Biological_Process_2023,Response To Peptide Hormone (GO:0043434),0.2043711229845536,0.39024313569895364,0,0,4.518006338231057,7.17377046696782,GNAI1
GO_Biological_Process_2023,Microtubule Bundle Formation (GO:0001578),0.2043711229845536,0.39024313569895364,0,0,4.518006338231057,7.17377046696782,RSPH9
GO_Biological_Process_2023,Protein Homotetramerization (GO:0051289),0.2043711229845536,0.39024313569895364,0,0,4.518006338231057,7.17377046696782,CRYZ
GO_Biological_Process_2023,Positive Regulation Of Lymphocyte Activation (GO:0051251),0.2043711229845536,0.39024313569895364,0,0,4.518006338231057,7.17377046696782,SIRPB1
GO_Biological_Process_2023,Positive Regulation Of Cell Death (GO:0010942),0.20891151332255042,0.3938204272420844,0,0,4.4047752808988765,6.897193138082671,PRODH
GO_Biological_Process_2023,Positive Regulation Of Cell Junction Assembly (GO:1901890),0.20891151332255042,0.3938204272420844,0,0,4.4047752808988765,6.897193138082671,EPHB3
GO_Biological_Process_2023,Unsaturated Fatty Acid Metabolic Process (GO:0033559),0.20891151332255042,0.3938204272420844,0,0,4.4047752808988765,6.897193138082671,SCD
GO_Biological_Process_2023,Cellular Response To Alcohol (GO:0097306),0.2134262794008068,0.4006264481972772,0,0,4.297067689778022,6.636665499406956,GNAI1
GO_Biological_Process_2023,Regulation Of Cell Death (GO:0010941),0.21791556427496978,0.405615945268116,0,0,4.1944890315676835,6.390923192566896,PRODH
GO_Biological_Process_2023,Vacuolar Transport (GO:0007034),0.21791556427496978,0.405615945268116,0,0,4.1944890315676835,6.390923192566896,SPTBN5
GO_Biological_Process_2023,Negative Regulation Of Cell Projection Organization (GO:0031345),0.22237951008571272,0.4087722944729076,0,0,4.096681473739221,6.158827419881582,PTPRO
GO_Biological_Process_2023,Sprouting Angiogenesis (GO:0002040),0.22237951008571272,0.4087722944729076,0,0,4.096681473739221,6.158827419881582,ADTRP
GO_Biological_Process_2023,Peptide Metabolic Process (GO:0006518),0.22237951008571272,0.4087722944729076,0,0,4.096681473739221,6.158827419881582,PCSK5
GO_Biological_Process_2023,Negative Regulation Of Response To Stimulus (GO:0048585),0.22681825826755891,0.4101244425001167,0,0,4.003319713993871,5.93934997445959,KIF26A
GO_Biological_Process_2023,Regulation Of Epithelial Cell Migration (GO:0010632),0.22681825826755891,0.4101244425001167,0,0,4.003319713993871,5.93934997445959,RAB25
GO_Biological_Process_2023,Regulation Of Proteasomal Protein Catabolic Process (GO:0061136),0.22681825826755891,0.4101244425001167,0,0,4.003319713993871,5.93934997445959,ECSCR
GO_Biological_Process_2023,Peptidyl-Tyrosine Modification (GO:0018212),0.22681825826755891,0.4101244425001167,0,0,4.003319713993871,5.93934997445959,TPST1
GO_Biological_Process_2023,Epidermis Development (GO:0008544),0.23123194952204204,0.41256909313179274,0,0,3.914107365792759,5.73156034569372,EDAR
GO_Biological_Process_2023,Kidney Development (GO:0001822),0.23123194952204204,0.41256909313179274,0,0,3.914107365792759,5.73156034569372,PCSK5
GO_Biological_Process_2023,Negative Regulation Of Neuron Projection Development (GO:0010977),0.23123194952204204,0.41256909313179274,0,0,3.914107365792759,5.73156034569372,PTPRO
GO_Biological_Process_2023,Positive Regulation Of Protein Localization To Cell Periphery (GO:1904377),0.23562072361702835,0.41256909313179274,0,0,3.828773815339521,5.5346145732862455,GNAI1
GO_Biological_Process_2023,Homophilic Cell Adhesion Via Plasma Membrane Adhesion Molecules (GO:0007156),0.23562072361702835,0.41256909313179274,0,0,3.828773815339521,5.5346145732862455,SDK2
GO_Biological_Process_2023,Regulation Of Phagocytosis (GO:0050764),0.23562072361702835,0.41256909313179274,0,0,3.828773815339521,5.5346145732862455,SIRPB1
GO_Biological_Process_2023,Synapse Assembly (GO:0007416),0.23562072361702835,0.41256909313179274,0,0,3.828773815339521,5.5346145732862455,SDK2
GO_Biological_Process_2023,Endosome Organization (GO:0007032),0.23562072361702835,0.41256909313179274,0,0,3.828773815339521,5.5346145732862455,LAPTM4B
GO_Biological_Process_2023,Positive Regulation Of Phagocytosis (GO:0050766),0.2399847197238745,0.41528605795967344,0,0,3.747071479799187,5.347745570030986,SIRPB1
GO_Biological_Process_2023,Negative Regulation Of Protein-Containing Complex Assembly (GO:0031333),0.2399847197238745,0.41528605795967344,0,0,3.747071479799187,5.347745570030986,DACT1
GO_Biological_Process_2023,Regulation Of Monoatomic Ion Transmembrane Transporter Activity (GO:0032412),0.2399847197238745,0.41528605795967344,0,0,3.747071479799187,5.347745570030986,PRRT1
GO_Biological_Process_2023,Positive Regulation Of I-kappaB kinase/NF-kappaB Signaling (GO:0043123),0.24169768119422577,0.41662285124140863,0,0,2.1692693809258228,3.080509131102533,EDAR;GPRC5B
GO_Biological_Process_2023,Positive Regulation Of Interleukin-1 Beta Production (GO:0032731),0.24432407613404453,0.417897937171358,0,0,3.6687734082397006,5.170254711011334,NLRP2
GO_Biological_Process_2023,Gland Development (GO:0048732),0.24432407613404453,0.417897937171358,0,0,3.6687734082397006,5.170254711011334,EPHB3
GO_Biological_Process_2023,Regulation Of Neuron Differentiation (GO:0045664),0.24863893043046045,0.42364248531036147,0,0,3.593671176335703,5.001504485997988,GPRC5B
GO_Biological_Process_2023,Ceramide Metabolic Process (GO:0006672),0.2529294194021703,0.42930165821900934,0,0,3.521573033707865,4.840912072236198,ASAH2
GO_Biological_Process_2023,Regulation Of T Cell Activation (GO:0050863),0.2571956790816229,0.433223140050034,0,0,3.4523022692222955,4.687943691780138,SIRPB1
GO_Biological_Process_2023,Embryonic Organ Development (GO:0048568),0.2571956790816229,0.433223140050034,0,0,3.4523022692222955,4.687943691780138,PCSK5
GO_Biological_Process_2023,Positive Regulation Of Interleukin-1 Production (GO:0032732),0.26143784478503823,0.437045151848196,0,0,3.385695764909248,4.542109646127733,NLRP2
GO_Biological_Process_2023,Positive Regulation Of Synaptic Transmission (GO:0050806),0.26143784478503823,0.437045151848196,0,0,3.385695764909248,4.542109646127733,SLC24A2
GO_Biological_Process_2023,Protein Secretion (GO:0009306),0.26565605109935886,0.44242718284592475,0,0,3.3216027135891455,4.402959936521087,PCSK5
GO_Biological_Process_2023,Positive Regulation Of Protein Binding (GO:0032092),0.26985043175483836,0.4477293680426719,0,0,3.2598834789846025,4.270080392184139,DACT1
GO_Biological_Process_2023,Fatty Acid Catabolic Process (GO:0009062),0.27402111989931677,0.4512689818416258,0,0,3.200408580183861,4.143089233564279,ADTRP
GO_Biological_Process_2023,Response To Metal Ion (GO:0010038),0.27402111989931677,0.4512689818416258,0,0,3.200408580183861,4.143089233564279,ATP7B
GO_Biological_Process_2023,Cellular Response To Lipid (GO:0071396),0.2754631478669302,0.4519636092779633,0,0,1.973336719146775,2.544225841800078,ADTRP;GNAI1
GO_Biological_Process_2023,Sodium Ion Transmembrane Transport (GO:0035725),0.28229194712283234,0.456406323267937,0,0,3.087719298245614,3.905388960261895,SLC24A2
GO_Biological_Process_2023,Negative Regulation Of Blood Vessel Morphogenesis (GO:2000181),0.28229194712283234,0.456406323267937,0,0,3.087719298245614,3.905388960261895,ECSCR
GO_Biological_Process_2023,Protein Tetramerization (GO:0051262),0.28229194712283234,0.456406323267937,0,0,3.087719298245614,3.905388960261895,CRYZ
GO_Biological_Process_2023,Positive Regulation Of Cysteine-Type Endopeptidase Activity (GO:2001056),0.28229194712283234,0.456406323267937,0,0,3.087719298245614,3.905388960261895,NLRP2
GO_Biological_Process_2023,Sensory Perception Of Light Stimulus (GO:0050953),0.28639234871438374,0.4613520381108072,0,0,3.034289035257652,3.79405243346898,CRYZ
GO_Biological_Process_2023,Regulation Of Inflammatory Response (GO:0050727),0.288125669952019,0.46246257894472614,0,0,1.9085995085995087,2.3749820980053893,GPRC5B;NLRP2
GO_Biological_Process_2023,Cellular Response To Organic Substance (GO:0071310),0.29046958268807266,0.4628705939957417,0,0,2.982669967625214,3.6873448810835825,ASAH2
GO_Biological_Process_2023,Positive Regulation Of Response To Stimulus (GO:0048584),0.29046958268807266,0.4628705939957417,0,0,2.982669967625214,3.6873448810835825,NPAS2
GO_Biological_Process_2023,Negative Regulation Of Protein Binding (GO:0032091),0.29452377856894885,0.4676488670467539,0,0,2.932771535580524,3.5850068360766802,DACT1
GO_Biological_Process_2023,Calcium Ion Homeostasis (GO:0055074),0.30256357001149686,0.47869879112533253,0,0,2.8378035520115983,3.3924916301836463,SLC24A2
GO_Biological_Process_2023,Visual Perception (GO:0007601),0.30654942091777265,0.4798635811539692,0,0,2.792580702693062,3.3018812214029483,CRYZ
GO_Biological_Process_2023,Negative Regulation Of Cell Adhesion (GO:0007162),0.30654942091777265,0.4798635811539692,0,0,2.792580702693062,3.3018812214029483,PTPRO
GO_Biological_Process_2023,Calcium Ion Transmembrane Import Into Cytosol (GO:0097553),0.30654942091777265,0.4798635811539692,0,0,2.792580702693062,3.3018812214029483,SLC24A2
GO_Biological_Process_2023,Sodium Ion Transport (GO:0006814),0.3105127443133626,0.48369088226156093,0,0,2.7487710674157304,3.2147711444637204,SLC24A2
GO_Biological_Process_2023,Regulation Of Hydrolase Activity (GO:0051336),0.3144536661203827,0.48369088226156093,0,0,2.7063094209161624,3.1309795419412105,EPHB3
GO_Biological_Process_2023,Positive Regulation Of Endocytosis (GO:0045807),0.3144536661203827,0.48369088226156093,0,0,2.7063094209161624,3.1309795419412105,SIRPB1
GO_Biological_Process_2023,Negative Regulation Of Angiogenesis (GO:0016525),0.3144536661203827,0.48369088226156093,0,0,2.7063094209161624,3.1309795419412105,ECSCR
GO_Biological_Process_2023,Purine Ribonucleotide Metabolic Process (GO:0009150),0.3144536661203827,0.48369088226156093,0,0,2.7063094209161624,3.1309795419412105,TPST1
GO_Biological_Process_2023,Positive Regulation Of Catabolic Process (GO:0009896),0.32614327037213103,0.4931108149312425,0,0,2.586417713152677,2.89787029201913,DACT1
GO_Biological_Process_2023,Cell Junction Assembly (GO:0034329),0.32614327037213103,0.4931108149312425,0,0,2.586417713152677,2.89787029201913,SDK2
GO_Biological_Process_2023,Axon Development (GO:0061564),0.32614327037213103,0.4931108149312425,0,0,2.586417713152677,2.89787029201913,EPHB3
GO_Biological_Process_2023,Calcium Ion Transmembrane Transport (GO:0070588),0.3222688049523126,0.4931108149312425,0,0,2.6251886634244506,2.972683006377264,SLC24A2
GO_Biological_Process_2023,Regulation Of Interleukin-1 Beta Production (GO:0032651),0.32614327037213103,0.4931108149312425,0,0,2.586417713152677,2.89787029201913,NLRP2
GO_Biological_Process_2023,Sphingolipid Biosynthetic Process (GO:0030148),0.32999583083766254,0.49404591369780304,0,0,2.548770558540954,2.8257588576607153,ASAH2
GO_Biological_Process_2023,Regulation Of Osteoblast Differentiation (GO:0045667),0.32999583083766254,0.49404591369780304,0,0,2.548770558540954,2.8257588576607153,HEMGN
GO_Biological_Process_2023,Monoatomic Cation Transmembrane Transport (GO:0098655),0.3301074276626404,0.49404591369780304,0,0,1.7201773835920178,1.9065364801197837,SLC24A2;KCNQ2
GO_Biological_Process_2023,Regulation Of Cysteine-Type Endopeptidase Activity Involved In Apoptotic Process (GO:0043281),0.33763572614089304,0.49428275690722095,0,0,2.476657699003007,2.6891244616904504,NLRP2
GO_Biological_Process_2023,Protein Import Into Nucleus (GO:0006606),0.33763572614089304,0.49428275690722095,0,0,2.476657699003007,2.6891244616904504,RGPD8
GO_Biological_Process_2023,Cellular Response To Hormone Stimulus (GO:0032870),0.33763572614089304,0.49428275690722095,0,0,2.476657699003007,2.6891244616904504,ADTRP
GO_Biological_Process_2023,Negative Regulation Of Binding (GO:0051100),0.34142330386819325,0.49428275690722095,0,0,2.442103620474407,2.6243632137281203,DACT1
GO_Biological_Process_2023,Inorganic Cation Transmembrane Transport (GO:0098662),0.3384355858726642,0.49428275690722095,0,0,1.686820356676816,1.8275374369804562,SLC24A2;KCNQ2
GO_Biological_Process_2023,Exocytosis (GO:0006887),0.34142330386819325,0.49428275690722095,0,0,2.442103620474407,2.6243632137281203,RAB25
GO_Biological_Process_2023,Regulation Of Protein Secretion (GO:0050708),0.34142330386819325,0.49428275690722095,0,0,2.442103620474407,2.6243632137281203,ADTRP
GO_Biological_Process_2023,Regulation Of NIK/NF-kappaB Signaling (GO:1901222),0.34142330386819325,0.49428275690722095,0,0,2.442103620474407,2.6243632137281203,NLRP2
GO_Biological_Process_2023,Positive Regulation Of JNK Cascade (GO:0046330),0.3338266088128412,0.49428275690722095,0,0,2.512199036918138,2.756217862989191,EDAR
GO_Biological_Process_2023,Regulation Of Vesicle-Mediated Transport (GO:0060627),0.33763572614089304,0.49428275690722095,0,0,2.476657699003007,2.6891244616904504,RAB25
GO_Biological_Process_2023,Organelle Organization (GO:0006996),0.3492947223397607,0.5040311465684495,0,0,1.450732168162494,1.5259370161713588,SPTBN5;FAM174B;ZNF135
GO_Biological_Process_2023,Negative Regulation Of NF-kappaB Transcription Factor Activity (GO:0032088),0.3526580006157099,0.5055905963519725,0,0,2.3439700374531833,2.4430180740437395,NLRP2
GO_Biological_Process_2023,Negative Regulation Of Apoptotic Signaling Pathway (GO:2001234),0.3526580006157099,0.5055905963519725,0,0,2.3439700374531833,2.4430180740437395,ASAH2
GO_Biological_Process_2023,Integrin-Mediated Signaling Pathway (GO:0007229),0.35636061774863287,0.5086087592947858,0,0,2.3129804849201654,2.3865612274309167,ITGA2
GO_Biological_Process_2023,Regulation Of I-kappaB kinase/NF-kappaB Signaling (GO:0043122),0.3570594224394546,0.5086087592947858,0,0,1.6162427022518766,1.6644924952729412,EDAR;GPRC5B
GO_Biological_Process_2023,Negative Regulation Of Protein Kinase Activity (GO:0006469),0.36004229091277473,0.5095806226017866,0,0,2.282795855829564,2.331953078829473,PTPRO
GO_Biological_Process_2023,Positive Regulation Of DNA Repair (GO:0045739),0.36004229091277473,0.5095806226017866,0,0,2.282795855829564,2.331953078829473,NPAS2
GO_Biological_Process_2023,Epithelial Cell Differentiation (GO:0030855),0.36734327309637743,0.5101350156165994,0,0,2.2247191011235956,2.2279638963300465,CNN3
GO_Biological_Process_2023,mRNA Metabolic Process (GO:0016071),0.36370313716303915,0.5101350156165994,0,0,2.253385191587439,2.2791127693493265,U2AF1
GO_Biological_Process_2023,T Cell Receptor Signaling Pathway (GO:0050852),0.36734327309637743,0.5101350156165994,0,0,2.2247191011235956,2.2279638963300465,CD8B
GO_Biological_Process_2023,Monoatomic Ion Transport (GO:0006811),0.36734327309637743,0.5101350156165994,0,0,2.2247191011235956,2.2279638963300465,SLC24A2
GO_Biological_Process_2023,Inorganic Cation Import Across Plasma Membrane (GO:0098659),0.36734327309637743,0.5101350156165994,0,0,2.2247191011235956,2.2279638963300465,SLC24A2
GO_Biological_Process_2023,Regulation Of Defense Response (GO:0031347),0.36370313716303915,0.5101350156165994,0,0,2.253385191587439,2.2791127693493265,NLRP2
GO_Biological_Process_2023,Positive Regulation Of Proteasomal Protein Catabolic Process (GO:1901800),0.37096281451695845,0.5135516463469143,0,0,2.1967696629213482,2.178434219068799,ECSCR
GO_Biological_Process_2023,Transmembrane Receptor Protein Tyrosine Kinase Signaling Pathway (GO:0007169),0.37346040524494906,0.5153133892805404,0,0,1.5582260659694287,1.5347643081081024,CD8B;EPHB3
GO_Biological_Process_2023,Positive Regulation Of Epithelial Cell Migration (GO:0010634),0.37456187663280816,0.5153133892805404,0,0,2.169510334304342,2.1304553842282172,RAB25
GO_Biological_Process_2023,Vesicle Organization (GO:0016050),0.38169902064737177,0.5202851266054944,0,0,2.116962230946257,2.038894771304104,LAPTM4B
GO_Biological_Process_2023,Positive Regulation Of Binding (GO:0051099),0.38169902064737177,0.5202851266054944,0,0,2.116962230946257,2.038894771304104,DACT1
GO_Biological_Process_2023,Positive Regulation Of Cold-Induced Thermogenesis (GO:0120162),0.38169902064737177,0.5202851266054944,0,0,2.116962230946257,2.038894771304104,SCD
GO_Biological_Process_2023,Regulation Of Wnt Signaling Pathway (GO:0030111),0.38523732980928826,0.5234973530844009,0,0,2.0916265382557517,1.9951935473633562,DACT1
GO_Biological_Process_2023,T Cell Activation (GO:0042110),0.3887556141681595,0.5250571252332155,0,0,2.0668869795109055,1.9528038588114447,CD8B
GO_Biological_Process_2023,Cell-Matrix Adhesion (GO:0007160),0.3887556141681595,0.5250571252332155,0,0,2.0668869795109055,1.9528038588114447,ITGA2
GO_Biological_Process_2023,Phosphorylation (GO:0016310),0.39124517314364804,0.526571259852578,0,0,1.3484342012667137,1.265398801976698,PRRT1;PRKG2;EPHB3
GO_Biological_Process_2023,Sphingolipid Metabolic Process (GO:0006665),0.39225398589469695,0.526571259852578,0,0,2.0427227593415207,1.9116733633293144,ASAH2
Reactome_2022,Nef Mediated CD8 Down-regulation R-HSA-182218,0.03917875813379783,0.532362631572009,0,0,29.428838951310862,95.33827182365336,CD8B
Reactome_2022,NR1H2 And NR1H3 Regulate Gene Expression Linked To Lipogenesis R-HSA-9029558,0.04465039056787464,0.532362631572009,0,0,25.223113964687,78.41594287939199,SCD
Reactome_2022,"Transport Of Bile Salts And Organic Acids, Metal Ions And Amine Compounds R-HSA-425366",0.0528967351177502,0.532362631572009,0,0,5.648629148629149,16.603657679887203,SLC14A1;SLC18A2
Reactome_2022,Molybdenum Cofactor Biosynthesis R-HSA-947581,0.033676139162459574,0.532362631572009,0,0,35.31685393258427,119.75824134581735,MOCS1
Reactome_2022,PPARA Activates Gene Expression R-HSA-1989781,0.11657394193453695,0.532362631572009,0,0,3.514851485148515,7.554222544261937,AHRR;NPAS2
Reactome_2022,RAS Processing R-HSA-9648002,0.09769991408254232,0.532362631572009,0,0,10.379378717779247,24.14092572898233,PRKG2
Reactome_2022,Cytosolic Sulfonation Of Small Molecules R-HSA-156584,0.09769991408254232,0.532362631572009,0,0,10.379378717779247,24.14092572898233,TPST1
Reactome_2022,Cell-Cell Communication R-HSA-1500931,0.11102788985257667,0.532362631572009,0,0,3.6231447124304266,7.963577330141393,SIRPB1;SDK2
Reactome_2022,Blood Group Systems Biosynthesis R-HSA-9033658,0.10795484240025313,0.532362631572009,0,0,9.285629804849203,20.670204404785675,ABO
Reactome_2022,Endogenous Sterols R-HSA-211976,0.10284186754103007,0.532362631572009,0,0,9.802122347066167,22.29554223487525,AHRR
Reactome_2022,Nef-mediated Downmodulation Of Cell Surface Receptors By Recruitment To Clathrin Adapters R-HSA-164938,0.10284186754103007,0.532362631572009,0,0,9.802122347066167,22.29554223487525,CD8B
Reactome_2022,Plasma Lipoprotein Remodeling R-HSA-8963899,0.12312150552318243,0.532362631572009,0,0,8.017875383043922,16.794109974920087,PCSK5
Reactome_2022,Regulation Of Lipid Metabolism By PPARalpha R-HSA-400206,0.12031005065622136,0.532362631572009,0,0,3.4461606354810237,7.297876182062093,AHRR;NPAS2
Reactome_2022,Laminin Interactions R-HSA-3000157,0.11809450125473962,0.532362631572009,0,0,8.400214018191546,17.94512618297304,ITGA2
Reactome_2022,ADP Signaling Thru P2Y Purinoceptor 12 R-HSA-392170,0.10284186754103007,0.532362631572009,0,0,9.802122347066167,22.29554223487525,GNAI1
Reactome_2022,Metabolism Of Cofactors R-HSA-8978934,0.10284186754103007,0.532362631572009,0,0,9.802122347066167,22.29554223487525,PRKG2
Reactome_2022,Role Of Nef In HIV-1 Replication And Disease Pathogenesis R-HSA-164952,0.13309065789300226,0.532362631572009,0,0,7.34878277153558,14.82047205861182,CD8B
Reactome_2022,CHL1 Interactions R-HSA-447041,0.03917875813379783,0.532362631572009,0,0,29.428838951310862,95.33827182365336,ITGA2
Reactome_2022,Aryl Hydrocarbon Receptor Signaling R-HSA-8937144,0.03917875813379783,0.532362631572009,0,0,29.428838951310862,95.33827182365336,AHRR
Reactome_2022,cGMP Effects R-HSA-418457,0.06088108705744163,0.532362631572009,0,0,17.652808988764043,49.40725921845647,PRKG2
Reactome_2022,Defects Of Contact Activation System (CAS) And Kallikrein/Kinin System (KKS) R-HSA-9651496,0.07683905338089274,0.532362631572009,0,0,13.576490924805531,34.83784946249454,TPST1
Reactome_2022,Nitric Oxide Stimulates Guanylate Cyclase R-HSA-392154,0.07683905338089274,0.532362631572009,0,0,13.576490924805531,34.83784946249454,PRKG2
Reactome_2022,L1CAM Interactions R-HSA-373760,0.013402334562939273,0.532362631572009,0,0,6.419129720853859,27.681382342558816,SPTBN5;ITGA2;KCNQ2
Reactome_2022,Defective Factor VIII Causes Hemophilia A R-HSA-9662001,0.033676139162459574,0.532362631572009,0,0,35.31685393258427,119.75824134581735,TPST1
Reactome_2022,Ephrin Signaling R-HSA-3928664,0.08732842095467779,0.532362631572009,0,0,11.764794007490636,28.683500904095524,EPHB3
Reactome_2022,Xenobiotics R-HSA-211981,0.08732842095467779,0.532362631572009,0,0,11.764794007490636,28.683500904095524,AHRR
Reactome_2022,Syndecan Interactions R-HSA-3000170,0.09252881963524617,0.532362631572009,0,0,11.02879213483146,26.2511183635061,ITGA2
Reactome_2022,MET Activates PTK2 Signaling R-HSA-8874081,0.09252881963524617,0.532362631572009,0,0,11.02879213483146,26.2511183635061,ITGA2
Reactome_2022,Dopamine Neurotransmitter Release Cycle R-HSA-212676,0.09252881963524617,0.532362631572009,0,0,11.02879213483146,26.2511183635061,SLC18A2
Reactome_2022,Interaction Between L1 And Ankyrins R-HSA-445095,0.008828622944134971,0.532362631572009,0,0,15.511857707509881,73.36730560761737,SPTBN5;KCNQ2
Reactome_2022,Na+/Cl- Dependent Neurotransmitter Transporters R-HSA-442660,0.05550138407678925,0.532362631572009,0,0,19.615480649188516,56.715167409861934,SLC18A2
Reactome_2022,Adenylate Cyclase Inhibitory Pathway R-HSA-170670,0.06088108705744163,0.532362631572009,0,0,17.652808988764043,49.40725921845647,GNAI1
Reactome_2022,"Adrenaline,noradrenaline Inhibits Insulin Secretion R-HSA-400042",0.13309065789300226,0.532362631572009,0,0,7.34878277153558,14.82047205861182,GNAI1
Reactome_2022,"BMAL1:CLOCK,NPAS2 Activates Circadian Gene Expression R-HSA-1368108",0.12312150552318243,0.532362631572009,0,0,8.017875383043922,16.794109974920087,NPAS2
Reactome_2022,Immunoregulatory Interactions Between A Lymphoid And A non-Lymphoid Cell R-HSA-198933,0.12596943428393623,0.532362631572009,0,0,3.3479845626072042,6.936073140932984,TREML1;CD8B
Reactome_2022,TNFs Bind Their Physiological Receptors R-HSA-5669034,0.13309065789300226,0.532362631572009,0,0,7.34878277153558,14.82047205861182,EDAR
Reactome_2022,"Tetrahydrobiopterin (BH4) Synthesis, Recycling, Salvage And Regulation R-HSA-1474151",0.05550138407678925,0.532362631572009,0,0,19.615480649188516,56.715167409861934,PRKG2
Reactome_2022,Norepinephrine Neurotransmitter Release Cycle R-HSA-181430,0.07154975347236302,0.532362631572009,0,0,14.708801498127341,38.7924373507998,SLC18A2
Reactome_2022,Assembly Of Active LPL And LIPC Lipase Complexes R-HSA-8963889,0.06623048728893537,0.532362631572009,0,0,16.046986721144023,43.56138105309271,PCSK5
Reactome_2022,Serotonin Neurotransmitter Release Cycle R-HSA-181429,0.06623048728893537,0.532362631572009,0,0,16.046986721144023,43.56138105309271,SLC18A2
Reactome_2022,Signal Regulatory Protein Family Interactions R-HSA-391160,0.07154975347236302,0.532362631572009,0,0,14.708801498127341,38.7924373507998,SIRPB1
Reactome_2022,Platelet Adhesion To Exposed Collagen R-HSA-75892,0.06623048728893537,0.532362631572009,0,0,16.046986721144023,43.56138105309271,ITGA2
GO_Biological_Process_2023,Positive Regulation Of Inflammatory Response (GO:0050729),0.399191436203095,0.5342652756434172,0,0,1.9960418794688457,1.8329935761056857,GPRC5B
GO_Biological_Process_2023,Positive Regulation Of Metabolic Process (GO:0009893),0.4060505650071907,0.5401813822768333,0,0,1.9514357053682896,1.758785255490228,SCD
GO_Biological_Process_2023,RNA Splicing (GO:0008380),0.4060505650071907,0.5401813822768333,0,0,1.9514357053682896,1.758785255490228,U2AF1
GO_Biological_Process_2023,Calcium Ion Transport (GO:0006816),0.40945103248849074,0.5414531563952281,0,0,1.9298678849240647,1.723252295363488,SLC24A2
GO_Biological_Process_2023,Positive Regulation Of DNA Metabolic Process (GO:0051054),0.40945103248849074,0.5414531563952281,0,0,1.9298678849240647,1.723252295363488,NPAS2
GO_Biological_Process_2023,Modulation Of Chemical Synaptic Transmission (GO:0050804),0.41283224666161267,0.5426845260269864,0,0,1.9087689301416708,1.6887145016418346,NPTX1
GO_Biological_Process_2023,Response To Lipid (GO:0033993),0.41283224666161267,0.5426845260269864,0,0,1.9087689301416708,1.6887145016418346,SCD
GO_Biological_Process_2023,Positive Regulation Of Stress-Activated MAPK Cascade (GO:0032874),0.4161943154113262,0.5438763472779278,0,0,1.888123716322339,1.6551349583305033,EDAR
GO_Biological_Process_2023,Positive Regulation Of T Cell Activation (GO:0050870),0.4161943154113262,0.5438763472779278,0,0,1.888123716322339,1.6551349583305033,SIRPB1
GO_Biological_Process_2023,Synapse Organization (GO:0050808),0.4195373459180813,0.5450294552542815,0,0,1.8679177623715038,1.622478471926087,SDK2
GO_Biological_Process_2023,Circulatory System Development (GO:0072359),0.4195373459180813,0.5450294552542815,0,0,1.8679177623715038,1.622478471926087,PCSK5
GO_Biological_Process_2023,Regulation Of G1/S Transition Of Mitotic Cell Cycle (GO:2000045),0.42616671797228484,0.5456412024905265,0,0,1.8287687265917603,1.5598019306867201,DACT1
GO_Biological_Process_2023,Protein Processing (GO:0016485),0.42286144472887344,0.5456412024905265,0,0,1.8481371969248965,1.5907114741851325,PCSK5
GO_Biological_Process_2023,Lysosomal Transport (GO:0007041),0.42616671797228484,0.5456412024905265,0,0,1.8287687265917603,1.5598019306867201,SPTBN5
GO_Biological_Process_2023,Protein Maturation (GO:0051604),0.42616671797228484,0.5456412024905265,0,0,1.8287687265917603,1.5598019306867201,PCSK5
GO_Biological_Process_2023,Skeletal System Development (GO:0001501),0.42616671797228484,0.5456412024905265,0,0,1.8287687265917603,1.5598019306867201,PCSK5
GO_Biological_Process_2023,Enzyme-Linked Receptor Protein Signaling Pathway (GO:0007167),0.42945327093309993,0.5466890776533427,0,0,1.8097996061624,1.5297192580898291,CD8B
GO_Biological_Process_2023,Intracellular Calcium Ion Homeostasis (GO:0006874),0.42945327093309993,0.5466890776533427,0,0,1.8097996061624,1.5297192580898291,SLC24A2
GO_Biological_Process_2023,Regulation Of Proteasomal Ubiquitin-Dependent Protein Catabolic Process (GO:0032434),0.43272120857663804,0.5492707604568786,0,0,1.7912176106397615,1.5004342427187687,FHIT
GO_Biological_Process_2023,Regulation Of Response To External Stimulus (GO:0032101),0.43597063508551603,0.5518142609796675,0,0,1.7730110089660651,1.4719189684555214,NLRP2
Reactome_2022,GABA Receptor Activation R-HSA-977443,0.21791556427496978,0.5549566788529009,0,0,4.1944890315676835,6.390923192566896,GNAI1
Reactome_2022,Cell-cell Junction Organization R-HSA-421270,0.21791556427496978,0.5549566788529009,0,0,4.1944890315676835,6.390923192566896,SDK2
Reactome_2022,Metabolism Of Vitamins And Cofactors R-HSA-196854,0.21860384485721104,0.5549566788529009,0,0,2.3279007177033493,3.5395593412080126,PRKG2;MOCS1
Reactome_2022,Cytochrome P450 - Arranged By Substrate Type R-HSA-211897,0.22681825826755891,0.5549566788529009,0,0,4.003319713993871,5.93934997445959,AHRR
Reactome_2022,G-protein Mediated Events R-HSA-112040,0.22681825826755891,0.5549566788529009,0,0,4.003319713993871,5.93934997445959,GNAI1
Reactome_2022,Ion Transport By P-type ATPases R-HSA-936837,0.23123194952204204,0.5549566788529009,0,0,3.914107365792759,5.73156034569372,ATP7B
Reactome_2022,NCAM Signaling For Neurite Out-Growth R-HSA-375165,0.23123194952204204,0.5549566788529009,0,0,3.914107365792759,5.73156034569372,SPTBN5
Reactome_2022,MET Promotes Cell Motility R-HSA-8875878,0.14294771732501055,0.5549566788529009,0,0,6.782627484874676,13.194084692627284,ITGA2
Reactome_2022,Fatty acyl-CoA Biosynthesis R-HSA-75105,0.1718587326285784,0.5549566788529009,0,0,5.508778089887641,9.701412478755772,SCD
Reactome_2022,NR1H2 And NR1H3-mediated Signaling R-HSA-9024446,0.19980496460701097,0.5549566788529009,0,0,4.637196924896511,7.467804832326691,SCD
Reactome_2022,"Gamma Carboxylation, Hypusine Formation And Arylsulfatase Activation R-HSA-163841",0.17658256371052064,0.5549566788529009,0,0,5.341504937010555,9.261991843152826,TPST1
Reactome_2022,DAP12 Interactions R-HSA-2172127,0.1812797470928708,0.5549566788529009,0,0,5.184071381361534,8.852910636387799,SIRPB1
Reactome_2022,Early SARS-CoV-2 Infection Events R-HSA-9772572,0.16233052887256122,0.5549566788529009,0,0,5.876779026217228,10.684693718281755,HAVCR1
Reactome_2022,Neurotransmitter Release Cycle R-HSA-112310,0.19521289363500566,0.5549566788529009,0,0,4.762830245976313,7.780866948268245,SLC18A2
Reactome_2022,Kinesins R-HSA-983189,0.19521289363500566,0.5549566788529009,0,0,4.762830245976313,7.780866948268245,KIF26A
Reactome_2022,GPER1 Signaling R-HSA-9634597,0.19521289363500566,0.5549566788529009,0,0,4.762830245976313,7.780866948268245,GNAI1
Reactome_2022,Activation Of GABAB Receptors R-HSA-991365,0.1812797470928708,0.5549566788529009,0,0,5.184071381361534,8.852910636387799,GNAI1
Reactome_2022,Activation Of Gene Expression By SREBF (SREBP) R-HSA-2426168,0.2134262794008068,0.5549566788529009,0,0,4.297067689778022,6.636665499406956,SCD
Reactome_2022,Neuronal System R-HSA-112316,0.21378251742135848,0.5549566788529009,0,0,1.9225694012199677,2.966132486605667,KCNQ2;GNAI1;SLC18A2
Reactome_2022,EPH-ephrin Mediated Repulsion Of Cells R-HSA-3928665,0.2043711229845536,0.5549566788529009,0,0,4.518006338231057,7.17377046696782,EPHB3
Reactome_2022,Heme Signaling R-HSA-9707616,0.2043711229845536,0.5549566788529009,0,0,4.518006338231057,7.17377046696782,NPAS2
Reactome_2022,G Alpha (Z) Signaling Events R-HSA-418597,0.2043711229845536,0.5549566788529009,0,0,4.518006338231057,7.17377046696782,GNAI1
Reactome_2022,Biological Oxidations R-HSA-211859,0.21025524215640326,0.5549566788529009,0,0,2.391431203931204,3.7292768501671842,TPST1;AHRR
Reactome_2022,Voltage Gated Potassium Channels R-HSA-1296072,0.15752585472474417,0.5549566788529009,0,0,6.079814025571484,11.236503605858255,KCNQ2
Reactome_2022,ECM Proteoglycans R-HSA-3000178,0.19521289363500566,0.5549566788529009,0,0,4.762830245976313,7.780866948268245,ITGA2
Reactome_2022,Signal Amplification R-HSA-392518,0.15269393011719293,0.5549566788529009,0,0,6.297351524879614,11.834737521153933,GNAI1
Reactome_2022,Glycosphingolipid Metabolism R-HSA-1660662,0.18595043147676513,0.5549566788529009,0,0,5.0356340288924555,8.47132193199265,ASAH2
Reactome_2022,Non-integrin membrane-ECM Interactions R-HSA-3000171,0.18595043147676513,0.5549566788529009,0,0,5.0356340288924555,8.47132193199265,ITGA2
GO_Biological_Process_2023,Positive Regulation Of Cysteine-Type Endopeptidase Activity Involved In Apoptotic Process (GO:0043280),0.4424143688978146,0.5583748302613444,0,0,1.7376793859161197,1.4170920486220258,NLRP2
GO_Biological_Process_2023,Antigen Receptor-Mediated Signaling Pathway (GO:0050851),0.44878529498343167,0.5632064750075361,0,0,1.7037198647321916,1.365038569238726,CD8B
GO_Biological_Process_2023,Positive Regulation Of Peptidyl-Tyrosine Phosphorylation (GO:0050731),0.44878529498343167,0.5632064750075361,0,0,1.7037198647321916,1.365038569238726,GPRC5B
GO_Biological_Process_2023,Regulation Of Protein Binding (GO:0043393),0.45194370978848974,0.5639748265811294,0,0,1.6872299049265342,1.3399940133059216,DACT1
GO_Biological_Process_2023,Regulation Of Cell Cycle (GO:0051726),0.45074073464618303,0.5639748265811294,0,0,1.325557461406518,1.056287658950546,ASAH2;TTC28
GO_Biological_Process_2023,Plasma Membrane Bounded Cell Projection Organization (GO:0120036),0.4550842269921476,0.5662986307795546,0,0,1.6710540395933655,1.315575330696287,RAB25
GO_Biological_Process_2023,Regulation Of Protein Catabolic Process (GO:0042176),0.4582069468690899,0.5669990990586784,0,0,1.655183379266483,1.2917619611896098,DACT1
GO_Biological_Process_2023,Protein Homooligomerization (GO:0051260),0.4582069468690899,0.5669990990586784,0,0,1.655183379266483,1.2917619611896098,CRYZ
GO_Biological_Process_2023,Organonitrogen Compound Biosynthetic Process (GO:1901566),0.46439939321761825,0.5730610896807936,0,0,1.6243237619642115,1.245873114036607,PCSK5
GO_Biological_Process_2023,Neuron Differentiation (GO:0030182),0.4674693175179792,0.5736534838240022,0,0,1.6093186269456756,1.2237605862862893,SMARCA1
GO_Biological_Process_2023,Protein Phosphorylation (GO:0006468),0.4669435493580873,0.5736534838240022,0,0,1.191995631143704,0.907760587173813,PRRT1;PRKG2;EPHB3
GO_Biological_Process_2023,Response To Cytokine (GO:0034097),0.4735570585994373,0.5779222505772748,0,0,1.5801194452879845,1.1811122174486413,ASAH2
GO_Biological_Process_2023,Protein Dephosphorylation (GO:0006470),0.4735570585994373,0.5779222505772748,0,0,1.5801194452879845,1.1811122174486413,PTPRO
GO_Biological_Process_2023,Cell-Cell Adhesion Via Plasma-Membrane Adhesion Molecules (GO:0098742),0.47957597066689034,0.5836597664984406,0,0,1.5519538629810083,1.1404578899127735,SDK2
GO_Biological_Process_2023,Heart Development (GO:0007507),0.485526823274217,0.5892832403026798,0,0,1.5247679531021006,1.101676475924592,PCSK5
GO_Biological_Process_2023,Generation Of Neurons (GO:0048699),0.48847696543100183,0.5896329582722992,0,0,1.511526540100736,1.0829527824907512,SMARCA1
GO_Biological_Process_2023,Neuron Projection Morphogenesis (GO:0048812),0.48847696543100183,0.5896329582722992,0,0,1.511526540100736,1.0829527824907512,EPHB3
Reactome_2022,Degradation Of DVL R-HSA-4641258,0.26985043175483836,0.5935754596429696,0,0,3.2598834789846025,4.270080392184139,DACT1
Reactome_2022,mRNA 3-End Processing R-HSA-72187,0.278168247828024,0.5935754596429696,0,0,3.1430577849117176,4.021634025571868,U2AF1
Reactome_2022,Transmission Across Chemical Synapses R-HSA-112315,0.28179628330347956,0.5935754596429696,0,0,1.9404345654345654,2.4576978932628175,GNAI1;SLC18A2
Reactome_2022,RAB Geranylgeranylation R-HSA-8873719,0.28229194712283234,0.5935754596429696,0,0,3.087719298245614,3.905388960261895,RAB25
Reactome_2022,"Plasma Lipoprotein Assembly, Remodeling, And Clearance R-HSA-174824",0.28229194712283234,0.5935754596429696,0,0,3.087719298245614,3.905388960261895,PCSK5
Reactome_2022,Regulation Of Insulin Secretion R-HSA-422356,0.30256357001149686,0.5935754596429696,0,0,2.8378035520115983,3.3924916301836463,GNAI1
Reactome_2022,Circadian Clock R-HSA-400253,0.29452377856894885,0.5935754596429696,0,0,2.932771535580524,3.5850068360766802,NPAS2
Reactome_2022,Nervous System Development R-HSA-9675108,0.2944648794170966,0.5935754596429696,0,0,1.4832149459959132,1.813371974798867,SPTBN5;ITGA2;KCNQ2;EPHB3
Reactome_2022,Hemostasis R-HSA-109582,0.29190383107015666,0.5935754596429696,0,0,1.489642368575337,1.8342426435335542,KIF26A;ITGA2;PRKG2;GNAI1
Reactome_2022,Signaling By MET R-HSA-6806834,0.29046958268807266,0.5935754596429696,0,0,2.982669967625214,3.6873448810835825,ITGA2
Reactome_2022,Ca2+ Pathway R-HSA-4086398,0.28229194712283234,0.5935754596429696,0,0,3.087719298245614,3.905388960261895,PRKG2
Reactome_2022,Class B/2 (Secretin Family Receptors) R-HSA-373080,0.3105127443133626,0.5935754596429696,0,0,2.7487710674157304,3.2147711444637204,ADGRE1
Reactome_2022,SLC-mediated Transmembrane Transport R-HSA-425407,0.30707480158355804,0.5935754596429696,0,0,1.8190018744142455,2.147629861172212,SLC14A1;SLC18A2
Reactome_2022,Integrin Cell Surface Interactions R-HSA-216083,0.26565605109935886,0.5935754596429696,0,0,3.3216027135891455,4.402959936521087,ITGA2
Reactome_2022,Regulation Of Cholesterol Biosynthesis By SREBP (SREBF) R-HSA-1655829,0.26985043175483836,0.5935754596429696,0,0,3.2598834789846025,4.270080392184139,SCD
Reactome_2022,Axon Guidance R-HSA-422475,0.2652377756204406,0.5935754596429696,0,0,1.5605417837975977,2.0710396153050943,SPTBN5;ITGA2;KCNQ2;EPHB3
Reactome_2022,RNA Polymerase II Transcription Termination R-HSA-73856,0.3144536661203827,0.5935754596429696,0,0,2.7063094209161624,3.1309795419412105,U2AF1
Reactome_2022,Signaling By Nuclear Receptors R-HSA-9006931,0.3133729364742234,0.5935754596429696,0,0,1.7909552376557454,2.07815516100787,SCD;GNAI1
Reactome_2022,Extra-nuclear Estrogen Signaling R-HSA-9009391,0.3105127443133626,0.5935754596429696,0,0,2.7487710674157304,3.2147711444637204,GNAI1
GO_Biological_Process_2023,Regulation Of DNA Repair (GO:0006282),0.494327153042847,0.5950731760814707,0,0,1.4857170062845173,1.0467733981965355,NPAS2
GO_Biological_Process_2023,Protein Modification Process (GO:0036211),0.4982943371377685,0.5982232827968331,0,0,1.1013836661677194,0.7671845844432166,PRRT1;PTPRO;PRKG2;EPHB3
GO_Biological_Process_2023,Brain Development (GO:0007420),0.5001111680672052,0.5987817498750593,0,0,1.4607677902621723,1.0122023299092249,SMARCA1
Reactome_2022,EPH-Ephrin Signaling R-HSA-2682334,0.36370313716303915,0.5990404612097115,0,0,2.253385191587439,2.2791127693493265,EPHB3
Reactome_2022,COPI-mediated Anterograde Transport R-HSA-6807878,0.3526580006157099,0.5990404612097115,0,0,2.3439700374531833,2.4430180740437395,SPTBN5
Reactome_2022,Phase II - Conjugation Of Compounds R-HSA-156580,0.3338266088128412,0.5990404612097115,0,0,2.512199036918138,2.756217862989191,TPST1
Reactome_2022,Cell Junction Organization R-HSA-446728,0.3222688049523126,0.5990404612097115,0,0,2.6251886634244506,2.972683006377264,SDK2
Reactome_2022,Phase I - Functionalization Of Compounds R-HSA-211945,0.3451894624233257,0.5990404612097115,0,0,2.4084962290287826,2.56182554563821,AHRR
Reactome_2022,Transport Of Mature mRNA Derived From An Intron-Containing Transcript R-HSA-159236,0.32999583083766254,0.5990404612097115,0,0,2.548770558540954,2.8257588576607153,U2AF1
Reactome_2022,Platelet Homeostasis R-HSA-418346,0.32999583083766254,0.5990404612097115,0,0,2.548770558540954,2.8257588576607153,PRKG2
Reactome_2022,Opioid Signaling R-HSA-111885,0.36004229091277473,0.5990404612097115,0,0,2.282795855829564,2.331953078829473,GNAI1
Reactome_2022,ADORA2B Mediated Anti-Inflammatory Cytokine Production R-HSA-9660821,0.36370313716303915,0.5990404612097115,0,0,2.253385191587439,2.2791127693493265,GNAI1
Reactome_2022,Transport Of Mature Transcript To Cytoplasm R-HSA-72202,0.36370313716303915,0.5990404612097115,0,0,2.253385191587439,2.2791127693493265,U2AF1
Reactome_2022,Potassium Channels R-HSA-1296071,0.3451894624233257,0.5990404612097115,0,0,2.4084962290287826,2.56182554563821,KCNQ2
Reactome_2022,Sphingolipid Metabolism R-HSA-428157,0.3526580006157099,0.5990404612097115,0,0,2.3439700374531833,2.4430180740437395,ASAH2
Reactome_2022,COPI-dependent Golgi-to-ER Retrograde Traffic R-HSA-6811434,0.3451894624233257,0.5990404612097115,0,0,2.4084962290287826,2.56182554563821,KIF26A
GO_Biological_Process_2023,Actin Filament Organization (GO:0007015),0.5058297506704487,0.602372525664002,0,0,1.4366365813225273,0.9791470282625105,CNN3
GO_Biological_Process_2023,Dephosphorylation (GO:0016311),0.5058297506704487,0.602372525664002,0,0,1.4366365813225273,0.9791470282625105,PTPRO
GO_Biological_Process_2023,Regulation Of Cell Adhesion (GO:0030155),0.5114836327882063,0.6058482602277417,0,0,1.4132837984777094,0.9475215553534697,EPHB3
GO_Biological_Process_2023,Regulation Of Cold-Induced Thermogenesis (GO:0120161),0.5114836327882063,0.6058482602277417,0,0,1.4132837984777094,0.9475215553534697,SCD
GO_Biological_Process_2023,Positive Regulation Of Nucleic Acid-Templated Transcription (GO:1903508),0.5217015033433836,0.6163033759496506,0,0,1.0948994252873563,0.7124069177192842,FANK1;SMARCA1;NPAS2
GO_Biological_Process_2023,Positive Regulation Of Protein Kinase Activity (GO:0045860),0.5253400043124744,0.6189511221021972,0,0,1.3580698545422873,0.8742026011401125,GPRC5B
GO_Biological_Process_2023,Positive Regulation Of Response To External Stimulus (GO:0032103),0.5280642752074902,0.6205105408936822,0,0,1.3475367329299914,0.860452425776768,GPRC5B
GO_Biological_Process_2023,Negative Regulation Of DNA-binding Transcription Factor Activity (GO:0043433),0.5361446563537768,0.6266809571628579,0,0,1.3168877249303033,0.820883639819877,NLRP2
GO_Biological_Process_2023,Negative Regulation Of Cell Migration (GO:0030336),0.5361446563537768,0.6266809571628579,0,0,1.3168877249303033,0.820883639819877,ADTRP
GO_Biological_Process_2023,Nitrogen Compound Transport (GO:0071705),0.5414554127528204,0.6312230206565774,0,0,1.2972118185601331,0.7958323889049267,SLC18A2
Reactome_2022,Integration Of Energy Metabolism R-HSA-163685,0.40263073594131793,0.6381317324352964,0,0,1.9734881959348567,1.7953521228008162,GNAI1
Reactome_2022,Signaling By WNT R-HSA-195721,0.3957380671766393,0.6381317324352964,0,0,1.4848484848484849,1.3764586036992223,PRKG2;DACT1
Reactome_2022,MAPK1/MAPK3 Signaling R-HSA-5684996,0.40175342618133264,0.6381317324352964,0,0,1.466003787878788,1.33687340424458,SPTBN5;PRKG2
Reactome_2022,RAF/MAP Kinase Cascade R-HSA-5673001,0.39171296213648543,0.6381317324352964,0,0,1.497678916827853,1.4036635409127414,SPTBN5;PRKG2
KEGG_2021_Human,Circadian entrainment,0.07287175714262961,0.6556714488449114,0,0,4.678528708133971,12.253319955021194,PRKG2;GNAI1
KEGG_2021_Human,Hematopoietic cell lineage,0.08618310364224722,0.6556714488449114,0,0,4.230790043290043,10.370855814848479,CD8B;ITGA2
KEGG_2021_Human,Selenocompound metabolism,0.07683905338089274,0.6556714488449114,0,0,13.576490924805531,34.83784946249454,TXNRD3
KEGG_2021_Human,Cocaine addiction,0.017805891017909307,0.6556714488449114,0,0,10.48596256684492,42.23982621185353,SLC18A2;GNAI1
KEGG_2021_Human,Gap junction,0.05880515640558186,0.6556714488449114,0,0,5.310040705563094,15.046136987534865,PRKG2;GNAI1
KEGG_2021_Human,Long-term depression,0.03411453735082588,0.6556714488449114,0,0,7.2690166975881265,24.554968616143007,PRKG2;GNAI1
KEGG_2021_Human,Serotonergic synapse,0.08961830171662764,0.6556714488449114,0,0,4.1318710359408035,9.966881626956743,GNAI1;SLC18A2
KEGG_2021_Human,Platelet activation,0.026653203757219655,0.6556714488449114,0,0,4.893730407523511,17.739018699162248,ITGA2;PRKG2;GNAI1
KEGG_2021_Human,Regulation of lipolysis in adipocytes,0.023806184803804673,0.6556714488449114,0,0,8.909659090909091,33.30261165588512,PRKG2;GNAI1
KEGG_2021_Human,Parkinson disease,0.10815199156204723,0.6556714488449114,0,0,2.689655172413793,5.982378673492242,NDUFC2-KCTD14;GNAI1;SLC18A2
KEGG_2021_Human,Folate biosynthesis,0.10795484240025313,0.6556714488449114,0,0,9.285629804849203,20.670204404785675,MOCS1
KEGG_2021_Human,Cholinergic synapse,0.10737098890223828,0.6556714488449114,0,0,3.699100378787879,8.254413971317055,KCNQ2;GNAI1
KEGG_2021_Human,Chagas disease,0.09660795571462595,0.6556714488449114,0,0,3.9472222222222224,9.225030097960774,CCL3L3;GNAI1
KEGG_2021_Human,Alcoholism,0.09135105801465708,0.6556714488449114,0,0,4.084117032392895,9.773477535573445,GNAI1;SLC18A2
KEGG_2021_Human,Renin secretion,0.02820222331841175,0.6556714488449114,0,0,8.097623966942148,28.895192622679822,PRKG2;GNAI1
KEGG_2021_Human,Small cell lung cancer,0.08961830171662764,0.6556714488449114,0,0,4.1318710359408035,9.966881626956743,ITGA2;FHIT
Reactome_2022,MHC Class II Antigen Presentation R-HSA-2132295,0.42286144472887344,0.655892268334189,0,0,1.8481371969248965,1.5907114741851325,KIF26A
Reactome_2022,TNFR2 Non-Canonical NF-kB Pathway R-HSA-5668541,0.42286144472887344,0.655892268334189,0,0,1.8481371969248965,1.5907114741851325,EDAR
Reactome_2022,Transport Of Small Molecules R-HSA-382551,0.4265332430356442,0.655892268334189,0,0,1.2141940657578187,1.0345722317637556,SLC14A1;ATP7B;PCSK5;SLC18A2
Reactome_2022,G Alpha (S) Signaling Events R-HSA-418555,0.42945327093309993,0.655892268334189,0,0,1.8097996061624,1.5297192580898291,GNAI1
GO_Biological_Process_2023,Peptide Biosynthetic Process (GO:0043043),0.5646192884751899,0.656499592636507,0,0,1.2154338327091136,0.6947463551476842,PCSK5
KEGG_2021_Human,Sphingolipid signaling pathway,0.1413585542024246,0.660282313358382,0,0,3.1114433811802233,6.087401072353122,ASAH2;GNAI1
KEGG_2021_Human,Dopaminergic synapse,0.1394128323733815,0.660282313358382,0,0,3.1391794046661303,6.185174562076319,GNAI1;SLC18A2
KEGG_2021_Human,Biosynthesis of unsaturated fatty acids,0.13803312100439996,0.660282313358382,0,0,7.05438202247191,13.969521939072566,SCD
KEGG_2021_Human,Retrograde endocannabinoid signaling,0.1394128323733815,0.660282313358382,0,0,3.1391794046661303,6.185174562076319,NDUFC2-KCTD14;GNAI1
KEGG_2021_Human,Circadian rhythm,0.14294771732501055,0.660282313358382,0,0,6.782627484874676,13.194084692627284,NPAS2
GO_Biological_Process_2023,Protein Autophosphorylation (GO:0046777),0.5696075230857284,0.660565792478999,0,0,1.1986301369863013,0.6745982841009043,EPHB3
GO_Biological_Process_2023,Neuron Projection Development (GO:0031175),0.5769840915621575,0.6673732442872996,0,0,1.1742704170122917,0.6457789586750251,EPHB3
GO_Biological_Process_2023,Regulation Of Cell Differentiation (GO:0045595),0.5818322028185424,0.6712282964807663,0,0,1.158568345859067,0.6274495480976634,HEMGN
GO_Biological_Process_2023,Organic Substance Transport (GO:0071702),0.5842356122783723,0.6722503278943349,0,0,1.150872264931993,0.6185373712097118,SLC18A2
Reactome_2022,MAPK Family Signaling Cascades R-HSA-5683057,0.4659472022430073,0.6742168291924192,0,0,1.286047286047286,0.9821323867696338,SPTBN5;PRKG2
Reactome_2022,Golgi-to-ER Retrograde Transport R-HSA-8856688,0.4550842269921476,0.6742168291924192,0,0,1.6710540395933655,1.315575330696287,KIF26A
Reactome_2022,Peptide Ligand-Binding Receptors R-HSA-375276,0.4735570585994373,0.6742168291924192,0,0,1.5801194452879845,1.1811122174486413,KISS1R
Reactome_2022,Factors Involved In Megakaryocyte Development And Platelet Production R-HSA-983231,0.46131196927368046,0.6742168291924192,0,0,1.6396093667961777,1.2685341913664465,KIF26A
Reactome_2022,Anti-inflammatory Response Favoring Leishmania Infection R-HSA-9662851,0.4674693175179792,0.6742168291924192,0,0,1.6093186269456756,1.2237605862862893,GNAI1
Reactome_2022,Metabolism Of Lipids R-HSA-556833,0.469720363483713,0.6742168291924192,0,0,1.1443830012877811,0.8647160887219382,ASAH2;SCD;AHRR;NPAS2
Reactome_2022,Metabolism Of Water-Soluble Vitamins And Cofactors R-HSA-196849,0.4550842269921476,0.6742168291924192,0,0,1.6710540395933655,1.315575330696287,MOCS1
Reactome_2022,GPCR Ligand Binding R-HSA-500792,0.4621682644541291,0.6742168291924192,0,0,1.2957061388795705,1.000060004356094,ADGRE1;KISS1R
KEGG_2021_Human,Arginine and proline metabolism,0.21791556427496978,0.6810552253458142,0,0,4.1944890315676835,6.390923192566896,PRODH
KEGG_2021_Human,Glycosphingolipid biosynthesis,0.2134262794008068,0.6810552253458142,0,0,4.297067689778022,6.636665499406956,ABO
KEGG_2021_Human,Mineral absorption,0.23123194952204204,0.6810552253458142,0,0,3.914107365792759,5.73156034569372,ATP7B
KEGG_2021_Human,Sphingolipid metabolism,0.22681825826755891,0.6810552253458142,0,0,4.003319713993871,5.93934997445959,ASAH2
KEGG_2021_Human,Axon guidance,0.22278952276536196,0.6810552253458142,0,0,2.2973730814639906,3.4495695426440256,GNAI1;EPHB3
KEGG_2021_Human,GnRH secretion,0.27402111989931677,0.6810552253458142,0,0,3.200408580183861,4.143089233564279,KISS1R
KEGG_2021_Human,Pertussis,0.3105127443133626,0.6810552253458142,0,0,2.7487710674157304,3.2147711444637204,GNAI1
KEGG_2021_Human,Salivary secretion,0.3183723115079126,0.6810552253458142,0,0,2.6651344909771875,3.0503364801849946,PRKG2
KEGG_2021_Human,Hypertrophic cardiomyopathy,0.3183723115079126,0.6810552253458142,0,0,2.6651344909771875,3.0503364801849946,ITGA2
KEGG_2021_Human,Thermogenesis,0.2775745033155564,0.6810552253458142,0,0,1.9622474747474747,2.5149456785188726,PRKG2;NDUFC2-KCTD14
KEGG_2021_Human,Chemokine signaling pathway,0.23118015260702815,0.6810552253458142,0,0,2.2386363636363638,3.2786127752936753,CCL3L3;GNAI1
KEGG_2021_Human,cGMP-PKG signaling pathway,0.17931082773738585,0.6810552253458142,0,0,2.6637047163362952,4.577934853280045,PRKG2;GNAI1
KEGG_2021_Human,PPAR signaling pathway,0.27402111989931677,0.6810552253458142,0,0,3.200408580183861,4.143089233564279,SCD
KEGG_2021_Human,Primary immunodeficiency,0.17658256371052064,0.6810552253458142,0,0,5.341504937010555,9.261991843152826,CD8B
KEGG_2021_Human,Arrhythmogenic right ventricular cardiomyopathy,0.28639234871438374,0.6810552253458142,0,0,3.034289035257652,3.79405243346898,ITGA2
KEGG_2021_Human,Human cytomegalovirus infection,0.3049730961453253,0.6810552253458142,0,0,1.8285445124823363,2.171454602004808,CCL3L3;GNAI1
KEGG_2021_Human,Gastric acid secretion,0.29855506498848655,0.6810552253458142,0,0,2.884509117701234,3.486797191110957,GNAI1
KEGG_2021_Human,Synaptic vesicle cycle,0.29855506498848655,0.6810552253458142,0,0,2.884509117701234,3.486797191110957,SLC18A2
KEGG_2021_Human,Antigen processing and presentation,0.30654942091777265,0.6810552253458142,0,0,2.792580702693062,3.3018812214029483,CD8B
KEGG_2021_Human,Amphetamine addiction,0.26143784478503823,0.6810552253458142,0,0,3.385695764909248,4.542109646127733,SLC18A2
KEGG_2021_Human,Non-small cell lung cancer,0.32999583083766254,0.6810552253458142,0,0,2.548770558540954,2.8257588576607153,FHIT
KEGG_2021_Human,ECM-receptor interaction,0.32999583083766254,0.6810552253458142,0,0,2.548770558540954,2.8257588576607153,ITGA2
KEGG_2021_Human,Morphine addiction,0.3222688049523126,0.6810552253458142,0,0,2.6251886634244506,2.972683006377264,GNAI1
KEGG_2021_Human,Viral protein interaction with cytokine and cytokine receptor,0.32614327037213103,0.6810552253458142,0,0,2.586417713152677,2.89787029201913,CCL3L3
KEGG_2021_Human,GABAergic synapse,0.3222688049523126,0.6810552253458142,0,0,2.6251886634244506,2.972683006377264,GNAI1
KEGG_2021_Human,Cytokine-cytokine receptor interaction,0.31965946843457865,0.6810552253458142,0,0,1.76375,2.0115551305662276,EDAR;CCL3L3
KEGG_2021_Human,Dilated cardiomyopathy,0.34142330386819325,0.6833342419400529,0,0,2.442103620474407,2.6243632137281203,ITGA2
KEGG_2021_Human,Rheumatoid arthritis,0.3451894624233257,0.6833342419400529,0,0,2.4084962290287826,2.56182554563821,CCL3L3
KEGG_2021_Human,"Parathyroid hormone synthesis, secretion and action",0.40945103248849074,0.6842898903462679,0,0,1.9298678849240647,1.723252295363488,GNAI1
KEGG_2021_Human,Progesterone-mediated oocyte maturation,0.39225398589469695,0.6842898903462679,0,0,2.0427227593415207,1.9116733633293144,GNAI1
KEGG_2021_Human,Glutamatergic synapse,0.40263073594131793,0.6842898903462679,0,0,1.9734881959348567,1.7953521228008162,GNAI1
KEGG_2021_Human,Cushing syndrome,0.5361446563537768,0.6842898903462679,0,0,1.3168877249303033,0.820883639819877,GNAI1
KEGG_2021_Human,Toll-like receptor signaling pathway,0.3781405740458167,0.6842898903462679,0,0,2.1429158673609208,2.0839626735623504,CCL3L3
KEGG_2021_Human,Adrenergic signaling in cardiomyocytes,0.5029785925251992,0.6842898903462679,0,0,1.4486024700529296,0.9954907273033767,GNAI1
KEGG_2021_Human,Phagosome,0.5334665147124431,0.6842898903462679,0,0,1.326949267960504,0.8338004825696267,ITGA2
KEGG_2021_Human,Yersinia infection,0.5307730830992766,0.6842898903462679,0,0,1.337164422334677,0.8469876081925714,CD8B
KEGG_2021_Human,Melanogenesis,0.399191436203095,0.6842898903462679,0,0,1.9960418794688457,1.8329935761056857,GNAI1
KEGG_2021_Human,Oxytocin signaling pathway,0.51707353833203,0.6842898903462679,0,0,1.3906723738184412,0.9172460197174942,GNAI1
KEGG_2021_Human,Olfactory transduction,0.5307730830992766,0.6842898903462679,0,0,1.337164422334677,0.8469876081925714,PRKG2
KEGG_2021_Human,Toxoplasmosis,0.46439939321761825,0.6842898903462679,0,0,1.6243237619642115,1.245873114036607,GNAI1
KEGG_2021_Human,Relaxin signaling pathway,0.47052184012501563,0.6842898903462679,0,0,1.5945863125638406,1.2021791944978368,GNAI1
KEGG_2021_Human,Spliceosome,0.5334665147124431,0.6842898903462679,0,0,1.326949267960504,0.8338004825696267,U2AF1
KEGG_2021_Human,Apelin signaling pathway,0.48847696543100183,0.6842898903462679,0,0,1.511526540100736,1.0829527824907512,GNAI1
KEGG_2021_Human,Osteoclast differentiation,0.4914103773787811,0.6842898903462679,0,0,1.498511476039566,1.0646559915922136,SIRPB1
KEGG_2021_Human,Cell adhesion molecules,0.4972273856950874,0.6842898903462679,0,0,1.4731375696345954,1.0292927708124335,CD8B
KEGG_2021_Human,Lysosome,0.4972273856950874,0.6842898903462679,0,0,1.4731375696345954,1.0292927708124335,LAPTM4B
KEGG_2021_Human,"Growth hormone synthesis, secretion and action",0.45194370978848974,0.6842898903462679,0,0,1.6872299049265342,1.3399940133059216,GNAI1
KEGG_2021_Human,AMPK signaling pathway,0.4582069468690899,0.6842898903462679,0,0,1.655183379266483,1.2917619611896098,SCD
KEGG_2021_Human,Estrogen signaling pathway,0.44878529498343167,0.6842898903462679,0,0,1.7037198647321916,1.365038569238726,GNAI1
KEGG_2021_Human,Pathways in cancer,0.48162378448389204,0.6842898903462679,0,0,1.1648611534940494,0.8510382396440525,TXNRD3;ITGA2;GNAI1
KEGG_2021_Human,NF-kappa B signaling pathway,0.4161943154113262,0.6842898903462679,0,0,1.888123716322339,1.6551349583305033,EDAR
KEGG_2021_Human,Oxidative phosphorylation,0.4195373459180813,0.6842898903462679,0,0,1.8679177623715038,1.622478471926087,NDUFC2-KCTD14
KEGG_2021_Human,Leukocyte transendothelial migration,0.4161943154113262,0.6842898903462679,0,0,1.888123716322339,1.6551349583305033,GNAI1
KEGG_2021_Human,T cell receptor signaling pathway,0.43272120857663804,0.6842898903462679,0,0,1.7912176106397615,1.5004342427187687,CD8B
KEGG_2021_Human,Purine metabolism,0.46131196927368046,0.6842898903462679,0,0,1.6396093667961777,1.2685341913664465,FHIT
GO_Biological_Process_2023,Endosomal Transport (GO:0016197),0.5983718611435457,0.6867324727631885,0,0,1.1067415730337078,0.5683592514200101,LAPTM4B
GO_Biological_Process_2023,Regulation Of Angiogenesis (GO:0045765),0.6006812413236015,0.687601524305828,0,0,1.0997102678255954,0.5605122783629739,ECSCR
GO_Biological_Process_2023,Regulation Of Programmed Cell Death (GO:0043067),0.6029774890623292,0.6884511022026077,0,0,1.0927668539325843,0.5528038852105619,FANK1
Reactome_2022,Signaling By NTRKs R-HSA-166520,0.4914103773787811,0.693755826887691,0,0,1.498511476039566,1.0646559915922136,PCSK5
KEGG_2021_Human,Non-alcoholic fatty liver disease,0.5544706797589738,0.6984890381379281,0,0,1.250481540930979,0.737460672711083,NDUFC2-KCTD14
GO_Biological_Process_2023,RNA Processing (GO:0006396),0.6142643123630452,0.69953493670136,0,0,1.0593122233571672,0.5162345911712191,U2AF1
GO_Biological_Process_2023,Endocytosis (GO:0006897),0.6186896680829695,0.7025425374222962,0,0,1.046491287088744,0.5024743360977567,MYCBPAP
GO_Biological_Process_2023,Regulation Of Signal Transduction (GO:0009966),0.6208834809023562,0.7025425374222962,0,0,1.040195291599786,0.4957693981827274,KIF26A
GO_Biological_Process_2023,Vesicle-Mediated Transport (GO:0016192),0.6216629225046053,0.7025425374222962,0,0,0.9561643835616438,0.4545196799221123,RAB25;MYCBPAP
Reactome_2022,Host Interactions Of HIV Factors R-HSA-162909,0.5114836327882063,0.7062467840632605,0,0,1.4132837984777094,0.9475215553534697,CD8B
Reactome_2022,Signaling By GPCR R-HSA-372790,0.5146628273764988,0.7062467840632605,0,0,1.1067876588021779,0.7351762834001211,ADGRE1;KISS1R;GNAI1
Reactome_2022,Metabolism Of Steroids R-HSA-8957322,0.51707353833203,0.7062467840632605,0,0,1.3906723738184412,0.9172460197174942,SCD
Reactome_2022,ER To Golgi Anterograde Transport R-HSA-199977,0.51707353833203,0.7062467840632605,0,0,1.3906723738184412,0.9172460197174942,SPTBN5
GO_Biological_Process_2023,"RNA Splicing, Via Transesterification Reactions With Bulged Adenosine As Nucleophile (GO:0000377)",0.6273903055724289,0.7072109551363511,0,0,1.0217491293777514,0.47632558418535426,U2AF1
Reactome_2022,Metabolism R-HSA-1430728,0.5240253840420979,0.7099698751538099,0,0,1.0221833041447752,0.6605503402880738,TPST1;ASAH2;SCD;AHRR;PRKG2;PRODH;MOCS1;GNAI1;ABO;NPAS2
GO_Biological_Process_2023,Positive Regulation Of Protein Metabolic Process (GO:0051247),0.6379904676734569,0.7173344598460442,0,0,0.992402962206333,0.44601758529087054,DACT1
GO_Biological_Process_2023,Inflammatory Response (GO:0006954),0.6421465373624874,0.7201795343078023,0,0,0.9811261204393384,0.4345787773739734,TPST1
KEGG_2021_Human,Hepatocellular carcinoma,0.5794150551022771,0.7205546198066779,0,0,1.1663670411985019,0.6365287285694663,TXNRD3
KEGG_2021_Human,cAMP signaling pathway,0.5960492743288224,0.7212542138681759,0,0,1.1138624490088027,0.5763480082021413,GNAI1
KEGG_2021_Human,Human immunodeficiency virus 1 infection,0.6543337197979328,0.7212542138681759,0,0,0.9487664875427455,0.402407714374386,GNAI1
KEGG_2021_Human,Proteoglycans in cancer,0.6442068427885571,0.7212542138681759,0,0,0.9755821982298662,0.42899804767551153,ITGA2
KEGG_2021_Human,Regulation of actin cytoskeleton,0.6523314127497534,0.7212542138681759,0,0,0.9540124025296248,0.40755652578190565,ITGA2
KEGG_2021_Human,Lipid and atherosclerosis,0.6482923265079843,0.7212542138681759,0,0,0.9646781302377553,0.4181045857675762,CCL3L3
KEGG_2021_Human,Chemical carcinogenesis,0.629534608617049,0.7212542138681759,0,0,1.0157434021426706,0.47006009331585036,GNAI1
KEGG_2021_Human,Focal adhesion,0.6358945692768252,0.7212542138681759,0,0,0.9981380417335474,0.45187955055788703,ITGA2
KEGG_2021_Human,Neuroactive ligand-receptor interaction,0.6379904676734569,0.7212542138681759,0,0,0.992402962206333,0.44601758529087054,KISS1R
KEGG_2021_Human,Diabetic cardiomyopathy,0.6052606783478094,0.7212542138681759,0,0,1.0859096936283061,0.5452309574552827,NDUFC2-KCTD14
KEGG_2021_Human,Rap1 signaling pathway,0.6379904676734569,0.7212542138681759,0,0,0.992402962206333,0.44601758529087054,GNAI1
GO_Biological_Process_2023,Regulation Of GTPase Activity (GO:0043087),0.6462554171372342,0.7229574489691787,0,0,0.9700998751560549,0.42350725819907564,EPHB3
GO_Biological_Process_2023,Negative Regulation Of Multicellular Organismal Process (GO:0051241),0.6503176365875157,0.7238460125835916,0,0,0.9593159649339424,0.41278825279569953,PTPRO
GO_Biological_Process_2023,Positive Regulation Of Protein Modification Process (GO:0031401),0.6503176365875157,0.7238460125835916,0,0,0.9593159649339424,0.41278825279569953,ADTRP
Reactome_2022,Neurotransmitter Receptors And Postsynaptic Signal Transmission R-HSA-112314,0.5440881977096913,0.7289413774995146,0,0,1.2875908790482484,0.7836843562779959,GNAI1
Reactome_2022,Beta-catenin Independent WNT Signaling R-HSA-3858494,0.546706033124636,0.7289413774995146,0,0,1.2781103912080702,0.7717793391401293,PRKG2
GO_Biological_Process_2023,Negative Regulation Of Apoptotic Process (GO:0043066),0.6575426821200238,0.7300536545843873,0,0,0.8934149184149184,0.37456027465021186,FANK1;ASAH2
Reactome_2022,Ion Channel Transport R-HSA-983712,0.5518971909117195,0.7300687249855817,0,0,1.2595586452186565,0.7486734695711711,ATP7B
GO_Biological_Process_2023,Regulation Of Cell Growth (GO:0001558),0.6622295444961057,0.7334192205294371,0,0,0.928340903657662,0.3826092414425931,KIF26A
GO_Biological_Process_2023,Positive Regulation Of Phosphorylation (GO:0042327),0.6661103051135742,0.7358774692401828,0,0,0.9184506209343584,0.37316648624054,ADTRP
Reactome_2022,G Alpha (Q) Signaling Events R-HSA-416476,0.5745392341552689,0.7374373428574436,0,0,1.1822805952019435,0.6552044077308464,KISS1R
Reactome_2022,Fatty Acid Metabolism R-HSA-8978868,0.5745392341552689,0.7374373428574436,0,0,1.1822805952019435,0.6552044077308464,SCD
Reactome_2022,ESR-mediated Signaling R-HSA-8939211,0.5621037749936167,0.7374373428574436,0,0,1.2240119431130667,0.7051150828350331,GNAI1
Reactome_2022,TCF Dependent Signaling In Response To WNT R-HSA-201681,0.5769840915621575,0.7374373428574436,0,0,1.1742704170122917,0.6457789586750251,DACT1
Reactome_2022,Transport To Golgi And Subsequent Modification R-HSA-948021,0.5794150551022771,0.7374373428574436,0,0,1.1663670411985019,0.6365287285694663,SPTBN5
GO_Biological_Process_2023,Cilium Assembly (GO:0060271),0.6830351216720324,0.7526979077132099,0,0,0.8764044943820225,0.33409327921652804,RSPH9
GO_Biological_Process_2023,mRNA Processing (GO:0006397),0.684862468709877,0.752838892403165,0,0,0.8719662921348315,0.33007171053196377,U2AF1
GO_Biological_Process_2023,"mRNA Splicing, Via Spliceosome (GO:0000398)",0.6866793972538283,0.7529677549095197,0,0,0.8675722511040304,0.326109795613379,U2AF1
GO_Biological_Process_2023,Chromatin Remodeling (GO:0006338),0.6938440953425916,0.7570761927013991,0,0,0.8504247739106604,0.31083704992203776,SMARCA1
GO_Biological_Process_2023,Negative Regulation Of Intracellular Signal Transduction (GO:1902532),0.6938440953425916,0.7570761927013991,0,0,0.8504247739106604,0.31083704992203776,NLRP2
GO_Biological_Process_2023,Positive Regulation Of Cell Differentiation (GO:0045597),0.6956098054653573,0.7571379455065192,0,0,0.8462419548380059,0.3071573960353366,GPRC5B
KEGG_2021_Human,Shigellosis,0.6991110694095451,0.7619525138508526,0,0,0.8379969749351772,0.2999573733908857,U2AF1
GO_Biological_Process_2023,Positive Regulation Of DNA-binding Transcription Factor Activity (GO:0051091),0.7025725020655244,0.7628422019976159,0,0,0.8299090422685929,0.292963433482722,FANK1
GO_Biological_Process_2023,Positive Regulation Of Signal Transduction (GO:0009967),0.7143802692052947,0.7716672209710812,0,0,0.8027753326774711,0.27000534982364793,DACT1
GO_Biological_Process_2023,Cellular Component Assembly (GO:0022607),0.7160288069387416,0.7716672209710812,0,0,0.7990413359447479,0.26690767650857883,RSPH9
GO_Biological_Process_2023,Regulation Of Protein Phosphorylation (GO:0001932),0.712722268179971,0.7716672209710812,0,0,0.8065439034540158,0.27314694910418186,ADTRP
GO_Biological_Process_2023,Positive Regulation Of Programmed Cell Death (GO:0043068),0.7176679346277324,0.7716672209710812,0,0,0.7953414396388077,0.2638531733071793,FANK1
KEGG_2021_Human,Prion disease,0.7192977055527967,0.7752430826513476,0,0,0.7916751787538304,0.2608410998537358,NDUFC2-KCTD14
GO_Biological_Process_2023,Positive Regulation Of Cell Migration (GO:0030335),0.7257242725414723,0.7782547444622623,0,0,0.7773374799357945,0.24920283409243119,RAB25
GO_Biological_Process_2023,Chromatin Organization (GO:0006325),0.7273080456148455,0.7782547444622623,0,0,0.773832709113608,0.24639233496974325,SMARCA1
GO_Biological_Process_2023,Supramolecular Fiber Organization (GO:0097435),0.7335532035976957,0.781429186420643,0,0,0.7601197193464502,0.2355270097731354,CNN3
GO_Biological_Process_2023,Positive Regulation Of Intracellular Signal Transduction (GO:1902533),0.7338025768645314,0.781429186420643,0,0,0.7695021165087684,0.23817264411869862,EDAR;GPRC5B
GO_Biological_Process_2023,Proteolysis (GO:0006508),0.7411610765608118,0.787372558552613,0,0,0.7436377604916931,0.2227472469810248,PCSK5
GO_Biological_Process_2023,Cellular Response To Cytokine Stimulus (GO:0071345),0.7441437182942844,0.7883049658129093,0,0,0.7372405256141688,0.21787012597286318,ASAH2
GO_Biological_Process_2023,Positive Regulation Of Apoptotic Process (GO:0043065),0.7485540652968294,0.7883049658129093,0,0,0.7278454233463401,0.2107926568075826,FANK1
GO_Biological_Process_2023,Plasma Membrane Bounded Cell Projection Assembly (GO:0120031),0.7470923677425697,0.7883049658129093,0,0,0.7309508072892078,0.21312073193071127,PTPRO
GO_Biological_Process_2023,Positive Regulation Of Cellular Process (GO:0048522),0.749156637939582,0.7883049658129093,0,0,0.7456500488758553,0.2153490937763789,RAB25;PRODH
Reactome_2022,Intra-Golgi And Retrograde Golgi-to-ER Traffic R-HSA-6811442,0.629534608617049,0.7935873020208358,0,0,1.0157434021426706,0.47006009331585036,KIF26A
Reactome_2022,Developmental Biology R-HSA-1266738,0.6329803480404286,0.7935873020208358,0,0,0.9219775142461112,0.4216349795373327,SPTBN5;ITGA2;KCNQ2;EPHB3
KEGG_2021_Human,Herpes simplex virus 1 infection,0.7459309423802191,0.7951132023173764,0,0,0.7506395120031484,0.22002914539896065,ZNF285;ZNF135
Reactome_2022,mRNA Splicing - Major Pathway R-HSA-72163,0.6442068427885571,0.8016796265813155,0,0,0.9755821982298662,0.42899804767551153,U2AF1
Reactome_2022,mRNA Splicing R-HSA-72172,0.6602724711471898,0.8038099648748398,0,0,0.9333653788379499,0.38744248331954306,U2AF1
Reactome_2022,Leishmania Infection R-HSA-9658195,0.6563246225294368,0.8038099648748398,0,0,0.9435772851503189,0.39734016928051874,GNAI1
Reactome_2022,Class A/1 (Rhodopsin-like Receptors) R-HSA-373076,0.6563246225294368,0.8038099648748398,0,0,0.9435772851503189,0.39734016928051874,KISS1R
KEGG_2021_Human,Huntington disease,0.7734807147043907,0.8155177100687598,0,0,0.6760809688278756,0.17365446746034724,NDUFC2-KCTD14
GO_Biological_Process_2023,Regulation Of Intracellular Signal Transduction (GO:1902531),0.7899477583137451,0.8292579548175095,0,0,0.6429879317519767,0.15160913707125048,GNAI1
KEGG_2021_Human,PI3K-Akt signaling pathway,0.80180400297331,0.8362901966495814,0,0,0.6196227929373996,0.13686915182982007,ITGA2
KEGG_2021_Human,Human papillomavirus infection,0.810810425126963,0.8366873535884618,0,0,0.6020989388264669,0.12627279555895884,ITGA2
GO_Biological_Process_2023,Positive Regulation Of Macromolecule Metabolic Process (GO:0010604),0.7994869378898238,0.8372877387356784,0,0,0.6241613450812383,0.13967799946952134,ADTRP
KEGG_2021_Human,Amyotrophic lateral sclerosis,0.8306107332786161,0.8402565224303681,0,0,0.564140101745782,0.10470103245686407,NDUFC2-KCTD14
KEGG_2021_Human,Alzheimer disease,0.8315940840547972,0.8402565224303681,0,0,0.562271997665256,0.10368904968569927,NDUFC2-KCTD14
Reactome_2022,Extracellular Matrix Organization R-HSA-1474244,0.705994551491978,0.8448199710965522,0,0,0.8219737121051516,0.28616830578697466,ITGA2
Reactome_2022,"Platelet Activation, Signaling And Aggregation R-HSA-76002",0.7241314037970447,0.8448199710965522,0,0,0.7808736836801532,0.2520522864845072,GNAI1
Reactome_2022,HIV Infection R-HSA-162906,0.7209181724009863,0.8448199710965522,0,0,0.7880420967003915,0.2578707315714107,CD8B
Reactome_2022,GPCR Downstream Signaling R-HSA-388396,0.709303740323583,0.8448199710965522,0,0,0.8081923890063425,0.27759100165089473,KISS1R;GNAI1
Reactome_2022,Signaling By Receptor Tyrosine Kinases R-HSA-9006934,0.717669345302993,0.8448199710965522,0,0,0.7948824630746828,0.2636993461611573,ITGA2;PCSK5
Reactome_2022,G Alpha (I) Signaling Events R-HSA-418594,0.7110547500674966,0.8448199710965522,0,0,0.8103475307029004,0.27633324674366955,GNAI1
GO_Biological_Process_2023,Protein-Containing Complex Assembly (GO:0065003),0.8085975034104524,0.8448318254972416,0,0,0.6063879940284435,0.12882956053852365,RSPH9
Reactome_2022,Processing Of Capped Intron-Containing Pre-mRNA R-HSA-72203,0.7441437182942844,0.8620774619892602,0,0,0.7372405256141688,0.21787012597286318,U2AF1
Reactome_2022,Metabolism Of Carbohydrates R-HSA-71387,0.7543177792406027,0.8620774619892602,0,0,0.7156794747306607,0.20177977460016713,ABO
Reactome_2022,Adaptive Immune System R-HSA-1280218,0.7531416811467077,0.8620774619892602,0,0,0.7615575472175806,0.21590302173030604,TREML1;CD8B;KIF26A
GO_Biological_Process_2023,Positive Regulation Of Multicellular Organismal Process (GO:0051240),0.8276264844681354,0.8626789002809033,0,0,0.5698181549379066,0.10780579541835336,SCD
GO_Biological_Process_2023,Positive Regulation Of Protein Phosphorylation (GO:0001934),0.8306107332786161,0.8637571709916125,0,0,0.564140101745782,0.10470103245686407,ADTRP
GO_Biological_Process_2023,Protein Localization (GO:0008104),0.832571789086308,0.8637688584665912,0,0,0.5604159848732774,0.1026882868494385,PRRT1
Reactome_2022,SARS-CoV-2 Infection R-HSA-9694516,0.7654560860998236,0.8688960977349349,0,0,0.6925108554545861,0.18509667802312904,HAVCR1
GO_Biological_Process_2023,Negative Regulation Of Programmed Cell Death (GO:0043069),0.845684494415701,0.8753229696872794,0,0,0.5356385014088426,0.08977779446897591,FANK1
Reactome_2022,Asparagine N-linked Glycosylation R-HSA-446203,0.7799600372270298,0.8794180285512818,0,0,0.6629642336392486,0.16475496205101087,SPTBN5
GO_Biological_Process_2023,Regulation Of Cell Migration (GO:0030334),0.8634722971444468,0.8916508802680418,0,0,0.5022537235432454,0.07372756386887147,KIF26A
GO_Biological_Process_2023,DNA Damage Response (GO:0006974),0.8734511695514551,0.8998578328169642,0,0,0.4835552198407453,0.06542649755285891,NPAS2
KEGG_2021_Human,Pathways of neurodegeneration,0.9004326709606425,0.9004326709606425,0,0,0.43258426966292135,0.04536938874363409,NDUFC2-KCTD14
GO_Biological_Process_2023,Positive Regulation Of Cell Population Proliferation (GO:0008284),0.8867516252129748,0.9114407655901341,0,0,0.4585524743007411,0.055113583551345414,RAB25
GO_Biological_Process_2023,Positive Regulation Of Gene Expression (GO:0010628),0.891929180853437,0.914640340551094,0,0,0.44876521535580527,0.05132462392627477,ADTRP
GO_Biological_Process_2023,Negative Regulation Of Nucleic Acid-Templated Transcription (GO:1903507),0.8944294658251917,0.9150860354747341,0,0,0.4440229352484652,0.0495392980218574,ZNF541
GO_Biological_Process_2023,Regulation Of Nucleic Acid-Templated Transcription (GO:1903506),0.8998478709223219,0.9185083106419093,0,0,0.43370220473778054,0.04576840381454156,SMARCA1
Reactome_2022,Membrane Trafficking R-HSA-199991,0.8223407720999772,0.9210216647519746,0,0,0.6340658422459893,0.12402353568937112,SPTBN5;KIF26A
Reactome_2022,Vesicle-mediated Transport R-HSA-5653656,0.845464492414158,0.9270026014265969,0,0,0.5986561264822134,0.10049586964438705,SPTBN5;KIF26A
Reactome_2022,Metabolism Of Amino Acids And Derivatives R-HSA-71291,0.8373767453817823,0.9270026014265969,0,0,0.5513132469763115,0.09784773433750293,PRODH
Reactome_2022,Infectious Disease R-HSA-5663205,0.8535288621609487,0.9270026014265969,0,0,0.6274262136331101,0.099369204493423,CD8B;HAVCR1;GNAI1
Reactome_2022,SARS-CoV Infections R-HSA-9679506,0.8552702572685863,0.9270026014265969,0,0,0.5176276660162821,0.08092475479796983,HAVCR1
Reactome_2022,Signal Transduction R-HSA-162582,0.8419583291025428,0.9270026014265969,0,0,0.7438951433077718,0.1279683807711648,ADGRE1;SPTBN5;SCD;ITGA2;KISS1R;PRKG2;PCSK5;GNAI1;DACT1
GO_Biological_Process_2023,Positive Regulation Of DNA-templated Transcription (GO:0045893),0.9385719838744933,0.9558330778308058,0,0,0.49285522608345633,0.031244914334163456,FANK1;SMARCA1;NPAS2
GO_Biological_Process_2023,Negative Regulation Of DNA-templated Transcription (GO:0045892),0.9572461904087382,0.9726148219061261,0,0,0.4006085738905644,0.017504458777173347,DACT1;ZNF541
GO_Biological_Process_2023,Regulation Of Cell Population Proliferation (GO:0042127),0.9697341676703993,0.9793884131842762,0,0,0.2831647940074906,0.00870258827835246,RAB25
GO_Biological_Process_2023,Regulation Of Apoptotic Process (GO:0042981),0.9691905961093771,0.9793884131842762,0,0,0.2846441947565543,0.008907653387448686,FANK1
GO_Biological_Process_2023,Regulation Of Gene Expression (GO:0010468),0.9705451769478493,0.9793884131842762,0,0,0.36648346207169735,0.010956876007676695,ADTRP;SMARCA1
GO_Biological_Process_2023,Negative Regulation Of Transcription By RNA Polymerase II (GO:0000122),0.9734408229205725,0.9800779194404855,0,0,0.2727519057769428,0.007342002345147232,DACT1
Reactome_2022,Neutrophil Degranulation R-HSA-6798695,0.9124770806229516,0.9826676252862555,0,0,0.4093365436062065,0.0374920799919169,SIRPB1
GO_Biological_Process_2023,Regulation Of DNA-templated Transcription (GO:0006355),0.9808695055874052,0.985317893367847,0,0,0.42645687295044976,0.008237377028731561,FANK1;SMARCA1;NPAS2;ZNF541
GO_Biological_Process_2023,Regulation Of Transcription By RNA Polymerase II (GO:0006357),0.9836979660588219,0.9859235270680047,0,0,0.41569399935318846,0.006832502088374242,SMARCA1;NPAS2;DACT1;ZNF541
GO_Biological_Process_2023,Positive Regulation Of Transcription By RNA Polymerase II (GO:0045944),0.9882767679714742,0.9882767679714742,0,0,0.22149190981628694,0.00261194133922379,SMARCA1
Reactome_2022,Innate Immune System R-HSA-168249,0.993879089020195,0.9957163019311368,0,0,0.19250158754843644,0.0011819059528173888,SIRPB1
Reactome_2022,Metabolism Of Proteins R-HSA-392499,0.9957163019311368,0.9957163019311368,0,0,0.30667737245285476,0.0013165351051169316,TPST1;SPTBN5;RAB25
Reactome_2022,Cellular Responses To Stimuli R-HSA-8953897,0.9768361800302021,0.9957163019311368,0,0,0.26262520686351365,0.006154967739073578,NPAS2
Reactome_2022,Cellular Responses To Stress R-HSA-2262752,0.975706911177903,0.9957163019311368,0,0,0.26606459351242656,0.006543335485673179,NPAS2
Reactome_2022,Cytokine Signaling In Immune System R-HSA-1280215,0.9724769398046409,0.9957163019311368,0,0,0.2755180213045382,0.00768940932790348,EDAR
Reactome_2022,Metabolism Of RNA R-HSA-8953854,0.9754161902566395,0.9957163019311368,0,0,0.26693798106697336,0.006644363233431587,U2AF1
Reactome_2022,Disease R-HSA-1643685,0.9719260092448514,0.9957163019311368,0,0,0.4550036686126264,0.012956502281767805,TPST1;CD8B;HAVCR1;GNAI1
Reactome_2022,RNA Polymerase II Transcription R-HSA-73857,0.9697165564381879,0.9957163019311368,0,0,0.4226027795545735,0.012995652489899175,ZNF285;U2AF1;ZNF135
Reactome_2022,Gene Expression (Transcription) R-HSA-74160,0.9830519801650084,0.9957163019311368,0,0,0.37933666754409057,0.006484108298648157,ZNF285;U2AF1;ZNF135
Reactome_2022,Generic Transcription Pathway R-HSA-212436,0.9863645733015766,0.9957163019311368,0,0,0.31213257220754875,0.004285343907504458,ZNF285;ZNF135
Reactome_2022,Immune System R-HSA-168256,0.9686521605205549,0.9957163019311368,0,0,0.49360461030290254,0.015721158266448994,EDAR;TREML1;CD8B;KIF26A;SIRPB1
Reactome_2022,Post-translational Protein Modification R-HSA-597592,0.9675605961500799,0.9957163019311368,0,0,0.42845784622633176,0.014129350523727893,TPST1;SPTBN5;RAB25
