Gene_set,Term,P-value,Adjusted P-value,Old P-value,Old adjusted P-value,Odds Ratio,Combined Score,Genes
Reactome_2022,Signal Transduction R-HSA-162582,2.2843049142894933e-13,1.2061129947448524e-10,0,0,3.368521254830643,98.04938207461323,GPR27;DOCK5;PTGDR2;FLT3;RGSL1;FASLG;TNF;ADRA1A;SPRED2;CCND1;EFHD2;PROK2;TNS4;TNS3;CMKLR1;PDGFRB;DUSP2;MEF2C;EDN3;F2R;MATK;SOX13;TAS2R13;ATP1B4;GPBAR1;MMP9;LATS2;GFOD1;CDC42EP4;XCL2;XCL1;CX3CR1;MRLN;DHH;ADRB2;HDAC9;CXCR1;P2RY2;PDGFD;CCL4;CXCR2;PLCG2;NLRP3;STOM;NCAM1;EVC2;LYN;NTRK1;JAG2;CENPU;JAG1;LAMB3;GZMB;ADCY10;DHRS9;DLG5;ID1;CENPM;NMUR1;PIK3AP1
Reactome_2022,Class A/1 (Rhodopsin-like Receptors) R-HSA-373076,1.2862181366581134e-12,3.395615880777419e-10,0,0,10.77038807649044,294.8858465297636,CX3CR1;MRLN;EDN3;PTGDR2;F2R;GPBAR1;ADRB2;ADRA1A;CXCR1;P2RY2;CCL4;CXCR2;XCL2;NLRP3;PROK2;XCL1;NMUR1;CMKLR1
Reactome_2022,GPCR Ligand Binding R-HSA-500792,1.2528322526976559e-11,2.2049847647478745e-09,0,0,7.982934939456679,200.3958491464944,CX3CR1;MRLN;EDN3;PTGDR2;DHH;F2R;TAS2R13;GPBAR1;ADRB2;ADRA1A;CXCR1;P2RY2;CCL4;CXCR2;XCL2;NLRP3;PROK2;XCL1;NMUR1;CMKLR1
Reactome_2022,Immune System R-HSA-168256,6.201993282727866e-11,8.186631133200782e-09,0,0,3.240627472962279,76.16629937623026,IFITM3;CIITA;ITGAM;FRMPD3;FLT3;FASLG;MPO;TNF;C4B;CCND1;GNLY;NAPRT;FCER1A;TNFSF11;MAP3K8;EDARADD;NANOS1;MEF2C;TNFRSF12A;CD300A;MMP9;FGR;SLC7A8;HECW2;FSCN1;KLRF1;TLR6;HLA-DQB2;PLD4;LILRA4;KLRK1;CXCR1;CCL4;CXCR2;PLCG2;NLRP3;STOM;NCAM1;HLA-DQA1;LYN;KLRC2;SIGLEC10;SH2D1B;LILRB1;P2RX1;SLCO4C1;TNFSF9;PIK3AP1;CD68
Reactome_2022,Peptide Ligand-Binding Receptors R-HSA-375276,2.3817209604652453e-09,2.515097334251299e-07,0,0,11.815846153846154,234.60885410846856,CX3CR1;MRLN;EDN3;CXCR1;CXCR2;F2R;CCL4;XCL2;PROK2;NLRP3;XCL1;NMUR1
Reactome_2022,Signaling By GPCR R-HSA-372790,8.109772963162312e-09,7.136600207582834e-07,0,0,4.871842105263158,90.76337312617738,GPR27;CX3CR1;MRLN;EDN3;PTGDR2;DHH;RGSL1;F2R;TAS2R13;GPBAR1;ADRB2;ADRA1A;CXCR1;P2RY2;CCL4;CXCR2;XCL2;NLRP3;PROK2;XCL1;NMUR1;CMKLR1
Reactome_2022,GPCR Downstream Signaling R-HSA-388396,3.598002585746579e-08,2.7139219503917055e-06,0,0,4.871513330251195,83.49920914050574,GPR27;CX3CR1;MRLN;EDN3;PTGDR2;RGSL1;F2R;TAS2R13;GPBAR1;ADRB2;ADRA1A;CXCR1;P2RY2;CCL4;CXCR2;XCL2;NLRP3;PROK2;XCL1;NMUR1
KEGG_2021_Human,MAPK signaling pathway,7.407852955621632e-08,1.6110419075036737e-05,0,0,6.297813757172063,103.3983885650809,NTRK1;PDGFRB;PLA2G4F;DUSP2;MEF2C;GADD45B;FLT3;PLA2G4C;FASLG;HSPA2;TNF;GADD45G;EFNA3;PDGFD;MAP3K8
KEGG_2021_Human,Natural killer cell mediated cytotoxicity,1.4780200986272235e-07,1.6110419075036737e-05,0,0,10.397515023550431,163.52579699264174,FCGR3A;KLRK1;KLRC2;KLRC4-KLRK1;PLCG2;SH2D1B;GZMB;FASLG;TNF;CD244
Reactome_2022,G Alpha (Q) Signaling Events R-HSA-416476,5.23028482041654e-07,3.217804486267967e-05,0,0,7.8070131600866235,112.91774909210092,MRLN;EDN3;RGSL1;P2RY2;F2R;XCL2;PROK2;NLRP3;XCL1;NMUR1;ADRA1A
Reactome_2022,Innate Immune System R-HSA-168249,5.484894010684034e-07,3.217804486267967e-05,0,0,3.2496477594596556,46.8472401788274,ITGAM;FRMPD3;PLD4;MPO;C4B;KLRK1;CXCR1;GNLY;NAPRT;CXCR2;PLCG2;NLRP3;STOM;FCER1A;MAP3K8;LYN;NANOS1;MEF2C;KLRC2;CD300A;MMP9;FGR;SLC7A8;P2RX1;SLCO4C1;TLR6;CD68
KEGG_2021_Human,Transcriptional misregulation in cancer,4.5674939551663503e-07,3.3190456074208814e-05,0,0,7.922441965291864,115.66076781496847,NTRK1;CEBPA;MEF2C;ITGAM;GADD45B;FLT3;GZMB;DEFA1;MPO;MMP9;GADD45G
GO_Biological_Process_2023,Positive Regulation Of Intracellular Signal Transduction (GO:1902533),8.088541291264777e-08,4.062093245190609e-05,0,0,4.6205471435886185,75.45460838922786,LYN;CX3CR1;NTRK1;PDGFRB;FLT3;F2R;SECTM1;FASLG;ADRB2;TNF;FGR;C1QTNF4;PDGFD;DLG5;CCL4;PLCG2;NLRP3;TNFSF11;TLR6;PIK3AP1
GO_Biological_Process_2023,Inflammatory Response (GO:0006954),5.810549544462604e-08,4.062093245190609e-05,0,0,7.720961064334558,128.63897546536913,CIITA;F2R;PLA2G4C;TNF;HDAC9;CXCR2;CCL4;XCL2;PROK2;NLRP3;XCL1;TLR6;CMKLR1
GO_Biological_Process_2023,Cellular Response To Lipopolysaccharide (GO:0071222),1.2285401244884396e-07,4.062093245190609e-05,0,0,10.624377696647858,169.057956686293,LYN;CX3CR1;MEF2C;PLCG2;NLRP3;LILRB1;DEFA1;CD68;TNF;NUGGC
GO_Biological_Process_2023,Positive Regulation Of Phosphatidylinositol 3-Kinase Signaling (GO:0014068),1.0379862554252665e-07,4.062093245190609e-05,0,0,16.540296582849773,265.98141809479847,PDGFRB;FGR;NTRK1;FLT3;PDGFD;F2R;PIK3AP1;TNF
GO_Biological_Process_2023,Positive Regulation Of MAPK Cascade (GO:0043410),1.236181754470666e-07,4.062093245190609e-05,0,0,6.555347367647599,104.26980264662384,NTRK1;PDGFRB;MEF2C;EDN3;FLT3;F2R;ADRB2;TNF;PDGFD;CCL4;XCL2;PLCG2;XCL1;TNFSF11
Reactome_2022,Chemokine Receptors Bind Chemokines R-HSA-380108,3.5533858581479515e-06,0.00018761877331021184,0,0,17.028084918177797,213.6617625749793,CX3CR1;CXCR1;CCL4;CXCR2;XCL2;XCL1
GO_Biological_Process_2023,Regulation Of Phosphatidylinositol 3-Kinase Signaling (GO:0014066),8.750928442810178e-07,0.0002174354831515161,0,0,12.13873106060606,169.32238084620096,PDGFRB;FGR;NTRK1;FLT3;PDGFD;F2R;PIK3AP1;TNF
GO_Biological_Process_2023,Regulation Of MAP Kinase Activity (GO:0043405),9.263836774562463e-07,0.0002174354831515161,0,0,9.847823300722006,136.80573823658244,PDGFRB;LYN;MEF2C;EDN3;CD300A;FLT3;PDGFD;TNFSF11;TNF
KEGG_2021_Human,Viral protein interaction with cytokine and cytokine receptor,7.927580307413378e-06,0.0002752985896091097,0,0,10.92349360925137,128.29820969692707,CX3CR1;CXCR1;CCL4;CXCR2;XCL2;XCL1;TNF
KEGG_2021_Human,NF-kappa B signaling pathway,6.673871756215645e-06,0.0002752985896091097,0,0,9.025722339675829,107.562334645211,LYN;EDARADD;GADD45B;CCL4;PLCG2;TNFSF11;TNF;GADD45G
KEGG_2021_Human,Phospholipase D signaling pathway,9.099803079037646e-06,0.0002752985896091097,0,0,7.294961977186312,84.67450419617329,PDGFRB;PLA2G4F;CXCR1;PDGFD;F2R;PLA2G4C;CXCR2;PLCG2;FCER1A
KEGG_2021_Human,Cytokine-cytokine receptor interaction,1.0102700536114117e-05,0.0002752985896091097,0,0,5.62897434354376,64.7484470314352,CX3CR1;TNFRSF12A;CXCR1;CCL4;CXCR2;XCL2;TNFSF9;XCL1;TNFSF11;FASLG;TNF
KEGG_2021_Human,Pathways in cancer,7.300190553864251e-06,0.0002752985896091097,0,0,3.836294608959757,45.37419688990758,GSTM4;NTRK1;PDGFRB;JAG2;CEBPA;GSTM1;JAG1;GADD45B;LAMB3;FLT3;F2R;FASLG;MMP9;GADD45G;CCND1;PLCG2;GSTM5
GO_Biological_Process_2023,Positive Regulation Of Protein Serine/Threonine Kinase Activity (GO:0071902),1.797382287078891e-06,0.00036913738720882724,0,0,9.032809376347458,119.49665424899239,PDGFRB;MEF2C;CCND1;EDN3;FLT3;PDGFD;TNFSF11;ADRB2;TNF
GO_Biological_Process_2023,Positive Regulation Of MAP Kinase Activity (GO:0043406),2.1681830377361305e-06,0.00039581385900005133,0,0,10.638439186384392,138.74249244240818,PDGFRB;MEF2C;EDN3;FLT3;PDGFD;TNFSF11;TLR6;TNF
Reactome_2022,Cytokine Signaling In Immune System R-HSA-1280215,9.137273120730145e-06,0.00043858910979504694,0,0,3.337321528276302,38.723437493971105,EDARADD;LYN;IFITM3;CIITA;MEF2C;ITGAM;TNFRSF12A;FLT3;FASLG;MMP9;TNF;CCND1;CCL4;FSCN1;TNFSF9;TNFSF11;MAP3K8;NCAM1;HLA-DQB2;HLA-DQA1
GO_Biological_Process_2023,Second-Messenger-Mediated Signaling (GO:0019932),3.0747088346944624e-06,0.0005051746615403002,0,0,12.782912068351727,162.24455930756852,LAT2;FCGR3A;EDN3;PTGDR2;PLCG2;TNFSF11;NMUR1
GO_Biological_Process_2023,Positive Regulation Of ERK1 And ERK2 Cascade (GO:0070374),4.703672601129488e-06,0.0006533473365613731,0,0,7.961251296232285,97.66199878091098,PDGFRB;NTRK1;PDGFD;F2R;CCL4;XCL2;TNFSF11;XCL1;TNF
GO_Biological_Process_2023,Neutrophil Chemotaxis (GO:0030593),4.771861253034984e-06,0.0006533473365613731,0,0,16.080827067669173,197.0347418736817,EDN3;CXCR1;CCL4;CXCR2;XCL2;XCL1
GO_Biological_Process_2023,Cytokine-Mediated Signaling Pathway (GO:0019221),6.243308554166361e-06,0.0007890581503457948,0,0,5.942295887047268,71.2124756876229,LYN;CEBPA;FLT3;CXCR2;CCL4;XCL2;TNFSF11;XCL1;LILRB1;TNF;LILRA4
GO_Biological_Process_2023,Granulocyte Chemotaxis (GO:0071621),7.216893208539101e-06,0.0008469539672592674,0,0,14.842105263157896,175.71696064928722,EDN3;CXCR1;CCL4;CXCR2;XCL2;XCL1
GO_Biological_Process_2023,Neutrophil Migration (GO:1990266),8.227014226034207e-06,0.0009011322915582801,0,0,14.47048872180451,169.42174668414523,EDN3;CXCR1;CCL4;CXCR2;XCL2;XCL1
GO_Biological_Process_2023,Regulation Of Natural Killer Cell Chemotaxis (GO:2000501),1.1183720280177896e-05,0.001080873671784252,0,0,143.30297397769516,1633.8045697279656,KLRK1;CCL4;XCL1
GO_Biological_Process_2023,Positive Regulation Of I-kappaB Phosphorylation (GO:1903721),1.1183720280177896e-05,0.001080873671784252,0,0,143.30297397769516,1633.8045697279656,CX3CR1;PLCG2;TNF
KEGG_2021_Human,Chemokine signaling pathway,5.047920781709524e-05,0.0012227185893474181,0,0,5.790295369274545,57.28888726880587,LYN;FGR;CX3CR1;CXCR1;CCL4;CXCR2;PLCG2;XCL2;XCL1
KEGG_2021_Human,Fc epsilon RI signaling pathway,5.6255345420303244e-05,0.0012263665301626106,0,0,9.972647135079077,97.58843046240962,LYN;PLA2G4F;PLA2G4C;PLCG2;FCER1A;TNF
GO_Biological_Process_2023,Regulation Of ERK1 And ERK2 Cascade (GO:0070372),1.8633373200531004e-05,0.0017008128982484688,0,0,5.835809297435663,63.55520986682955,LYN;PDGFRB;NTRK1;SPRED2;PDGFD;F2R;CCL4;XCL2;XCL1;TNF
GO_Biological_Process_2023,Regulation Of I-kappaB Phosphorylation (GO:1903719),2.2194005660528854e-05,0.001856154602375072,0,0,95.53159851301115,1023.68683445688,CX3CR1;PLCG2;TNF
GO_Biological_Process_2023,Cellular Response To Lipid (GO:0071396),2.259469996804713e-05,0.001856154602375072,0,0,5.698406321146377,60.9603837551185,LYN;CX3CR1;MEF2C;PLCG2;GPBAR1;NLRP3;LILRB1;DEFA1;CD68;NUGGC
KEGG_2021_Human,Calcium signaling pathway,9.639470282599383e-05,0.0019103677469151502,0,0,5.296094020048392,48.97329550304804,PDGFRB;NTRK1;PDGFD;P2RX1;F2R;PLCG2;ADRB2;ADRA1A;MCOLN2
KEGG_2021_Human,Ras signaling pathway,0.00015979701443114756,0.002902979095499181,0,0,4.934716762260746,43.13735068353196,PDGFRB;NTRK1;EFNA3;PLA2G4F;FLT3;PDGFD;PLA2G4C;PLCG2;FASLG
GO_Biological_Process_2023,Regulation Of T-helper 2 Cell Cytokine Production (GO:2000551),3.853843503323046e-05,0.0030151737504570306,0,0,71.64591078066914,728.1986128452786,TBX21;NLRP3;XCL1
KEGG_2021_Human,PI3K-Akt signaling pathway,0.0001999919231598903,0.003353710711450468,0,0,3.9696466581524055,33.81040780338774,NTRK1;PDGFRB;EFNA3;CCND1;LAMB3;PPP2R2B;FLT3;PDGFD;F2R;FASLG;PIK3AP1
GO_Biological_Process_2023,Natural Killer Cell Mediated Immunity (GO:0002228),4.9942485519237164e-05,0.0034189793211711105,0,0,23.95988805970149,237.31402983345387,FCGR3A;KLRK1;KLRC2;GZMB
GO_Biological_Process_2023,Positive Regulation Of Phosphatase Activity (GO:0010922),4.9942485519237164e-05,0.0034189793211711105,0,0,23.95988805970149,237.31402983345387,PDGFRB;MEF2C;CD300A;PLEK
GO_Biological_Process_2023,Monocyte Chemotaxis (GO:0002548),4.9942485519237164e-05,0.0034189793211711105,0,0,23.95988805970149,237.31402983345387,CCL4;XCL2;TNFSF11;XCL1
GO_Biological_Process_2023,Positive Regulation Of Natural Killer Cell Mediated Immunity (GO:0002717),6.118703635647989e-05,0.003590367883346302,0,0,22.549604916593502,218.76668816967177,KLRK1;CADM1;KLRC2;SH2D1B
GO_Biological_Process_2023,Lymphocyte Migration (GO:0072676),6.118703635647989e-05,0.003590367883346302,0,0,22.549604916593502,218.76668816967177,TBX21;CCL4;XCL2;XCL1
GO_Biological_Process_2023,Cellular Response To Molecule Of Bacterial Origin (GO:0071219),5.6234844232850536e-05,0.003590367883346302,0,0,7.867705133830627,76.99315779313874,CX3CR1;MEF2C;NLRP3;LILRB1;DEFA1;CD68;NUGGC
GO_Biological_Process_2023,Regulation Of Calcium-Mediated Signaling (GO:0050848),6.118703635647989e-05,0.003590367883346302,0,0,22.549604916593502,218.76668816967177,PLEK;CCL4;PLCG2;CMKLR1
KEGG_2021_Human,Staphylococcus aureus infection,0.0002310556723221108,0.003597866897587154,0,0,10.00819288389513,83.79711651081095,C4B;FCGR3A;ITGAM;DEFA1;HLA-DQA1
GO_Biological_Process_2023,Lymphocyte Chemotaxis (GO:0048247),7.417022666386017e-05,0.004062056080290742,0,0,21.296019900497512,202.5069996401847,CCL4;XCL2;XCL1;DEFA1
GO_Biological_Process_2023,Regulation Of Cell Population Proliferation (GO:0042127),7.294762252746894e-05,0.004062056080290742,0,0,3.0478508251537053,29.033122522739664,KLF10;LYN;NTRK1;PDGFRB;JAG2;CEBPA;JAG1;EDN3;FLT3;F2R;MATK;SCX;SULT2B1;NUAK1;ADGRG1;PDGFD;DLG5;CXCR2
GO_Biological_Process_2023,Response To Lipopolysaccharide (GO:0032496),8.27198920544857e-05,0.004384154278887742,0,0,6.2002424242424246,58.28259160347443,CX3CR1;MEF2C;F2R;NLRP3;LILRB1;DEFA1;CD68;NUGGC
GO_Biological_Process_2023,Peptidyl-Tyrosine Modification (GO:0018212),0.00010531004501516763,0.005121381769017951,0,0,12.013576779026216,110.02756530155271,PDGFRB;FGR;LYN;NTRK1;FLT3
GO_Biological_Process_2023,Calcium-Mediated Signaling (GO:0019722),0.00010108995406433893,0.005121381769017951,0,0,8.89624060150376,81.84096366277167,LAT2;FCGR3A;PTGDR2;PLCG2;TNFSF11;NMUR1
GO_Biological_Process_2023,Hematopoietic Progenitor Cell Differentiation (GO:0002244),0.00010598111999185048,0.005121381769017951,0,0,19.164925373134327,175.40218044615727,LYN;FLT3;PLEK;PLD4
KEGG_2021_Human,Melanoma,0.00035357032491833187,0.00513855538881309,0,0,9.062257084304996,72.02163708574108,PDGFRB;CCND1;GADD45B;PDGFD;GADD45G
KEGG_2021_Human,Allograft rejection,0.0003790067625444577,0.0051639671396682355,0,0,13.212557900154401,104.08795652216101,GZMB;FASLG;TNF;HLA-DQA1
KEGG_2021_Human,Graft-versus-host disease,0.0004260284264752573,0.005463188057153299,0,0,12.771641791044775,99.12076922246591,GZMB;FASLG;TNF;HLA-DQA1
KEGG_2021_Human,Type I diabetes mellitus,0.00047706777083317346,0.005473724949559569,0,0,12.359171882522869,94.52111739947279,GZMB;FASLG;TNF;HLA-DQA1
KEGG_2021_Human,Autoimmune thyroid disease,0.00047706777083317346,0.005473724949559569,0,0,12.359171882522869,94.52111739947279,TPO;GZMB;FASLG;HLA-DQA1
GO_Biological_Process_2023,Positive Regulation Of Leukocyte Mediated Cytotoxicity (GO:0001912),0.00011714951919816578,0.005499333144073896,0,0,11.720105965104596,106.09109650931703,ITGAM;KLRK1;CADM1;KLRC2;XCL1
Reactome_2022,TNFs Bind Their Physiological Receptors R-HSA-5669034,0.00012513322546787585,0.0055058619205865375,0,0,18.251599147121535,164.01127156329983,EDARADD;TNFSF11;TNFSF9;FASLG
GO_Biological_Process_2023,Eosinophil Chemotaxis (GO:0048245),0.0001290850757249674,0.005625413178071568,0,0,40.93574083908656,366.58115035492517,CCL4;XCL2;XCL1
GO_Biological_Process_2023,Eosinophil Migration (GO:0072677),0.0001290850757249674,0.005625413178071568,0,0,40.93574083908656,366.58115035492517,CCL4;XCL2;XCL1
GO_Biological_Process_2023,Regulation Of GTPase Activity (GO:0043087),0.0001301069389937429,0.005625413178071568,0,0,5.079162613847378,45.444049274416074,NTRK1;KLRK1;CHN2;F2R;CCL4;PLXNA2;XCL2;XCL1;RGS9
KEGG_2021_Human,alpha-Linolenic acid metabolism,0.0005749917887765295,0.00569230596232784,0,0,22.03717472118959,164.42277189782104,FADS2;PLA2G4F;PLA2G4C
KEGG_2021_Human,Thyroid cancer,0.0005323152963914983,0.00569230596232784,0,0,11.972481343283581,90.25185179100076,NTRK1;CCND1;GADD45B;GADD45G
KEGG_2021_Human,Acute myeloid leukemia,0.0005590928778072139,0.00569230596232784,0,0,8.138767218942423,60.95281434464363,CEBPA;ITGAM;CCND1;FLT3;MPO
KEGG_2021_Human,Antigen processing and presentation,0.0006005643905208272,0.00569230596232784,0,0,8.002808988764045,59.36196162148416,CIITA;KLRC2;HSPA2;TNF;HLA-DQA1
Reactome_2022,Immunoregulatory Interactions Between A Lymphoid And A non-Lymphoid Cell R-HSA-198933,0.00014489732038902933,0.005885060397339037,0,0,6.695311040538016,59.18310286319909,KLRK1;CD300A;SIGLEC10;KLRF1;SH2D1B;LILRB1;LILRA4
GO_Biological_Process_2023,Fc Receptor Signaling Pathway (GO:0038093),0.00014667222385059264,0.006024561594663093,0,0,17.421302578018995,153.7832424764102,LYN;FCGR3A;PLCG2;LILRA4
GO_Biological_Process_2023,Positive Regulation Of Cytokine Production (GO:0001819),0.00014602661010176647,0.006024561594663093,0,0,4.123946360153257,36.42154652516642,FGR;C1QTNF4;CADM1;F2R;PLCG2;NLRP3;XCL1;LILRB1;TLR6;TNF;CD244
Reactome_2022,Anti-inflammatory Response Favoring Leishmania Infection R-HSA-9662851,0.00016246060903224284,0.006127085826358873,0,0,6.564792086462722,57.27830325822266,LYN;GPR27;FGR;PLCG2;NLRP3;GPBAR1;ADRB2
GO_Biological_Process_2023,Phospholipase C-activating G Protein-Coupled Receptor Signaling Pathway (GO:0007200),0.00015885491368142215,0.006365820077526258,0,0,10.919731018045624,95.52055744775453,CX3CR1;F2R;CXCR2;NMUR1;CMKLR1
GO_Biological_Process_2023,Regulation Of Leukocyte Chemotaxis (GO:0002688),0.00017611833527769686,0.006807988864282478,0,0,35.81737918215613,309.6181203801259,LYN;EDN3;XCL1
GO_Biological_Process_2023,Cellular Response To Oxygen-Containing Compound (GO:1901701),0.00017817621495078913,0.006807988864282478,0,0,3.74362251167363,32.317710538719844,LYN;CX3CR1;MEF2C;P2RY2;PLCG2;NLRP3;GPBAR1;LILRB1;DEFA1;CD68;MMP9;NUGGC
KEGG_2021_Human,Systemic lupus erythematosus,0.0008784102446620452,0.007659737333453035,0,0,10.352561516740622,72.85508354242369,C4B;FCGR3A;TNF;HLA-DQA1
KEGG_2021_Human,Glioma,0.000843451540566919,0.007659737333453035,0,0,7.385767790262173,52.27652430367315,PDGFRB;CCND1;GADD45B;PLCG2;GADD45G
GO_Biological_Process_2023,Regulation Of T Cell Activation (GO:0050863),0.00021104700010298228,0.007815135025422828,0,0,10.22153159614312,86.50921409018301,TBX21;TNFSF11;TNFSF9;HLA-DQB2;HLA-DQA1
GO_Biological_Process_2023,Regulation Of Apoptotic Process (GO:0042981),0.00021404812911991918,0.007815135025422828,0,0,2.877319587628866,24.31136420334725,NTRK1;MEF2C;TNFRSF12A;GADD45B;FLT3;SCX;FASLG;LILRB1;MMP9;MPO;TNF;NUGGC;GADD45G;SH3RF2;LATS2;TNFSF9;PROK2
GO_Biological_Process_2023,Regulation Of Natural Killer Cell Mediated Cytotoxicity (GO:0042269),0.00022733654389149317,0.007947105140717517,0,0,15.328955223880596,128.59581737535535,KLRK1;CADM1;KLRC2;LILRB1
GO_Biological_Process_2023,Endoderm Formation (GO:0001706),0.00022733654389149317,0.007947105140717517,0,0,15.328955223880596,128.59581737535535,DUSP2;LAMB3;MMP15;MMP9
GO_Biological_Process_2023,Positive Regulation Of Leukocyte Degranulation (GO:0043302),0.00023300792797621494,0.007975667201352524,0,0,31.8364312267658,266.293857663081,FGR;ITGAM;KLRC2
GO_Biological_Process_2023,Peptidyl-Tyrosine Phosphorylation (GO:0018108),0.0002998048049566226,0.009145065606299567,0,0,9.418374091209518,76.40541967570852,PDGFRB;FGR;LYN;NTRK1;FLT3
GO_Biological_Process_2023,Negative Regulation Of Immune Effector Process (GO:0002698),0.0003005681939988902,0.009145065606299567,0,0,28.65167286245353,232.36036502113416,CD300A;SLAMF8;LILRB1
GO_Biological_Process_2023,Positive Regulation Of Lymphocyte Chemotaxis (GO:0140131),0.0003005681939988902,0.009145065606299567,0,0,28.65167286245353,232.36036502113416,CCL4;XCL2;XCL1
GO_Biological_Process_2023,Chemokine-Mediated Signaling Pathway (GO:0070098),0.00029626115991603606,0.009145065606299567,0,0,14.192371475953566,115.30264639491105,LYN;CCL4;XCL2;XCL1
GO_Biological_Process_2023,Response To Amyloid-Beta (GO:1904645),0.00029626115991603606,0.009145065606299567,0,0,14.192371475953566,115.30264639491105,NTRK1;ADRB2;TLR6;MMP9
GO_Biological_Process_2023,Immune Response-Regulating Cell Surface Receptor Signaling Pathway (GO:0002768),0.0003005681939988902,0.009145065606299567,0,0,28.65167286245353,232.36036502113416,LYN;FGR;LILRB1
KEGG_2021_Human,MicroRNAs in cancer,0.001096224500951492,0.009191420815670202,0,0,4.68812893081761,31.95373956965591,PDGFRB;ZEB2;EFNA3;CCND1;FSCN1;PLCG2;MMP9
KEGG_2021_Human,Hepatocellular carcinoma,0.0011390731277037649,0.009196960808867435,0,0,4.655614834092388,31.55361759301267,GSTM4;GSTM1;CCND1;GADD45B;PLCG2;GADD45G;GSTM5
GO_Biological_Process_2023,Positive Regulation Of Protein-Containing Complex Assembly (GO:0031334),0.00031005155328091895,0.00926208549164636,0,0,7.1345029239766085,57.638022266400775,TPPP3;PLEK;FSCN1;PLCG2;TLR6;TNF
KEGG_2021_Human,Platelet activation,0.0012378668876782493,0.009637677911209227,0,0,5.395404398847586,36.1188097814618,LYN;PLA2G4F;P2RX1;F2R;PLA2G4C;PLCG2
GO_Biological_Process_2023,Negative Regulation Of Lymphocyte Proliferation (GO:0050672),0.0003358135757217344,0.009852530444835887,0,0,13.68496801705757,109.46543494422833,LYN;CD300A;DLG5;LILRB1
KEGG_2021_Human,Asthma,0.0013137705010097546,0.009875929973107812,0,0,15.91263940520446,105.57803970051192,FCER1A;TNF;HLA-DQA1
GO_Biological_Process_2023,Negative Regulation Of Intracellular Signal Transduction (GO:1902532),0.0003532533113363445,0.009899333701466643,0,0,4.407708261320429,35.03389848252736,LYN;SPRED2;NUAK1;DUSP2;DLG5;PLEK;NLRP3;MMP9;HDAC9
GO_Biological_Process_2023,Response To Type II Interferon (GO:0034341),0.00035357032491833187,0.009899333701466643,0,0,9.062257084304996,72.02163708574108,IFITM3;CIITA;CCL4;XCL2;XCL1
GO_Biological_Process_2023,Hemopoiesis (GO:0030097),0.0003724297061578082,0.009899333701466643,0,0,6.878893662728249,54.31204521006333,LYN;CEBPA;JAG1;FLT3;PLEK;PLD4
GO_Biological_Process_2023,Macrophage Activation (GO:0042116),0.0003790067625444577,0.009899333701466643,0,0,13.212557900154401,104.08795652216101,FCGR3A;ITGAM;PLCG2;TNF
GO_Biological_Process_2023,Regulation Of Mast Cell Degranulation (GO:0043304),0.000379584919776262,0.009899333701466643,0,0,26.04596147347077,205.14925011495615,LYN;FGR;CD300A
GO_Biological_Process_2023,Regulation Of MAPK Cascade (GO:0043408),0.0003635147110420147,0.009899333701466643,0,0,4.930322331596217,39.046628367523645,LYN;SPRED2;DUSP2;FLT3;F2R;PLCG2;ADRB2;TNF
GO_Biological_Process_2023,Regulation Of Neuroinflammatory Response (GO:0150077),0.000379584919776262,0.009899333701466643,0,0,26.04596147347077,205.14925011495615,PLCG2;MMP9;TNF
KEGG_2021_Human,B cell receptor signaling pathway,0.001374848623190446,0.009990566661850574,0,0,6.574316351136422,43.32087672964828,LYN;PLCG2;LILRB1;PIK3AP1;LILRA4
KEGG_2021_Human,Fluid shear stress and atherosclerosis,0.001480192977218025,0.010409099001081595,0,0,5.200162568583621,33.882089839477494,GSTM4;MEF2C;GSTM1;TNF;MMP9;GSTM5
GO_Biological_Process_2023,Release Of Sequestered Calcium Ion Into Cytosol (GO:0051209),0.0004260284264752573,0.010936948510919496,0,0,12.771641791044775,99.12076922246591,F2R;PLCG2;XCL1;FASLG
KEGG_2021_Human,Osteoclast differentiation,0.0016141248318236343,0.010996225416798509,0,0,5.107725064874576,32.837372233214865,FCGR3A;PLCG2;TNFSF11;LILRB1;TNF;LILRA4
GO_Biological_Process_2023,Negative Regulation Of Cytokine Production Involved In Immune Response (GO:0002719),0.000470815949914539,0.01190077854937827,0,0,23.87453531598513,182.90384893842807,XCL1;LILRB1;TNF
GO_Biological_Process_2023,Positive Regulation Of Interleukin-6 Production (GO:0032755),0.00048263534732768585,0.012014695085748301,0,0,8.424995071949537,64.33536157424939,C1QTNF4;F2R;PLCG2;TLR6;TNF
KEGG_2021_Human,Inflammatory mediator regulation of TRP channels,0.00191109178744023,0.012624788171574853,0,0,6.073578912435405,38.021093423751246,NTRK1;PLA2G4F;P2RY2;PLA2G4C;PLCG2
GO_Biological_Process_2023,Regulation Of Collagen Biosynthetic Process (GO:0032965),0.0005749917887765295,0.01410017177551997,0,0,22.03717472118959,164.42277189782104,CIITA;F2R;SCX
GO_Biological_Process_2023,Negative Regulation Of Cellular Process (GO:0048523),0.000630977147297003,0.014375203603962683,0,0,3.058268595617993,22.53405978833117,KLF10;LYN;NTRK1;CEBPA;APOBEC3G;APOBEC3H;F2R;LILRB1;SULT2B1;ADGRG1;DLG5;PLXNA2;TGFBI
GO_Biological_Process_2023,Positive Regulation Of Cell Migration (GO:0030335),0.0006452327040250421,0.014375203603962683,0,0,4.03754752851711,29.659418471092465,PDGFRB;FGR;SHTN1;SH3RF2;DOCK5;CD151;PDGFD;F2R;PLCG2
GO_Biological_Process_2023,Positive Regulation Of Podosome Assembly (GO:0071803),0.0006465649820849968,0.014375203603962683,0,0,95.18148148148148,698.997271249578,FSCN1;TNF
GO_Biological_Process_2023,Regulation Of Inositol Phosphate Biosynthetic Process (GO:0010919),0.0006465649820849968,0.014375203603962683,0,0,95.18148148148148,698.997271249578,PLEK;CD244
GO_Biological_Process_2023,Positive Regulation Of Leukocyte Cell-Cell Adhesion (GO:1903039),0.0006562022338996964,0.014375203603962683,0,0,11.267339771729587,82.57880115507459,TNFSF11;TNF;HLA-DQA1;HLA-DQB2
GO_Biological_Process_2023,Positive Regulation Of Biosynthetic Process (GO:0009891),0.0006562022338996964,0.014375203603962683,0,0,11.267339771729587,82.57880115507459,F2R;PLCG2;SCX;TLR6
GO_Biological_Process_2023,Negative Regulation Of Toll-Like Receptor 2 Signaling Pathway (GO:0034136),0.0006465649820849968,0.014375203603962683,0,0,95.18148148148148,698.997271249578,LYN;TLR6
GO_Biological_Process_2023,Synapse Pruning (GO:0098883),0.0006465649820849968,0.014375203603962683,0,0,95.18148148148148,698.997271249578,CX3CR1;ITGAM
KEGG_2021_Human,Breast cancer,0.002243919132752882,0.014387481498239069,0,0,4.7685329025041945,29.085815832519163,JAG2;JAG1;CCND1;GADD45B;TNFSF11;GADD45G
GO_Biological_Process_2023,Positive Regulation Of NF-kappaB Transcription Factor Activity (GO:0051092),0.000674086073879643,0.01457267657084544,0,0,5.11672384219554,37.36309907094388,CX3CR1;NTRK1;PLCG2;TNFSF11;NLRP3;TLR6;TNF
GO_Biological_Process_2023,Dendritic Cell Differentiation (GO:0097028),0.0006928161906956204,0.014783077939128628,0,0,20.462294211364842,148.85798950779187,LYN;FLT3;LILRB1
KEGG_2021_Human,Chemical carcinogenesis,0.002383947253578441,0.014848585750860005,0,0,4.063309843146169,24.538318615113344,GSTM4;GSTM1;JAG1;CCND1;TNFSF11;ADRB2;GSTM5
GO_Biological_Process_2023,Transmembrane Receptor Protein Tyrosine Kinase Signaling Pathway (GO:0007169),0.0007090704488014156,0.014935932658727256,0,0,3.9817698838481173,28.874025988826492,FGR;LYN;NTRK1;PDGFRB;EFNA3;FLT3;PDGFD;ADRB2;MMP9
Reactome_2022,Interleukin-4 And Interleukin-13 Signaling R-HSA-6785807,0.00044421427892952424,0.015636342618319254,0,0,6.64091262639357,51.262556000468166,ITGAM;CCND1;FSCN1;FASLG;TNF;MMP9
GO_Biological_Process_2023,Positive Regulation Of Reactive Oxygen Species Metabolic Process (GO:2000379),0.000799232028998254,0.01594612183044965,0,0,10.640547263681592,75.88688548191043,PDGFRB;ITGAM;PLCG2;TLR6
GO_Biological_Process_2023,Regulation Of Mononuclear Cell Migration (GO:0071675),0.0008249667410762144,0.01594612183044965,0,0,19.09739776951673,135.59472271585517,LYN;TNF;CMKLR1
GO_Biological_Process_2023,Regulation Of Lymphocyte Differentiation (GO:0045619),0.0008249667410762144,0.01594612183044965,0,0,19.09739776951673,135.59472271585517,ZNF683;TBX21;SLAMF8
GO_Biological_Process_2023,Stimulatory C-type Lectin Receptor Signaling Pathway (GO:0002223),0.0008249667410762144,0.01594612183044965,0,0,19.09739776951673,135.59472271585517,LYN;KLRC2;PLCG2
GO_Biological_Process_2023,Regulation Of Interleukin-1 Beta Production (GO:0032651),0.0007898732257511559,0.01594612183044965,0,0,7.501463014981273,53.58773699290886,CX3CR1;F2R;NLRP3;TLR6;TNF
GO_Biological_Process_2023,Cellular Defense Response (GO:0006968),0.000799232028998254,0.01594612183044965,0,0,10.640547263681592,75.88688548191043,CX3CR1;KLRC2;GNLY;CXCR2
GO_Biological_Process_2023,Cellular Response To Lectin (GO:1990858),0.0008249667410762144,0.01594612183044965,0,0,19.09739776951673,135.59472271585517,LYN;KLRC2;PLCG2
KEGG_2021_Human,Apoptosis,0.0028261071624126324,0.01632433061112706,0,0,4.5421822272215975,26.657409217005373,NTRK1;GADD45B;GZMB;FASLG;TNF;GADD45G
KEGG_2021_Human,Neuroactive ligand-receptor interaction,0.002708759826917076,0.01632433061112706,0,0,3.9670810210876803,23.45046472173229,EDN3;P2RY2;P2RX1;F2R;NMUR1;ADRB2;ADRA1A
KEGG_2021_Human,Chagas disease,0.0028455255193707723,0.01632433061112706,0,0,5.513366912049594,32.31939825283796,ACE;PPP2R2B;FASLG;TLR6;TNF
KEGG_2021_Human,Epstein-Barr virus infection,0.0031613628333586534,0.01680919750419967,0,0,3.8529811320754717,22.18065709995154,LYN;GADD45B;CCND1;PLCG2;TNF;HLA-DQA1;GADD45G
KEGG_2021_Human,Fc gamma R-mediated phagocytosis,0.0031230639186113174,0.01680919750419967,0,0,5.389050204098809,31.089111239113404,LYN;FCGR3A;PLA2G4F;PLA2G4C;PLCG2
KEGG_2021_Human,Lipid and atherosclerosis,0.0031613628333586534,0.01680919750419967,0,0,3.8529811320754717,22.18065709995154,LYN;NLRP3;FASLG;TLR6;HSPA2;TNF;MMP9
Reactome_2022,Neutrophil Degranulation R-HSA-6798695,0.0005414355546800207,0.01681635134535594,0,0,3.111600045423575,23.403235449894872,ITGAM;FRMPD3;CD300A;MMP9;MPO;FGR;CXCR1;NAPRT;P2RX1;SLCO4C1;CXCR2;STOM;CD68
Reactome_2022,TNFR2 Non-Canonical NF-kB Pathway R-HSA-5668541,0.0005263552247945384,0.01681635134535594,0,0,6.418796992481203,48.45892767981343,EDARADD;TNFRSF12A;TNFSF11;TNFSF9;FASLG;TNF
GO_Biological_Process_2023,Negative Regulation Of Cytokine Production (GO:0001818),0.0009005878649792143,0.01720541700187034,0,0,4.857716845391611,34.06455879055287,TBX21;XCL1;LILRB1;TLR6;TNF;HDAC9;CMKLR1
GO_Biological_Process_2023,Lipopolysaccharide-Mediated Signaling Pathway (GO:0031663),0.0009720954259502128,0.017360356356915213,0,0,17.90311338289963,124.17700744419207,LYN;PLCG2;TNF
GO_Biological_Process_2023,Positive Regulation Of Amyloid Precursor Protein Catabolic Process (GO:1902993),0.0009720954259502128,0.017360356356915213,0,0,17.90311338289963,124.17700744419207,LYN;EFNA3;TNF
GO_Biological_Process_2023,Regulation Of Cell Development (GO:0060284),0.0009629565296222108,0.017360356356915213,0,0,10.07973291437549,70.00880801684744,CX3CR1;SLAMF8;ASCL2;HDAC9
GO_Biological_Process_2023,Positive Regulation Of Natural Killer Cell Mediated Cytotoxicity (GO:0045954),0.0009720954259502128,0.017360356356915213,0,0,17.90311338289963,124.17700744419207,KLRK1;CADM1;KLRC2
GO_Biological_Process_2023,B Cell Activation (GO:0042113),0.0009586743590141422,0.017360356356915213,0,0,7.164738107216725,49.794636834717124,LAT2;MEF2C;FLT3;PLCG2;HDAC9
GO_Biological_Process_2023,Microglial Cell Activation (GO:0001774),0.0009720954259502128,0.017360356356915213,0,0,17.90311338289963,124.17700744419207,CX3CR1;ITGAM;TNF
GO_Biological_Process_2023,Negative Regulation Of Apoptotic Process (GO:0043066),0.0009887221868411533,0.017467425300860377,0,0,3.0590817559403947,21.16608391694582,CX3CR1;NTRK1;SH3RF2;MEF2C;F2R;SCX;PROK2;SFN;MMP9;MPO;TNF;NUGGC
GO_Biological_Process_2023,Regulation Of T-helper 1 Cell Cytokine Production (GO:2000554),0.001070155746497297,0.017760261530253122,0,0,63.45185185185185,434.00756283219323,TBX21;XCL1
GO_Biological_Process_2023,Positive Regulation Of T-helper 1 Cell Cytokine Production (GO:2000556),0.001070155746497297,0.017760261530253122,0,0,63.45185185185185,434.00756283219323,TBX21;XCL1
GO_Biological_Process_2023,Positive Regulation Of Fever Generation (GO:0031622),0.001070155746497297,0.017760261530253122,0,0,63.45185185185185,434.00756283219323,TNFSF11;TNF
GO_Biological_Process_2023,Regulation Of Tumor Necrosis Factor Production (GO:0032680),0.0010271218285479728,0.017760261530253122,0,0,5.605810643112636,38.573553489361615,C1QTNF4;CX3CR1;FCGR3A;PLCG2;LILRB1;LILRA4
GO_Biological_Process_2023,Negative Regulation Of Myeloid Leukocyte Mediated Immunity (GO:0002887),0.001070155746497297,0.017760261530253122,0,0,63.45185185185185,434.00756283219323,CX3CR1;CD300A
GO_Biological_Process_2023,Regulation Of Kinase Activity (GO:0043549),0.0010204832315162113,0.017760261530253122,0,0,7.059098920467063,48.61939562647439,PDGFRB;FGR;NTRK1;FLT3;SLAMF8
GO_Biological_Process_2023,Negative Regulation Of Interleukin-2 Production (GO:0032703),0.0011348291929680922,0.018102178291714326,0,0,16.849333041766894,114.25992941709345,TBX21;XCL1;HDAC9
GO_Biological_Process_2023,Positive Regulation Of Phosphatidylinositol 3-Kinase Activity (GO:0043552),0.0011348291929680922,0.018102178291714326,0,0,16.849333041766894,114.25992941709345,PDGFRB;FGR;FLT3
GO_Biological_Process_2023,Long-Chain Fatty Acid Biosynthetic Process (GO:0042759),0.0011348291929680922,0.018102178291714326,0,0,16.849333041766894,114.25992941709345,GSTM4;GSTM1;FADS1
GO_Biological_Process_2023,Positive Regulation Of T Cell Cytokine Production (GO:0002726),0.0011348291929680922,0.018102178291714326,0,0,16.849333041766894,114.25992941709345,TBX21;NLRP3;XCL1
GO_Biological_Process_2023,Regulation Of Interleukin-2 Production (GO:0032663),0.0011489313285797376,0.018150905508235664,0,0,9.575,64.81243818604325,TBX21;PLCG2;XCL1;HDAC9
KEGG_2021_Human,Epithelial cell signaling in Helicobacter pylori infection,0.003844798127660339,0.019956333138808426,0,0,6.714846818538884,37.34149267110327,LYN;CXCR1;CXCR2;PLCG2
GO_Biological_Process_2023,Natural Killer Cell Mediated Cytotoxicity (GO:0042267),0.0013137705010097546,0.020557380315800254,0,0,15.91263940520446,105.57803970051192,FCGR3A;KLRK1;GZMB
KEGG_2021_Human,Neutrophil extracellular trap formation,0.004248779246282261,0.021540322690454257,0,0,4.994733146067416,27.27685492720522,FCGR3A;ITGAM;PLCG2;MPO;HDAC9
GO_Biological_Process_2023,Negative Regulation Of T Cell Cytokine Production (GO:0002725),0.001594140131551171,0.021826435301154783,0,0,47.587037037037035,306.5281297329025,TBX21;XCL1
GO_Biological_Process_2023,Positive Regulation Of T-helper 2 Cell Cytokine Production (GO:2000553),0.001594140131551171,0.021826435301154783,0,0,47.587037037037035,306.5281297329025,NLRP3;XCL1
GO_Biological_Process_2023,Endochondral Ossification (GO:0001958),0.001594140131551171,0.021826435301154783,0,0,47.587037037037035,306.5281297329025,MEF2C;SCX
GO_Biological_Process_2023,Positive Regulation Of Epidermis Development (GO:0045684),0.001594140131551171,0.021826435301154783,0,0,47.587037037037035,306.5281297329025,SULT2B1;SFN
GO_Biological_Process_2023,Positive Regulation Of Aspartic-Type Endopeptidase Activity Involved In Amyloid Precursor Protein Catabolic Process (GO:1902961),0.001594140131551171,0.021826435301154783,0,0,47.587037037037035,306.5281297329025,LYN;EFNA3
GO_Biological_Process_2023,Negative Regulation Of Viral Genome Replication (GO:0045071),0.0014730115734886392,0.021826435301154783,0,0,8.90593543908365,58.07067364328768,IFITM3;APOBEC3G;APOBEC3H;TNF
GO_Biological_Process_2023,Fc-epsilon Receptor Signaling Pathway (GO:0038095),0.001509497861394998,0.021826435301154783,0,0,15.074545098806496,97.92391672240409,LYN;PLCG2;LILRA4
GO_Biological_Process_2023,Mononuclear Cell Differentiation (GO:1903131),0.001509497861394998,0.021826435301154783,0,0,15.074545098806496,97.92391672240409,LYN;FLT3;LILRB1
GO_Biological_Process_2023,Defense Response To Bacterium (GO:0042742),0.001416489692388808,0.021826435301154783,0,0,5.247641831852358,34.42229237924341,FGR;GNLY;SLAMF8;TLR6;DEFA1;MPO
GO_Biological_Process_2023,Negative Regulation Of Leukocyte Migration (GO:0002686),0.001594140131551171,0.021826435301154783,0,0,47.587037037037035,306.5281297329025,CD300A;SLAMF8
GO_Biological_Process_2023,Negative Regulation Of Leukocyte Proliferation (GO:0070664),0.001594140131551171,0.021826435301154783,0,0,47.587037037037035,306.5281297329025,LYN;LILRB1
GO_Biological_Process_2023,Regulation Of Myosin-Light-Chain-Phosphatase Activity (GO:0035507),0.001594140131551171,0.021826435301154783,0,0,47.587037037037035,306.5281297329025,NUAK1;TNF
GO_Biological_Process_2023,Regulation Of Dendritic Cell Apoptotic Process (GO:2000668),0.001594140131551171,0.021826435301154783,0,0,47.587037037037035,306.5281297329025,LYN;LILRB1
GO_Biological_Process_2023,Positive Regulation Of Calcium Ion Transport (GO:0051928),0.001509497861394998,0.021826435301154783,0,0,15.074545098806496,97.92391672240409,PDGFRB;CCL4;F2R
GO_Biological_Process_2023,Regulation Of Antigen Receptor-Mediated Signaling Pathway (GO:0050854),0.001594140131551171,0.021826435301154783,0,0,47.587037037037035,306.5281297329025,LYN;CD300A
Reactome_2022,Chondroitin Sulfate/Dermatan Sulfate Metabolism R-HSA-1793185,0.000799232028998254,0.022210237437425163,0,0,10.640547263681592,75.88688548191043,HYAL3;B3GAT1;UST;CHST13
Reactome_2022,Signaling By Receptor Tyrosine Kinases R-HSA-9006934,0.0007968193898689502,0.022210237437425163,0,0,2.978003154059492,21.247702640408242,LYN;NTRK1;PDGFRB;MEF2C;LAMB3;FLT3;MATK;MMP9;SPRED2;PDGFD;ID1;TNS4;TNS3
KEGG_2021_Human,Central carbon metabolism in cancer,0.004568398662251331,0.022634338826608865,0,0,6.378358208955224,34.37037344700757,PDGFRB;LDHC;NTRK1;FLT3
GO_Biological_Process_2023,Fc-gamma Receptor Signaling Pathway (GO:0038094),0.0017225663681477228,0.02300956538916023,0,0,14.320260223048328,91.13327721174542,LYN;FGR;FCGR3A
GO_Biological_Process_2023,Positive Regulation Of Lipid Kinase Activity (GO:0090218),0.0017225663681477228,0.02300956538916023,0,0,14.320260223048328,91.13327721174542,PDGFRB;FGR;FLT3
GO_Biological_Process_2023,Positive Regulation Of Leukocyte Migration (GO:0002687),0.0017225663681477228,0.02300956538916023,0,0,14.320260223048328,91.13327721174542,EDN3;XCL1;TNF
KEGG_2021_Human,Pertussis,0.004828585341557488,0.02339181343243405,0,0,6.273550281379985,33.45810930276246,C4B;ITGAM;NLRP3;TNF
GO_Biological_Process_2023,Innate Immune Response Activating Cell Surface Receptor Signaling Pathway (GO:0002220),0.0019535082211747496,0.025883983930565433,0,0,13.637812002124269,85.07442284224328,LYN;KLRC2;PLCG2
GO_Biological_Process_2023,Negative Regulation Of Inflammatory Response (GO:0050728),0.0020134576621370476,0.026464887511129354,0,0,5.997425093632959,37.23142606347502,LYN;FGR;SIGLEC10;SLAMF8;NLRP3
KEGG_2021_Human,p53 signaling pathway,0.006279231560810109,0.02685916792089605,0,0,5.797150610583446,29.39449662883203,CCND1;GADD45B;SFN;GADD45G
KEGG_2021_Human,Drug metabolism,0.005968614707489717,0.02685916792089605,0,0,5.886567164179104,30.146525700948857,GSTM4;GSTM1;MPO;GSTM5
KEGG_2021_Human,Tuberculosis,0.005775236652753779,0.02685916792089605,0,0,3.894482828693355,20.07285010168749,CIITA;FCGR3A;ITGAM;TLR6;TNF;HLA-DQA1
KEGG_2021_Human,Ether lipid metabolism,0.006283566807182103,0.02685916792089605,0,0,8.67455221358567,43.9783965893838,PLA2G4F;PLA2G4C;PLD4
KEGG_2021_Human,Non-small cell lung cancer,0.006279231560810109,0.02685916792089605,0,0,5.797150610583446,29.39449662883203,CCND1;GADD45B;PLCG2;GADD45G
KEGG_2021_Human,Toxoplasmosis,0.005859408231421107,0.02685916792089605,0,0,4.609082397003745,23.68933151491476,CIITA;LAMB3;HSPA2;TNF;HLA-DQA1
Reactome_2022,Adrenoceptors R-HSA-390696,0.001070155746497297,0.026906773054789182,0,0,63.45185185185185,434.00756283219323,ADRB2;ADRA1A
Reactome_2022,MET Interacts With TNS Proteins R-HSA-8875513,0.001070155746497297,0.026906773054789182,0,0,63.45185185185185,434.00756283219323,TNS4;TNS3
GO_Biological_Process_2023,Cellular Response To Tumor Necrosis Factor (GO:0071356),0.0021197707651881004,0.02697422086376656,0,0,5.923151616035511,36.46557092668925,CCL4;XCL2;TNFSF11;XCL1;TNF
GO_Biological_Process_2023,Glycerophospholipid Metabolic Process (GO:0006650),0.002146308285088719,0.02697422086376656,0,0,7.976679104477612,49.00876419352306,PDGFRB;PLA2G4F;PLEK;PLA2G4C
GO_Biological_Process_2023,Negative Regulation Of Production Of Molecular Mediator Of Immune Response (GO:0002701),0.002216384550583375,0.02697422086376656,0,0,38.06814814814815,232.66787684365931,LILRB1;TNF
GO_Biological_Process_2023,Positive Regulation Of Calcium-Mediated Signaling (GO:0050850),0.002216384550583375,0.02697422086376656,0,0,38.06814814814815,232.66787684365931,CCL4;PLCG2
GO_Biological_Process_2023,Positive Regulation Of Neuroinflammatory Response (GO:0150078),0.002216384550583375,0.02697422086376656,0,0,38.06814814814815,232.66787684365931,PLCG2;TNF
GO_Biological_Process_2023,Regulation Of Cell Adhesion (GO:0030155),0.0020715786073235523,0.02697422086376656,0,0,4.849055411638339,29.964468066829593,LYN;ADGRG1;NUAK1;PLXNA2;TGFBI;TNF
GO_Biological_Process_2023,Regulation Of Podosome Assembly (GO:0071801),0.002216384550583375,0.02697422086376656,0,0,38.06814814814815,232.66787684365931,FSCN1;TNF
GO_Biological_Process_2023,Positive Regulation Of Aspartic-Type Peptidase Activity (GO:1905247),0.002216384550583375,0.02697422086376656,0,0,38.06814814814815,232.66787684365931,LYN;EFNA3
GO_Biological_Process_2023,Response To UV-A (GO:0070141),0.002216384550583375,0.02697422086376656,0,0,38.06814814814815,232.66787684365931,CCND1;MMP9
GO_Biological_Process_2023,Immune Response-Inhibiting Cell Surface Receptor Signaling Pathway (GO:0002767),0.002216384550583375,0.02697422086376656,0,0,38.06814814814815,232.66787684365931,LYN;LILRB1
GO_Biological_Process_2023,Positive Regulation Of Cell Population Proliferation (GO:0008284),0.0022685813788069936,0.027406464745440368,0,0,2.909309196446282,17.713621678640852,LYN;PDGFRB;MEF2C;EDN3;FLT3;PDGFD;CXCR2;F2R;MATK;SCX;TNF
GO_Biological_Process_2023,Positive Regulation Of Programmed Cell Death (GO:0043068),0.002322994911344241,0.027858982768894803,0,0,3.6433676386506577,22.096653162299244,NTRK1;LATS2;GADD45B;TNFRSF12A;LILRB1;FASLG;TNF;GADD45G
KEGG_2021_Human,Leishmaniasis,0.006932266155199904,0.02906219272756883,0,0,5.62620719929763,27.971074558027023,FCGR3A;ITGAM;TNF;HLA-DQA1
GO_Biological_Process_2023,Endodermal Cell Differentiation (GO:0035987),0.0024710293521945496,0.02941957409895395,0,0,12.450945530951996,74.74452602974507,LAMB3;MMP15;MMP9
GO_Biological_Process_2023,Negative Regulation Of Neuron Apoptotic Process (GO:0043524),0.0026385386726674566,0.03096513599423308,0,0,7.506584723441615,44.57057235449652,CX3CR1;NTRK1;MEF2C;F2R
GO_Biological_Process_2023,Negative Regulation Of Viral Process (GO:0048525),0.0026385386726674566,0.03096513599423308,0,0,7.506584723441615,44.57057235449652,IFITM3;APOBEC3G;APOBEC3H;TNF
KEGG_2021_Human,Necroptosis,0.0075857217154810565,0.031201647810846615,0,0,4.317238586901508,21.074546284324935,PLA2G4F;PLA2G4C;NLRP3;FASLG;TNF
GO_Biological_Process_2023,Cellular Response To Amyloid-Beta (GO:1904646),0.002758563119405904,0.03214410783818369,0,0,11.931691449814126,70.31399874112458,NTRK1;ADRB2;TLR6
GO_Biological_Process_2023,Regulation Of Interleukin-6 Production (GO:0032675),0.0028455255193707723,0.03236146279758668,0,0,5.513366912049594,32.31939825283796,C1QTNF4;F2R;PLCG2;TLR6;TNF
GO_Biological_Process_2023,DNA Cytosine Deamination (GO:0070383),0.0029347887747050608,0.03236146279758668,0,0,31.72222222222222,184.97607797388503,APOBEC3G;APOBEC3H
GO_Biological_Process_2023,Cellular Response To Oxidised Low-Density Lipoprotein Particle Stimulus (GO:0140052),0.0029347887747050608,0.03236146279758668,0,0,31.72222222222222,184.97607797388503,TLR6;CD68
GO_Biological_Process_2023,Alpha-Linolenic Acid Metabolic Process (GO:0036109),0.0029347887747050608,0.03236146279758668,0,0,31.72222222222222,184.97607797388503,FADS1;RAPSN
GO_Biological_Process_2023,Negative Regulation Of Alpha-Beta T Cell Activation (GO:0046636),0.0029347887747050608,0.03236146279758668,0,0,31.72222222222222,184.97607797388503,CD300A;LILRB1
GO_Biological_Process_2023,Positive Regulation Of Macrophage Cytokine Production (GO:0060907),0.0029347887747050608,0.03236146279758668,0,0,31.72222222222222,184.97607797388503,PLCG2;LILRB1
GO_Biological_Process_2023,Positive Regulation Of Smooth Muscle Contraction (GO:0045987),0.0029347887747050608,0.03236146279758668,0,0,31.72222222222222,184.97607797388503,F2R;PROK2
GO_Biological_Process_2023,Regulation Of Aspartic-Type Endopeptidase Activity Involved In Amyloid Precursor Protein Catabolic Process (GO:1902959),0.0029347887747050608,0.03236146279758668,0,0,31.72222222222222,184.97607797388503,LYN;EFNA3
GO_Biological_Process_2023,Immunoglobulin Mediated Immune Response (GO:0016064),0.0030658801910342414,0.0329231447965311,0,0,11.453977695167286,66.28898618927683,FCER1A;HLA-DQA1;HLA-DQB2
GO_Biological_Process_2023,Positive Regulation Of Extrinsic Apoptotic Signaling Pathway (GO:2001238),0.0030658801910342414,0.0329231447965311,0,0,11.453977695167286,66.28898618927683,TNFRSF12A;TLR6;TNF
GO_Biological_Process_2023,Positive Regulation Of Chemotaxis (GO:0050921),0.0030658801910342414,0.0329231447965311,0,0,11.453977695167286,66.28898618927683,PDGFRB;EDN3;XCL1
GO_Biological_Process_2023,Regulation Of Phosphatidylinositol 3-Kinase Activity (GO:0043551),0.0030658801910342414,0.0329231447965311,0,0,11.453977695167286,66.28898618927683,PDGFRB;FGR;FLT3
GO_Biological_Process_2023,Regulation Of Cytokine Production (GO:0001817),0.003272621488068128,0.03491504613568788,0,0,4.402800895368191,25.19354850499021,LYN;FGR;CADM1;PLD4;TNF;HDAC9
KEGG_2021_Human,Malaria,0.009028863498584052,0.03514807576234506,0,0,7.5316963412248095,35.454170933309776,KLRK1;KLRC4-KLRK1;TNF
KEGG_2021_Human,Metabolism of xenobiotics by cytochrome P450,0.009028863498584052,0.03514807576234506,0,0,7.5316963412248095,35.454170933309776,GSTM4;GSTM1;GSTM5
KEGG_2021_Human,Cell adhesion molecules,0.008716723568363439,0.03514807576234506,0,0,4.166422406774141,19.75930763307081,NLGN4Y;ITGAM;CADM1;NCAM1;HLA-DQA1
GO_Biological_Process_2023,Cardiac Ventricle Morphogenesis (GO:0003208),0.003393405795497738,0.03551188357963556,0,0,11.013011152416357,62.619113614710884,MEF2C;JAG1;TNNT2
GO_Biological_Process_2023,Negative Regulation Of Multicellular Organismal Process (GO:0051241),0.0033577485149085323,0.03551188357963556,0,0,3.8091461464662615,21.698742417585592,SPRED2;MEF2C;ID1;F2R;SLAMF8;TNF;HDAC9
GO_Biological_Process_2023,Natural Killer Cell Activation (GO:0030101),0.003393405795497738,0.03551188357963556,0,0,11.013011152416357,62.619113614710884,FCGR3A;KLRK1;CD244
GO_Biological_Process_2023,Negative Regulation Of Sequestering Of Calcium Ion (GO:0051283),0.0037415452077160065,0.03558838181027926,0,0,10.604708798017349,59.261833886404325,F2R;PLCG2;XCL1
GO_Biological_Process_2023,"Regulation Of Synaptic Transmission, Glutamatergic (GO:0051966)",0.0037415452077160065,0.03558838181027926,0,0,10.604708798017349,59.261833886404325,MEF2C;TSHZ3;TNF
GO_Biological_Process_2023,Enzyme-Linked Receptor Protein Signaling Pathway (GO:0007167),0.0037358632890599837,0.03558838181027926,0,0,5.1564576537392774,28.823445053730076,PDGFRB;LYN;FGR;NTRK1;FLT3
GO_Biological_Process_2023,Cellular Response To Cytokine Stimulus (GO:0071345),0.0036575983271141185,0.03558838181027926,0,0,3.3706497287283312,18.912542180112588,CEBPA;FLT3;CCL4;XCL2;XCL1;TNFSF11;LILRB1;LILRA4
GO_Biological_Process_2023,Regulation Of Cell Migration (GO:0030334),0.003643776094106008,0.03558838181027926,0,0,2.89005354904865,16.226884081257932,FGR;PDGFRB;SH3RF2;ACE;CD151;JAG1;PDGFD;DLG5;F2R;PLXNA2
GO_Biological_Process_2023,Antifungal Innate Immune Response (GO:0061760),0.003747285485805425,0.03558838181027926,0,0,27.18941798941799,151.89976237881672,CX3CR1;PLCG2
GO_Biological_Process_2023,Positive Regulation Of T Cell Chemotaxis (GO:0010820),0.003747285485805425,0.03558838181027926,0,0,27.18941798941799,151.89976237881672,XCL2;XCL1
GO_Biological_Process_2023,Endochondral Bone Morphogenesis (GO:0060350),0.003747285485805425,0.03558838181027926,0,0,27.18941798941799,151.89976237881672,MEF2C;SCX
GO_Biological_Process_2023,"Regulation Of Phagocytosis, Engulfment (GO:0060099)",0.003747285485805425,0.03558838181027926,0,0,27.18941798941799,151.89976237881672,CD300A;PLCG2
GO_Biological_Process_2023,Positive Regulation Of Muscle Contraction (GO:0045933),0.003747285485805425,0.03558838181027926,0,0,27.18941798941799,151.89976237881672,F2R;PROK2
GO_Biological_Process_2023,Positive Regulation Of Leukocyte Apoptotic Process (GO:2000108),0.003747285485805425,0.03558838181027926,0,0,27.18941798941799,151.89976237881672,LYN;MEF2C
GO_Biological_Process_2023,Positive Regulation Of Reactive Oxygen Species Biosynthetic Process (GO:1903428),0.003747285485805425,0.03558838181027926,0,0,27.18941798941799,151.89976237881672,PLCG2;TLR6
GO_Biological_Process_2023,Regulation Of Toll-Like Receptor 2 Signaling Pathway (GO:0034135),0.003747285485805425,0.03558838181027926,0,0,27.18941798941799,151.89976237881672,LYN;TLR6
GO_Biological_Process_2023,Negative Regulation Of Immune Response (GO:0050777),0.0036220236658571535,0.03558838181027926,0,0,6.83502132196162,38.41775735055719,FGR;LYN;CD300A;LILRB1
GO_Biological_Process_2023,Regulation Of Mast Cell Activation Involved In Immune Response (GO:0033006),0.003747285485805425,0.03558838181027926,0,0,27.18941798941799,151.89976237881672,LYN;CD300A
GO_Biological_Process_2023,B Cell Homeostasis (GO:0001782),0.003747285485805425,0.03558838181027926,0,0,27.18941798941799,151.89976237881672,LYN;MEF2C
KEGG_2021_Human,Adrenergic signaling in cardiomyocytes,0.009323746435875137,0.03565924075475052,0,0,4.094881398252185,19.144351647568328,PPP2R2B;TNNT2;ATP1B4;ADRB2;ADRA1A
Reactome_2022,Erythropoietin Activates Phospholipase C Gamma (PLCG) R-HSA-9027277,0.001594140131551171,0.0382593631572281,0,0,47.587037037037035,306.5281297329025,LYN;PLCG2
GO_Biological_Process_2023,Positive Regulation Of Phosphorylation (GO:0042327),0.0041191182099705745,0.03889489206311295,0,0,3.663228055783429,20.118874022106365,LYN;PDGFRB;NTRK1;CCND1;FLT3;TNF;MMP9
GO_Biological_Process_2023,Positive Regulation Of Hydrolase Activity (GO:0051345),0.0041777410295904555,0.03922302006638353,0,0,4.17832625040863,22.888806862162774,NTRK1;F2R;CCL4;XCL2;XCL1;RGS9
GO_Biological_Process_2023,Positive Regulation Of GTPase Activity (GO:0043547),0.0042377418492072294,0.03956028328549704,0,0,3.643284038755737,19.905901116793974,NTRK1;F2R;CCL4;XCL2;XCL1;TBC1D3C;RGS9
GO_Biological_Process_2023,Positive Regulation Of Immune Response (GO:0050778),0.004568398662251331,0.04153789584788435,0,0,6.378358208955224,34.37037344700757,ITGAM;SH2D1B;NLRP3;LILRB1
GO_Biological_Process_2023,Protein Autophosphorylation (GO:0046777),0.004617528645941938,0.04153789584788435,0,0,4.088945768677012,21.98992363028532,PDGFRB;LYN;FGR;NTRK1;FLT3;AATK
GO_Biological_Process_2023,Cytidine To Uridine Editing (GO:0016554),0.004651839827151991,0.04153789584788435,0,0,23.789814814814815,127.76302146561828,APOBEC3G;APOBEC3H
GO_Biological_Process_2023,Negative Regulation Of B Cell Proliferation (GO:0030889),0.004651839827151991,0.04153789584788435,0,0,23.789814814814815,127.76302146561828,LYN;CD300A
GO_Biological_Process_2023,Positive Regulation Of T-helper 1 Type Immune Response (GO:0002827),0.004651839827151991,0.04153789584788435,0,0,23.789814814814815,127.76302146561828,TBX21;XCL1
GO_Biological_Process_2023,Regulation Of Homotypic Cell-Cell Adhesion (GO:0034110),0.004651839827151991,0.04153789584788435,0,0,23.789814814814815,127.76302146561828,LYN;TNFSF11
GO_Biological_Process_2023,Aorta Development (GO:0035904),0.004651839827151991,0.04153789584788435,0,0,23.789814814814815,127.76302146561828,PDGFRB;JAG1
GO_Biological_Process_2023,Regulation Of T Cell Chemotaxis (GO:0010819),0.004651839827151991,0.04153789584788435,0,0,23.789814814814815,127.76302146561828,XCL2;XCL1
KEGG_2021_Human,Rap1 signaling pathway,0.01107502319239095,0.041626811309331505,0,0,3.367629600316581,15.16464780950208,PDGFRB;EFNA3;ITGAM;PDGFD;ID1;F2R
KEGG_2021_Human,Toll-like receptor signaling pathway,0.011328876948243005,0.04185924024944025,0,0,4.840733043642547,21.688421930102507,CCL4;MAP3K8;TLR6;TNF
GO_Biological_Process_2023,Positive Regulation Of Peptidyl-Tyrosine Phosphorylation (GO:0050731),0.004810054891528452,0.04271848749611485,0,0,4.842810123709,25.84630419127279,LYN;ACE;FLT3;PLCG2;TNF
KEGG_2021_Human,Glutathione metabolism,0.012375428199639422,0.04421875120409118,0,0,6.654620904296706,29.227376962202296,GSTM4;GSTM1;GSTM5
KEGG_2021_Human,Hematopoietic cell lineage,0.0127788134213658,0.04421875120409118,0,0,4.663087004004368,20.330903967465126,ITGAM;FLT3;TNF;HLA-DQA1
KEGG_2021_Human,Th1 and Th2 cell differentiation,0.0127788134213658,0.04421875120409118,0,0,4.663087004004368,20.330903967465126,JAG2;JAG1;TBX21;HLA-DQA1
KEGG_2021_Human,Renin secretion,0.012375428199639422,0.04421875120409118,0,0,6.654620904296706,29.227376962202296,ACE;EDN3;ADRB2
KEGG_2021_Human,Hedgehog signaling pathway,0.013118776684483966,0.04468583308152351,0,0,6.503126056100034,28.182667235009724,EVC2;CCND1;DHH
GO_Biological_Process_2023,Positive Regulation Of Multicellular Organismal Process (GO:0051240),0.0050779737623049305,0.044796263909537996,0,0,2.9370696742369744,15.516077859349153,FGR;CADM1;F2R;SCX;TNFSF11;ADRB2;TNF;CMKLR1;GADD45G
GO_Biological_Process_2023,Long-Chain Fatty Acid Metabolic Process (GO:0001676),0.005098540079783083,0.044796263909537996,0,0,6.17212325469427,32.58141065031987,GSTM4;PLA2G4C;FADS1;RAPSN
GO_Biological_Process_2023,Negative Regulation Of Cell Population Proliferation (GO:0008285),0.005185327205705402,0.04531644999454243,0,0,2.927065330107155,15.401990430876474,KLF10;LYN;NTRK1;SULT2B1;CEBPA;ADGRG1;CD300A;DLG5;F2R
KEGG_2021_Human,Phagosome,0.013585686279933631,0.04556430167731587,0,0,3.71222018987893,15.957863924591063,FCGR3A;ITGAM;TLR6;MPO;HLA-DQA1
KEGG_2021_Human,Small cell lung cancer,0.013808262215103825,0.04560910852867627,0,0,4.551705756929637,19.492625987893188,CCND1;GADD45B;LAMB3;GADD45G
GO_Biological_Process_2023,Cellular Response To Chemokine (GO:1990869),0.0053476735100535236,0.04624330303693652,0,0,9.234920254227125,48.3087328902565,CCL4;XCL2;XCL1
GO_Biological_Process_2023,Regulation Of Phosphoprotein Phosphatase Activity (GO:0043666),0.0053476735100535236,0.04624330303693652,0,0,9.234920254227125,48.3087328902565,PDGFRB;NUAK1;CD300A
GO_Biological_Process_2023,Regulation Of Interleukin-8 Production (GO:0032677),0.005378424285479243,0.0462657125709026,0,0,6.073916133617626,31.73839738418451,F2R;TLR6;TNF;CD244
Reactome_2022,Transport Of Organic Anions R-HSA-879518,0.002216384550583375,0.046810041708320885,0,0,38.06814814814815,232.66787684365931,SLCO4C1;NLRP3
Reactome_2022,G Alpha (I) Signaling Events R-HSA-418594,0.0020734079410451986,0.046810041708320885,0,0,3.7140151515151514,22.9472716833932,CX3CR1;CXCR1;PTGDR2;RGSL1;CCL4;CXCR2;TAS2R13;NMUR1
Reactome_2022,Constitutive Signaling By NOTCH1 t(7;9)(NOTCH1:M1580 K2555) Translocation Mutant R-HSA-2660826,0.002216384550583375,0.046810041708320885,0,0,38.06814814814815,232.66787684365931,JAG2;JAG1
GO_Biological_Process_2023,Regulation Of Vascular Associated Smooth Muscle Cell Migration (GO:1904752),0.005646448959039199,0.047332222651537775,0,0,21.145679012345678,109.46543780450925,DOCK5;MEF2C
GO_Biological_Process_2023,Positive Regulation Of Macrophage Activation (GO:0043032),0.005646448959039199,0.047332222651537775,0,0,21.145679012345678,109.46543780450925,CEBPA;TLR6
GO_Biological_Process_2023,Positive Regulation Of Defense Response (GO:0031349),0.00563774315143456,0.047332222651537775,0,0,4.654012581360678,24.099740450116713,CEBPA;MEF2C;SH2D1B;NLRP3;TNF
GO_Biological_Process_2023,Sulfation (GO:0051923),0.005646448959039199,0.047332222651537775,0,0,21.145679012345678,109.46543780450925,SULT2B1;UST
GO_Biological_Process_2023,Granulocyte Differentiation (GO:0030851),0.005646448959039199,0.047332222651537775,0,0,21.145679012345678,109.46543780450925,LYN;CEBPA
KEGG_2021_Human,Prostate cancer,0.014888930586528251,0.047987348684642744,0,0,4.445505032974662,18.702849845001413,PDGFRB;CCND1;PDGFD;MMP9
KEGG_2021_Human,Linoleic acid metabolism,0.014968530782365626,0.047987348684642744,0,0,11.891203703703704,49.964521907243494,PLA2G4F;PLA2G4C
GO_Biological_Process_2023,Ephrin Receptor Signaling Pathway (GO:0048013),0.005804294373580533,0.048163917453499065,0,0,8.945980483271375,46.064260050518094,LYN;EFNA3;MMP9
GO_Biological_Process_2023,Regulation Of Nitric Oxide Biosynthetic Process (GO:0045428),0.005804294373580533,0.048163917453499065,0,0,8.945980483271375,46.064260050518094,CX3CR1;TLR6;TNF
GO_Biological_Process_2023,Receptor-Mediated Endocytosis (GO:0006898),0.005859408231421107,0.04837692323731095,0,0,4.609082397003745,23.68933151491476,ITGAM;CXCR1;CXCR2;LILRB1;ADRB2
GO_Biological_Process_2023,Negative Regulation Of Protein Serine/Threonine Kinase Activity (GO:0071901),0.005968614707489717,0.04903216982202802,0,0,5.886567164179104,30.146525700948857,LYN;CEBPA;LATS2;CD300A
Reactome_2022,DAP12 Signaling R-HSA-2424491,0.0024710293521945496,0.050180903767643156,0,0,12.450945530951996,74.74452602974507,KLRK1;KLRC2;PLCG2
KEGG_2021_Human,Choline metabolism in cancer,0.016021587740517523,0.05061892938308434,0,0,4.344131614654002,17.957850472419548,PDGFRB;PLA2G4F;PDGFD;PLA2G4C
KEGG_2021_Human,Long-term depression,0.0163429793076914,0.05089670698681036,0,0,5.960269516728625,24.52029174923072,LYN;PLA2G4F;PLA2G4C
KEGG_2021_Human,Influenza A,0.017058883702052274,0.052377980944329515,0,0,3.494354684381749,14.225812049394923,CIITA;NLRP3;FASLG;TNF;HLA-DQA1
GO_Biological_Process_2023,Negative Regulation Of Transcription By RNA Polymerase II (GO:0000122),0.00642339951725887,0.05250569854157375,0,0,2.232011691447452,11.26676598471992,KLF10;CEBPA;CIITA;MEF2C;SOX13;FASLG;ASCL2;HDAC9;TNF;ZEB2;ZFP57;CCND1;TBX21;ID1
GO_Biological_Process_2023,Regulation Of Transposition (GO:0010528),0.006729141617769373,0.05309056272353288,0,0,19.03037037037037,95.17673765996442,APOBEC3G;APOBEC3H
GO_Biological_Process_2023,Peptide Antigen Assembly With MHC Class II Protein Complex (GO:0002503),0.006729141617769373,0.05309056272353288,0,0,19.03037037037037,95.17673765996442,HLA-DQA1;HLA-DQB2
GO_Biological_Process_2023,Negative Regulation Of Interleukin-12 Production (GO:0032695),0.006729141617769373,0.05309056272353288,0,0,19.03037037037037,95.17673765996442,LILRB1;CMKLR1
GO_Biological_Process_2023,MHC Class II Protein Complex Assembly (GO:0002399),0.006729141617769373,0.05309056272353288,0,0,19.03037037037037,95.17673765996442,HLA-DQA1;HLA-DQB2
GO_Biological_Process_2023,Negative Regulation Of Single Stranded Viral RNA Replication Via Double Stranded DNA Intermediate (GO:0045869),0.006729141617769373,0.05309056272353288,0,0,19.03037037037037,95.17673765996442,APOBEC3G;APOBEC3H
GO_Biological_Process_2023,Regulation Of Cytokine Production Involved In Inflammatory Response (GO:1900015),0.0067857688204150364,0.05309056272353288,0,0,8.419090312705007,42.03590906555692,PLD4;TLR6;TNF
GO_Biological_Process_2023,DNA Deamination (GO:0045006),0.006729141617769373,0.05309056272353288,0,0,19.03037037037037,95.17673765996442,APOBEC3G;APOBEC3H
GO_Biological_Process_2023,Positive Regulation Of Type 2 Immune Response (GO:0002830),0.006729141617769373,0.05309056272353288,0,0,19.03037037037037,95.17673765996442,NLRP3;XCL1
GO_Biological_Process_2023,Positive Regulation Of Smooth Muscle Cell Proliferation (GO:0048661),0.0067857688204150364,0.05309056272353288,0,0,8.419090312705007,42.03590906555692,PDGFRB;TNF;MMP9
Reactome_2022,MET Promotes Cell Motility R-HSA-8875878,0.002758563119405904,0.05394523433504879,0,0,11.931691449814126,70.31399874112458,LAMB3;TNS4;TNS3
GO_Biological_Process_2023,Lymphocyte Differentiation (GO:0030098),0.006932266155199904,0.053979683853049486,0,0,5.62620719929763,27.971074558027023,JAG2;FLT3;PLCG2;HDAC9
GO_Biological_Process_2023,Positive Regulation Of DNA-binding Transcription Factor Activity (GO:0051091),0.00701957109741954,0.05440167600500143,0,0,3.3014983351831297,16.37230575197193,CX3CR1;NTRK1;PLCG2;TNFSF11;NLRP3;TLR6;TNF
Reactome_2022,Hydrolysis Of LPC R-HSA-1483115,0.0029347887747050608,0.05534173118015258,0,0,31.72222222222222,184.97607797388503,PLA2G4F;PLA2G4C
GO_Biological_Process_2023,Regulation Of NIK/NF-kappaB Signaling (GO:1901222),0.007274979157289571,0.05611638852313035,0,0,5.54445165476963,27.29707828894316,C1QTNF4;NLRP3;TNF;HDAC9
KEGG_2021_Human,Hippo signaling pathway,0.01899751488945902,0.0568195906873826,0,0,3.3946928042075064,13.454685362657719,LATS2;CCND1;PPP2R2B;DLG5;ID1
KEGG_2021_Human,Legionellosis,0.01902674367054555,0.0568195906873826,0,0,5.609009403017713,22.22238891766641,ITGAM;HSPA2;TNF
GO_Biological_Process_2023,Positive Regulation Of Smooth Muscle Cell Migration (GO:0014911),0.007897977682055296,0.057164657848532384,0,0,17.2996632996633,83.75023975841086,PDGFRB;DOCK5
GO_Biological_Process_2023,Positive Regulation Of Epidermal Cell Differentiation (GO:0045606),0.007897977682055296,0.057164657848532384,0,0,17.2996632996633,83.75023975841086,SULT2B1;SFN
GO_Biological_Process_2023,Positive Regulation Of Osteoclast Differentiation (GO:0045672),0.007897977682055296,0.057164657848532384,0,0,17.2996632996633,83.75023975841086,TNFSF11;TNF
GO_Biological_Process_2023,Positive Regulation Of Epithelial Cell Differentiation (GO:0030858),0.007897977682055296,0.057164657848532384,0,0,17.2996632996633,83.75023975841086,SULT2B1;SFN
GO_Biological_Process_2023,Negative Regulation Of RNA Biosynthetic Process (GO:1902679),0.007897977682055296,0.057164657848532384,0,0,17.2996632996633,83.75023975841086,APOBEC3G;APOBEC3H
GO_Biological_Process_2023,Platelet-Derived Growth Factor Receptor Signaling Pathway (GO:0048008),0.007897977682055296,0.057164657848532384,0,0,17.2996632996633,83.75023975841086,PDGFRB;PDGFD
GO_Biological_Process_2023,T Cell Proliferation (GO:0042098),0.007897977682055296,0.057164657848532384,0,0,17.2996632996633,83.75023975841086,CADM1;LILRB1
GO_Biological_Process_2023,Regulation Of Natural Killer Cell Activation (GO:0032814),0.007897977682055296,0.057164657848532384,0,0,17.2996632996633,83.75023975841086,ZNF683;KLRC2
GO_Biological_Process_2023,Aorta Morphogenesis (GO:0035909),0.007897977682055296,0.057164657848532384,0,0,17.2996632996633,83.75023975841086,PDGFRB;JAG1
GO_Biological_Process_2023,Regulation Of Macrophage Cytokine Production (GO:0010935),0.007897977682055296,0.057164657848532384,0,0,17.2996632996633,83.75023975841086,PLCG2;LILRB1
GO_Biological_Process_2023,Regulation Of Cysteine-Type Endopeptidase Activity Involved In Apoptotic Process (GO:0043281),0.007628681720115883,0.057164657848532384,0,0,5.46503198294243,26.64662277051526,F2R;NLRP3;SFN;TNF
GO_Biological_Process_2023,Negative Regulation Of Calcium Ion Transport (GO:0051926),0.007897977682055296,0.057164657848532384,0,0,17.2996632996633,83.75023975841086,MRLN;LILRB1
GO_Biological_Process_2023,Negative Regulation Of Leukocyte Mediated Cytotoxicity (GO:0001911),0.007897977682055296,0.057164657848532384,0,0,17.2996632996633,83.75023975841086,CX3CR1;LILRB1
GO_Biological_Process_2023,B Cell Receptor Signaling Pathway (GO:0050853),0.007859991494636927,0.057164657848532384,0,0,7.950743494423792,38.52906250094895,LAT2;MEF2C;PLCG2
GO_Biological_Process_2023,Regulation Of Intracellular Signal Transduction (GO:1902531),0.008034564848565023,0.05789820195698391,0,0,2.9309828321235165,14.139068328637816,LYN;NTRK1;NUAK1;CHN2;PLCG2;TNFSF11;TNF;CMKLR1
Reactome_2022,Type I Hemidesmosome Assembly R-HSA-446107,0.003747285485805425,0.05819313930897836,0,0,27.18941798941799,151.89976237881672,CD151;LAMB3
Reactome_2022,Generation Of Second Messenger Molecules R-HSA-202433,0.003393405795497738,0.05819313930897836,0,0,11.013011152416357,62.619113614710884,PLCG2;HLA-DQA1;HLA-DQB2
Reactome_2022,Glutathione Conjugation R-HSA-156590,0.003393405795497738,0.05819313930897836,0,0,11.013011152416357,62.619113614710884,GSTM4;GSTM1;GSTM5
Reactome_2022,Glycosaminoglycan Metabolism R-HSA-1630316,0.0034196049423438997,0.05819313930897836,0,0,5.270197966827181,29.925397510897206,UST;HYAL3;B3GAT1;CHST13;PRELP
Reactome_2022,Signaling By NOTCH2 R-HSA-1980145,0.0037415452077160065,0.05819313930897836,0,0,10.604708798017349,59.261833886404325,JAG2;JAG1;GZMB
Reactome_2022,Leishmania Infection R-HSA-9658195,0.003563306133859699,0.05819313930897836,0,0,3.7662907136080954,21.230831119785226,LYN;GPR27;FGR;PLCG2;GPBAR1;NLRP3;ADRB2
GO_Biological_Process_2023,Negative Regulation Of Nucleic Acid-Templated Transcription (GO:1903507),0.008268986214588403,0.059327267906413746,0,0,2.5501017140325084,12.22835832011513,KLF10;CEBPA;CIITA;TSHZ3;TBX21;ID1;SOX13;XCL1;HDAC9;TNF
KEGG_2021_Human,VEGF signaling pathway,0.02094318957032965,0.05969750055664171,0,0,5.396927824928105,20.86420868452989,PLA2G4F;PLA2G4C;PLCG2
KEGG_2021_Human,Vascular smooth muscle contraction,0.021085814416795468,0.05969750055664171,0,0,3.980876865671642,15.362819933467836,PLA2G4F;EDN3;PLA2G4C;ADRA1A
KEGG_2021_Human,Endometrial cancer,0.02094318957032965,0.05969750055664171,0,0,5.396927824928105,20.86420868452989,CCND1;GADD45B;GADD45G
KEGG_2021_Human,Inflammatory bowel disease,0.02094318957032965,0.05969750055664171,0,0,5.396927824928105,20.86420868452989,TBX21;TNF;HLA-DQA1
GO_Biological_Process_2023,Positive Regulation Of Ras Protein Signal Transduction (GO:0046579),0.008432487238890861,0.05971800229955898,0,0,7.735557118456747,36.942417816460825,NTRK1;ADGRG1;F2R
GO_Biological_Process_2023,Positive Regulation Of Lymphocyte Activation (GO:0051251),0.008432487238890861,0.05971800229955898,0,0,7.735557118456747,36.942417816460825,TNFSF11;HLA-DQA1;HLA-DQB2
GO_Biological_Process_2023,Microtubule Bundle Formation (GO:0001578),0.008432487238890861,0.05971800229955898,0,0,7.735557118456747,36.942417816460825,RSPH6A;LRGUK;TPPP3
Reactome_2022,Antigen Activates B Cell Receptor Leading To Second Messenger Generation R-HSA-983695,0.004110684207135159,0.06201260746763897,0,0,10.225570897503983,56.18098181415238,LYN;PLCG2;PIK3AP1
GO_Biological_Process_2023,Negative Regulation Of Epithelial Cell Differentiation (GO:0030857),0.009151047737170976,0.06212880757095832,0,0,15.857407407407408,74.43287688895772,SPRED2;MMP9
GO_Biological_Process_2023,Negative Regulation Of Inflammatory Response To Antigenic Stimulus (GO:0002862),0.009151047737170976,0.06212880757095832,0,0,15.857407407407408,74.43287688895772,LYN;FGR
GO_Biological_Process_2023,Negative Regulation Of Viral Entry Into Host Cell (GO:0046597),0.009151047737170976,0.06212880757095832,0,0,15.857407407407408,74.43287688895772,IFITM3;CIITA
GO_Biological_Process_2023,Negative Regulation Of T Cell Mediated Immunity (GO:0002710),0.009151047737170976,0.06212880757095832,0,0,15.857407407407408,74.43287688895772,XCL1;LILRB1
GO_Biological_Process_2023,Positive Regulation Of Collagen Biosynthetic Process (GO:0032967),0.009151047737170976,0.06212880757095832,0,0,15.857407407407408,74.43287688895772,F2R;SCX
GO_Biological_Process_2023,Regulation Of Interleukin-10 Production (GO:0032653),0.009028863498584052,0.06212880757095832,0,0,7.5316963412248095,35.454170933309776,PLCG2;XCL1;LILRB1
GO_Biological_Process_2023,Positive Regulation Of Leukocyte Chemotaxis (GO:0002690),0.009028863498584052,0.06212880757095832,0,0,7.5316963412248095,35.454170933309776,EDN3;XCL1;CMKLR1
GO_Biological_Process_2023,Base Conversion Or Substitution Editing (GO:0016553),0.009151047737170976,0.06212880757095832,0,0,15.857407407407408,74.43287688895772,APOBEC3G;APOBEC3H
GO_Biological_Process_2023,Positive Regulation Of Cell Death (GO:0010942),0.009028863498584052,0.06212880757095832,0,0,7.5316963412248095,35.454170933309776,NTRK1;ITGAM;TNF
GO_Biological_Process_2023,Dendritic Cell Chemotaxis (GO:0002407),0.009151047737170976,0.06212880757095832,0,0,15.857407407407408,74.43287688895772,CXCR1;CXCR2
Reactome_2022,Costimulation By CD28 Family R-HSA-388841,0.004317816292046728,0.06332797228335202,0,0,6.486718947634708,35.32022029804747,LYN;MAP3K8;HLA-DQB2;HLA-DQA1
KEGG_2021_Human,Complement and coagulation cascades,0.02296166866244076,0.06404877469575943,0,0,5.200270361608651,19.625451298351763,C4B;ITGAM;F2R
KEGG_2021_Human,TNF signaling pathway,0.023210335784243093,0.06404877469575943,0,0,3.859791949344188,14.525005376084525,JAG1;MAP3K8;TNF;MMP9
Reactome_2022,Acyl Chain Remodelling Of PI R-HSA-1482922,0.004651839827151991,0.06463609022990134,0,0,23.789814814814815,127.76302146561828,PLA2G4F;PLA2G4C
Reactome_2022,Metabolism Of Angiotensinogen To Angiotensins R-HSA-2022377,0.004651839827151991,0.06463609022990134,0,0,23.789814814814815,127.76302146561828,ACE;GZMH
GO_Biological_Process_2023,Positive Regulation Of Tyrosine Phosphorylation Of STAT Protein (GO:0042531),0.009649319668315592,0.06497472219279721,0,0,7.338289962825279,34.05603408580445,LYN;FLT3;TNF
GO_Biological_Process_2023,Unsaturated Fatty Acid Metabolic Process (GO:0033559),0.009649319668315592,0.06497472219279721,0,0,7.338289962825279,34.05603408580445,PLA2G4C;FADS1;RAPSN
GO_Biological_Process_2023,Positive Regulation Of Cell Motility (GO:2000147),0.010513003916739325,0.06643409782770274,0,0,3.40775014459225,15.522786899028688,PDGFRB;FGR;SH3RF2;CD151;PDGFD;F2R
GO_Biological_Process_2023,Inositol Phosphate-Mediated Signaling (GO:0048016),0.010486472654549656,0.06643409782770274,0,0,14.637037037037038,66.71077245891135,EDN3;NMUR1
GO_Biological_Process_2023,Regulation Of Smooth Muscle Contraction (GO:0006940),0.010486472654549656,0.06643409782770274,0,0,14.637037037037038,66.71077245891135,F2R;PROK2
GO_Biological_Process_2023,Regulation Of Transforming Growth Factor Beta Production (GO:0071634),0.010486472654549656,0.06643409782770274,0,0,14.637037037037038,66.71077245891135,XCL1;LILRB1
GO_Biological_Process_2023,Negative Regulation Of Viral Life Cycle (GO:1903901),0.010486472654549656,0.06643409782770274,0,0,14.637037037037038,66.71077245891135,IFITM3;CIITA
GO_Biological_Process_2023,Positive Regulation Of Collagen Metabolic Process (GO:0010714),0.010486472654549656,0.06643409782770274,0,0,14.637037037037038,66.71077245891135,F2R;SCX
GO_Biological_Process_2023,Positive Regulation Of Myeloid Leukocyte Cytokine Production Involved In Immune Response (GO:0061081),0.010486472654549656,0.06643409782770274,0,0,14.637037037037038,66.71077245891135,PLCG2;LILRB1
GO_Biological_Process_2023,Regulation Of Neuron Apoptotic Process (GO:0043523),0.009989378247715317,0.06643409782770274,0,0,5.032403770620581,23.180423943772347,NTRK1;MEF2C;F2R;TNF
GO_Biological_Process_2023,Regulation Of Inflammatory Response To Antigenic Stimulus (GO:0002861),0.010486472654549656,0.06643409782770274,0,0,14.637037037037038,66.71077245891135,LYN;FGR
GO_Biological_Process_2023,Leukocyte Tethering Or Rolling (GO:0050901),0.010486472654549656,0.06643409782770274,0,0,14.637037037037038,66.71077245891135,CX3CR1;TNF
GO_Biological_Process_2023,Immunoglobulin Production Involved In Immunoglobulin-Mediated Immune Response (GO:0002381),0.010486472654549656,0.06643409782770274,0,0,14.637037037037038,66.71077245891135,HLA-DQA1;HLA-DQB2
GO_Biological_Process_2023,Regulation Of Single Stranded Viral RNA Replication Via Double Stranded DNA Intermediate (GO:0045091),0.010486472654549656,0.06643409782770274,0,0,14.637037037037038,66.71077245891135,APOBEC3G;APOBEC3H
GO_Biological_Process_2023,T Cell Migration (GO:0072678),0.010486472654549656,0.06643409782770274,0,0,14.637037037037038,66.71077245891135,DEFA1;XG
GO_Biological_Process_2023,Lymphocyte Mediated Immunity (GO:0002449),0.010486472654549656,0.06643409782770274,0,0,14.637037037037038,66.71077245891135,JAG1;KLRC2
GO_Biological_Process_2023,Receptor Internalization (GO:0031623),0.010294040549117102,0.06643409782770274,0,0,7.154553903345725,32.74059901898226,CXCR1;CXCR2;LILRB1
GO_Biological_Process_2023,Regulation Of Epidermal Cell Differentiation (GO:0045604),0.010486472654549656,0.06643409782770274,0,0,14.637037037037038,66.71077245891135,SULT2B1;SFN
GO_Biological_Process_2023,Positive Regulation Of Cellular Process (GO:0048522),0.010825476158570217,0.06814657980280026,0,0,2.3280598941958632,10.536456900852706,LYN;PDGFRB;ADGRG1;EDN3;FLT3;PDGFD;CXCR2;F2R;MATK;SCX;TNF
GO_Biological_Process_2023,Negative Regulation Of Cysteine-Type Endopeptidase Activity Involved In Apoptotic Process (GO:0043154),0.010963196717522099,0.0682292886624576,0,0,6.97978057847493,31.501225057688046,SFN;TNF;MMP9
GO_Biological_Process_2023,Regulation Of B Cell Proliferation (GO:0030888),0.010963196717522099,0.0682292886624576,0,0,6.97978057847493,31.501225057688046,LYN;MEF2C;CD300A
GO_Biological_Process_2023,Regulated Exocytosis (GO:0045055),0.010963196717522099,0.0682292886624576,0,0,6.97978057847493,31.501225057688046,LYN;PLEK;SYNGR3
KEGG_2021_Human,cAMP signaling pathway,0.025664330844732405,0.0699353015518958,0,0,3.1269736358963063,11.453019856204538,ADCY10;EDN3;F2R;ATP1B4;ADRB2
Reactome_2022,Biological Oxidations R-HSA-211859,0.005255785600651946,0.07058929033270651,0,0,3.975525019445165,20.86524804078339,SULT2B1;GSTM4;GSTM1;CYP21A2;CYP4F22;GSTM5
Reactome_2022,FCGR3A-mediated IL10 Synthesis R-HSA-9664323,0.0053476735100535236,0.07058929033270651,0,0,9.234920254227125,48.3087328902565,LYN;FGR;PLCG2
GO_Biological_Process_2023,Dendritic Cell Migration (GO:0036336),0.01190240317275602,0.07111144877395688,0,0,13.591005291005292,60.22194765665052,CXCR1;CXCR2
GO_Biological_Process_2023,Retrotransposon Silencing (GO:0010526),0.01190240317275602,0.07111144877395688,0,0,13.591005291005292,60.22194765665052,APOBEC3G;APOBEC3H
GO_Biological_Process_2023,Positive Regulation Of Smoothened Signaling Pathway (GO:0045880),0.01190240317275602,0.07111144877395688,0,0,13.591005291005292,60.22194765665052,DHH;DLG5
GO_Biological_Process_2023,Peptide Antigen Assembly With MHC Protein Complex (GO:0002501),0.01190240317275602,0.07111144877395688,0,0,13.591005291005292,60.22194765665052,HLA-DQA1;HLA-DQB2
GO_Biological_Process_2023,Xenobiotic Catabolic Process (GO:0042178),0.01190240317275602,0.07111144877395688,0,0,13.591005291005292,60.22194765665052,GSTM4;GSTM1
GO_Biological_Process_2023,Regulation Of B Cell Receptor Signaling Pathway (GO:0050855),0.01190240317275602,0.07111144877395688,0,0,13.591005291005292,60.22194765665052,LYN;CD300A
GO_Biological_Process_2023,Positive Regulation Of Transport (GO:0051050),0.011656944874543235,0.07111144877395688,0,0,6.813329792883696,30.331943700527066,CD151;SYNGR3;TNF
GO_Biological_Process_2023,Regulation Of Interleukin-12 Production (GO:0032655),0.011656944874543235,0.07111144877395688,0,0,6.813329792883696,30.331943700527066,PLCG2;LILRB1;CMKLR1
GO_Biological_Process_2023,Positive Regulation Of Cytokine Production Involved In Inflammatory Response (GO:1900017),0.01190240317275602,0.07111144877395688,0,0,13.591005291005292,60.22194765665052,TLR6;TNF
GO_Biological_Process_2023,Positive Regulation Of Phosphoprotein Phosphatase Activity (GO:0032516),0.01190240317275602,0.07111144877395688,0,0,13.591005291005292,60.22194765665052,PDGFRB;CD300A
GO_Biological_Process_2023,Icosanoid Metabolic Process (GO:0006690),0.011656944874543235,0.07111144877395688,0,0,6.813329792883696,30.331943700527066,PLA2G4C;CYP4F22;FADS1
Reactome_2022,FCGR Activation R-HSA-2029481,0.005646448959039199,0.0727152451310414,0,0,21.145679012345678,109.46543780450925,LYN;FGR
GO_Biological_Process_2023,Cellular Response To Type II Interferon (GO:0071346),0.012375428199639422,0.07340371311194069,0,0,6.654620904296706,29.227376962202296,CCL4;XCL2;XCL1
GO_Biological_Process_2023,Cellular Response To Peptide (GO:1901653),0.012375428199639422,0.07340371311194069,0,0,6.654620904296706,29.227376962202296,NTRK1;TLR6;ADRB2
Reactome_2022,Adaptive Immune System R-HSA-1280218,0.005967490473881378,0.07501988024308018,0,0,2.1838739508994784,11.184554939158266,LYN;CD300A;SIGLEC10;SH2D1B;LILRB1;LILRA4;KLRK1;HECW2;PLCG2;KLRF1;MAP3K8;TLR6;PIK3AP1;HLA-DQB2;HLA-DQA1
GO_Biological_Process_2023,Positive Regulation Of NIK/NF-kappaB Signaling (GO:1901224),0.013118776684483966,0.07512390099882361,0,0,6.503126056100034,28.182667235009724,C1QTNF4;NLRP3;TNF
GO_Biological_Process_2023,Positive Regulation Of Protein Modification Process (GO:0031401),0.01288825707204847,0.07512390099882361,0,0,3.2527080412896647,14.153959607361275,LYN;NTRK1;ACE;CCND1;TNF;MMP9
GO_Biological_Process_2023,Positive Regulation Of Natural Killer Cell Activation (GO:0032816),0.013397019472096969,0.07512390099882361,0,0,12.684444444444445,54.70449560501249,FCGR3A;KLRC2
GO_Biological_Process_2023,Regulation Of Dendritic Spine Development (GO:0060998),0.013397019472096969,0.07512390099882361,0,0,12.684444444444445,54.70449560501249,MEF2C;DLG5
GO_Biological_Process_2023,Glycerolipid Catabolic Process (GO:0046503),0.013397019472096969,0.07512390099882361,0,0,12.684444444444445,54.70449560501249,PLA2G4F;PLA2G4C
GO_Biological_Process_2023,Defense Response To Fungus (GO:0050832),0.013397019472096969,0.07512390099882361,0,0,12.684444444444445,54.70449560501249,CX3CR1;PLCG2
GO_Biological_Process_2023,Leukocyte Adhesion To Vascular Endothelial Cell (GO:0061756),0.013397019472096969,0.07512390099882361,0,0,12.684444444444445,54.70449560501249,CX3CR1;TNF
GO_Biological_Process_2023,Positive Regulation Of Leukocyte Activation (GO:0002696),0.013397019472096969,0.07512390099882361,0,0,12.684444444444445,54.70449560501249,CEBPA;TLR6
GO_Biological_Process_2023,Positive Regulation Of NLRP3 Inflammasome Complex Assembly (GO:1900227),0.013397019472096969,0.07512390099882361,0,0,12.684444444444445,54.70449560501249,PLCG2;TLR6
GO_Biological_Process_2023,Positive Regulation Of Response To External Stimulus (GO:0032103),0.012798650566393545,0.07512390099882361,0,0,3.7709752573063198,16.435477155289654,PDGFRB;CEBPA;SH2D1B;NLRP3;TNF
GO_Biological_Process_2023,Positive Regulation Of Oxidoreductase Activity (GO:0051353),0.013397019472096969,0.07512390099882361,0,0,12.684444444444445,54.70449560501249,EDN3;TNF
GO_Biological_Process_2023,Regulation Of Monocyte Chemotaxis (GO:0090025),0.013397019472096969,0.07512390099882361,0,0,12.684444444444445,54.70449560501249,LYN;SLAMF8
GO_Biological_Process_2023,Negative Regulation Of Cyclin-Dependent Protein Serine/Threonine Kinase Activity (GO:0045736),0.013397019472096969,0.07512390099882361,0,0,12.684444444444445,54.70449560501249,CEBPA;LATS2
GO_Biological_Process_2023,Negative Regulation Of B Cell Activation (GO:0050869),0.013397019472096969,0.07512390099882361,0,0,12.684444444444445,54.70449560501249,LYN;CD300A
GO_Biological_Process_2023,Linoleic Acid Metabolic Process (GO:0043651),0.013397019472096969,0.07512390099882361,0,0,12.684444444444445,54.70449560501249,FADS1;RAPSN
GO_Biological_Process_2023,Regulation Of Calcium Ion Transport (GO:0051924),0.013118776684483966,0.07512390099882361,0,0,6.503126056100034,28.182667235009724,F2R;CCL4;LILRB1
GO_Biological_Process_2023,Positive Regulation Of Apoptotic Process (GO:0043065),0.013602091781157524,0.07601441087225107,0,0,2.8872945177747185,12.40823969031689,LATS2;GADD45B;TNFRSF12A;LILRB1;FASLG;TNF;GADD45G
GO_Biological_Process_2023,Pattern Recognition Receptor Signaling Pathway (GO:0002221),0.013887107475700534,0.07682329152382483,0,0,6.358364312267658,27.1934168138724,PLCG2;NLRP3;TLR6
GO_Biological_Process_2023,Positive Regulation Of Phagocytosis (GO:0050766),0.013887107475700534,0.07682329152382483,0,0,6.358364312267658,27.1934168138724,C4B;PLCG2;TNF
GO_Biological_Process_2023,Negative Regulation Of MAPK Cascade (GO:0043409),0.013808262215103825,0.07682329152382483,0,0,4.551705756929637,19.492625987893188,LYN;SPRED2;DUSP2;CD300A
GO_Biological_Process_2023,Regulation Of Inflammatory Response (GO:0050727),0.014206860900252652,0.07832843107085606,0,0,3.180326506874922,13.52920522577307,CEBPA;NLRP3;XCL1;PIK3AP1;TNF;MMP9
GO_Biological_Process_2023,Positive Regulation Of Inflammatory Response (GO:0050729),0.014342144756922652,0.07880984560409336,0,0,4.497980684811238,19.091916916478212,CEBPA;PLCG2;NLRP3;TNF
GO_Biological_Process_2023,Positive Regulation Of Interleukin-1 Beta Production (GO:0032731),0.014680525202829553,0.08040034302749652,0,0,6.2198965572975595,26.25563558778741,NLRP3;TLR6;TNF
KEGG_2021_Human,Biosynthesis of unsaturated fatty acids,0.03010321566626065,0.08101853105240521,0,0,7.925,27.762251995326533,FADS2;FADS1
Reactome_2022,Phase II - Conjugation Of Compounds R-HSA-156580,0.006600399062735722,0.08104676058428979,0,0,5.71040320784139,28.66979406315615,SULT2B1;GSTM4;GSTM1;GSTM5
GO_Biological_Process_2023,Negative Regulation Of Interleukin-1 Beta Production (GO:0032691),0.014968530782365626,0.08116599364827301,0,0,11.891203703703704,49.964521907243494,CX3CR1;NLRP3
GO_Biological_Process_2023,Negative Regulation Of Cyclin-Dependent Protein Kinase Activity (GO:1904030),0.014968530782365626,0.08116599364827301,0,0,11.891203703703704,49.964521907243494,CEBPA;LATS2
GO_Biological_Process_2023,Regulation Of Macrophage Chemotaxis (GO:0010758),0.014968530782365626,0.08116599364827301,0,0,11.891203703703704,49.964521907243494,SLAMF8;CMKLR1
Reactome_2022,DAP12 Interactions R-HSA-2172127,0.0067857688204150364,0.08142922584498044,0,0,8.419090312705007,42.03590906555692,KLRK1;KLRC2;PLCG2
GO_Biological_Process_2023,Positive Regulation Of Interleukin-8 Production (GO:0032757),0.01549912229491711,0.08376663792943688,0,0,6.087321047219805,25.365695645308925,F2R;TNF;CD244
KEGG_2021_Human,Neurotrophin signaling pathway,0.032084385318653666,0.08529751218861585,0,0,3.4723202170963363,11.942648868106382,NTRK1;MATK;PLCG2;FASLG
KEGG_2021_Human,Hypertrophic cardiomyopathy,0.03330432155427579,0.08541578939802498,0,0,4.467414033457249,15.198446835311472,ACE;TNNT2;TNF
KEGG_2021_Human,Salivary secretion,0.03330432155427579,0.08541578939802498,0,0,4.467414033457249,15.198446835311472,ATP1B4;ADRB2;ADRA1A
KEGG_2021_Human,Human papillomavirus infection,0.033207953355391895,0.08541578939802498,0,0,2.381011641910879,8.107263383569848,PDGFRB;JAG1;CCND1;LAMB3;PPP2R2B;FASLG;TNF
KEGG_2021_Human,Apelin signaling pathway,0.03480488168866682,0.08622118418328825,0,0,3.379738475762779,11.349153770101745,ADCY10;MEF2C;JAG1;CCND1
KEGG_2021_Human,African trypanosomiasis,0.03453886701094117,0.08622118418328825,0,0,7.314814814814815,24.61925284384966,FASLG;TNF
KEGG_2021_Human,FoxO signaling pathway,0.03480488168866682,0.08622118418328825,0,0,3.379738475762779,11.349153770101745,CCND1;GADD45B;FASLG;GADD45G
GO_Biological_Process_2023,Regulation Of Reactive Oxygen Species Biosynthetic Process (GO:1903426),0.016615174955657692,0.08638839383590376,0,0,11.19128540305011,45.85560756110386,PLCG2;TLR6
GO_Biological_Process_2023,Positive Regulation Of Protein Phosphorylation (GO:0001934),0.016358408920391847,0.08638839383590376,0,0,2.565757575757576,10.552994794517058,LYN;CX3CR1;NTRK1;CCND1;PDGFD;PLCG2;MMP9;TNF
GO_Biological_Process_2023,B Cell Differentiation (GO:0030183),0.0163429793076914,0.08638839383590376,0,0,5.960269516728625,24.52029174923072,FLT3;PLCG2;HDAC9
GO_Biological_Process_2023,Regulation Of Tyrosine Phosphorylation Of STAT Protein (GO:0042509),0.0163429793076914,0.08638839383590376,0,0,5.960269516728625,24.52029174923072,LYN;FLT3;TNF
GO_Biological_Process_2023,Regulation Of Synapse Organization (GO:0050807),0.016615174955657692,0.08638839383590376,0,0,11.19128540305011,45.85560756110386,MEF2C;TNF
GO_Biological_Process_2023,Myotube Differentiation (GO:0014902),0.016615174955657692,0.08638839383590376,0,0,11.19128540305011,45.85560756110386,DOCK5;MEF2C
GO_Biological_Process_2023,Immune Response-Activating Cell Surface Receptor Signaling Pathway (GO:0002429),0.016615174955657692,0.08638839383590376,0,0,11.19128540305011,45.85560756110386,LYN;CMKLR1
GO_Biological_Process_2023,Cortical Actin Cytoskeleton Organization (GO:0030866),0.016615174955657692,0.08638839383590376,0,0,11.19128540305011,45.85560756110386,PLEK;TNF
GO_Biological_Process_2023,Negative Regulation Of Ion Transmembrane Transporter Activity (GO:0032413),0.016615174955657692,0.08638839383590376,0,0,11.19128540305011,45.85560756110386,HECW2;MMP9
GO_Biological_Process_2023,T Cell Mediated Immunity (GO:0002456),0.016615174955657692,0.08638839383590376,0,0,11.19128540305011,45.85560756110386,JAG1;CADM1
GO_Biological_Process_2023,Fc-gamma Receptor Signaling Pathway Involved In Phagocytosis (GO:0038096),0.016615174955657692,0.08638839383590376,0,0,11.19128540305011,45.85560756110386,LYN;FGR
GO_Biological_Process_2023,Positive Regulation Of Metabolic Process (GO:0009893),0.016607639413611586,0.08638839383590376,0,0,4.295153446251887,17.601077024345926,ADRB2;TNF;CMKLR1;GADD45G
Reactome_2022,Extracellular Matrix Organization R-HSA-1474244,0.007376203442611438,0.08654745372664087,0,0,3.26918849606155,16.05006853579693,CD151;ITGAM;LAMB3;MMP15;NCAM1;MMP9;FBLN2
GO_Biological_Process_2023,Modulation Of Chemical Synaptic Transmission (GO:0050804),0.017206955058444644,0.08918305098115,0,0,4.24726368159204,17.254260721621986,CX3CR1;NLGN4Y;MEF2C;TNF
GO_Biological_Process_2023,Negative Regulation Of DNA-templated Transcription (GO:0045892),0.017318881180062928,0.0894808860969918,0,0,1.8704873646209386,7.586618143537066,KLF10;CEBPA;CIITA;MEF2C;TSHZ3;SOX13;FASLG;ASCL2;HDAC9;TNF;ZEB2;ZFP57;CCND1;TBX21;ID1;XCL1
GO_Biological_Process_2023,Positive Regulation Of Synaptic Transmission (GO:0050806),0.01810673775811695,0.09296678167683171,0,0,5.721412639405204,22.951281786844344,TSHZ3;TNF;RAPSN
GO_Biological_Process_2023,Regulation Of Neurogenesis (GO:0050767),0.01810673775811695,0.09296678167683171,0,0,5.721412639405204,22.951281786844344,CX3CR1;TNF;ASCL2
GO_Biological_Process_2023,Organic Cyclic Compound Biosynthetic Process (GO:1901362),0.018335218090953658,0.09326552112519151,0,0,10.569135802469136,42.26525096276967,CYP21A2;HDC
GO_Biological_Process_2023,Positive Regulation Of p38MAPK Cascade (GO:1900745),0.018335218090953658,0.09326552112519151,0,0,10.569135802469136,42.26525096276967,GADD45B;GADD45G
GO_Biological_Process_2023,Positive Regulation Of Neuron Apoptotic Process (GO:0043525),0.018335218090953658,0.09326552112519151,0,0,10.569135802469136,42.26525096276967,ITGAM;TNF
Reactome_2022,EPH-ephrin Mediated Repulsion Of Cells R-HSA-3928665,0.008432487238890861,0.09473092047094414,0,0,7.735557118456747,36.942417816460825,LYN;EFNA3;MMP9
Reactome_2022,Diseases Of Signal Transduction By Growth Factor Receptors And Second Messengers R-HSA-5663202,0.008410749921651398,0.09473092047094414,0,0,2.543290478103656,12.152464091759006,LYN;PDGFRB;JAG2;SPRED2;JAG1;FLT3;DHH;FAM131B;PIK3AP1;HDAC9
KEGG_2021_Human,Cell cycle,0.03962803729521823,0.0959879125595286,0,0,3.23589678725019,10.446181545020846,CCND1;GADD45B;SFN;GADD45G
KEGG_2021_Human,Steroid hormone biosynthesis,0.03921054679107028,0.0959879125595286,0,0,6.791798941798942,21.997343054193514,SULT2B1;CYP21A2
GO_Biological_Process_2023,Positive Regulation Of Cellular Biosynthetic Process (GO:0031328),0.01899751488945902,0.09618750723294257,0,0,3.3946928042075064,13.454685362657719,PDGFRB;ZEB2;TLR6;TNF;CD244
GO_Biological_Process_2023,Positive Regulation Of Interleukin-1 Production (GO:0032732),0.01902674367054555,0.09618750723294257,0,0,5.609009403017713,22.22238891766641,NLRP3;TLR6;TNF
Reactome_2022,Role Of LAT2/NTAL/LAB On Calcium Mobilization R-HSA-2730905,0.009151047737170976,0.09860720826992399,0,0,15.857407407407408,74.43287688895772,LYN;SLC7A8
Reactome_2022,Translocation Of ZAP-70 To Immunological Synapse R-HSA-202430,0.009151047737170976,0.09860720826992399,0,0,15.857407407407408,74.43287688895772,HLA-DQA1;HLA-DQB2
KEGG_2021_Human,Proteoglycans in cancer,0.04140517393427318,0.09919041667770938,0,0,2.73151417870519,8.698095622644992,CCND1;PLCG2;FASLG;TNF;MMP9
Reactome_2022,ADORA2B Mediated Anti-Inflammatory Cytokine Production R-HSA-9660821,0.009566875013364949,0.09952519745821793,0,0,5.099701492537314,23.710800305154237,GPR27;NLRP3;GPBAR1;ADRB2
Reactome_2022,Signaling By Interleukins R-HSA-449147,0.009613229299941505,0.09952519745821793,0,0,2.4900645313606673,11.565391265243594,LYN;MEF2C;ITGAM;CCND1;CCL4;FSCN1;MAP3K8;FASLG;MMP9;TNF
GO_Biological_Process_2023,Fc Receptor Mediated Stimulatory Signaling Pathway (GO:0002431),0.020126954120448837,0.09960417355390795,0,0,10.012475633528265,39.10567963638576,LYN;FGR
GO_Biological_Process_2023,Regulation Of Cytokine Production Involved In Immune Response (GO:0002718),0.020126954120448837,0.09960417355390795,0,0,10.012475633528265,39.10567963638576,LILRB1;TNF
GO_Biological_Process_2023,Negative Regulation Of Transposition (GO:0010529),0.020126954120448837,0.09960417355390795,0,0,10.012475633528265,39.10567963638576,APOBEC3G;APOBEC3H
GO_Biological_Process_2023,Positive Regulation Of T Cell Migration (GO:2000406),0.020126954120448837,0.09960417355390795,0,0,10.012475633528265,39.10567963638576,XCL2;XCL1
GO_Biological_Process_2023,Positive Regulation Of Nuclear Division (GO:0051785),0.020126954120448837,0.09960417355390795,0,0,10.012475633528265,39.10567963638576,PDGFRB;EDN3
GO_Biological_Process_2023,Positive Regulation Of Neutrophil Migration (GO:1902624),0.020126954120448837,0.09960417355390795,0,0,10.012475633528265,39.10567963638576,XCL1;XG
GO_Biological_Process_2023,Cellular Response To Low-Density Lipoprotein Particle Stimulus (GO:0071404),0.020126954120448837,0.09960417355390795,0,0,10.012475633528265,39.10567963638576,TLR6;CD68
KEGG_2021_Human,Rheumatoid arthritis,0.04275451593709374,0.10130961385093952,0,0,4.025865228545997,12.690656267255866,TNFSF11;TNF;HLA-DQA1
GO_Biological_Process_2023,Muscle Cell Fate Commitment (GO:0042693),0.020835402030350572,0.10158031316280709,0,0,94.8339483394834,367.1118603778035,MEF2C
GO_Biological_Process_2023,Cell Migration Involved In Heart Development (GO:0060973),0.020835402030350572,0.10158031316280709,0,0,94.8339483394834,367.1118603778035,PDGFRB
GO_Biological_Process_2023,Regulation Of Skeletal Muscle Fiber Development (GO:0048742),0.020835402030350572,0.10158031316280709,0,0,94.8339483394834,367.1118603778035,HDAC9
GO_Biological_Process_2023,Cell Junction Disassembly (GO:0150146),0.020835402030350572,0.10158031316280709,0,0,94.8339483394834,367.1118603778035,CX3CR1
GO_Biological_Process_2023,Glucocorticoid Biosynthetic Process (GO:0006704),0.020835402030350572,0.10158031316280709,0,0,94.8339483394834,367.1118603778035,CYP21A2
GO_Biological_Process_2023,Phosphatidylinositol Metabolic Process (GO:0046488),0.02094318957032965,0.10180372918358466,0,0,5.396927824928105,20.86420868452989,PDGFRB;PLEK;PLCG2
GO_Biological_Process_2023,Regulation Of Response To External Stimulus (GO:0032101),0.021085814416795468,0.10219466987255149,0,0,3.980876865671642,15.362819933467836,FGR;F2R;XCL1;PIK3AP1
KEGG_2021_Human,Pancreatic cancer,0.044202892976846334,0.10361538353712367,0,0,3.9697955390334574,12.381653502493116,CCND1;GADD45B;GADD45G
KEGG_2021_Human,Human immunodeficiency virus 1 infection,0.045644386870745644,0.10372143736796617,0,0,2.6551186017478154,8.196018276909287,APOBEC3G;APOBEC3H;PLCG2;FASLG;TNF
KEGG_2021_Human,Chronic myeloid leukemia,0.045675495354700696,0.10372143736796617,0,0,3.9152620053979734,12.083255492419184,CCND1;GADD45B;GADD45G
KEGG_2021_Human,Oxytocin signaling pathway,0.044813269769479344,0.10372143736796617,0,0,3.103749544958136,9.63792132611334,MEF2C;PLA2G4F;CCND1;PLA2G4C
Reactome_2022,Fcgamma Receptor (FCGR) Dependent Phagocytosis R-HSA-2029480,0.010423799303289707,0.10446901059626827,0,0,4.966854041480907,22.667051455921438,FGR;LYN;PLCG2;PLD4
Reactome_2022,Constitutive Signaling By NOTCH1 HD Domain Mutants R-HSA-2691232,0.010486472654549656,0.10446901059626827,0,0,14.637037037037038,66.71077245891135,JAG2;JAG1
KEGG_2021_Human,Aldosterone-regulated sodium reabsorption,0.04663516690857086,0.10480893181513865,0,0,6.133811230585424,18.802587202061247,ATP1B4;SFN
GO_Biological_Process_2023,Negative Regulation Of Interleukin-1 Production (GO:0032692),0.021988704434408528,0.10502163193527096,0,0,9.511481481481482,36.307478140757574,CX3CR1;NLRP3
GO_Biological_Process_2023,Artery Morphogenesis (GO:0048844),0.021988704434408528,0.10502163193527096,0,0,9.511481481481482,36.307478140757574,PDGFRB;JAG1
GO_Biological_Process_2023,Phosphatidylinositol-Mediated Signaling (GO:0048015),0.021939670854679447,0.10502163193527096,0,0,5.296778190830236,20.23082621199004,PDGFRB;FCGR3A;PLCG2
GO_Biological_Process_2023,Cellular Response To Interleukin-1 (GO:0071347),0.021939670854679447,0.10502163193527096,0,0,5.296778190830236,20.23082621199004,CCL4;XCL2;XCL1
GO_Biological_Process_2023,Regulation Of Myeloid Cell Differentiation (GO:0045637),0.021988704434408528,0.10502163193527096,0,0,9.511481481481482,36.307478140757574,LYN;MEF2C
Reactome_2022,Interferon Gamma Signaling R-HSA-877300,0.010870259423600554,0.10628698103076098,0,0,4.902985074626866,22.16994877508208,CIITA;NCAM1;HLA-DQB2;HLA-DQA1
Reactome_2022,Disease R-HSA-1643685,0.01122567462561941,0.10776647640594633,0,0,1.7090260579986984,7.672760924154693,GPR27;SPON2;TUSC3;FLT3;DHH;FASLG;PRELP;ADRB2;CYP4F22;HDAC9;SPRED2;CCND1;PLCG2;NLRP3;LYN;PDGFRB;JAG2;JAG1;APOBEC3G;GPBAR1;FGR;CYP21A2;FAM131B;TLR6;PIK3AP1
GO_Biological_Process_2023,Regulation Of Extrinsic Apoptotic Signaling Pathway (GO:2001236),0.02296166866244076,0.10903474454448026,0,0,5.200270361608651,19.625451298351763,TNFRSF12A;TLR6;TNF
GO_Biological_Process_2023,Positive Regulation Of Apoptotic Signaling Pathway (GO:2001235),0.02296166866244076,0.10903474454448026,0,0,5.200270361608651,19.625451298351763,TNFRSF12A;TLR6;TNF
KEGG_2021_Human,Hepatitis C,0.04922189617639266,0.10949360578013877,0,0,3.0055235632859327,9.050883881532581,CCND1;PPP2R2B;FASLG;TNF
GO_Biological_Process_2023,Positive Regulation Of Cysteine-Type Endopeptidase Activity Involved In Apoptotic Process (GO:0043280),0.023210335784243093,0.10989792995248242,0,0,3.859791949344188,14.525005376084525,F2R;NLRP3;FASLG;TNF
Reactome_2022,Amine Ligand-Binding Receptors R-HSA-375280,0.01190240317275602,0.11025383991605577,0,0,13.591005291005292,60.22194765665052,ADRB2;ADRA1A
Reactome_2022,Activation Of SMO R-HSA-5635838,0.01190240317275602,0.11025383991605577,0,0,13.591005291005292,60.22194765665052,EVC2;DHH
GO_Biological_Process_2023,Antigen Processing And Presentation Of Peptide Antigen Via MHC Class II (GO:0002495),0.023918817479652233,0.11111853929404063,0,0,9.058201058201059,33.815077864317416,HLA-DQA1;HLA-DQB2
GO_Biological_Process_2023,Antigen Processing And Presentation Of Exogenous Peptide Antigen Via MHC Class II (GO:0019886),0.023918817479652233,0.11111853929404063,0,0,9.058201058201059,33.815077864317416,HLA-DQA1;HLA-DQB2
GO_Biological_Process_2023,Positive Regulation Of Cysteine-Type Endopeptidase Activity (GO:2001056),0.024009179214476217,0.11111853929404063,0,0,5.107209240573553,19.046412736119514,F2R;NLRP3;TNF
GO_Biological_Process_2023,Response To Interleukin-1 (GO:0070555),0.024009179214476217,0.11111853929404063,0,0,5.107209240573553,19.046412736119514,CCL4;XCL2;XCL1
GO_Biological_Process_2023,Positive Regulation Of Nitric Oxide Biosynthetic Process (GO:0045429),0.023918817479652233,0.11111853929404063,0,0,9.058201058201059,33.815077864317416,TLR6;TNF
GO_Biological_Process_2023,Positive Regulation Of Neuron Differentiation (GO:0045666),0.023918817479652233,0.11111853929404063,0,0,9.058201058201059,33.815077864317416,MEF2C;GDPD5
GO_Biological_Process_2023,Positive Regulation Of Endopeptidase Activity (GO:0010950),0.023918817479652233,0.11111853929404063,0,0,9.058201058201059,33.815077864317416,LYN;EFNA3
GO_Biological_Process_2023,Negative Regulation Of NIK/NF-kappaB Signaling (GO:1901223),0.023918817479652233,0.11111853929404063,0,0,9.058201058201059,33.815077864317416,NLRP3;HDAC9
Reactome_2022,Toll Like Receptor 4 (TLR4) Cascade R-HSA-166016,0.013585686279933631,0.11208191180945246,0,0,3.71222018987893,15.957863924591063,MEF2C;ITGAM;PLCG2;MAP3K8;TLR6
Reactome_2022,Hemostasis R-HSA-109582,0.012873797700065113,0.11208191180945246,0,0,2.2674149776568715,9.869062499836417,FGR;LYN;NANOS1;DOCK5;ITGAM;SLC7A8;P2RX1;PLEK;F2R;PLCG2;CD244
Reactome_2022,Activation Of Matrix Metalloproteinases R-HSA-1592389,0.013397019472096969,0.11208191180945246,0,0,12.684444444444445,54.70449560501249,MMP15;MMP9
Reactome_2022,TNF Receptor Superfamily (TNFSF) Members Mediating Non-Canonical NF-kB Pathway R-HSA-5676594,0.013397019472096969,0.11208191180945246,0,0,12.684444444444445,54.70449560501249,TNFRSF12A;TNFSF11
Reactome_2022,Phosphorylation Of CD3 And TCR Zeta Chains R-HSA-202427,0.013397019472096969,0.11208191180945246,0,0,12.684444444444445,54.70449560501249,HLA-DQA1;HLA-DQB2
Reactome_2022,Acyl Chain Remodelling Of PE R-HSA-1482839,0.013397019472096969,0.11208191180945246,0,0,12.684444444444445,54.70449560501249,PLA2G4F;PLA2G4C
Reactome_2022,Assembly Of Collagen Fibrils And Other Multimeric Structures R-HSA-2022090,0.013118776684483966,0.11208191180945246,0,0,6.503126056100034,28.182667235009724,CD151;LAMB3;MMP9
KEGG_2021_Human,Coronavirus disease,0.05199916996677005,0.11450322275510981,0,0,2.5550281399587416,7.5540110170753305,C4B;ACE;PLCG2;NLRP3;TNF
GO_Biological_Process_2023,Cellular Response To Organic Substance (GO:0071310),0.026180677234285816,0.1153213209006209,0,0,4.930714011024228,17.961277848709376,FLT3;PLCG2;TNF
GO_Biological_Process_2023,Sulfur Compound Biosynthetic Process (GO:0044272),0.026180677234285816,0.1153213209006209,0,0,4.930714011024228,17.961277848709376,GSTM1;UST;CHST13
GO_Biological_Process_2023,Myeloid Leukocyte Differentiation (GO:0002573),0.026180677234285816,0.1153213209006209,0,0,4.930714011024228,17.961277848709376,CEBPA;TNFSF11;MMP9
GO_Biological_Process_2023,Pyroptosis (GO:0070269),0.025915668406614033,0.1153213209006209,0,0,8.646127946127946,31.583505926490968,NLRP3;GZMB
GO_Biological_Process_2023,Phospholipid Catabolic Process (GO:0009395),0.025915668406614033,0.1153213209006209,0,0,8.646127946127946,31.583505926490968,PLA2G4F;PLA2G4C
GO_Biological_Process_2023,Positive Regulation Of Release Of Sequestered Calcium Ion Into Cytosol (GO:0051281),0.025915668406614033,0.1153213209006209,0,0,8.646127946127946,31.583505926490968,F2R;XCL1
GO_Biological_Process_2023,Positive Regulation Of Nitric Oxide Metabolic Process (GO:1904407),0.025915668406614033,0.1153213209006209,0,0,8.646127946127946,31.583505926490968,TLR6;TNF
GO_Biological_Process_2023,Positive Regulation Of Defense Response To Virus By Host (GO:0002230),0.025915668406614033,0.1153213209006209,0,0,8.646127946127946,31.583505926490968,APOBEC3G;LILRB1
GO_Biological_Process_2023,Glycerophospholipid Catabolic Process (GO:0046475),0.025915668406614033,0.1153213209006209,0,0,8.646127946127946,31.583505926490968,PLA2G4F;PLA2G4C
GO_Biological_Process_2023,Negative Regulation Of Cellular Component Organization (GO:0051129),0.026180677234285816,0.1153213209006209,0,0,4.930714011024228,17.961277848709376,LILRB1;HSPA2;TNF
GO_Biological_Process_2023,Regulation Of T Cell Proliferation (GO:0042129),0.026180677234285816,0.1153213209006209,0,0,4.930714011024228,17.961277848709376,DLG5;TNFSF9;LILRB1
GO_Biological_Process_2023,Chondrocyte Differentiation (GO:0002062),0.025915668406614033,0.1153213209006209,0,0,8.646127946127946,31.583505926490968,MEF2C;SCX
GO_Biological_Process_2023,Negative Regulation Of Cell Differentiation (GO:0045596),0.025664330844732405,0.1153213209006209,0,0,3.1269736358963063,11.453019856204538,SPRED2;JAG1;CRIM1;TNF;HDAC9
GO_Biological_Process_2023,Axoneme Assembly (GO:0035082),0.025915668406614033,0.1153213209006209,0,0,8.646127946127946,31.583505926490968,RSPH6A;LRGUK
GO_Biological_Process_2023,Cell Surface Receptor Signaling Pathway Involved In Cell-Cell Signaling (GO:1905114),0.025915668406614033,0.1153213209006209,0,0,8.646127946127946,31.583505926490968,ITGAM;PLCG2
GO_Biological_Process_2023,Regulation Of Endocytosis (GO:0030100),0.025082189438396553,0.1153213209006209,0,0,5.017413422030914,18.492165204908403,FGR;CD151;LILRB1
GO_Biological_Process_2023,Negative Regulation Of Type II Interferon Production (GO:0032689),0.025915668406614033,0.1153213209006209,0,0,8.646127946127946,31.583505926490968,XCL1;LILRB1
GO_Biological_Process_2023,Lymphocyte Proliferation (GO:0046651),0.025915668406614033,0.1153213209006209,0,0,8.646127946127946,31.583505926490968,MEF2C;FLT3
KEGG_2021_Human,cGMP-PKG signaling pathway,0.05386106178503976,0.11625456900137295,0,0,2.913296114845619,8.510750257763396,MEF2C;ATP1B4;ADRB2;ADRA1A
KEGG_2021_Human,Glycerophospholipid metabolism,0.05339698170086079,0.11625456900137295,0,0,3.663568773234201,10.734260378222041,PLA2G4F;PLA2G4C;PLD4
KEGG_2021_Human,Human cytomegalovirus infection,0.05487309004275256,0.11643300087207646,0,0,2.514389907352651,7.298600582104949,CCND1;CXCR2;CCL4;FASLG;TNF
KEGG_2021_Human,Amoebiasis,0.05501192243038475,0.11643300087207646,0,0,3.617053315138111,10.490197360533605,ITGAM;LAMB3;TNF
Reactome_2022,PD-1 Signaling R-HSA-389948,0.014968530782365626,0.11974824625892501,0,0,11.891203703703704,49.964521907243494,HLA-DQA1;HLA-DQB2
Reactome_2022,Dectin-2 Family R-HSA-5621480,0.014968530782365626,0.11974824625892501,0,0,11.891203703703704,49.964521907243494,LYN;PLCG2
GO_Biological_Process_2023,Regulation Of Immune Response (GO:0050776),0.02730461173570234,0.11995047348063888,0,0,4.846953563102514,17.452424061289573,FGR;LYN;FCGR3A
KEGG_2021_Human,Ovarian steroidogenesis,0.057254882302918114,0.12001504175034759,0,0,5.431957671957672,15.536715429885051,PLA2G4F;PLA2G4C
GO_Biological_Process_2023,Positive Regulation Of Rho Protein Signal Transduction (GO:0035025),0.027977658668943663,0.12064906349888305,0,0,8.269887278582932,29.576003032572167,ADGRG1;F2R
GO_Biological_Process_2023,Positive Regulation Of Cell Communication (GO:0010647),0.027977658668943663,0.12064906349888305,0,0,8.269887278582932,29.576003032572167,EDN3;TNF
GO_Biological_Process_2023,Regulation Of Platelet Activation (GO:0010543),0.027977658668943663,0.12064906349888305,0,0,8.269887278582932,29.576003032572167,LYN;PLEK
GO_Biological_Process_2023,Regulation Of Macrophage Activation (GO:0043030),0.027977658668943663,0.12064906349888305,0,0,8.269887278582932,29.576003032572167,CEBPA;TLR6
GO_Biological_Process_2023,Regulation Of Trans-Synaptic Signaling (GO:0099177),0.027977658668943663,0.12064906349888305,0,0,8.269887278582932,29.576003032572167,CX3CR1;NLGN4Y
GO_Biological_Process_2023,Establishment Or Maintenance Of Apical/Basal Cell Polarity (GO:0035088),0.027977658668943663,0.12064906349888305,0,0,8.269887278582932,29.576003032572167,DLG5;FSCN1
GO_Biological_Process_2023,Regulation Of Protein Phosphorylation (GO:0001932),0.027725354767936448,0.12064906349888305,0,0,2.711980422755001,9.72355616763634,LYN;FGR;NTRK1;CCND1;TNF;MMP9
KEGG_2021_Human,Colorectal cancer,0.05831116156936785,0.12106507830592564,0,0,3.5274679884345312,10.024929109334492,CCND1;GADD45B;GADD45G
GO_Biological_Process_2023,Steroid Metabolic Process (GO:0008202),0.028453953551830783,0.12206226027586939,0,0,4.765985130111524,16.964372336676185,SULT2B1;DHRS9;CYP21A2
GO_Biological_Process_2023,Regulation Of Viral Genome Replication (GO:0045069),0.028453953551830783,0.12206226027586939,0,0,4.765985130111524,16.964372336676185,IFITM3;APOBEC3G;TNF
GO_Biological_Process_2023,Regulation Of I-kappaB kinase/NF-kappaB Signaling (GO:0043122),0.02881388963589689,0.12328442883275674,0,0,2.6864240039350715,9.528471198890385,F2R;PLCG2;SECTM1;FASLG;TLR6;TNF
KEGG_2021_Human,Bladder cancer,0.060029537277950434,0.12345697289238865,0,0,5.280864197530864,14.854640860886068,CCND1;MMP9
GO_Biological_Process_2023,Defense Response To Virus (GO:0051607),0.02949519120683484,0.12514108018500247,0,0,3.0082679669281323,10.599716529880842,IFITM3;APOBEC3G;APOBEC3H;LILRB1;TNF
GO_Biological_Process_2023,External Encapsulating Structure Organization (GO:0045229),0.029628655016412635,0.12514108018500247,0,0,4.68767139984155,16.495978053897076,MMP15;TGFBI;MMP9
GO_Biological_Process_2023,Calcium Ion Transmembrane Import Into Cytosol (GO:0097553),0.029628655016412635,0.12514108018500247,0,0,4.68767139984155,16.495978053897076,F2R;PLCG2;XCL1
GO_Biological_Process_2023,Activation Of Cysteine-Type Endopeptidase Activity Involved In Apoptotic Process (GO:0006919),0.029628655016412635,0.12514108018500247,0,0,4.68767139984155,16.495978053897076,F2R;FASLG;TNF
GO_Biological_Process_2023,Negative Regulation Of Cell Adhesion (GO:0007162),0.029628655016412635,0.12514108018500247,0,0,4.68767139984155,16.495978053897076,JAG1;PLXNA2;TGFBI
GO_Biological_Process_2023,Positive Regulation Of Notch Signaling Pathway (GO:0045747),0.03010321566626065,0.12516182467224973,0,0,7.925,27.762251995326533,JAG2;JAG1
GO_Biological_Process_2023,Cortical Cytoskeleton Organization (GO:0030865),0.03010321566626065,0.12516182467224973,0,0,7.925,27.762251995326533,PLEK;TNF
GO_Biological_Process_2023,Antimicrobial Humoral Immune Response Mediated By Antimicrobial Peptide (GO:0061844),0.03010321566626065,0.12516182467224973,0,0,7.925,27.762251995326533,GNLY;DEFA1
GO_Biological_Process_2023,Negative Regulation Of Osteoblast Differentiation (GO:0045668),0.03010321566626065,0.12516182467224973,0,0,7.925,27.762251995326533,CRIM1;HDAC9
GO_Biological_Process_2023,Positive Regulation Of Phospholipase C Activity (GO:0010863),0.03010321566626065,0.12516182467224973,0,0,7.925,27.762251995326533,PDGFRB;NMUR1
GO_Biological_Process_2023,Positive Regulation Of Interleukin-10 Production (GO:0032733),0.03010321566626065,0.12516182467224973,0,0,7.925,27.762251995326533,PLCG2;XCL1
GO_Biological_Process_2023,Positive Regulation Of I-kappaB kinase/NF-kappaB Signaling (GO:0043123),0.030166818362879426,0.12516182467224973,0,0,2.9893492509363297,10.46574965744744,F2R;SECTM1;FASLG;TLR6;TNF
KEGG_2021_Human,AGE-RAGE signaling pathway in diabetic complications,0.061701734310356846,0.1257100755108205,0,0,3.4422000268732926,9.58805279457701,CCND1;PLCG2;TNF
GO_Biological_Process_2023,Negative Regulation Of Dendritic Cell Apoptotic Process (GO:2000669),0.031090371762794507,0.1264393089264143,0,0,47.41512915129151,164.571137536549,LILRB1
GO_Biological_Process_2023,Extracellular Structure Organization (GO:0043062),0.0308286604282772,0.1264393089264143,0,0,4.611883918935124,16.04617608994902,MMP15;TGFBI;MMP9
GO_Biological_Process_2023,Epithelial Cell Differentiation Involved In Kidney Development (GO:0035850),0.031090371762794507,0.1264393089264143,0,0,47.41512915129151,164.571137536549,MEF2C
GO_Biological_Process_2023,Negative Regulation Of Type 2 Immune Response (GO:0002829),0.031090371762794507,0.1264393089264143,0,0,47.41512915129151,164.571137536549,TBX21
GO_Biological_Process_2023,Negative Regulation Of Lipoprotein Lipase Activity (GO:0051005),0.031090371762794507,0.1264393089264143,0,0,47.41512915129151,164.571137536549,HDAC9
GO_Biological_Process_2023,Regulation Of NAD(P)H Oxidase Activity (GO:0033860),0.031090371762794507,0.1264393089264143,0,0,47.41512915129151,164.571137536549,SLAMF8
GO_Biological_Process_2023,Positive Regulation Of Gastrulation (GO:2000543),0.031090371762794507,0.1264393089264143,0,0,47.41512915129151,164.571137536549,SCX
GO_Biological_Process_2023,Nephron Tubule Development (GO:0072080),0.031090371762794507,0.1264393089264143,0,0,47.41512915129151,164.571137536549,MEF2C
GO_Biological_Process_2023,Axon Guidance (GO:0007411),0.03120635168280644,0.12659761929592833,0,0,3.504313295905792,12.149922461852663,EFNA3;PALLD;PLXNA2;NCAM1
KEGG_2021_Human,Type II diabetes mellitus,0.0628495164992557,0.12686291293368282,0,0,5.137937937937938,14.21673611915522,MAFA;TNF
GO_Biological_Process_2023,Regulation Of Dendrite Morphogenesis (GO:0048814),0.03229079237973478,0.12908460311412223,0,0,7.607703703703704,26.11704258627779,HECW2;LZTS1
GO_Biological_Process_2023,Positive Regulation Of Receptor Signaling Pathway Via JAK-STAT (GO:0046427),0.03229079237973478,0.12908460311412223,0,0,7.607703703703704,26.11704258627779,F2R;TNF
GO_Biological_Process_2023,Positive Regulation Of JUN Kinase Activity (GO:0043507),0.03229079237973478,0.12908460311412223,0,0,7.607703703703704,26.11704258627779,TLR6;TNF
GO_Biological_Process_2023,Adenylate Cyclase-Activating G Protein-Coupled Receptor Signaling Pathway (GO:0007189),0.03205390629489053,0.12908460311412223,0,0,4.538502389803505,15.613974164215012,ADGRG1;ADGRG5;ADRB2
GO_Biological_Process_2023,Negative Regulation Of Angiogenesis (GO:0016525),0.03205390629489053,0.12908460311412223,0,0,4.538502389803505,15.613974164215012,EFNA3;FASLG;TNF
GO_Biological_Process_2023,Positive Regulation Of Receptor Signaling Pathway Via STAT (GO:1904894),0.03229079237973478,0.12908460311412223,0,0,7.607703703703704,26.11704258627779,F2R;TNF
Reactome_2022,Acyl Chain Remodelling Of PC R-HSA-1482788,0.016615174955657692,0.1309374981580188,0,0,11.19128540305011,45.85560756110386,PLA2G4F;PLA2G4C
GO_Biological_Process_2023,Negative Regulation Of Neuron Death (GO:1901215),0.03330432155427579,0.1328131075574639,0,0,4.467414033457249,15.198446835311472,NTRK1;MEF2C;F2R
GO_Biological_Process_2023,Negative Regulation Of Endothelial Cell Migration (GO:0010596),0.03453886701094117,0.13559584028351437,0,0,7.314814814814815,24.61925284384966,MEF2C;TNF
GO_Biological_Process_2023,Antigen Processing And Presentation Of Exogenous Peptide Antigen (GO:0002478),0.03453886701094117,0.13559584028351437,0,0,7.314814814814815,24.61925284384966,HLA-DQA1;HLA-DQB2
GO_Biological_Process_2023,Regulation Of NLRP3 Inflammasome Complex Assembly (GO:1900225),0.03453886701094117,0.13559584028351437,0,0,7.314814814814815,24.61925284384966,PLCG2;TLR6
GO_Biological_Process_2023,Positive Regulation Of Tumor Necrosis Factor Production (GO:0032760),0.03457982780206484,0.13559584028351437,0,0,4.398513011152416,14.798730073778362,C1QTNF4;FCGR3A;PLCG2
GO_Biological_Process_2023,Cellular Response To Nutrient Levels (GO:0031669),0.03457982780206484,0.13559584028351437,0,0,4.398513011152416,14.798730073778362,KLF10;CD68;FADS1
GO_Biological_Process_2023,Regulation Of calcineurin-NFAT Signaling Cascade (GO:0070884),0.03453886701094117,0.13559584028351437,0,0,7.314814814814815,24.61925284384966,PLCG2;TNF
GO_Biological_Process_2023,Extrinsic Apoptotic Signaling Pathway Via Death Domain Receptors (GO:0008625),0.03453886701094117,0.13559584028351437,0,0,7.314814814814815,24.61925284384966,FASLG;TNF
GO_Biological_Process_2023,Regulation Of Gene Expression (GO:0010468),0.03482715470584227,0.13624051233737822,0,0,1.7065666299559472,5.729554937921014,LYN;NANOS1;ZNF683;CEBPA;MEF2C;EDN3;DHH;SOX13;SCX;ATP1B4;LILRB1;TNF;SETBP1;PLCG2;TLR6;FADS1
GO_Biological_Process_2023,Extracellular Matrix Organization (GO:0030198),0.035740577267873025,0.1394816352758085,0,0,3.3499607227022783,11.160289017574422,MMP15;SCX;TGFBI;MMP9
GO_Biological_Process_2023,Negative Regulation Of Cell Cycle (GO:0045786),0.035880339514923115,0.1396952555047836,0,0,4.331699898614397,14.414016348932753,CEBPA;LATS2;LILRB1
GO_Biological_Process_2023,Regulation Of Sodium Ion Transmembrane Transporter Activity (GO:2000649),0.036845942616753835,0.1401339900910337,0,0,7.0436213991769545,23.25106306746276,HECW2;FGF11
GO_Biological_Process_2023,Positive Regulation Of Calcium Ion Transmembrane Transport (GO:1904427),0.036845942616753835,0.1401339900910337,0,0,7.0436213991769545,23.25106306746276,F2R;XCL1
GO_Biological_Process_2023,Positive Regulation Of Protein Dephosphorylation (GO:0035307),0.036845942616753835,0.1401339900910337,0,0,7.0436213991769545,23.25106306746276,PDGFRB;CD300A
GO_Biological_Process_2023,Positive Regulation Of Cytokine Production Involved In Immune Response (GO:0002720),0.036845942616753835,0.1401339900910337,0,0,7.0436213991769545,23.25106306746276,PLCG2;XCL1
GO_Biological_Process_2023,Proteoglycan Biosynthetic Process (GO:0030166),0.036845942616753835,0.1401339900910337,0,0,7.0436213991769545,23.25106306746276,B3GAT1;CHST13
GO_Biological_Process_2023,Cellular Component Disassembly (GO:0022411),0.036845942616753835,0.1401339900910337,0,0,7.0436213991769545,23.25106306746276,MMP15;MMP9
GO_Biological_Process_2023,Extracellular Matrix Disassembly (GO:0022617),0.036845942616753835,0.1401339900910337,0,0,7.0436213991769545,23.25106306746276,MMP15;MMP9
GO_Biological_Process_2023,Negative Regulation Of Blood Vessel Endothelial Cell Migration (GO:0043537),0.036845942616753835,0.1401339900910337,0,0,7.0436213991769545,23.25106306746276,MEF2C;TNF
GO_Biological_Process_2023,Response To Transforming Growth Factor Beta (GO:0071559),0.036845942616753835,0.1401339900910337,0,0,7.0436213991769545,23.25106306746276,MEF2C;XCL1
GO_Biological_Process_2023,Inositol Lipid-Mediated Signaling (GO:0048017),0.036845942616753835,0.1401339900910337,0,0,7.0436213991769545,23.25106306746276,PDGFRB;PLCG2
GO_Biological_Process_2023,Regulation Of Osteoblast Differentiation (GO:0045667),0.03720576428621936,0.1411756829613358,0,0,4.266881207346168,14.043550172577627,MEF2C;CRIM1;HDAC9
Reactome_2022,NOTCH2 Activation And Transmission Of Signal To Nucleus R-HSA-2979096,0.018335218090953658,0.14236757576505193,0,0,10.569135802469136,42.26525096276967,JAG2;JAG1
GO_Biological_Process_2023,Glucocorticoid Metabolic Process (GO:0008211),0.041238336654902584,0.14264123605053672,0,0,31.608856088560884,100.78126438179986,CYP21A2
GO_Biological_Process_2023,Regulation Of Type 2 Immune Response (GO:0002828),0.041238336654902584,0.14264123605053672,0,0,31.608856088560884,100.78126438179986,NLRP3
GO_Biological_Process_2023,Vascular Associated Smooth Muscle Contraction (GO:0014829),0.041238336654902584,0.14264123605053672,0,0,31.608856088560884,100.78126438179986,EDN3
GO_Biological_Process_2023,Positive Regulation Of Steroid Biosynthetic Process (GO:0010893),0.041238336654902584,0.14264123605053672,0,0,31.608856088560884,100.78126438179986,TNF
GO_Biological_Process_2023,Positive Regulation Of Skeletal Muscle Tissue Development (GO:0048643),0.041238336654902584,0.14264123605053672,0,0,31.608856088560884,100.78126438179986,MEF2C
GO_Biological_Process_2023,Smoothened Signaling Pathway (GO:0007224),0.03921054679107028,0.14264123605053672,0,0,6.791798941798942,21.997343054193514,EVC2;DHH
GO_Biological_Process_2023,Regulation Of Vascular Associated Smooth Muscle Cell Proliferation (GO:1904705),0.03921054679107028,0.14264123605053672,0,0,6.791798941798942,21.997343054193514,MEF2C;MMP9
GO_Biological_Process_2023,Blood Circulation (GO:0008015),0.03921054679107028,0.14264123605053672,0,0,6.791798941798942,21.997343054193514,EDN3;XCL2
GO_Biological_Process_2023,Positive Regulation Of Tumor Necrosis Factor Superfamily Cytokine Production (GO:1903557),0.03855600300532058,0.14264123605053672,0,0,4.203968948174065,13.68662405888687,C1QTNF4;FCGR3A;PLCG2
GO_Biological_Process_2023,Positive Regulation Of Protein Localization To Membrane (GO:1905477),0.03855600300532058,0.14264123605053672,0,0,4.203968948174065,13.68662405888687,ITGAM;GZMB;TNF
GO_Biological_Process_2023,Positive Regulation Of Cell Adhesion (GO:0045785),0.03855600300532058,0.14264123605053672,0,0,4.203968948174065,13.68662405888687,ADGRG1;TNF;FBLN2
GO_Biological_Process_2023,Neuron Projection Arborization (GO:0140058),0.041238336654902584,0.14264123605053672,0,0,31.608856088560884,100.78126438179986,ZNF365
GO_Biological_Process_2023,Protein Sulfation (GO:0006477),0.041238336654902584,0.14264123605053672,0,0,31.608856088560884,100.78126438179986,UST
GO_Biological_Process_2023,Positive Regulation Of Receptor Binding (GO:1900122),0.041238336654902584,0.14264123605053672,0,0,31.608856088560884,100.78126438179986,MMP9
GO_Biological_Process_2023,Positive Regulation Of Oligodendrocyte Differentiation (GO:0048714),0.041238336654902584,0.14264123605053672,0,0,31.608856088560884,100.78126438179986,ZNF365
GO_Biological_Process_2023,Positive Regulation Of Gliogenesis (GO:0014015),0.041238336654902584,0.14264123605053672,0,0,31.608856088560884,100.78126438179986,TNF
GO_Biological_Process_2023,Positive Regulation Of Cardiac Muscle Cell Differentiation (GO:2000727),0.041238336654902584,0.14264123605053672,0,0,31.608856088560884,100.78126438179986,MEF2C
GO_Biological_Process_2023,Parallel Actin Filament Bundle Assembly (GO:0030046),0.041238336654902584,0.14264123605053672,0,0,31.608856088560884,100.78126438179986,FSCN1
GO_Biological_Process_2023,Dendrite Arborization (GO:0140059),0.041238336654902584,0.14264123605053672,0,0,31.608856088560884,100.78126438179986,ZNF365
GO_Biological_Process_2023,Regulation Of Vitamin D Biosynthetic Process (GO:0060556),0.041238336654902584,0.14264123605053672,0,0,31.608856088560884,100.78126438179986,TNF
GO_Biological_Process_2023,Regulation Of Toll-Like Receptor 7 Signaling Pathway (GO:0034155),0.041238336654902584,0.14264123605053672,0,0,31.608856088560884,100.78126438179986,LILRA4
GO_Biological_Process_2023,Negative Regulation Of Morphogenesis Of An Epithelium (GO:1905331),0.041238336654902584,0.14264123605053672,0,0,31.608856088560884,100.78126438179986,TNF
GO_Biological_Process_2023,Negative Regulation Of Monocyte Chemotaxis (GO:0090027),0.041238336654902584,0.14264123605053672,0,0,31.608856088560884,100.78126438179986,SLAMF8
GO_Biological_Process_2023,Negative Regulation Of Acute Inflammatory Response (GO:0002674),0.041238336654902584,0.14264123605053672,0,0,31.608856088560884,100.78126438179986,NLRP3
GO_Biological_Process_2023,Natural Killer Cell Degranulation (GO:0043320),0.041238336654902584,0.14264123605053672,0,0,31.608856088560884,100.78126438179986,FCGR3A
GO_Biological_Process_2023,Interleukin-5-Mediated Signaling Pathway (GO:0038043),0.041238336654902584,0.14264123605053672,0,0,31.608856088560884,100.78126438179986,LYN
GO_Biological_Process_2023,Leukocyte Chemotaxis Involved In Inflammatory Response (GO:0002232),0.041238336654902584,0.14264123605053672,0,0,31.608856088560884,100.78126438179986,SLAMF8
GO_Biological_Process_2023,Inflammatory Response To Wounding (GO:0090594),0.041238336654902584,0.14264123605053672,0,0,31.608856088560884,100.78126438179986,TNF
GO_Biological_Process_2023,Host-Mediated Regulation Of Intestinal Microbiota Composition (GO:0048874),0.041238336654902584,0.14264123605053672,0,0,31.608856088560884,100.78126438179986,CX3CR1
GO_Biological_Process_2023,Aromatic Compound Biosynthetic Process (GO:0019438),0.041238336654902584,0.14264123605053672,0,0,31.608856088560884,100.78126438179986,HDC
GO_Biological_Process_2023,Positive Regulation Of JNK Cascade (GO:0046330),0.03855600300532058,0.14264123605053672,0,0,4.203968948174065,13.68662405888687,SH3RF2;GADD45B;GADD45G
GO_Biological_Process_2023,Regulation Of Cyclin-Dependent Protein Serine/Threonine Kinase Activity (GO:0000079),0.03855600300532058,0.14264123605053672,0,0,4.203968948174065,13.68662405888687,CEBPA;LATS2;CCND1
GO_Biological_Process_2023,Cellular Response To Organic Cyclic Compound (GO:0071407),0.03962803729521823,0.14264123605053672,0,0,3.23589678725019,10.446181545020846,MEF2C;P2RY2;GPBAR1;TNF
GO_Biological_Process_2023,Positive Regulation Of Neuron Death (GO:1901216),0.03921054679107028,0.14264123605053672,0,0,6.791798941798942,21.997343054193514,ITGAM;TNF
GO_Biological_Process_2023,Positive Regulation Of Mitotic Nuclear Division (GO:0045840),0.03921054679107028,0.14264123605053672,0,0,6.791798941798942,21.997343054193514,PDGFRB;EDN3
GO_Biological_Process_2023,Toll-Like Receptor Signaling Pathway (GO:0002224),0.03921054679107028,0.14264123605053672,0,0,6.791798941798942,21.997343054193514,PLCG2;TLR6
GO_Biological_Process_2023,Negative Regulation Of T Cell Proliferation (GO:0042130),0.03921054679107028,0.14264123605053672,0,0,6.791798941798942,21.997343054193514,DLG5;LILRB1
GO_Biological_Process_2023,Response To Bile Acid (GO:1903412),0.041238336654902584,0.14264123605053672,0,0,31.608856088560884,100.78126438179986,GPBAR1
GO_Biological_Process_2023,Regulation Of Macrophage Apoptotic Process (GO:2000109),0.041238336654902584,0.14264123605053672,0,0,31.608856088560884,100.78126438179986,MEF2C
GO_Biological_Process_2023,DNA Methylation Involved In Embryo Development (GO:0043045),0.041238336654902584,0.14264123605053672,0,0,31.608856088560884,100.78126438179986,ZFP57
GO_Biological_Process_2023,Autocrine Signaling (GO:0035425),0.041238336654902584,0.14264123605053672,0,0,31.608856088560884,100.78126438179986,CX3CR1
GO_Biological_Process_2023,Regulation Of Natural Killer Cell Mediated Immunity (GO:0002715),0.041238336654902584,0.14264123605053672,0,0,31.608856088560884,100.78126438179986,SH2D1B
GO_Biological_Process_2023,Regulation Of Amyloid-Beta Formation (GO:1902003),0.04163123126607232,0.1436977163238589,0,0,6.557343550446999,20.845169850390945,RTN1;TNF
KEGG_2021_Human,"Parathyroid hormone synthesis, secretion and action",0.07240689617166136,0.14481379234332273,0,0,3.2093897498015957,8.426104299707438,MEF2C;MMP15;TNFSF11
GO_Biological_Process_2023,Positive Regulation Of Transferase Activity (GO:0051347),0.04269572222904286,0.14706304323336986,0,0,3.1552978907117306,9.95072584685232,PDGFRB;NTRK1;PARM1;FLT3
GO_Biological_Process_2023,Regulation Of Cold-Induced Thermogenesis (GO:0120161),0.043747256870314354,0.1503697553094696,0,0,3.1293124541228283,9.792639977183903,ID1;ADRB2;CMKLR1;GADD45G
KEGG_2021_Human,Leukocyte transendothelial migration,0.07614797104632771,0.15091143352817676,0,0,3.138608603292618,8.082158337244014,ITGAM;PLCG2;MMP9
GO_Biological_Process_2023,Regulation Of p38MAPK Cascade (GO:1900744),0.04410657161985343,0.1509731191071233,0,0,6.338518518518518,19.783444834164598,GADD45B;GADD45G
GO_Biological_Process_2023,Regulation Of T Cell Mediated Cytotoxicity (GO:0001914),0.04410657161985343,0.1509731191071233,0,0,6.338518518518518,19.783444834164598,XCL1;LILRB1
Reactome_2022,G Alpha (S) Signaling Events R-HSA-418555,0.01973846648924228,0.15104217835246267,0,0,4.065893934582407,15.959389678894857,GPR27;NLRP3;GPBAR1;ADRB2
GO_Biological_Process_2023,Regulation Of Type II Interferon Production (GO:0032649),0.045675495354700696,0.1531885601179088,0,0,3.9152620053979734,12.083255492419184,XCL1;LILRB1;CD244
GO_Biological_Process_2023,Response To Tumor Necrosis Factor (GO:0034612),0.045675495354700696,0.1531885601179088,0,0,3.9152620053979734,12.083255492419184,CCL4;XCL2;XCL1
GO_Biological_Process_2023,Defense Response To Symbiont (GO:0140546),0.04589375232960629,0.1531885601179088,0,0,3.078598940779971,9.486475700181915,IFITM3;APOBEC3G;APOBEC3H;LILRB1
GO_Biological_Process_2023,Regulation Of Defense Response To Virus By Host (GO:0050691),0.04663516690857086,0.1531885601179088,0,0,6.133811230585424,18.802587202061247,APOBEC3G;LILRB1
GO_Biological_Process_2023,Regulation Of Dendrite Development (GO:0050773),0.04663516690857086,0.1531885601179088,0,0,6.133811230585424,18.802587202061247,HECW2;LZTS1
GO_Biological_Process_2023,Notch Signaling Pathway (GO:0007219),0.04663516690857086,0.1531885601179088,0,0,6.133811230585424,18.802587202061247,JAG2;JAG1
GO_Biological_Process_2023,Smooth Muscle Cell Migration (GO:0014909),0.05128040661281183,0.1531885601179088,0,0,23.70571955719557,70.41657256894506,PDGFRB
GO_Biological_Process_2023,Desensitization Of G Protein-Coupled Receptor Signaling Pathway (GO:0002029),0.05128040661281183,0.1531885601179088,0,0,23.70571955719557,70.41657256894506,ADRB2
GO_Biological_Process_2023,Dermatan Sulfate Metabolic Process (GO:0030205),0.05128040661281183,0.1531885601179088,0,0,23.70571955719557,70.41657256894506,UST
GO_Biological_Process_2023,Regulation Of Vascular Wound Healing (GO:0061043),0.05128040661281183,0.1531885601179088,0,0,23.70571955719557,70.41657256894506,TNF
GO_Biological_Process_2023,Cellular Response To UV-A (GO:0071492),0.05128040661281183,0.1531885601179088,0,0,23.70571955719557,70.41657256894506,MMP9
GO_Biological_Process_2023,Regulation Of Striated Muscle Cell Differentiation (GO:0051153),0.05128040661281183,0.1531885601179088,0,0,23.70571955719557,70.41657256894506,HDAC9
GO_Biological_Process_2023,Regulation Of Respiratory System Process (GO:0044065),0.05128040661281183,0.1531885601179088,0,0,23.70571955719557,70.41657256894506,TSHZ3
GO_Biological_Process_2023,Regulation Of Microglial Cell Migration (GO:1904139),0.05128040661281183,0.1531885601179088,0,0,23.70571955719557,70.41657256894506,CX3CR1
GO_Biological_Process_2023,Regulation Of Microvillus Organization (GO:0032530),0.05128040661281183,0.1531885601179088,0,0,23.70571955719557,70.41657256894506,FSCN1
GO_Biological_Process_2023,Regulation Of Neutrophil Extravasation (GO:2000389),0.05128040661281183,0.1531885601179088,0,0,23.70571955719557,70.41657256894506,XG
GO_Biological_Process_2023,Negative Regulation Of Systemic Arterial Blood Pressure (GO:0003085),0.05128040661281183,0.1531885601179088,0,0,23.70571955719557,70.41657256894506,ADRB2
GO_Biological_Process_2023,Negative Regulation Of Lipase Activity (GO:0060192),0.05128040661281183,0.1531885601179088,0,0,23.70571955719557,70.41657256894506,HDAC9
GO_Biological_Process_2023,Negative Regulation Of Lens Fiber Cell Differentiation (GO:1902747),0.05128040661281183,0.1531885601179088,0,0,23.70571955719557,70.41657256894506,SPRED2
GO_Biological_Process_2023,Actin-Myosin Filament Sliding (GO:0033275),0.05128040661281183,0.1531885601179088,0,0,23.70571955719557,70.41657256894506,TNNT2
GO_Biological_Process_2023,T-helper 1 Cell Differentiation (GO:0045063),0.05128040661281183,0.1531885601179088,0,0,23.70571955719557,70.41657256894506,TBX21
GO_Biological_Process_2023,Regulation Of Glomerular Filtration (GO:0003093),0.05128040661281183,0.1531885601179088,0,0,23.70571955719557,70.41657256894506,F2R
GO_Biological_Process_2023,Phagosome Acidification (GO:0090383),0.05128040661281183,0.1531885601179088,0,0,23.70571955719557,70.41657256894506,SLAMF8
GO_Biological_Process_2023,Osmosensory Signaling Pathway (GO:0007231),0.05128040661281183,0.1531885601179088,0,0,23.70571955719557,70.41657256894506,NLRP3
GO_Biological_Process_2023,Negative Regulation Of Inflammatory Response To Wounding (GO:0106015),0.05128040661281183,0.1531885601179088,0,0,23.70571955719557,70.41657256894506,SIGLEC10
GO_Biological_Process_2023,Negative Regulation Of B Cell Receptor Signaling Pathway (GO:0050859),0.05128040661281183,0.1531885601179088,0,0,23.70571955719557,70.41657256894506,CD300A
GO_Biological_Process_2023,Muscle Filament Sliding (GO:0030049),0.05128040661281183,0.1531885601179088,0,0,23.70571955719557,70.41657256894506,TNNT2
GO_Biological_Process_2023,Negative Regulation Of Intracellular Transport (GO:0032387),0.05128040661281183,0.1531885601179088,0,0,23.70571955719557,70.41657256894506,MRLN
GO_Biological_Process_2023,Lymphoid Progenitor Cell Differentiation (GO:0002320),0.05128040661281183,0.1531885601179088,0,0,23.70571955719557,70.41657256894506,FLT3
GO_Biological_Process_2023,Histidine Catabolic Process (GO:0006548),0.05128040661281183,0.1531885601179088,0,0,23.70571955719557,70.41657256894506,HDC
GO_Biological_Process_2023,Histidine Metabolic Process (GO:0006547),0.05128040661281183,0.1531885601179088,0,0,23.70571955719557,70.41657256894506,HDC
GO_Biological_Process_2023,Low-Density Lipoprotein Particle Remodeling (GO:0034374),0.05128040661281183,0.1531885601179088,0,0,23.70571955719557,70.41657256894506,MPO
GO_Biological_Process_2023,Positive Regulation Of Chemokine (C-X-C Motif) Ligand 2 Production (GO:2000343),0.05128040661281183,0.1531885601179088,0,0,23.70571955719557,70.41657256894506,TNF
GO_Biological_Process_2023,Positive Regulation Of Calcium Ion Import (GO:0090280),0.05128040661281183,0.1531885601179088,0,0,23.70571955719557,70.41657256894506,PDGFRB
GO_Biological_Process_2023,Positive Regulation Of Apoptotic Cell Clearance (GO:2000427),0.05128040661281183,0.1531885601179088,0,0,23.70571955719557,70.41657256894506,C4B
GO_Biological_Process_2023,Toll-Like Receptor 9 Signaling Pathway (GO:0034162),0.05128040661281183,0.1531885601179088,0,0,23.70571955719557,70.41657256894506,PIK3AP1
GO_Biological_Process_2023,Thyroid Hormone Transport (GO:0070327),0.05128040661281183,0.1531885601179088,0,0,23.70571955719557,70.41657256894506,SLC7A8
GO_Biological_Process_2023,"Substrate-Dependent Cell Migration, Cell Extension (GO:0006930)",0.05128040661281183,0.1531885601179088,0,0,23.70571955719557,70.41657256894506,SHTN1
GO_Biological_Process_2023,Regulation Of T-helper 1 Type Immune Response (GO:0002825),0.05128040661281183,0.1531885601179088,0,0,23.70571955719557,70.41657256894506,XCL1
GO_Biological_Process_2023,Regulation Of T Cell Activation Via T Cell Receptor Contact With Antigen Bound To MHC Molecule On Antigen Presenting Cell (GO:2001188),0.05128040661281183,0.1531885601179088,0,0,23.70571955719557,70.41657256894506,LILRB1
GO_Biological_Process_2023,Presynaptic Membrane Organization (GO:0097090),0.05128040661281183,0.1531885601179088,0,0,23.70571955719557,70.41657256894506,NLGN4Y
GO_Biological_Process_2023,Presynaptic Membrane Assembly (GO:0097105),0.05128040661281183,0.1531885601179088,0,0,23.70571955719557,70.41657256894506,NLGN4Y
GO_Biological_Process_2023,Postsynaptic Membrane Assembly (GO:0097104),0.05128040661281183,0.1531885601179088,0,0,23.70571955719557,70.41657256894506,NLGN4Y
GO_Biological_Process_2023,Positive Regulation Of Secondary Metabolite Biosynthetic Process (GO:1900378),0.05128040661281183,0.1531885601179088,0,0,23.70571955719557,70.41657256894506,ZEB2
GO_Biological_Process_2023,Positive Regulation Of Melanin Biosynthetic Process (GO:0048023),0.05128040661281183,0.1531885601179088,0,0,23.70571955719557,70.41657256894506,ZEB2
GO_Biological_Process_2023,Positive Regulation Of Interleukin-23 Production (GO:0032747),0.05128040661281183,0.1531885601179088,0,0,23.70571955719557,70.41657256894506,PLCG2
GO_Biological_Process_2023,Positive Regulation Of Inositol Phosphate Biosynthetic Process (GO:0060732),0.05128040661281183,0.1531885601179088,0,0,23.70571955719557,70.41657256894506,CD244
GO_Biological_Process_2023,Positive Regulation Of Extracellular Matrix Disassembly (GO:0090091),0.05128040661281183,0.1531885601179088,0,0,23.70571955719557,70.41657256894506,FSCN1
GO_Biological_Process_2023,Podocyte Development (GO:0072015),0.05128040661281183,0.1531885601179088,0,0,23.70571955719557,70.41657256894506,JAG1
GO_Biological_Process_2023,Phosphatidylethanolamine Acyl-Chain Remodeling (GO:0036152),0.05128040661281183,0.1531885601179088,0,0,23.70571955719557,70.41657256894506,PLA2G4C
GO_Biological_Process_2023,Positive Regulation Of T-helper 2 Cell Differentiation (GO:0045630),0.05128040661281183,0.1531885601179088,0,0,23.70571955719557,70.41657256894506,NLRP3
GO_Biological_Process_2023,Regulation Of Nervous System Development (GO:0051960),0.04663516690857086,0.1531885601179088,0,0,6.133811230585424,18.802587202061247,CX3CR1;ASCL2
GO_Biological_Process_2023,Regulation Of Defense Response (GO:0031347),0.05023727855792708,0.1531885601179088,0,0,3.7602719624339658,11.246965645049128,FGR;XCL1;PIK3AP1
GO_Biological_Process_2023,Positive Regulation Of Gene Expression (GO:0010628),0.050763821442142115,0.1531885601179088,0,0,2.0355276907001043,6.067035526093586,FGR;MEF2C;CADM1;PLCG2;SCX;LILRB1;TLR6;TNF
GO_Biological_Process_2023,Regulation Of Calcidiol 1-Monooxygenase Activity (GO:0060558),0.05128040661281183,0.1531885601179088,0,0,23.70571955719557,70.41657256894506,TNF
GO_Biological_Process_2023,Regulation Of T-helper 17 Cell Lineage Commitment (GO:2000328),0.05128040661281183,0.1531885601179088,0,0,23.70571955719557,70.41657256894506,TBX21
GO_Biological_Process_2023,Positive Regulation Of Nervous System Development (GO:0051962),0.04921563935840405,0.1531885601179088,0,0,5.941898148148148,17.894286723517272,CX3CR1;DLG5
GO_Biological_Process_2023,Positive Regulation Of Myeloid Leukocyte Differentiation (GO:0002763),0.04921563935840405,0.1531885601179088,0,0,5.941898148148148,17.894286723517272,TNFSF11;TNF
GO_Biological_Process_2023,Regulation Of Dopamine Metabolic Process (GO:0042053),0.05128040661281183,0.1531885601179088,0,0,23.70571955719557,70.41657256894506,ITGAM
GO_Biological_Process_2023,Integrin-Mediated Signaling Pathway (GO:0007229),0.047172188113574536,0.1531885601179088,0,0,3.862202351049935,11.794975940206617,FGR;ITGAM;PLEK
GO_Biological_Process_2023,Negative Regulation Of Apoptotic Signaling Pathway (GO:2001234),0.047172188113574536,0.1531885601179088,0,0,3.862202351049935,11.794975940206617,CX3CR1;TNF;MMP9
GO_Biological_Process_2023,Regulation Of Endothelial Cell Apoptotic Process (GO:2000351),0.04921563935840405,0.1531885601179088,0,0,5.941898148148148,17.894286723517272,FASLG;TNF
GO_Biological_Process_2023,Neuropeptide Signaling Pathway (GO:0007218),0.04921563935840405,0.1531885601179088,0,0,5.941898148148148,17.894286723517272,PTGDR2;NMUR1
GO_Biological_Process_2023,Positive Regulation Of Cell-Cell Adhesion (GO:0022409),0.04921563935840405,0.1531885601179088,0,0,5.941898148148148,17.894286723517272,TNFSF11;TNF
GO_Biological_Process_2023,Positive Regulation Of Axonogenesis (GO:0050772),0.04663516690857086,0.1531885601179088,0,0,6.133811230585424,18.802587202061247,SHTN1;PLXNA2
GO_Biological_Process_2023,Positive Regulation Of Monoatomic Ion Transport (GO:0043270),0.04663516690857086,0.1531885601179088,0,0,6.133811230585424,18.802587202061247,CCL4;F2R
GO_Biological_Process_2023,Positive Regulation Of Signaling (GO:0023056),0.04663516690857086,0.1531885601179088,0,0,6.133811230585424,18.802587202061247,EDN3;TNF
GO_Biological_Process_2023,Myofibril Assembly (GO:0030239),0.04663516690857086,0.1531885601179088,0,0,6.133811230585424,18.802587202061247,PDGFRB;TNNT2
GO_Biological_Process_2023,Regulation Of Synapse Assembly (GO:0051963),0.04663516690857086,0.1531885601179088,0,0,6.133811230585424,18.802587202061247,MEF2C;DLG5
GO_Biological_Process_2023,Regulation Of Osteoclast Differentiation (GO:0045670),0.04663516690857086,0.1531885601179088,0,0,6.133811230585424,18.802587202061247,TNFSF11;TNF
GO_Biological_Process_2023,Tumor Necrosis Factor-Mediated Signaling Pathway (GO:0033209),0.051846634014488094,0.15431887624239843,0,0,5.761616161616161,17.051302895767456,TNFSF11;TNF
GO_Biological_Process_2023,Regulation Of Viral Entry Into Host Cell (GO:0046596),0.051846634014488094,0.15431887624239843,0,0,5.761616161616161,17.051302895767456,IFITM3;CIITA
Reactome_2022,Mineralocorticoid Biosynthesis R-HSA-193993,0.020835402030350572,0.15462930572316674,0,0,94.8339483394834,367.1118603778035,CYP21A2
Reactome_2022,Constitutive Signaling By NOTCH1 HD+PEST Domain Mutants R-HSA-2894862,0.02094318957032965,0.15462930572316674,0,0,5.396927824928105,20.86420868452989,JAG2;JAG1;HDAC9
Reactome_2022,Cell-Cell Communication R-HSA-1500931,0.021085814416795468,0.15462930572316674,0,0,3.980876865671642,15.362819933467836,CD151;CADM1;LAMB3;SKAP2
GO_Biological_Process_2023,Negative Regulation Of DNA-binding Transcription Factor Activity (GO:0043433),0.05267973032784723,0.15651500348761843,0,0,2.935820895522388,8.641660795767255,ID1;NLRP3;XCL1;CMKLR1
Reactome_2022,RHOQ GTPase Cycle R-HSA-9013406,0.021939670854679447,0.15868693440096915,0,0,5.296778190830236,20.23082621199004,GFOD1;CDC42EP4;STOM
GO_Biological_Process_2023,Defense Response To Gram-positive Bacterium (GO:0050830),0.054526818414419545,0.1602639761268181,0,0,5.591938997821351,16.26730069704451,FGR;DEFA1
GO_Biological_Process_2023,Negative Regulation Of Type I Interferon Production (GO:0032480),0.054526818414419545,0.1602639761268181,0,0,5.591938997821351,16.26730069704451,LILRB1;LILRA4
GO_Biological_Process_2023,Cartilage Development (GO:0051216),0.054526818414419545,0.1602639761268181,0,0,5.591938997821351,16.26730069704451,MEF2C;SCX
GO_Biological_Process_2023,Negative Regulation Of Immune System Process (GO:0002683),0.054526818414419545,0.1602639761268181,0,0,5.591938997821351,16.26730069704451,LYN;TLR6
GO_Biological_Process_2023,Cognition (GO:0050890),0.054526818414419545,0.1602639761268181,0,0,5.591938997821351,16.26730069704451,TUSC3;TNF
GO_Biological_Process_2023,Nervous System Development (GO:0007399),0.05449263162912585,0.1602639761268181,0,0,2.121984714592787,6.174317249926434,ZEB2;SNTG2;MEF2C;JAG1;CRIM1;NAV2;FGF11
KEGG_2021_Human,C-type lectin receptor signaling pathway,0.08191592138082332,0.16087991766684218,0,0,3.038084315431464,7.601475035172603,PLCG2;NLRP3;TNF
GO_Biological_Process_2023,Positive Regulation Of Epithelial Cell Migration (GO:0010634),0.05501192243038475,0.16140105098771812,0,0,3.617053315138111,10.490197360533605,DOCK5;PLCG2;MMP9
KEGG_2021_Human,Glycosaminoglycan biosynthesis,0.08375642192478384,0.1630258926750257,0,0,4.31936026936027,10.711332872971697,UST;CHST13
GO_Biological_Process_2023,Negative Regulation Of Programmed Cell Death (GO:0043069),0.055959390822174125,0.16388819807634952,0,0,2.1084727661089357,6.078999009717662,NTRK1;SH3RF2;SCX;PROK2;MMP9;MPO;NUGGC
GO_Biological_Process_2023,Cellular Response To Transforming Growth Factor Beta Stimulus (GO:0071560),0.056650038530678896,0.1656156820389776,0,0,3.5717007434944237,10.253862123447536,MEF2C;ID1;XCL1
Reactome_2022,Toll-like Receptor Cascades R-HSA-168898,0.023297018830216894,0.1661728372270576,0,0,3.211421964155544,12.073115669415523,MEF2C;ITGAM;PLCG2;MAP3K8;TLR6
Reactome_2022,Role Of Phospholipids In Phagocytosis R-HSA-2029485,0.023918817479652233,0.1661728372270576,0,0,9.058201058201059,33.815077864317416,PLCG2;PLD4
Reactome_2022,Signaling By Erythropoietin R-HSA-9006335,0.023918817479652233,0.1661728372270576,0,0,9.058201058201059,33.815077864317416,LYN;PLCG2
GO_Biological_Process_2023,"Negative Regulation Of CD8-positive, Alpha-Beta T Cell Activation (GO:2001186)",0.06121768129556215,0.16652425557716657,0,0,18.963837638376383,52.97205218170561,LILRB1
GO_Biological_Process_2023,Regulation Of Coagulation (GO:0050818),0.06121768129556215,0.16652425557716657,0,0,18.963837638376383,52.97205218170561,F2R
GO_Biological_Process_2023,Positive Regulation Of Cold-Induced Thermogenesis (GO:0120162),0.05831116156936785,0.16652425557716657,0,0,3.5274679884345312,10.024929109334492,ADRB2;CMKLR1;GADD45G
GO_Biological_Process_2023,Regulation Of Release Of Sequestered Calcium Ion Into Cytosol (GO:0051279),0.057254882302918114,0.16652425557716657,0,0,5.431957671957672,15.536715429885051,F2R;XCL1
GO_Biological_Process_2023,Cdc42 Protein Signal Transduction (GO:0032488),0.06121768129556215,0.16652425557716657,0,0,18.963837638376383,52.97205218170561,SHTN1
GO_Biological_Process_2023,Regulation Of Alpha-Beta T Cell Differentiation (GO:0046637),0.06121768129556215,0.16652425557716657,0,0,18.963837638376383,52.97205218170561,ZNF683
GO_Biological_Process_2023,Negative Regulation Of T-helper 17 Type Immune Response (GO:2000317),0.06121768129556215,0.16652425557716657,0,0,18.963837638376383,52.97205218170561,TBX21
GO_Biological_Process_2023,Negative Regulation Of Amyloid-Beta Clearance (GO:1900222),0.06121768129556215,0.16652425557716657,0,0,18.963837638376383,52.97205218170561,TNF
GO_Biological_Process_2023,Nerve Growth Factor Signaling Pathway (GO:0038180),0.06121768129556215,0.16652425557716657,0,0,18.963837638376383,52.97205218170561,NTRK1
GO_Biological_Process_2023,Neurotrophin TRK Receptor Signaling Pathway (GO:0048011),0.06121768129556215,0.16652425557716657,0,0,18.963837638376383,52.97205218170561,NTRK1
GO_Biological_Process_2023,Positive Regulation Of Transcription By RNA Polymerase II (GO:0045944),0.05900967494723635,0.16652425557716657,0,0,1.6721188096354986,4.7321863022280315,KLF10;CEBPA;CIITA;MEF2C;JAG1;SCX;LILRB1;ASCL2;TNF;ZEB2;TBX21;NLRP3;TNFSF11
GO_Biological_Process_2023,Regulation Of Protein Modification Process (GO:0031399),0.060029537277950434,0.16652425557716657,0,0,5.280864197530864,14.854640860886068,LYN;SPRED2
GO_Biological_Process_2023,Homotypic Cell-Cell Adhesion (GO:0034109),0.060029537277950434,0.16652425557716657,0,0,5.280864197530864,14.854640860886068,PLEK;XG
GO_Biological_Process_2023,Sodium-Independent Organic Anion Transport (GO:0043252),0.06121768129556215,0.16652425557716657,0,0,18.963837638376383,52.97205218170561,SLCO4C1
GO_Biological_Process_2023,Glomerular Epithelial Cell Development (GO:0072310),0.06121768129556215,0.16652425557716657,0,0,18.963837638376383,52.97205218170561,JAG1
GO_Biological_Process_2023,"Negative Regulation Of CD4-positive, Alpha-Beta T Cell Proliferation (GO:2000562)",0.06121768129556215,0.16652425557716657,0,0,18.963837638376383,52.97205218170561,XCL1
GO_Biological_Process_2023,Monosaccharide Biosynthetic Process (GO:0046364),0.06121768129556215,0.16652425557716657,0,0,18.963837638376383,52.97205218170561,UST
GO_Biological_Process_2023,Icosanoid Secretion (GO:0032309),0.06121768129556215,0.16652425557716657,0,0,18.963837638376383,52.97205218170561,ACE
GO_Biological_Process_2023,Hormone Transport (GO:0009914),0.06121768129556215,0.16652425557716657,0,0,18.963837638376383,52.97205218170561,SLC7A8
GO_Biological_Process_2023,Lactate Metabolic Process (GO:0006089),0.06121768129556215,0.16652425557716657,0,0,18.963837638376383,52.97205218170561,LDHC
GO_Biological_Process_2023,Killing By Host Of Symbiont Cells (GO:0051873),0.06121768129556215,0.16652425557716657,0,0,18.963837638376383,52.97205218170561,DEFA1
GO_Biological_Process_2023,Positive Regulation Of Behavior (GO:0048520),0.06121768129556215,0.16652425557716657,0,0,18.963837638376383,52.97205218170561,MEF2C
GO_Biological_Process_2023,Regulation Of Activation Of Janus Kinase Activity (GO:0010533),0.06121768129556215,0.16652425557716657,0,0,18.963837638376383,52.97205218170561,CD300A
GO_Biological_Process_2023,Positive Regulation Of Cardiocyte Differentiation (GO:1905209),0.06121768129556215,0.16652425557716657,0,0,18.963837638376383,52.97205218170561,MEF2C
GO_Biological_Process_2023,Commissural Neuron Axon Guidance (GO:0071679),0.06121768129556215,0.16652425557716657,0,0,18.963837638376383,52.97205218170561,NCAM1
GO_Biological_Process_2023,Ectoderm Development (GO:0007398),0.06121768129556215,0.16652425557716657,0,0,18.963837638376383,52.97205218170561,ITGAM
GO_Biological_Process_2023,Regulation Of JUN Kinase Activity (GO:0043506),0.060029537277950434,0.16652425557716657,0,0,5.280864197530864,14.854640860886068,TLR6;TNF
GO_Biological_Process_2023,Positive Regulation Of Fat Cell Differentiation (GO:0045600),0.060029537277950434,0.16652425557716657,0,0,5.280864197530864,14.854640860886068,SOX13;CMKLR1
GO_Biological_Process_2023,Negative Regulation Of T Cell Activation (GO:0050868),0.060029537277950434,0.16652425557716657,0,0,5.280864197530864,14.854640860886068,DLG5;LILRB1
GO_Biological_Process_2023,Aromatic Amino Acid Transport (GO:0015801),0.06121768129556215,0.16652425557716657,0,0,18.963837638376383,52.97205218170561,SLC7A8
GO_Biological_Process_2023,Regulation Of Lens Fiber Cell Differentiation (GO:1902746),0.06121768129556215,0.16652425557716657,0,0,18.963837638376383,52.97205218170561,SPRED2
GO_Biological_Process_2023,Regulation Of Glial Cell Proliferation (GO:0060251),0.06121768129556215,0.16652425557716657,0,0,18.963837638376383,52.97205218170561,TNF
GO_Biological_Process_2023,Release Of Sequestered Calcium Ion Into Cytosol By Endoplasmic Reticulum (GO:1903514),0.06121768129556215,0.16652425557716657,0,0,18.963837638376383,52.97205218170561,FASLG
GO_Biological_Process_2023,Cellular Response To Bacterial Lipopeptide (GO:0071221),0.06121768129556215,0.16652425557716657,0,0,18.963837638376383,52.97205218170561,TLR6
GO_Biological_Process_2023,Cell Differentiation In Spinal Cord (GO:0021515),0.06121768129556215,0.16652425557716657,0,0,18.963837638376383,52.97205218170561,SOX13
GO_Biological_Process_2023,Regulation Of Osteoclast Development (GO:2001204),0.06121768129556215,0.16652425557716657,0,0,18.963837638376383,52.97205218170561,LILRB1
GO_Biological_Process_2023,Regulation Of Nitric Oxide Metabolic Process (GO:0080164),0.06121768129556215,0.16652425557716657,0,0,18.963837638376383,52.97205218170561,CX3CR1
GO_Biological_Process_2023,Regulation Of Calcium Ion Transmembrane Transport Via High Voltage-Gated Calcium Channel (GO:1902514),0.06121768129556215,0.16652425557716657,0,0,18.963837638376383,52.97205218170561,SESTD1
GO_Biological_Process_2023,Regulation Of Apoptotic Cell Clearance (GO:2000425),0.06121768129556215,0.16652425557716657,0,0,18.963837638376383,52.97205218170561,C4B
GO_Biological_Process_2023,Smooth Muscle Cell Differentiation (GO:0051145),0.06121768129556215,0.16652425557716657,0,0,18.963837638376383,52.97205218170561,MEF2C
GO_Biological_Process_2023,Positive Regulation Of Vascular Associated Smooth Muscle Cell Migration (GO:1904754),0.06121768129556215,0.16652425557716657,0,0,18.963837638376383,52.97205218170561,DOCK5
GO_Biological_Process_2023,Phosphatidylglycerol Acyl-Chain Remodeling (GO:0036148),0.06121768129556215,0.16652425557716657,0,0,18.963837638376383,52.97205218170561,PLA2G4F
GO_Biological_Process_2023,Response To Calcium Ion (GO:0051592),0.061701734310356846,0.16756355284614266,0,0,3.4422000268732926,9.58805279457701,MEF2C;TNNT2;PLCG2
KEGG_2021_Human,Arachidonic acid metabolism,0.08689587601413397,0.16763983160248852,0,0,4.22320987654321,10.317490524970514,PLA2G4F;PLA2G4C
GO_Biological_Process_2023,Negative Regulation Of Tumor Necrosis Factor Production (GO:0032720),0.0628495164992557,0.17011821352269707,0,0,5.137937937937938,14.21673611915522,LILRB1;LILRA4
GO_Biological_Process_2023,Modulation By Host Of Symbiont Process (GO:0051851),0.0628495164992557,0.17011821352269707,0,0,5.137937937937938,14.21673611915522,CX3CR1;CCL4
GO_Biological_Process_2023,Positive Regulation Of Kinase Activity (GO:0033674),0.06343082718384366,0.17140929122213014,0,0,3.4010886882634095,9.37954041886203,PDGFRB;NTRK1;FLT3
Reactome_2022,Signaling By MET R-HSA-6806834,0.025082189438396553,0.17199215614900493,0,0,5.017413422030914,18.492165204908403,LAMB3;TNS4;TNS3
Reactome_2022,Deposition Of New CENPA-containing Nucleosomes At Centromere R-HSA-606279,0.025915668406614033,0.17279246974628637,0,0,8.646127946127946,31.583505926490968,CENPU;CENPM
Reactome_2022,NOTCH3 Activation And Transmission Of Signal To Nucleus R-HSA-9013507,0.025915668406614033,0.17279246974628637,0,0,8.646127946127946,31.583505926490968,JAG2;JAG1
Reactome_2022,Constitutive Signaling By Aberrant PI3K In Cancer R-HSA-2219530,0.026180677234285816,0.17279246974628637,0,0,4.930714011024228,17.961277848709376,PDGFRB;FLT3;PIK3AP1
GO_Biological_Process_2023,Antimicrobial Humoral Response (GO:0019730),0.06862048623732954,0.174204364540321,0,0,4.874074074074074,13.058444551169558,GNLY;DEFA1
GO_Biological_Process_2023,Regulation Of Dendritic Cell Antigen Processing And Presentation (GO:0002604),0.07105124953339907,0.174204364540321,0,0,15.802583025830259,41.78762107335148,CD68
GO_Biological_Process_2023,Cellular Response To Salt (GO:1902075),0.06875111407383658,0.174204364540321,0,0,3.2834252018971926,8.790590632207904,MEF2C;P2RY2;PLCG2
GO_Biological_Process_2023,Regulation Of Wound Healing (GO:0061041),0.06862048623732954,0.174204364540321,0,0,4.874074074074074,13.058444551169558,TNFRSF12A;F2R
GO_Biological_Process_2023,Negative Regulation Of MAP Kinase Activity (GO:0043407),0.06862048623732954,0.174204364540321,0,0,4.874074074074074,13.058444551169558,LYN;CD300A
GO_Biological_Process_2023,Central Nervous System Development (GO:0007417),0.06618263498774335,0.174204364540321,0,0,2.375761641232042,6.450993872045333,CX3CR1;SNTG2;ADGRG1;ITGAM;RTN1
GO_Biological_Process_2023,Negative Regulation Of Amide Metabolic Process (GO:0034249),0.06518221365246463,0.174204364540321,0,0,3.3609446752678767,9.17729014452764,NANOS1;RTN1;GZMB
GO_Biological_Process_2023,Regulation Of Cation Channel Activity (GO:2001257),0.06862048623732954,0.174204364540321,0,0,4.874074074074074,13.058444551169558,MMP9;FGF11
GO_Biological_Process_2023,Negative Regulation Of Tumor Necrosis Factor Superfamily Cytokine Production (GO:1903556),0.06862048623732954,0.174204364540321,0,0,4.874074074074074,13.058444551169558,LILRB1;LILRA4
GO_Biological_Process_2023,Regulation Of T Cell Differentiation (GO:0045580),0.06571357436439129,0.174204364540321,0,0,5.002534113060429,13.619147813015038,ZNF683;TBX21
GO_Biological_Process_2023,Mast Cell Activation Involved In Immune Response (GO:0002279),0.07105124953339907,0.174204364540321,0,0,15.802583025830259,41.78762107335148,FCER1A
GO_Biological_Process_2023,Lymphocyte Apoptotic Process (GO:0070227),0.07105124953339907,0.174204364540321,0,0,15.802583025830259,41.78762107335148,FASLG
GO_Biological_Process_2023,Leucine Transport (GO:0015820),0.07105124953339907,0.174204364540321,0,0,15.802583025830259,41.78762107335148,SLC7A8
GO_Biological_Process_2023,Complement Receptor Mediated Signaling Pathway (GO:0002430),0.07105124953339907,0.174204364540321,0,0,15.802583025830259,41.78762107335148,CMKLR1
GO_Biological_Process_2023,Response To Corticosteroid (GO:0031960),0.07105124953339907,0.174204364540321,0,0,15.802583025830259,41.78762107335148,TNF
GO_Biological_Process_2023,Dermatan Sulfate Proteoglycan Biosynthetic Process (GO:0050651),0.07105124953339907,0.174204364540321,0,0,15.802583025830259,41.78762107335148,UST
GO_Biological_Process_2023,Regulation Of Skeletal Muscle Cell Differentiation (GO:2001014),0.07105124953339907,0.174204364540321,0,0,15.802583025830259,41.78762107335148,MEF2C
GO_Biological_Process_2023,Regulation Of Response To Wounding (GO:1903034),0.07105124953339907,0.174204364540321,0,0,15.802583025830259,41.78762107335148,TNFRSF12A
GO_Biological_Process_2023,Adenylate Cyclase-Activating Adrenergic Receptor Signaling Pathway (GO:0071880),0.07105124953339907,0.174204364540321,0,0,15.802583025830259,41.78762107335148,ADRB2
GO_Biological_Process_2023,Regulation Of Sensory Perception (GO:0051931),0.07105124953339907,0.174204364540321,0,0,15.802583025830259,41.78762107335148,F2R
GO_Biological_Process_2023,Regulation Of Sensory Perception Of Pain (GO:0051930),0.07105124953339907,0.174204364540321,0,0,15.802583025830259,41.78762107335148,F2R
GO_Biological_Process_2023,Regulation Of Leukocyte Degranulation (GO:0043300),0.07105124953339907,0.174204364540321,0,0,15.802583025830259,41.78762107335148,LYN
GO_Biological_Process_2023,Regulation Of Lymphocyte Apoptotic Process (GO:0070228),0.07105124953339907,0.174204364540321,0,0,15.802583025830259,41.78762107335148,LYN
GO_Biological_Process_2023,Regulation Of Interleukin-23 Production (GO:0032667),0.07105124953339907,0.174204364540321,0,0,15.802583025830259,41.78762107335148,PLCG2
GO_Biological_Process_2023,TRIF-dependent Toll-Like Receptor Signaling Pathway (GO:0035666),0.07105124953339907,0.174204364540321,0,0,15.802583025830259,41.78762107335148,TLR6
GO_Biological_Process_2023,Regulation Of Inflammatory Response To Wounding (GO:0106014),0.07105124953339907,0.174204364540321,0,0,15.802583025830259,41.78762107335148,SIGLEC10
GO_Biological_Process_2023,T Cell Apoptotic Process (GO:0070231),0.07105124953339907,0.174204364540321,0,0,15.802583025830259,41.78762107335148,FASLG
GO_Biological_Process_2023,Regulation Of Gene Expression By Genomic Imprinting (GO:0006349),0.07105124953339907,0.174204364540321,0,0,15.802583025830259,41.78762107335148,ZFP57
GO_Biological_Process_2023,Regulation Of Dendritic Cell Chemotaxis (GO:2000508),0.07105124953339907,0.174204364540321,0,0,15.802583025830259,41.78762107335148,SLAMF8
GO_Biological_Process_2023,Melanocyte Differentiation (GO:0030318),0.07105124953339907,0.174204364540321,0,0,15.802583025830259,41.78762107335148,MEF2C
GO_Biological_Process_2023,Natural Killer Cell Activation Involved In Immune Response (GO:0002323),0.07105124953339907,0.174204364540321,0,0,15.802583025830259,41.78762107335148,FCGR3A
GO_Biological_Process_2023,Negative Regulation Of T Cell Mediated Cytotoxicity (GO:0001915),0.07105124953339907,0.174204364540321,0,0,15.802583025830259,41.78762107335148,LILRB1
GO_Biological_Process_2023,Glycine Transport (GO:0015816),0.07105124953339907,0.174204364540321,0,0,15.802583025830259,41.78762107335148,SLC7A8
GO_Biological_Process_2023,Growth Hormone Receptor Signaling Pathway Via JAK-STAT (GO:0060397),0.07105124953339907,0.174204364540321,0,0,15.802583025830259,41.78762107335148,LYN
GO_Biological_Process_2023,Vasoconstriction (GO:0042310),0.07105124953339907,0.174204364540321,0,0,15.802583025830259,41.78762107335148,EDN3
GO_Biological_Process_2023,Hepoxilin Biosynthetic Process (GO:0051122),0.07105124953339907,0.174204364540321,0,0,15.802583025830259,41.78762107335148,GSTM1
GO_Biological_Process_2023,Hepoxilin Metabolic Process (GO:0051121),0.07105124953339907,0.174204364540321,0,0,15.802583025830259,41.78762107335148,GSTM1
GO_Biological_Process_2023,Negative Regulation Of T-helper 17 Cell Differentiation (GO:2000320),0.07105124953339907,0.174204364540321,0,0,15.802583025830259,41.78762107335148,TBX21
GO_Biological_Process_2023,Mast Cell Degranulation (GO:0043303),0.07105124953339907,0.174204364540321,0,0,15.802583025830259,41.78762107335148,FCER1A
GO_Biological_Process_2023,Regulation Of Cardiac Muscle Cell Differentiation (GO:2000725),0.07105124953339907,0.174204364540321,0,0,15.802583025830259,41.78762107335148,MEF2C
GO_Biological_Process_2023,Regulation Of T-helper 2 Cell Differentiation (GO:0045628),0.07105124953339907,0.174204364540321,0,0,15.802583025830259,41.78762107335148,NLRP3
GO_Biological_Process_2023,Protein Kinase C Signaling (GO:0070528),0.07105124953339907,0.174204364540321,0,0,15.802583025830259,41.78762107335148,PLEK
GO_Biological_Process_2023,Postsynapse Assembly (GO:0099068),0.07105124953339907,0.174204364540321,0,0,15.802583025830259,41.78762107335148,NLGN4Y
GO_Biological_Process_2023,Positive Regulation Of Protein Kinase A Signaling (GO:0010739),0.07105124953339907,0.174204364540321,0,0,15.802583025830259,41.78762107335148,ADRB2
GO_Biological_Process_2023,Positive Regulation Of Protein Depolymerization (GO:1901881),0.07105124953339907,0.174204364540321,0,0,15.802583025830259,41.78762107335148,PLEK
GO_Biological_Process_2023,Positive Regulation Of Myeloid Cell Apoptotic Process (GO:0033034),0.07105124953339907,0.174204364540321,0,0,15.802583025830259,41.78762107335148,MEF2C
GO_Biological_Process_2023,Positive Regulation Of Membrane Invagination (GO:1905155),0.07105124953339907,0.174204364540321,0,0,15.802583025830259,41.78762107335148,PLCG2
GO_Biological_Process_2023,Positive Regulation Of Keratinocyte Migration (GO:0051549),0.07105124953339907,0.174204364540321,0,0,15.802583025830259,41.78762107335148,MMP9
GO_Biological_Process_2023,Positive Regulation Of Isomerase Activity (GO:0010912),0.07105124953339907,0.174204364540321,0,0,15.802583025830259,41.78762107335148,ITGAM
GO_Biological_Process_2023,Positive Regulation Of Hippo Signaling (GO:0035332),0.07105124953339907,0.174204364540321,0,0,15.802583025830259,41.78762107335148,DLG5
GO_Biological_Process_2023,Positive Regulation Of Dendritic Cell Cytokine Production (GO:0002732),0.07105124953339907,0.174204364540321,0,0,15.802583025830259,41.78762107335148,PLCG2
GO_Biological_Process_2023,Positive Regulation Of Cardiac Epithelial To Mesenchymal Transition (GO:0062043),0.07105124953339907,0.174204364540321,0,0,15.802583025830259,41.78762107335148,JAG1
GO_Biological_Process_2023,Positive Regulation Of Bone Resorption (GO:0045780),0.07105124953339907,0.174204364540321,0,0,15.802583025830259,41.78762107335148,TNFSF11
GO_Biological_Process_2023,Positive Regulation Of Actin Filament Depolymerization (GO:0030836),0.07105124953339907,0.174204364540321,0,0,15.802583025830259,41.78762107335148,PLEK
GO_Biological_Process_2023,Platelet Activating Factor Metabolic Process (GO:0046469),0.07105124953339907,0.174204364540321,0,0,15.802583025830259,41.78762107335148,PLA2G4C
GO_Biological_Process_2023,Phasic Smooth Muscle Contraction (GO:0014821),0.07105124953339907,0.174204364540321,0,0,15.802583025830259,41.78762107335148,EDN3
GO_Biological_Process_2023,Peptidyl-Lysine Deacetylation (GO:0034983),0.07105124953339907,0.174204364540321,0,0,15.802583025830259,41.78762107335148,HDAC9
GO_Biological_Process_2023,Negative Regulation Of Toll-Like Receptor 4 Signaling Pathway (GO:0034144),0.07105124953339907,0.174204364540321,0,0,15.802583025830259,41.78762107335148,LYN
GO_Biological_Process_2023,Negative Regulation Of Protein-Containing Complex Disassembly (GO:0043242),0.07105124953339907,0.174204364540321,0,0,15.802583025830259,41.78762107335148,TNF
GO_Biological_Process_2023,Negative Regulation Of Macrophage Migration (GO:1905522),0.07105124953339907,0.174204364540321,0,0,15.802583025830259,41.78762107335148,SLAMF8
GO_Biological_Process_2023,Negative Regulation Of Leukocyte Apoptotic Process (GO:2000107),0.07105124953339907,0.174204364540321,0,0,15.802583025830259,41.78762107335148,LILRB1
GO_Biological_Process_2023,Negative Regulation Of ERK1 And ERK2 Cascade (GO:0070373),0.07156904812216475,0.174204364540321,0,0,4.752037037037037,12.531561644830699,LYN;SPRED2
GO_Biological_Process_2023,Regulation Of Apoptotic Signaling Pathway (GO:2001233),0.07156904812216475,0.174204364540321,0,0,4.752037037037037,12.531561644830699,CX3CR1;TNF
GO_Biological_Process_2023,Plasma Membrane Bounded Cell Projection Morphogenesis (GO:0120039),0.07156904812216475,0.174204364540321,0,0,4.752037037037037,12.531561644830699,SHTN1;GAS7
GO_Biological_Process_2023,Negative Regulation Of Cysteine-Type Endopeptidase Activity (GO:2000117),0.07156904812216475,0.174204364540321,0,0,4.752037037037037,12.531561644830699,SFN;TNF
GO_Biological_Process_2023,Regulation Of Smooth Muscle Cell Proliferation (GO:0048660),0.07156904812216475,0.174204364540321,0,0,4.752037037037037,12.531561644830699,PDGFRB;TNF
GO_Biological_Process_2023,Epithelial Cell Migration (GO:0010631),0.07156904812216475,0.174204364540321,0,0,4.752037037037037,12.531561644830699,NANOS1;ZEB2
Reactome_2022,Cell Surface Interactions At Vascular Wall R-HSA-202733,0.027030989339020876,0.1762020045802842,0,0,3.673507462686567,13.264195382161871,LYN;ITGAM;SLC7A8;CD244
Reactome_2022,Synthesis Of IP3 And IP4 In Cytosol R-HSA-1855204,0.027977658668943663,0.17797835876147294,0,0,8.269887278582932,29.576003032572167,PLCG2;PLD4
Reactome_2022,Metabolic Disorders Of Biological Oxidation Enzymes R-HSA-5579029,0.027977658668943663,0.17797835876147294,0,0,8.269887278582932,29.576003032572167,CYP21A2;CYP4F22
GO_Biological_Process_2023,Neuron Projection Development (GO:0031175),0.07327894542354299,0.17810252563739815,0,0,2.6124514414230218,6.82759468682036,LYN;SHTN1;ZNF365;GAS7
GO_Biological_Process_2023,Positive Regulation Of Macromolecule Metabolic Process (GO:0010604),0.07412282088235607,0.17988743679425556,0,0,2.100966702470462,5.466782212532994,MEF2C;PLCG2;SCX;LILRB1;TLR6;TNF
GO_Biological_Process_2023,T Cell Differentiation (GO:0030217),0.07455807636426544,0.18014546980365898,0,0,4.635953026196929,12.035754196769327,JAG2;SOX13
GO_Biological_Process_2023,Regulation Of Smoothened Signaling Pathway (GO:0008589),0.07455807636426544,0.18014546980365898,0,0,4.635953026196929,12.035754196769327,DHH;DLG5
GO_Biological_Process_2023,Regulation Of Receptor Signaling Pathway Via JAK-STAT (GO:0046425),0.07455807636426544,0.18014546980365898,0,0,4.635953026196929,12.035754196769327,F2R;TNF
GO_Biological_Process_2023,"Regulation Of CD8-positive, Alpha-Beta T Cell Proliferation (GO:2000564)",0.08078218914639772,0.18306915416211236,0,0,13.54454401686874,34.0780560745995,XCL1
GO_Biological_Process_2023,Mast Cell Mediated Immunity (GO:0002448),0.08078218914639772,0.18306915416211236,0,0,13.54454401686874,34.0780560745995,FCER1A
GO_Biological_Process_2023,Regulation Of Organ Growth (GO:0046620),0.08078218914639772,0.18306915416211236,0,0,13.54454401686874,34.0780560745995,LATS2
GO_Biological_Process_2023,Regulation Of Nuclear Cell Cycle DNA Replication (GO:0033262),0.08078218914639772,0.18306915416211236,0,0,13.54454401686874,34.0780560745995,NUGGC
GO_Biological_Process_2023,Regulation Of Neutrophil Migration (GO:1902622),0.08078218914639772,0.18306915416211236,0,0,13.54454401686874,34.0780560745995,SLAMF8
GO_Biological_Process_2023,Dendrite Self-Avoidance (GO:0070593),0.08078218914639772,0.18306915416211236,0,0,13.54454401686874,34.0780560745995,PALLD
GO_Biological_Process_2023,Regulation Of Inclusion Body Assembly (GO:0090083),0.08078218914639772,0.18306915416211236,0,0,13.54454401686874,34.0780560745995,HSPA2
GO_Biological_Process_2023,Regulation Of Macrophage Migration (GO:1905521),0.08078218914639772,0.18306915416211236,0,0,13.54454401686874,34.0780560745995,CX3CR1
GO_Biological_Process_2023,Notch Signaling Involved In Heart Development (GO:0061314),0.08078218914639772,0.18306915416211236,0,0,13.54454401686874,34.0780560745995,JAG1
GO_Biological_Process_2023,Regulation Of Melanin Biosynthetic Process (GO:0048021),0.08078218914639772,0.18306915416211236,0,0,13.54454401686874,34.0780560745995,ZEB2
GO_Biological_Process_2023,Peptidyl-Lysine Dimethylation (GO:0018027),0.08078218914639772,0.18306915416211236,0,0,13.54454401686874,34.0780560745995,SETBP1
GO_Biological_Process_2023,Regulation Of Epithelial Cell Apoptotic Process (GO:1904035),0.08078218914639772,0.18306915416211236,0,0,13.54454401686874,34.0780560745995,TNF
GO_Biological_Process_2023,Positive Regulation Of Alcohol Biosynthetic Process (GO:1902932),0.08078218914639772,0.18306915416211236,0,0,13.54454401686874,34.0780560745995,CD244
GO_Biological_Process_2023,"Positive Regulation Of CD8-positive, Alpha-Beta T Cell Activation (GO:2001187)",0.08078218914639772,0.18306915416211236,0,0,13.54454401686874,34.0780560745995,XCL1
GO_Biological_Process_2023,Negative Regulation Of Lipid Localization (GO:1905953),0.08078218914639772,0.18306915416211236,0,0,13.54454401686874,34.0780560745995,TNF
GO_Biological_Process_2023,Oogenesis (GO:0048477),0.08078218914639772,0.18306915416211236,0,0,13.54454401686874,34.0780560745995,NANOS1
GO_Biological_Process_2023,Negative Regulation Of Leukocyte Degranulation (GO:0043301),0.08078218914639772,0.18306915416211236,0,0,13.54454401686874,34.0780560745995,CD300A
GO_Biological_Process_2023,MyD88-independent Toll-Like Receptor Signaling Pathway (GO:0002756),0.08078218914639772,0.18306915416211236,0,0,13.54454401686874,34.0780560745995,TLR6
GO_Biological_Process_2023,Branched-Chain Amino Acid Transport (GO:0015803),0.08078218914639772,0.18306915416211236,0,0,13.54454401686874,34.0780560745995,SLC7A8
GO_Biological_Process_2023,Mesoderm Morphogenesis (GO:0048332),0.08078218914639772,0.18306915416211236,0,0,13.54454401686874,34.0780560745995,SCX
GO_Biological_Process_2023,Semaphorin-Plexin Signaling Pathway Involved In Axon Guidance (GO:1902287),0.08078218914639772,0.18306915416211236,0,0,13.54454401686874,34.0780560745995,PLXNA2
GO_Biological_Process_2023,Ether Lipid Biosynthetic Process (GO:0008611),0.08078218914639772,0.18306915416211236,0,0,13.54454401686874,34.0780560745995,PLA2G4C
GO_Biological_Process_2023,Protein Kinase C-activating G Protein-Coupled Receptor Signaling Pathway (GO:0007205),0.08078218914639772,0.18306915416211236,0,0,13.54454401686874,34.0780560745995,F2R
GO_Biological_Process_2023,Positive Regulation Of Vasoconstriction (GO:0045907),0.08078218914639772,0.18306915416211236,0,0,13.54454401686874,34.0780560745995,F2R
GO_Biological_Process_2023,"Positive Regulation Of Phagocytosis, Engulfment (GO:0060100)",0.08078218914639772,0.18306915416211236,0,0,13.54454401686874,34.0780560745995,PLCG2
GO_Biological_Process_2023,"Regulation Of CD8-positive, Alpha-Beta T Cell Activation (GO:2001185)",0.08078218914639772,0.18306915416211236,0,0,13.54454401686874,34.0780560745995,LILRB1
GO_Biological_Process_2023,Negative Regulation Of Signal Transduction (GO:0009968),0.07633195318087589,0.18306915416211236,0,0,2.273140716960942,5.848026482174915,LYN;CX3CR1;PLEK;TLR6;TNF
GO_Biological_Process_2023,Positive Regulation Of T Cell Activation (GO:0050870),0.07614797104632771,0.18306915416211236,0,0,3.138608603292618,8.082158337244014,TNFSF11;HLA-DQA1;HLA-DQB2
GO_Biological_Process_2023,Positive Regulation Of Cell Projection Organization (GO:0031346),0.07614797104632771,0.18306915416211236,0,0,3.138608603292618,8.082158337244014,LYN;NTRK1;PLXNA2
GO_Biological_Process_2023,Positive Regulation Of Stress-Activated MAPK Cascade (GO:0032874),0.07614797104632771,0.18306915416211236,0,0,3.138608603292618,8.082158337244014,SH3RF2;GADD45B;GADD45G
GO_Biological_Process_2023,Regulation Of Epithelial Cell Migration (GO:0010632),0.08065289733571569,0.18306915416211236,0,0,4.419982773471146,11.127751062581234,DOCK5;PLCG2
GO_Biological_Process_2023,Positive Regulation Of Signal Transduction (GO:0009967),0.07989213094837447,0.18306915416211236,0,0,2.240860895711347,5.662830085322673,JAG2;JAG1;DHH;DLG5;TNFSF11
GO_Biological_Process_2023,Sterol Metabolic Process (GO:0016125),0.08065289733571569,0.18306915416211236,0,0,4.419982773471146,11.127751062581234,SULT2B1;CYP21A2
GO_Biological_Process_2023,Regulation Of Endothelial Cell Development (GO:1901550),0.08078218914639772,0.18306915416211236,0,0,13.54454401686874,34.0780560745995,TNF
GO_Biological_Process_2023,Cardiac Right Ventricle Morphogenesis (GO:0003215),0.08078218914639772,0.18306915416211236,0,0,13.54454401686874,34.0780560745995,JAG1
GO_Biological_Process_2023,cAMP Biosynthetic Process (GO:0006171),0.08078218914639772,0.18306915416211236,0,0,13.54454401686874,34.0780560745995,ADCY10
GO_Biological_Process_2023,Negative Regulation Of Inclusion Body Assembly (GO:0090084),0.08078218914639772,0.18306915416211236,0,0,13.54454401686874,34.0780560745995,HSPA2
GO_Biological_Process_2023,Biogenic Amine Biosynthetic Process (GO:0042401),0.08078218914639772,0.18306915416211236,0,0,13.54454401686874,34.0780560745995,HDC
GO_Biological_Process_2023,Sympathetic Nervous System Development (GO:0048485),0.08078218914639772,0.18306915416211236,0,0,13.54454401686874,34.0780560745995,NTRK1
GO_Biological_Process_2023,Unsaturated Fatty Acid Biosynthetic Process (GO:0006636),0.08078218914639772,0.18306915416211236,0,0,13.54454401686874,34.0780560745995,FADS1
GO_Biological_Process_2023,Granulocyte Activation (GO:0036230),0.08078218914639772,0.18306915416211236,0,0,13.54454401686874,34.0780560745995,CXCR2
GO_Biological_Process_2023,Innate Immune Response In Mucosa (GO:0002227),0.08078218914639772,0.18306915416211236,0,0,13.54454401686874,34.0780560745995,DEFA1
GO_Biological_Process_2023,Cell-Cell Junction Maintenance (GO:0045217),0.08078218914639772,0.18306915416211236,0,0,13.54454401686874,34.0780560745995,F2R
GO_Biological_Process_2023,Regulation Of Tumor Necrosis Factor Superfamily Cytokine Production (GO:1903555),0.08078218914639772,0.18306915416211236,0,0,13.54454401686874,34.0780560745995,CX3CR1
GO_Biological_Process_2023,Response To Interleukin-4 (GO:0070670),0.08078218914639772,0.18306915416211236,0,0,13.54454401686874,34.0780560745995,XCL1
GO_Biological_Process_2023,Cellular Component Assembly (GO:0022607),0.08109834596461042,0.18353248267197647,0,0,2.2303020756764327,5.60272559227334,RSPH6A;NLGN4Y;LRGUK;RTN1;FSCN1
GO_Biological_Process_2023,Regulation Of Blood Vessel Endothelial Cell Migration (GO:0043535),0.08375642192478384,0.18928720938434643,0,0,4.31936026936027,10.711332872971697,MEF2C;TNF
Reactome_2022,NGF-independant TRKA Activation R-HSA-187024,0.031090371762794507,0.19088042198552907,0,0,47.41512915129151,164.571137536549,NTRK1
Reactome_2022,Signaling To P38 Via RIT And RIN R-HSA-187706,0.031090371762794507,0.19088042198552907,0,0,47.41512915129151,164.571137536549,NTRK1
Reactome_2022,Activation Of TRKA Receptors R-HSA-187015,0.031090371762794507,0.19088042198552907,0,0,47.41512915129151,164.571137536549,NTRK1
Reactome_2022,Signaling By NOTCH R-HSA-157118,0.03153880141174951,0.19140789822303148,0,0,2.952212512137606,10.204430895386743,JAG2;JAG1;CCND1;GZMB;HDAC9
GO_Biological_Process_2023,Regulation Of Transforming Growth Factor Beta Receptor Signaling Pathway (GO:0017015),0.08586299006134554,0.19378144597636088,0,0,2.974558550185874,7.3025483556876685,SPRED2;ZEB2;LATS2
GO_Biological_Process_2023,Regulation Of Phagocytosis (GO:0050764),0.08689587601413397,0.1944322048733717,0,0,4.22320987654321,10.317490524970514,FGR;TNF
GO_Biological_Process_2023,Homophilic Cell Adhesion Via Plasma Membrane Adhesion Molecules (GO:0007156),0.08689587601413397,0.1944322048733717,0,0,4.22320987654321,10.317490524970514,CADM1;PALLD
GO_Biological_Process_2023,Mesenchymal Cell Differentiation (GO:0048762),0.08689587601413397,0.1944322048733717,0,0,4.22320987654321,10.317490524970514,MEF2C;DLG5
GO_Biological_Process_2023,Adenylate Cyclase-Modulating G Protein-Coupled Receptor Signaling Pathway (GO:0007188),0.08786640946156007,0.1944322048733717,0,0,2.9437780247575978,7.1590847360154335,ADGRG1;ADGRG5;ADRB2
GO_Biological_Process_2023,Regulation Of Programmed Cell Death (GO:0043067),0.0894803226206615,0.1944322048733717,0,0,2.428367715562316,5.8614398799861505,NTRK1;FLT3;TNFSF9;TNF
GO_Biological_Process_2023,Regulation Of JNK Cascade (GO:0046328),0.08988946053513099,0.1944322048733717,0,0,2.913625673317654,7.019432907221116,SH3RF2;GADD45B;GADD45G
GO_Biological_Process_2023,Regulation Of Gastrulation (GO:0010470),0.09041156696485453,0.1944322048733717,0,0,11.851014760147601,28.482528196781885,SCX
GO_Biological_Process_2023,Negative Regulation Of Transforming Growth Factor Beta Production (GO:0071635),0.09041156696485453,0.1944322048733717,0,0,11.851014760147601,28.482528196781885,LILRB1
GO_Biological_Process_2023,Positive Regulation Of Platelet Activation (GO:0010572),0.09041156696485453,0.1944322048733717,0,0,11.851014760147601,28.482528196781885,PLEK
GO_Biological_Process_2023,Positive Regulation Of Integrin Activation (GO:0033625),0.09041156696485453,0.1944322048733717,0,0,11.851014760147601,28.482528196781885,PLEK
GO_Biological_Process_2023,Podocyte Differentiation (GO:0072112),0.09041156696485453,0.1944322048733717,0,0,11.851014760147601,28.482528196781885,JAG1
GO_Biological_Process_2023,Negative Regulation Of Leukocyte Chemotaxis (GO:0002689),0.09041156696485453,0.1944322048733717,0,0,11.851014760147601,28.482528196781885,SLAMF8
GO_Biological_Process_2023,Lymphocyte Activation Involved In Immune Response (GO:0002285),0.09041156696485453,0.1944322048733717,0,0,11.851014760147601,28.482528196781885,CD244
GO_Biological_Process_2023,Negative Regulation Of Natural Killer Cell Mediated Immunity (GO:0002716),0.09041156696485453,0.1944322048733717,0,0,11.851014760147601,28.482528196781885,LILRB1
GO_Biological_Process_2023,Regulation Of Pseudopodium Assembly (GO:0031272),0.09041156696485453,0.1944322048733717,0,0,11.851014760147601,28.482528196781885,CDC42EP4
GO_Biological_Process_2023,cAMP Metabolic Process (GO:0046058),0.09041156696485453,0.1944322048733717,0,0,11.851014760147601,28.482528196781885,ADCY10
GO_Biological_Process_2023,Positive Regulation Of Pseudopodium Assembly (GO:0031274),0.09041156696485453,0.1944322048733717,0,0,11.851014760147601,28.482528196781885,CDC42EP4
GO_Biological_Process_2023,"Positive Regulation Of Synaptic Transmission, Glutamatergic (GO:0051968)",0.09041156696485453,0.1944322048733717,0,0,11.851014760147601,28.482528196781885,TSHZ3
GO_Biological_Process_2023,Presynapse Organization (GO:0099172),0.09041156696485453,0.1944322048733717,0,0,11.851014760147601,28.482528196781885,NLGN4Y
GO_Biological_Process_2023,"Regulation Of CD4-positive, Alpha-Beta T Cell Proliferation (GO:2000561)",0.09041156696485453,0.1944322048733717,0,0,11.851014760147601,28.482528196781885,XCL1
GO_Biological_Process_2023,Negative Regulation Of Mononuclear Cell Migration (GO:0071676),0.09041156696485453,0.1944322048733717,0,0,11.851014760147601,28.482528196781885,SLAMF8
GO_Biological_Process_2023,Regulation Of Systemic Arterial Blood Pressure By Hormone (GO:0001990),0.09041156696485453,0.1944322048733717,0,0,11.851014760147601,28.482528196781885,EDN3
GO_Biological_Process_2023,Regulation Of Toll-Like Receptor 9 Signaling Pathway (GO:0034163),0.09041156696485453,0.1944322048733717,0,0,11.851014760147601,28.482528196781885,LILRA4
GO_Biological_Process_2023,Heterocycle Biosynthetic Process (GO:0018130),0.09041156696485453,0.1944322048733717,0,0,11.851014760147601,28.482528196781885,HDC
GO_Biological_Process_2023,Regulation Of Receptor Binding (GO:1900120),0.09041156696485453,0.1944322048733717,0,0,11.851014760147601,28.482528196781885,MMP9
GO_Biological_Process_2023,Necroptotic Process (GO:0070266),0.09041156696485453,0.1944322048733717,0,0,11.851014760147601,28.482528196781885,FASLG
GO_Biological_Process_2023,Negative Regulation Of Alpha-Beta T Cell Proliferation (GO:0046642),0.09041156696485453,0.1944322048733717,0,0,11.851014760147601,28.482528196781885,XCL1
GO_Biological_Process_2023,Negative Regulation Of Sodium Ion Transmembrane Transporter Activity (GO:2000650),0.09041156696485453,0.1944322048733717,0,0,11.851014760147601,28.482528196781885,HECW2
GO_Biological_Process_2023,Negative Regulation Of Sodium Ion Transmembrane Transport (GO:1902306),0.09041156696485453,0.1944322048733717,0,0,11.851014760147601,28.482528196781885,HECW2
GO_Biological_Process_2023,Regulation Of Mast Cell Activation (GO:0033003),0.09041156696485453,0.1944322048733717,0,0,11.851014760147601,28.482528196781885,LYN
GO_Biological_Process_2023,Regulation Of Myeloid Leukocyte Mediated Immunity (GO:0002886),0.09041156696485453,0.1944322048733717,0,0,11.851014760147601,28.482528196781885,LYN
GO_Biological_Process_2023,Regulation Of Phospholipase C Activity (GO:1900274),0.09041156696485453,0.1944322048733717,0,0,11.851014760147601,28.482528196781885,PDGFRB
GO_Biological_Process_2023,Regulation Of Lipoprotein Lipase Activity (GO:0051004),0.09041156696485453,0.1944322048733717,0,0,11.851014760147601,28.482528196781885,HDAC9
GO_Biological_Process_2023,T Cell Chemotaxis (GO:0010818),0.09041156696485453,0.1944322048733717,0,0,11.851014760147601,28.482528196781885,DEFA1
GO_Biological_Process_2023,T-helper Cell Lineage Commitment (GO:0002295),0.09041156696485453,0.1944322048733717,0,0,11.851014760147601,28.482528196781885,TBX21
GO_Biological_Process_2023,Regulation Of Keratinocyte Migration (GO:0051547),0.09041156696485453,0.1944322048733717,0,0,11.851014760147601,28.482528196781885,MMP9
KEGG_2021_Human,AMPK signaling pathway,0.10242752868519402,0.19587018643309032,0,0,2.744888475836431,6.2545022433758115,CCND1;PPP2R2B;ADRA1A
GO_Biological_Process_2023,Phospholipid Metabolic Process (GO:0006644),0.09327824658350402,0.2003348485447021,0,0,4.043183609141056,9.591112206624869,PLA2G4C;FADS1
Reactome_2022,Collagen Degradation R-HSA-1442490,0.03453886701094117,0.20063900087351905,0,0,7.314814814814815,24.61925284384966,MMP15;MMP9
Reactome_2022,Cell Junction Organization R-HSA-446728,0.03457982780206484,0.20063900087351905,0,0,4.398513011152416,14.798730073778362,CD151;CADM1;LAMB3
Reactome_2022,FCERI Mediated MAPK Activation R-HSA-2871796,0.03453886701094117,0.20063900087351905,0,0,7.314814814814815,24.61925284384966,LYN;PLCG2
Reactome_2022,Activated NOTCH1 Transmits Signal To Nucleus R-HSA-2122948,0.03453886701094117,0.20063900087351905,0,0,7.314814814814815,24.61925284384966,JAG2;JAG1
GO_Biological_Process_2023,Cellular Response To Metal Ion (GO:0071248),0.09399357122159331,0.20134476860114445,0,0,2.8551301115241636,6.7510376342945175,MEF2C;PLCG2;MMP9
GO_Biological_Process_2023,Positive Regulation Of Cell Cycle Process (GO:0090068),0.09399357122159331,0.20134476860114445,0,0,2.8551301115241636,6.7510376342945175,PDGFRB;EDN3;TAS2R13
KEGG_2021_Human,Viral myocarditis,0.10642758449870018,0.20174968191927511,0,0,3.7254901960784315,8.346180230290546,CCND1;HLA-DQA1
Reactome_2022,Collagen Formation R-HSA-1474290,0.035880339514923115,0.20370773402020867,0,0,4.331699898614397,14.414016348932753,CD151;LAMB3;MMP9
Reactome_2022,Signaling By NOTCH1 R-HSA-1980143,0.035880339514923115,0.20370773402020867,0,0,4.331699898614397,14.414016348932753,JAG2;JAG1;HDAC9
GO_Biological_Process_2023,Positive Regulation Of Transforming Growth Factor Beta Production (GO:0071636),0.09994043888530117,0.2037247408046524,0,0,10.533825338253383,24.261305129050502,XCL1
GO_Biological_Process_2023,Regulation Of B Cell Apoptotic Process (GO:0002902),0.09994043888530117,0.2037247408046524,0,0,10.533825338253383,24.261305129050502,LYN
GO_Biological_Process_2023,Cell Cycle G1/S Phase Transition (GO:0044843),0.09651904639102617,0.2037247408046524,0,0,3.9587962962962964,9.25572479879524,LATS2;CCND1
GO_Biological_Process_2023,Myeloid Cell Differentiation (GO:0030099),0.09651904639102617,0.2037247408046524,0,0,3.9587962962962964,9.25572479879524,LYN;CEBPA
GO_Biological_Process_2023,Regulation Of Mitotic Nuclear Division (GO:0007088),0.09651904639102617,0.2037247408046524,0,0,3.9587962962962964,9.25572479879524,PDGFRB;EDN3
GO_Biological_Process_2023,Regulation Of Neuron Differentiation (GO:0045664),0.09651904639102617,0.2037247408046524,0,0,3.9587962962962964,9.25572479879524,MEF2C;GDPD5
GO_Biological_Process_2023,Positive Regulation Of Coagulation (GO:0050820),0.09994043888530117,0.2037247408046524,0,0,10.533825338253383,24.261305129050502,F2R
GO_Biological_Process_2023,Positive Regulation Of Hemostasis (GO:1900048),0.09994043888530117,0.2037247408046524,0,0,10.533825338253383,24.261305129050502,F2R
GO_Biological_Process_2023,Positive Regulation Of Heterotypic Cell-Cell Adhesion (GO:0034116),0.09994043888530117,0.2037247408046524,0,0,10.533825338253383,24.261305129050502,TNF
GO_Biological_Process_2023,Positive Regulation Of Mitochondrial Outer Membrane Permeabilization Involved In Apoptotic Signaling Pathway (GO:1901030),0.09994043888530117,0.2037247408046524,0,0,10.533825338253383,24.261305129050502,GZMB
GO_Biological_Process_2023,Positive Regulation Of Myeloid Leukocyte Mediated Immunity (GO:0002888),0.09994043888530117,0.2037247408046524,0,0,10.533825338253383,24.261305129050502,ITGAM
GO_Biological_Process_2023,Presynapse Assembly (GO:0099054),0.09994043888530117,0.2037247408046524,0,0,10.533825338253383,24.261305129050502,NLGN4Y
GO_Biological_Process_2023,Positive Regulation Of Cellular Extravasation (GO:0002693),0.09994043888530117,0.2037247408046524,0,0,10.533825338253383,24.261305129050502,XG
GO_Biological_Process_2023,Positive Regulation Of Cell Migration Involved In Sprouting Angiogenesis (GO:0090050),0.09994043888530117,0.2037247408046524,0,0,10.533825338253383,24.261305129050502,HDAC9
GO_Biological_Process_2023,Positive Regulation Of Cardiac Muscle Cell Proliferation (GO:0060045),0.09994043888530117,0.2037247408046524,0,0,10.533825338253383,24.261305129050502,MEF2C
GO_Biological_Process_2023,Positive Regulation Of Brown Fat Cell Differentiation (GO:0090336),0.09994043888530117,0.2037247408046524,0,0,10.533825338253383,24.261305129050502,SOX13
GO_Biological_Process_2023,Positive Regulation Of MHC Class II Biosynthetic Process (GO:0045348),0.09994043888530117,0.2037247408046524,0,0,10.533825338253383,24.261305129050502,CIITA
GO_Biological_Process_2023,Self Proteolysis (GO:0097264),0.09994043888530117,0.2037247408046524,0,0,10.533825338253383,24.261305129050502,DHH
GO_Biological_Process_2023,Endoderm Development (GO:0007492),0.09994043888530117,0.2037247408046524,0,0,10.533825338253383,24.261305129050502,DUSP2
GO_Biological_Process_2023,Negative Regulation Of Alcohol Biosynthetic Process (GO:1902931),0.09994043888530117,0.2037247408046524,0,0,10.533825338253383,24.261305129050502,PLEK
GO_Biological_Process_2023,Negative Regulation Of Interferon-Beta Production (GO:0032688),0.09994043888530117,0.2037247408046524,0,0,10.533825338253383,24.261305129050502,LILRB1
GO_Biological_Process_2023,Magnesium Ion Transport (GO:0015693),0.09994043888530117,0.2037247408046524,0,0,10.533825338253383,24.261305129050502,TUSC3
GO_Biological_Process_2023,Macrophage Activation Involved In Immune Response (GO:0002281),0.09994043888530117,0.2037247408046524,0,0,10.533825338253383,24.261305129050502,PLCG2
GO_Biological_Process_2023,Lipid Droplet Formation (GO:0140042),0.09994043888530117,0.2037247408046524,0,0,10.533825338253383,24.261305129050502,PLA2G4C
GO_Biological_Process_2023,Vasodilation (GO:0042311),0.09994043888530117,0.2037247408046524,0,0,10.533825338253383,24.261305129050502,ADRB2
GO_Biological_Process_2023,Adrenergic Receptor Signaling Pathway (GO:0071875),0.09994043888530117,0.2037247408046524,0,0,10.533825338253383,24.261305129050502,ADRB2
GO_Biological_Process_2023,Cellular Response To Fluid Shear Stress (GO:0071498),0.09994043888530117,0.2037247408046524,0,0,10.533825338253383,24.261305129050502,MEF2C
GO_Biological_Process_2023,Endothelium Development (GO:0003158),0.09994043888530117,0.2037247408046524,0,0,10.533825338253383,24.261305129050502,JAG1
GO_Biological_Process_2023,Excitatory Postsynaptic Potential (GO:0060079),0.09994043888530117,0.2037247408046524,0,0,10.533825338253383,24.261305129050502,MEF2C
GO_Biological_Process_2023,Regulation Of Stress-Activated Protein Kinase Signaling Cascade (GO:0070302),0.09994043888530117,0.2037247408046524,0,0,10.533825338253383,24.261305129050502,LYN
GO_Biological_Process_2023,Cyclic Nucleotide Biosynthetic Process (GO:0009190),0.09994043888530117,0.2037247408046524,0,0,10.533825338253383,24.261305129050502,ADCY10
GO_Biological_Process_2023,Regulation Of Neuron Death (GO:1901214),0.099791541822556,0.2037247408046524,0,0,3.8778533635676493,8.937179487510255,MEF2C;ITGAM
GO_Biological_Process_2023,"Negative Regulation Of CD4-positive, Alpha-Beta T Cell Activation (GO:2000515)",0.09994043888530117,0.2037247408046524,0,0,10.533825338253383,24.261305129050502,XCL1
GO_Biological_Process_2023,Regulation Of Cysteine-Type Endopeptidase Activity Involved In Apoptotic Signaling Pathway (GO:2001267),0.09994043888530117,0.2037247408046524,0,0,10.533825338253383,24.261305129050502,MMP9
GO_Biological_Process_2023,Actin Crosslink Formation (GO:0051764),0.09994043888530117,0.2037247408046524,0,0,10.533825338253383,24.261305129050502,GAS2L3
GO_Biological_Process_2023,Peptidyl-Tyrosine Autophosphorylation (GO:0038083),0.09994043888530117,0.2037247408046524,0,0,10.533825338253383,24.261305129050502,NTRK1
GO_Biological_Process_2023,Regulation Of Dendritic Cell Differentiation (GO:2001198),0.09994043888530117,0.2037247408046524,0,0,10.533825338253383,24.261305129050502,LILRB1
GO_Biological_Process_2023,Negative Regulation Of T-helper Cell Differentiation (GO:0045623),0.09994043888530117,0.2037247408046524,0,0,10.533825338253383,24.261305129050502,TBX21
GO_Biological_Process_2023,Positive Regulation Of Type II Interferon Production (GO:0032729),0.099791541822556,0.2037247408046524,0,0,3.8778533635676493,8.937179487510255,LILRB1;CD244
KEGG_2021_Human,Maturity onset diabetes of the young,0.1093698498902953,0.20553989031107223,0,0,9.480073800738007,20.979593132305844,MAFA
Reactome_2022,Interferon Signaling R-HSA-913531,0.03741417243353946,0.205777948384467,0,0,2.8124036131306456,9.240730594369595,IFITM3;CIITA;NCAM1;HLA-DQA1;HLA-DQB2
Reactome_2022,FCERI Mediated Ca+2 Mobilization R-HSA-2871809,0.036845942616753835,0.205777948384467,0,0,7.0436213991769545,23.25106306746276,LYN;PLCG2
Reactome_2022,Platelet Homeostasis R-HSA-418346,0.03720576428621936,0.205777948384467,0,0,4.266881207346168,14.043550172577627,NANOS1;FGR;P2RX1
GO_Biological_Process_2023,Proteolysis (GO:0006508),0.10169761022949268,0.2070497814213835,0,0,2.0738479075069205,4.740300912345738,ACE;MMP15;DHH;GZMB;MMP9
KEGG_2021_Human,Pathogenic Escherichia coli infection,0.11407280435480227,0.20897370881804112,0,0,2.2152898299201667,4.809213452523377,F2R;NLRP3;FASLG;TNF
KEGG_2021_Human,Focal adhesion,0.11407280435480227,0.20897370881804112,0,0,2.2152898299201667,4.809213452523377,PDGFRB;CCND1;LAMB3;PDGFD
KEGG_2021_Human,Thyroid hormone signaling pathway,0.11337432505873353,0.20897370881804112,0,0,2.6184645816991234,5.70055534993563,CCND1;PLCG2;ATP1B4
KEGG_2021_Human,Basal cell carcinoma,0.11659460338873111,0.21006300445242465,0,0,3.5181069958847737,7.560595893340899,GADD45B;GADD45G
KEGG_2021_Human,Notch signaling pathway,0.11659460338873111,0.21006300445242465,0,0,3.5181069958847737,7.560595893340899,JAG2;JAG1
GO_Biological_Process_2023,Regulation Of Anatomical Structure Morphogenesis (GO:0022603),0.10458171695026675,0.21265811998674292,0,0,2.7186404673393523,6.13810983462763,MEF2C;HECW2;LZTS1
GO_Biological_Process_2023,Substrate-Dependent Cell Migration (GO:0006929),0.1093698498902953,0.21341408951277335,0,0,9.480073800738007,20.979593132305844,SHTN1
GO_Biological_Process_2023,Embryonic Digestive Tract Development (GO:0048566),0.1093698498902953,0.21341408951277335,0,0,9.480073800738007,20.979593132305844,TNF
GO_Biological_Process_2023,Endothelial Cell Differentiation (GO:0045446),0.1093698498902953,0.21341408951277335,0,0,9.480073800738007,20.979593132305844,JAG1
GO_Biological_Process_2023,Cellular Response To Starvation (GO:0009267),0.1089433165196082,0.21341408951277335,0,0,2.6676163012889553,5.913912108361013,KLF10;NUAK1;FADS1
GO_Biological_Process_2023,Activation Of Adenylate Cyclase Activity (GO:0007190),0.1093698498902953,0.21341408951277335,0,0,9.480073800738007,20.979593132305844,ADRB2
GO_Biological_Process_2023,Regulation Of Hormone Secretion (GO:0046883),0.1093698498902953,0.21341408951277335,0,0,9.480073800738007,20.979593132305844,EDN3
GO_Biological_Process_2023,MyD88-dependent Toll-Like Receptor Signaling Pathway (GO:0002755),0.1093698498902953,0.21341408951277335,0,0,9.480073800738007,20.979593132305844,TLR6
GO_Biological_Process_2023,Autonomic Nervous System Development (GO:0048483),0.1093698498902953,0.21341408951277335,0,0,9.480073800738007,20.979593132305844,NTRK1
GO_Biological_Process_2023,Steroid Hormone Biosynthetic Process (GO:0120178),0.1093698498902953,0.21341408951277335,0,0,9.480073800738007,20.979593132305844,CYP21A2
GO_Biological_Process_2023,Regulation Of Actin Filament Depolymerization (GO:0030834),0.1093698498902953,0.21341408951277335,0,0,9.480073800738007,20.979593132305844,PLEK
GO_Biological_Process_2023,Cardiac Cell Development (GO:0055006),0.1093698498902953,0.21341408951277335,0,0,9.480073800738007,20.979593132305844,JAG1
GO_Biological_Process_2023,Astrocyte Activation (GO:0048143),0.1093698498902953,0.21341408951277335,0,0,9.480073800738007,20.979593132305844,TNF
GO_Biological_Process_2023,Regulation Of Chemokine (C-X-C Motif) Ligand 2 Production (GO:2000341),0.1093698498902953,0.21341408951277335,0,0,9.480073800738007,20.979593132305844,TNF
GO_Biological_Process_2023,Cell-Cell Junction Organization (GO:0045216),0.10642758449870018,0.21341408951277335,0,0,3.7254901960784315,8.346180230290546,F2R;FSCN1
GO_Biological_Process_2023,Regulation Of Leukocyte Adhesion To Vascular Endothelial Cell (GO:1904994),0.1093698498902953,0.21341408951277335,0,0,9.480073800738007,20.979593132305844,TNF
GO_Biological_Process_2023,Negative Regulation Of Stem Cell Differentiation (GO:2000737),0.1093698498902953,0.21341408951277335,0,0,9.480073800738007,20.979593132305844,JAG1
GO_Biological_Process_2023,Positive Regulation Of Hormone Secretion (GO:0046887),0.1093698498902953,0.21341408951277335,0,0,9.480073800738007,20.979593132305844,EDN3
GO_Biological_Process_2023,Positive Regulation Of T-helper Cell Differentiation (GO:0045624),0.1093698498902953,0.21341408951277335,0,0,9.480073800738007,20.979593132305844,NLRP3
GO_Biological_Process_2023,"Positive Regulation Of CD4-positive, Alpha-Beta T Cell Activation (GO:2000516)",0.1093698498902953,0.21341408951277335,0,0,9.480073800738007,20.979593132305844,XCL1
GO_Biological_Process_2023,Gamma-Delta T Cell Activation (GO:0046629),0.1093698498902953,0.21341408951277335,0,0,9.480073800738007,20.979593132305844,SOX13
GO_Biological_Process_2023,Positive Regulation Of Macrophage Chemotaxis (GO:0010759),0.1093698498902953,0.21341408951277335,0,0,9.480073800738007,20.979593132305844,CMKLR1
GO_Biological_Process_2023,Purine Ribonucleoside Bisphosphate Metabolic Process (GO:0034035),0.1093698498902953,0.21341408951277335,0,0,9.480073800738007,20.979593132305844,SULT2B1
GO_Biological_Process_2023,Programmed Necrotic Cell Death (GO:0097300),0.1093698498902953,0.21341408951277335,0,0,9.480073800738007,20.979593132305844,FASLG
GO_Biological_Process_2023,Negative Regulation Of Biosynthetic Process (GO:0009890),0.1093698498902953,0.21341408951277335,0,0,9.480073800738007,20.979593132305844,CIITA
GO_Biological_Process_2023,Regulation Of Nitrogen Compound Metabolic Process (GO:0051171),0.1093698498902953,0.21341408951277335,0,0,9.480073800738007,20.979593132305844,TNF
GO_Biological_Process_2023,Positive Regulation Of Heart Rate (GO:0010460),0.1093698498902953,0.21341408951277335,0,0,9.480073800738007,20.979593132305844,EDN3
GO_Biological_Process_2023,Positive Regulation Of Protein Localization To Cell Surface (GO:2000010),0.1093698498902953,0.21341408951277335,0,0,9.480073800738007,20.979593132305844,TNF
GO_Biological_Process_2023,Regulation Of NMDA Receptor Activity (GO:2000310),0.1093698498902953,0.21341408951277335,0,0,9.480073800738007,20.979593132305844,MEF2C
GO_Biological_Process_2023,Regulation Of T-helper 17 Cell Differentiation (GO:2000319),0.1093698498902953,0.21341408951277335,0,0,9.480073800738007,20.979593132305844,TBX21
GO_Biological_Process_2023,Vasculature Development (GO:0001944),0.1093698498902953,0.21341408951277335,0,0,9.480073800738007,20.979593132305844,PDGFRB
GO_Biological_Process_2023,Epiboly Involved In Wound Healing (GO:0090505),0.1093698498902953,0.21341408951277335,0,0,9.480073800738007,20.979593132305844,CD151
GO_Biological_Process_2023,Semaphorin-Plexin Signaling Pathway Involved In Neuron Projection Guidance (GO:1902285),0.1093698498902953,0.21341408951277335,0,0,9.480073800738007,20.979593132305844,PLXNA2
GO_Biological_Process_2023,Cardiac Myofibril Assembly (GO:0055003),0.1093698498902953,0.21341408951277335,0,0,9.480073800738007,20.979593132305844,PDGFRB
GO_Biological_Process_2023,Phosphatidylcholine Acyl-Chain Remodeling (GO:0036151),0.1093698498902953,0.21341408951277335,0,0,9.480073800738007,20.979593132305844,PLA2G4C
Reactome_2022,GPVI-mediated Activation Cascade R-HSA-114604,0.03921054679107028,0.21343472892458873,0,0,6.791798941798942,21.997343054193514,LYN;PLCG2
GO_Biological_Process_2023,Glycosaminoglycan Biosynthetic Process (GO:0006024),0.10978915797917684,0.2134717000707545,0,0,3.653703703703704,8.071738466356638,UST;CHST13
GO_Biological_Process_2023,Protein Polymerization (GO:0051258),0.10978915797917684,0.2134717000707545,0,0,3.653703703703704,8.071738466356638,TPPP3;GAS7
GO_Biological_Process_2023,Fatty Acid Biosynthetic Process (GO:0006633),0.10978915797917684,0.2134717000707545,0,0,3.653703703703704,8.071738466356638,GSTM4;FADS1
Reactome_2022,ROS And RNS Production In Phagocytes R-HSA-1222556,0.04163123126607232,0.21550284420084498,0,0,6.557343550446999,20.845169850390945,NANOS1;MPO
Reactome_2022,Defective B4GALT1 Causes B4GALT1-CDG (CDG-2d) R-HSA-3656244,0.041238336654902584,0.21550284420084498,0,0,31.608856088560884,100.78126438179986,PRELP
Reactome_2022,Defective ST3GAL3 Causes MCT12 And EIEE15 R-HSA-3656243,0.041238336654902584,0.21550284420084498,0,0,31.608856088560884,100.78126438179986,PRELP
Reactome_2022,Formation Of Editosome R-HSA-75094,0.041238336654902584,0.21550284420084498,0,0,31.608856088560884,100.78126438179986,APOBEC3H
Reactome_2022,Defective CHST6 Causes MCDC1 R-HSA-3656225,0.041238336654902584,0.21550284420084498,0,0,31.608856088560884,100.78126438179986,PRELP
GO_Biological_Process_2023,Neuron Differentiation (GO:0030182),0.11115026176672768,0.2158627424145787,0,0,2.642812887236679,5.805922382442728,MEF2C;RTN1;ASCL2
GO_Biological_Process_2023,Regulation Of Transcription By RNA Polymerase II (GO:0006357),0.11209882681814576,0.21744790137215286,0,0,1.3534837476099426,2.9619292036469917,KLF10;ZNF683;CEBPA;CIITA;MEF2C;JAG1;TSHZ3;SOX13;SCX;FASLG;LILRB1;ASCL2;HDAC9;TNF;ZEB2;ZFP57;CCND1;TBX21;ID1;NLRP3;TNFSF11;HIVEP3
KEGG_2021_Human,Sphingolipid signaling pathway,0.12243704249791892,0.2187809447913633,0,0,2.5253807941573183,5.303699485769359,PPP2R2B;FCER1A;TNF
GO_Biological_Process_2023,Cellular Response To Calcium Ion (GO:0071277),0.11317847902824062,0.21914590126058728,0,0,3.5846261355695317,7.810144874674398,MEF2C;PLCG2
GO_Biological_Process_2023,Response To Cytokine (GO:0034097),0.11337432505873353,0.21914590126058728,0,0,2.6184645816991234,5.70055534993563,IFITM3;CIITA;FLT3
GO_Biological_Process_2023,Regulation Of Protein Kinase B Signaling (GO:0051896),0.11337432505873353,0.21914590126058728,0,0,2.6184645816991234,5.70055534993563,CX3CR1;NTRK1;TNF
GO_Biological_Process_2023,Chondroitin Sulfate Biosynthetic Process (GO:0030206),0.11870083422565536,0.21962327773958532,0,0,8.617913451861792,18.36605719873042,CHST13
GO_Biological_Process_2023,Regulation Of Superoxide Anion Generation (GO:0032928),0.11870083422565536,0.21962327773958532,0,0,8.617913451861792,18.36605719873042,ITGAM
GO_Biological_Process_2023,Regulation Of Extracellular Matrix Disassembly (GO:0010715),0.11870083422565536,0.21962327773958532,0,0,8.617913451861792,18.36605719873042,FSCN1
GO_Biological_Process_2023,T Cell Activation Involved In Immune Response (GO:0002286),0.11870083422565536,0.21962327773958532,0,0,8.617913451861792,18.36605719873042,LILRB1
GO_Biological_Process_2023,Response To Nerve Growth Factor (GO:1990089),0.11870083422565536,0.21962327773958532,0,0,8.617913451861792,18.36605719873042,NTRK1
GO_Biological_Process_2023,Regulation Of Lymphocyte Proliferation (GO:0050670),0.11870083422565536,0.21962327773958532,0,0,8.617913451861792,18.36605719873042,TNFSF9
GO_Biological_Process_2023,Positive Regulation Of Cartilage Development (GO:0061036),0.11870083422565536,0.21962327773958532,0,0,8.617913451861792,18.36605719873042,SCX
GO_Biological_Process_2023,Positive Regulation Of Cardiac Muscle Tissue Growth (GO:0055023),0.11870083422565536,0.21962327773958532,0,0,8.617913451861792,18.36605719873042,MEF2C
GO_Biological_Process_2023,Mucosal Immune Response (GO:0002385),0.11870083422565536,0.21962327773958532,0,0,8.617913451861792,18.36605719873042,DEFA1
GO_Biological_Process_2023,Negative Regulation By Host Of Viral Transcription (GO:0043922),0.11870083422565536,0.21962327773958532,0,0,8.617913451861792,18.36605719873042,CCL4
GO_Biological_Process_2023,Negative Regulation Of Hippo Signaling (GO:0035331),0.11870083422565536,0.21962327773958532,0,0,8.617913451861792,18.36605719873042,DLG5
GO_Biological_Process_2023,Negative Regulation Of Smooth Muscle Cell Migration (GO:0014912),0.11870083422565536,0.21962327773958532,0,0,8.617913451861792,18.36605719873042,MEF2C
GO_Biological_Process_2023,Cell Junction Maintenance (GO:0034331),0.11870083422565536,0.21962327773958532,0,0,8.617913451861792,18.36605719873042,F2R
GO_Biological_Process_2023,Negative Regulation Of Toll-Like Receptor Signaling Pathway (GO:0034122),0.11870083422565536,0.21962327773958532,0,0,8.617913451861792,18.36605719873042,CD300A
GO_Biological_Process_2023,Regulation Of Oxidoreductase Activity (GO:0051341),0.11870083422565536,0.21962327773958532,0,0,8.617913451861792,18.36605719873042,SLAMF8
GO_Biological_Process_2023,Neuron Cell-Cell Adhesion (GO:0007158),0.11870083422565536,0.21962327773958532,0,0,8.617913451861792,18.36605719873042,NLGN4Y
GO_Biological_Process_2023,"Chemical Synaptic Transmission, Postsynaptic (GO:0099565)",0.11870083422565536,0.21962327773958532,0,0,8.617913451861792,18.36605719873042,MEF2C
GO_Biological_Process_2023,Endolysosomal Toll-Like Receptor Signaling Pathway (GO:0140894),0.11870083422565536,0.21962327773958532,0,0,8.617913451861792,18.36605719873042,PIK3AP1
GO_Biological_Process_2023,Motile Cilium Assembly (GO:0044458),0.11870083422565536,0.21962327773958532,0,0,8.617913451861792,18.36605719873042,RSPH6A
GO_Biological_Process_2023,"Synaptic Transmission, Cholinergic (GO:0007271)",0.11870083422565536,0.21962327773958532,0,0,8.617913451861792,18.36605719873042,RAPSN
GO_Biological_Process_2023,Regulation Of Immune Effector Process (GO:0002697),0.11870083422565536,0.21962327773958532,0,0,8.617913451861792,18.36605719873042,ZNF683
GO_Biological_Process_2023,Neurotrophin Signaling Pathway (GO:0038179),0.11870083422565536,0.21962327773958532,0,0,8.617913451861792,18.36605719873042,NTRK1
GO_Biological_Process_2023,Lipid Biosynthetic Process (GO:0008610),0.11659460338873111,0.21962327773958532,0,0,3.5181069958847737,7.560595893340899,CYP21A2;FADS1
GO_Biological_Process_2023,Positive Regulation Of Organelle Assembly (GO:1902117),0.11659460338873111,0.21962327773958532,0,0,3.5181069958847737,7.560595893340899,FSCN1;TNF
GO_Biological_Process_2023,Regulation Of G Protein-Coupled Receptor Signaling Pathway (GO:0008277),0.11659460338873111,0.21962327773958532,0,0,3.5181069958847737,7.560595893340899,PLEK;RGS9
GO_Biological_Process_2023,Cell-Cell Adhesion Via Plasma-Membrane Adhesion Molecules (GO:0098742),0.1178728639093624,0.21962327773958532,0,0,2.571084095247664,5.497360012621661,ITGAM;CADM1;PALLD
GO_Biological_Process_2023,Negative Regulation Of Lipid Catabolic Process (GO:0050995),0.11870083422565536,0.21962327773958532,0,0,8.617913451861792,18.36605719873042,TNF
GO_Biological_Process_2023,Positive Regulation Of Acute Inflammatory Response (GO:0002675),0.11870083422565536,0.21962327773958532,0,0,8.617913451861792,18.36605719873042,TNF
GO_Biological_Process_2023,Positive Regulation Of Embryonic Development (GO:0040019),0.11870083422565536,0.21962327773958532,0,0,8.617913451861792,18.36605719873042,SCX
GO_Biological_Process_2023,Negative Regulation Of Monoatomic Ion Transport (GO:0043271),0.11870083422565536,0.21962327773958532,0,0,8.617913451861792,18.36605719873042,LILRB1
GO_Biological_Process_2023,Postsynaptic Membrane Organization (GO:0001941),0.11870083422565536,0.21962327773958532,0,0,8.617913451861792,18.36605719873042,NLGN4Y
GO_Biological_Process_2023,Positive Regulation Of Transporter Activity (GO:0032411),0.11870083422565536,0.21962327773958532,0,0,8.617913451861792,18.36605719873042,SYNGR3
GO_Biological_Process_2023,Positive Regulation Of Superoxide Anion Generation (GO:0032930),0.11870083422565536,0.21962327773958532,0,0,8.617913451861792,18.36605719873042,ITGAM
GO_Biological_Process_2023,Positive Regulation Of Neuron Migration (GO:2001224),0.11870083422565536,0.21962327773958532,0,0,8.617913451861792,18.36605719873042,SHTN1
GO_Biological_Process_2023,Positive Regulation Of Protein-Containing Complex Disassembly (GO:0043243),0.11870083422565536,0.21962327773958532,0,0,8.617913451861792,18.36605719873042,TNF
GO_Biological_Process_2023,Positive Regulation Of Heart Contraction (GO:0045823),0.11870083422565536,0.21962327773958532,0,0,8.617913451861792,18.36605719873042,EDN3
GO_Biological_Process_2023,Smooth Muscle Contraction (GO:0006939),0.11870083422565536,0.21962327773958532,0,0,8.617913451861792,18.36605719873042,NMUR1
GO_Biological_Process_2023,Positive Regulation Of Small GTPase Mediated Signal Transduction (GO:0051057),0.11870083422565536,0.21962327773958532,0,0,8.617913451861792,18.36605719873042,NTRK1
KEGG_2021_Human,Regulation of actin cytoskeleton,0.12828173023100728,0.22552755798677085,0,0,2.1161691542288557,4.345609259617355,PDGFRB;ITGAM;PDGFD;F2R
KEGG_2021_Human,Renin-angiotensin system,0.12793441544184056,0.22552755798677085,0,0,7.899446494464945,16.243138314449098,ACE
Reactome_2022,CD28 Co-Stimulation R-HSA-389356,0.04410657161985343,0.22609970694449139,0,0,6.338518518518518,19.783444834164598,LYN;MAP3K8
KEGG_2021_Human,Cardiac muscle contraction,0.13050882459765137,0.227607390098304,0,0,3.2749680715197957,6.668864751871565,TNNT2;ATP1B4
GO_Biological_Process_2023,Negative Regulation Of Blood Vessel Morphogenesis (GO:2000181),0.1235035677389658,0.22825237547257682,0,0,3.392195767195767,7.094727360494293,EFNA3;FASLG
GO_Biological_Process_2023,3'-Phosphoadenosine 5'-Phosphosulfate Metabolic Process (GO:0050427),0.12793441544184056,0.22897194397706322,0,0,7.899446494464945,16.243138314449098,SULT2B1
GO_Biological_Process_2023,Regulation Of Leukocyte Activation (GO:0002694),0.12793441544184056,0.22897194397706322,0,0,7.899446494464945,16.243138314449098,LYN
GO_Biological_Process_2023,Positive Regulation Of Cell-Substrate Adhesion (GO:0010811),0.1269946012463211,0.22897194397706322,0,0,3.3325536062378167,6.877093291148719,DOCK5;FBLN2
GO_Biological_Process_2023,Positive Regulation Of DNA-templated Transcription (GO:0045893),0.1273987862386491,0.22897194397706322,0,0,1.415168981676133,2.915860959660499,KLF10;CEBPA;CIITA;MEF2C;JAG1;F2R;SCX;LILRB1;ASCL2;TNF;ZEB2;TBX21;NLRP3;TNFSF11;HIVEP3
GO_Biological_Process_2023,Negative Regulation Of Viral Transcription (GO:0032897),0.12793441544184056,0.22897194397706322,0,0,7.899446494464945,16.243138314449098,IFITM3
GO_Biological_Process_2023,Generation Of Neurons (GO:0048699),0.12474315322440342,0.22897194397706322,0,0,2.5031305028370183,5.210262211313349,MEF2C;RTN1;ASCL2
GO_Biological_Process_2023,Antigen Receptor-Mediated Signaling Pathway (GO:0050851),0.12474315322440342,0.22897194397706322,0,0,2.5031305028370183,5.210262211313349,LAT2;MEF2C;PLCG2
GO_Biological_Process_2023,Neuron Projection Morphogenesis (GO:0048812),0.12474315322440342,0.22897194397706322,0,0,2.5031305028370183,5.210262211313349,SHTN1;ZNF365;GAS7
GO_Biological_Process_2023,Negative Regulation Of Phagocytosis (GO:0050765),0.12793441544184056,0.22897194397706322,0,0,7.899446494464945,16.243138314449098,CD300A
GO_Biological_Process_2023,Negative Regulation Of Cation Transmembrane Transport (GO:1904063),0.12793441544184056,0.22897194397706322,0,0,7.899446494464945,16.243138314449098,MMP9
GO_Biological_Process_2023,Positive Regulation Of Protein Polymerization (GO:0032273),0.1269946012463211,0.22897194397706322,0,0,3.3325536062378167,6.877093291148719,TPPP3;CDC42EP4
GO_Biological_Process_2023,Regulation Of cAMP-dependent Protein Kinase Activity (GO:2000479),0.12793441544184056,0.22897194397706322,0,0,7.899446494464945,16.243138314449098,ADRB2
GO_Biological_Process_2023,Regulation Of Cartilage Development (GO:0061035),0.12793441544184056,0.22897194397706322,0,0,7.899446494464945,16.243138314449098,SCX
GO_Biological_Process_2023,Regulation Of Brown Fat Cell Differentiation (GO:0090335),0.12793441544184056,0.22897194397706322,0,0,7.899446494464945,16.243138314449098,SOX13
GO_Biological_Process_2023,Regulation Of Amyloid-Beta Clearance (GO:1900221),0.12793441544184056,0.22897194397706322,0,0,7.899446494464945,16.243138314449098,TNF
GO_Biological_Process_2023,"Positive Regulation Of Nuclear-Transcribed mRNA Catabolic Process, Deadenylation-Dependent Decay (GO:1900153)",0.12793441544184056,0.22897194397706322,0,0,7.899446494464945,16.243138314449098,NANOS1
GO_Biological_Process_2023,Regulation Of Bicellular Tight Junction Assembly (GO:2000810),0.12793441544184056,0.22897194397706322,0,0,7.899446494464945,16.243138314449098,TNF
GO_Biological_Process_2023,Positive Regulation Of Neuroblast Proliferation (GO:0002052),0.12793441544184056,0.22897194397706322,0,0,7.899446494464945,16.243138314449098,CX3CR1
GO_Biological_Process_2023,Cellular Response To ATP (GO:0071318),0.12793441544184056,0.22897194397706322,0,0,7.899446494464945,16.243138314449098,P2RY2
GO_Biological_Process_2023,Cell Surface Receptor Signaling Pathway Involved In Heart Development (GO:0061311),0.12793441544184056,0.22897194397706322,0,0,7.899446494464945,16.243138314449098,JAG1
GO_Biological_Process_2023,Regulation Of Protein Kinase A Signaling (GO:0010738),0.12793441544184056,0.22897194397706322,0,0,7.899446494464945,16.243138314449098,ADRB2
GO_Biological_Process_2023,Cellular Response To Interleukin-4 (GO:0071353),0.12793441544184056,0.22897194397706322,0,0,7.899446494464945,16.243138314449098,XCL1
GO_Biological_Process_2023,Regulation Of Oligodendrocyte Differentiation (GO:0048713),0.12793441544184056,0.22897194397706322,0,0,7.899446494464945,16.243138314449098,ZNF365
GO_Biological_Process_2023,Regulation Of Vascular Endothelial Cell Proliferation (GO:1905562),0.12793441544184056,0.22897194397706322,0,0,7.899446494464945,16.243138314449098,MEF2C
GO_Biological_Process_2023,Response To Axon Injury (GO:0048678),0.12793441544184056,0.22897194397706322,0,0,7.899446494464945,16.243138314449098,PLCG2
GO_Biological_Process_2023,Innate Immune Response-Activating Signaling Pathway (GO:0002758),0.12793441544184056,0.22897194397706322,0,0,7.899446494464945,16.243138314449098,NLRP3
GO_Biological_Process_2023,Positive Regulation Of Glial Cell Differentiation (GO:0045687),0.12793441544184056,0.22897194397706322,0,0,7.899446494464945,16.243138314449098,ZNF365
GO_Biological_Process_2023,Positive Regulation Of Homotypic Cell-Cell Adhesion (GO:0034112),0.12793441544184056,0.22897194397706322,0,0,7.899446494464945,16.243138314449098,TNFSF11
GO_Biological_Process_2023,Positive Regulation Of Immunoglobulin Mediated Immune Response (GO:0002891),0.12793441544184056,0.22897194397706322,0,0,7.899446494464945,16.243138314449098,XCL1
GO_Biological_Process_2023,Positive Regulation Of Developmental Process (GO:0051094),0.12828173023100728,0.2293437244499945,0,0,2.1161691542288557,4.345609259617355,EDN3;DLG5;SCX;TNF
GO_Biological_Process_2023,Negative Regulation Of Cellular Biosynthetic Process (GO:0031327),0.12940222652820904,0.23109549802809506,0,0,2.4597807973336754,5.029832806530398,NANOS1;PLEK;GZMB
GO_Biological_Process_2023,G1/S Transition Of Mitotic Cell Cycle (GO:0000082),0.13050882459765137,0.23181189060966617,0,0,3.2749680715197957,6.668864751871565,LATS2;CCND1
GO_Biological_Process_2023,Regulation Of Actin Filament-Based Process (GO:0032970),0.13050882459765137,0.23181189060966617,0,0,3.2749680715197957,6.668864751871565,PDGFRB;FSCN1
GO_Biological_Process_2023,Regulation Of Fat Cell Differentiation (GO:0045598),0.13050882459765137,0.23181189060966617,0,0,3.2749680715197957,6.668864751871565,TNF;CMKLR1
GO_Biological_Process_2023,Positive Regulation Of Neurogenesis (GO:0050769),0.13050882459765137,0.23181189060966617,0,0,3.2749680715197957,6.668864751871565,CX3CR1;PLXNA2
GO_Biological_Process_2023,Regulation Of Notch Signaling Pathway (GO:0008593),0.13050882459765137,0.23181189060966617,0,0,3.2749680715197957,6.668864751871565,JAG2;JAG1
Reactome_2022,Degradation Of Extracellular Matrix R-HSA-1474228,0.045675495354700696,0.23189097641617276,0,0,3.9152620053979734,12.083255492419184,LAMB3;MMP15;MMP9
GO_Biological_Process_2023,Regulation Of Integrin Activation (GO:0033623),0.13707160646252536,0.23289415658524218,0,0,7.291512915129151,14.49007227316986,PLEK
GO_Biological_Process_2023,Amyloid-Beta Metabolic Process (GO:0050435),0.13707160646252536,0.23289415658524218,0,0,7.291512915129151,14.49007227316986,ACE
GO_Biological_Process_2023,Hydrogen Peroxide Catabolic Process (GO:0042744),0.13707160646252536,0.23289415658524218,0,0,7.291512915129151,14.49007227316986,MPO
GO_Biological_Process_2023,NAD Biosynthetic Process (GO:0009435),0.13707160646252536,0.23289415658524218,0,0,7.291512915129151,14.49007227316986,NAPRT
GO_Biological_Process_2023,Regulation Of Establishment Of Endothelial Barrier (GO:1903140),0.13707160646252536,0.23289415658524218,0,0,7.291512915129151,14.49007227316986,TNF
GO_Biological_Process_2023,Negative Regulation Of Viral-Induced Cytoplasmic Pattern Recognition Receptor Signaling Pathway (GO:0039532),0.13707160646252536,0.23289415658524218,0,0,7.291512915129151,14.49007227316986,LILRA4
GO_Biological_Process_2023,Regulation Of Calcium Ion Import (GO:0090279),0.13707160646252536,0.23289415658524218,0,0,7.291512915129151,14.49007227316986,PDGFRB
GO_Biological_Process_2023,Negative Regulation Of Interleukin-10 Production (GO:0032693),0.13707160646252536,0.23289415658524218,0,0,7.291512915129151,14.49007227316986,LILRB1
GO_Biological_Process_2023,Negative Regulation Of ATP-dependent Activity (GO:0032780),0.13707160646252536,0.23289415658524218,0,0,7.291512915129151,14.49007227316986,TNNT2
GO_Biological_Process_2023,Myoblast Fusion (GO:0007520),0.13707160646252536,0.23289415658524218,0,0,7.291512915129151,14.49007227316986,DOCK5
GO_Biological_Process_2023,Establishment Of Apical/Basal Cell Polarity (GO:0035089),0.13707160646252536,0.23289415658524218,0,0,7.291512915129151,14.49007227316986,FSCN1
GO_Biological_Process_2023,Icosanoid Biosynthetic Process (GO:0046456),0.13707160646252536,0.23289415658524218,0,0,7.291512915129151,14.49007227316986,FADS1
GO_Biological_Process_2023,Dendritic Spine Morphogenesis (GO:0060997),0.13707160646252536,0.23289415658524218,0,0,7.291512915129151,14.49007227316986,ZNF365
GO_Biological_Process_2023,Chondroitin Sulfate Metabolic Process (GO:0030204),0.13707160646252536,0.23289415658524218,0,0,7.291512915129151,14.49007227316986,CHST13
GO_Biological_Process_2023,Brain Development (GO:0007420),0.13650438331577708,0.23289415658524218,0,0,2.3974883633750896,4.7743548568664345,CX3CR1;ADGRG1;RTN1
GO_Biological_Process_2023,Ventricular Cardiac Muscle Tissue Development (GO:0003229),0.13707160646252536,0.23289415658524218,0,0,7.291512915129151,14.49007227316986,TNNT2
GO_Biological_Process_2023,Response To Molecule Of Bacterial Origin (GO:0002237),0.13404537413691284,0.23289415658524218,0,0,3.2193345888261145,6.469500498362095,C4B;F2R
GO_Biological_Process_2023,Phagocytosis (GO:0006909),0.13404537413691284,0.23289415658524218,0,0,3.2193345888261145,6.469500498362095,ITGAM;PLD4
GO_Biological_Process_2023,Growth Hormone Receptor Signaling Pathway (GO:0060396),0.13707160646252536,0.23289415658524218,0,0,7.291512915129151,14.49007227316986,LYN
GO_Biological_Process_2023,Ruffle Organization (GO:0031529),0.13707160646252536,0.23289415658524218,0,0,7.291512915129151,14.49007227316986,PLEK
GO_Biological_Process_2023,Endoplasmic Reticulum Tubular Network Organization (GO:0071786),0.13707160646252536,0.23289415658524218,0,0,7.291512915129151,14.49007227316986,RTN1
GO_Biological_Process_2023,Regulation Of Lipid Catabolic Process (GO:0050994),0.13707160646252536,0.23289415658524218,0,0,7.291512915129151,14.49007227316986,TNF
GO_Biological_Process_2023,Positive Regulation Of Endothelial Cell Apoptotic Process (GO:2000353),0.13707160646252536,0.23289415658524218,0,0,7.291512915129151,14.49007227316986,FASLG
GO_Biological_Process_2023,"Positive Regulation Of DNA Damage Response, Signal Transduction By P53 Class Mediator (GO:0043517)",0.13707160646252536,0.23289415658524218,0,0,7.291512915129151,14.49007227316986,SPRED2
GO_Biological_Process_2023,Positive Regulation Of Cell Activation (GO:0050867),0.13707160646252536,0.23289415658524218,0,0,7.291512915129151,14.49007227316986,PLEK
GO_Biological_Process_2023,Neutrophil Activation (GO:0042119),0.13707160646252536,0.23289415658524218,0,0,7.291512915129151,14.49007227316986,CXCR2
GO_Biological_Process_2023,Phagosome Maturation (GO:0090382),0.13707160646252536,0.23289415658524218,0,0,7.291512915129151,14.49007227316986,SLAMF8
GO_Biological_Process_2023,Positive Regulation Of Cyclin-Dependent Protein Serine/Threonine Kinase Activity (GO:0045737),0.13707160646252536,0.23289415658524218,0,0,7.291512915129151,14.49007227316986,CCND1
GO_Biological_Process_2023,Positive Regulation Of Leukocyte Proliferation (GO:0070665),0.13707160646252536,0.23289415658524218,0,0,7.291512915129151,14.49007227316986,LYN
GO_Biological_Process_2023,Negative Regulation Of Peptidyl-Threonine Phosphorylation (GO:0010801),0.13707160646252536,0.23289415658524218,0,0,7.291512915129151,14.49007227316986,SPRED2
GO_Biological_Process_2023,Positive Regulation Of Membrane Protein Ectodomain Proteolysis (GO:0051044),0.13707160646252536,0.23289415658524218,0,0,7.291512915129151,14.49007227316986,TNF
GO_Biological_Process_2023,Prostanoid Metabolic Process (GO:0006692),0.13707160646252536,0.23289415658524218,0,0,7.291512915129151,14.49007227316986,GSTM1
GO_Biological_Process_2023,Pulmonary Valve Morphogenesis (GO:0003184),0.13707160646252536,0.23289415658524218,0,0,7.291512915129151,14.49007227316986,JAG1
GO_Biological_Process_2023,Regulation Of AMPA Receptor Activity (GO:2000311),0.13707160646252536,0.23289415658524218,0,0,7.291512915129151,14.49007227316986,MEF2C
GO_Biological_Process_2023,Astrocyte Development (GO:0014002),0.13707160646252536,0.23289415658524218,0,0,7.291512915129151,14.49007227316986,TNF
GO_Biological_Process_2023,Cell Surface Toll-Like Receptor Signaling Pathway (GO:0140895),0.13707160646252536,0.23289415658524218,0,0,7.291512915129151,14.49007227316986,PIK3AP1
GO_Biological_Process_2023,Negative Regulation Of Nervous System Development (GO:0051961),0.13707160646252536,0.23289415658524218,0,0,7.291512915129151,14.49007227316986,TNF
GO_Biological_Process_2023,Negative Regulation Of Natural Killer Cell Mediated Cytotoxicity (GO:0045953),0.13707160646252536,0.23289415658524218,0,0,7.291512915129151,14.49007227316986,LILRB1
GO_Biological_Process_2023,Mesoderm Development (GO:0007498),0.13707160646252536,0.23289415658524218,0,0,7.291512915129151,14.49007227316986,SECTM1
GO_Biological_Process_2023,Positive Regulation Of Leukocyte Adhesion To Vascular Endothelial Cell (GO:1904996),0.13707160646252536,0.23289415658524218,0,0,7.291512915129151,14.49007227316986,TNF
GO_Biological_Process_2023,Positive Regulation Of Extracellular Matrix Organization (GO:1903055),0.13707160646252536,0.23289415658524218,0,0,7.291512915129151,14.49007227316986,FSCN1
GO_Biological_Process_2023,Regulation Of MHC Class II Biosynthetic Process (GO:0045346),0.13707160646252536,0.23289415658524218,0,0,7.291512915129151,14.49007227316986,CIITA
GO_Biological_Process_2023,Regulation Of Rho Protein Signal Transduction (GO:0035023),0.13760340166606067,0.23331515886206156,0,0,3.1655555555555557,6.278498414050351,ADGRG1;F2R
GO_Biological_Process_2023,Cell Morphogenesis Involved In Neuron Differentiation (GO:0048667),0.13760340166606067,0.23331515886206156,0,0,3.1655555555555557,6.278498414050351,SHTN1;MEF2C
GO_Biological_Process_2023,Regulation Of Macromolecule Metabolic Process (GO:0060255),0.13890109124354552,0.23527267310633534,0,0,2.3774163568773234,4.6930036576824286,ZNF683;EDN3;DHH
KEGG_2021_Human,Measles,0.13650438331577708,0.23617425049872542,0,0,2.3974883633750896,4.7743548568664345,CCND1;FASLG;HSPA2
Reactome_2022,Fc Epsilon Receptor (FCERI) Signaling R-HSA-2454202,0.04698869355222483,0.2362860018626163,0,0,3.053850746268657,9.338212218049884,LYN;SLC7A8;PLCG2;FCER1A
Reactome_2022,FasL/ CD95L Signaling R-HSA-75157,0.05128040661281183,0.23750925168039164,0,0,23.70571955719557,70.41657256894506,FASLG
Reactome_2022,EPH-Ephrin Signaling R-HSA-2682334,0.05023727855792708,0.23750925168039164,0,0,3.7602719624339658,11.246965645049128,LYN;EFNA3;MMP9
Reactome_2022,APOBEC3G Mediated Resistance To HIV-1 R-HSA-180689,0.05128040661281183,0.23750925168039164,0,0,23.70571955719557,70.41657256894506,APOBEC3G
Reactome_2022,Glucocorticoid Biosynthesis R-HSA-194002,0.05128040661281183,0.23750925168039164,0,0,23.70571955719557,70.41657256894506,CYP21A2
Reactome_2022,Drug-mediated Inhibition Of CDK4/CDK6 Activity R-HSA-9754119,0.05128040661281183,0.23750925168039164,0,0,23.70571955719557,70.41657256894506,CCND1
Reactome_2022,"Transport Of Vitamins, Nucleosides, And Related Molecules R-HSA-425397",0.04921563935840405,0.23750925168039164,0,0,5.941898148148148,17.894286723517272,SLCO4C1;NLRP3
Reactome_2022,Nectin/Necl Trans Heterodimerization R-HSA-420597,0.05128040661281183,0.23750925168039164,0,0,23.70571955719557,70.41657256894506,CADM1
Reactome_2022,Vasopressin-like Receptors R-HSA-388479,0.05128040661281183,0.23750925168039164,0,0,23.70571955719557,70.41657256894506,NLRP3
Reactome_2022,MECP2 Regulates Transcription Factors R-HSA-9022707,0.05128040661281183,0.23750925168039164,0,0,23.70571955719557,70.41657256894506,MEF2C
GO_Biological_Process_2023,Positive Regulation Of DNA Biosynthetic Process (GO:2000573),0.1411820741525754,0.23888995657330728,0,0,3.113539769277474,6.0953921111557,PDGFRB;PARM1
GO_Biological_Process_2023,Regulation Of Postsynaptic Membrane Potential (GO:0060078),0.1461134098085362,0.24006433231542498,0,0,6.770426989984186,13.022050914519731,MEF2C
GO_Biological_Process_2023,Positive Regulation Of Calcineurin-Mediated Signaling (GO:0106058),0.1461134098085362,0.24006433231542498,0,0,6.770426989984186,13.022050914519731,TNF
GO_Biological_Process_2023,Positive Regulation Of Cell Cycle Phase Transition (GO:1901989),0.1461134098085362,0.24006433231542498,0,0,6.770426989984186,13.022050914519731,PLCG2
GO_Biological_Process_2023,Regulation Of Protein Deacetylation (GO:0090311),0.1461134098085362,0.24006433231542498,0,0,6.770426989984186,13.022050914519731,SPRED2
GO_Biological_Process_2023,Positive Regulation Of calcineurin-NFAT Signaling Cascade (GO:0070886),0.1461134098085362,0.24006433231542498,0,0,6.770426989984186,13.022050914519731,TNF
GO_Biological_Process_2023,Regulation Of Establishment Of Cell Polarity (GO:2000114),0.1461134098085362,0.24006433231542498,0,0,6.770426989984186,13.022050914519731,SHTN1
GO_Biological_Process_2023,Extrinsic Apoptotic Signaling Pathway (GO:0097191),0.14478057352831433,0.24006433231542498,0,0,3.0632019115890086,5.919747873680131,FASLG;TNF
GO_Biological_Process_2023,Positive Regulation Of Alpha-Beta T Cell Proliferation (GO:0046641),0.1461134098085362,0.24006433231542498,0,0,6.770426989984186,13.022050914519731,XCL1
GO_Biological_Process_2023,Regulation Of Establishment Or Maintenance Of Cell Polarity (GO:0032878),0.1461134098085362,0.24006433231542498,0,0,6.770426989984186,13.022050914519731,SHTN1
GO_Biological_Process_2023,Positive Regulation Of Macrophage Migration (GO:1905523),0.1461134098085362,0.24006433231542498,0,0,6.770426989984186,13.022050914519731,CMKLR1
GO_Biological_Process_2023,Positive Regulation Of Amyloid-Beta Formation (GO:1902004),0.1461134098085362,0.24006433231542498,0,0,6.770426989984186,13.022050914519731,TNF
GO_Biological_Process_2023,Phosphatidylglycerol Metabolic Process (GO:0046471),0.1461134098085362,0.24006433231542498,0,0,6.770426989984186,13.022050914519731,PLA2G4F
GO_Biological_Process_2023,Defense Response To Protozoan (GO:0042832),0.1461134098085362,0.24006433231542498,0,0,6.770426989984186,13.022050914519731,DEFA1
GO_Biological_Process_2023,Carboxylic Acid Biosynthetic Process (GO:0046394),0.1461134098085362,0.24006433231542498,0,0,6.770426989984186,13.022050914519731,FADS1
GO_Biological_Process_2023,Regulation Of Interleukin-1 Production (GO:0032652),0.1461134098085362,0.24006433231542498,0,0,6.770426989984186,13.022050914519731,F2R
GO_Biological_Process_2023,Regulation Of Granulocyte Chemotaxis (GO:0071622),0.1461134098085362,0.24006433231542498,0,0,6.770426989984186,13.022050914519731,CMKLR1
GO_Biological_Process_2023,Positive Regulation Of Nitric-Oxide Synthase Activity (GO:0051000),0.1461134098085362,0.24006433231542498,0,0,6.770426989984186,13.022050914519731,TNF
GO_Biological_Process_2023,Positive Regulation Of Phospholipase Activity (GO:0010518),0.1461134098085362,0.24006433231542498,0,0,6.770426989984186,13.022050914519731,PDGFRB
GO_Biological_Process_2023,Positive Regulation Of Vascular Associated Smooth Muscle Cell Proliferation (GO:1904707),0.1461134098085362,0.24006433231542498,0,0,6.770426989984186,13.022050914519731,MMP9
GO_Biological_Process_2023,Activation Of NF-kappaB-inducing Kinase Activity (GO:0007250),0.1461134098085362,0.24006433231542498,0,0,6.770426989984186,13.022050914519731,TLR6
GO_Biological_Process_2023,Regulation Of Neuroblast Proliferation (GO:1902692),0.1461134098085362,0.24006433231542498,0,0,6.770426989984186,13.022050914519731,CX3CR1
GO_Biological_Process_2023,Striated Muscle Cell Differentiation (GO:0051146),0.1461134098085362,0.24006433231542498,0,0,6.770426989984186,13.022050914519731,MEF2C
GO_Biological_Process_2023,Negative Regulation Of Lipid Storage (GO:0010888),0.1461134098085362,0.24006433231542498,0,0,6.770426989984186,13.022050914519731,TNF
GO_Biological_Process_2023,Regulation Of Smooth Muscle Cell Migration (GO:0014910),0.1461134098085362,0.24006433231542498,0,0,6.770426989984186,13.022050914519731,PDGFRB
GO_Biological_Process_2023,Toll-Like Receptor 4 Signaling Pathway (GO:0034142),0.1461134098085362,0.24006433231542498,0,0,6.770426989984186,13.022050914519731,PIK3AP1
GO_Biological_Process_2023,Sensory Perception Of Pain (GO:0019233),0.1461134098085362,0.24006433231542498,0,0,6.770426989984186,13.022050914519731,PROK2
GO_Biological_Process_2023,Intracellular Estrogen Receptor Signaling Pathway (GO:0030520),0.1461134098085362,0.24006433231542498,0,0,6.770426989984186,13.022050914519731,DEFA1
GO_Biological_Process_2023,Negative Regulation Of Vascular Associated Smooth Muscle Cell Proliferation (GO:1904706),0.1461134098085362,0.24006433231542498,0,0,6.770426989984186,13.022050914519731,MEF2C
GO_Biological_Process_2023,Antibacterial Humoral Response (GO:0019731),0.1461134098085362,0.24006433231542498,0,0,6.770426989984186,13.022050914519731,DEFA1
KEGG_2021_Human,Prolactin signaling pathway,0.1411820741525754,0.24234403279733413,0,0,3.113539769277474,6.0953921111557,CCND1;TNFSF11
GO_Biological_Process_2023,Muscle Contraction (GO:0006936),0.14839809648233782,0.2435744980224586,0,0,3.0144620811287477,5.751161905274621,TNNT2;NMUR1
GO_Biological_Process_2023,Positive Regulation Of Striated Muscle Cell Differentiation (GO:0051155),0.15506081758639842,0.24638774013003154,0,0,6.318819188191882,11.777886362726862,MEF2C
GO_Biological_Process_2023,Negative Regulation Of Leukocyte Activation (GO:0002695),0.15506081758639842,0.24638774013003154,0,0,6.318819188191882,11.777886362726862,CD300A
GO_Biological_Process_2023,Negative Regulation Of Fibroblast Proliferation (GO:0048147),0.15506081758639842,0.24638774013003154,0,0,6.318819188191882,11.777886362726862,CD300A
GO_Biological_Process_2023,Negative Regulation Of Lipid Metabolic Process (GO:0045833),0.15506081758639842,0.24638774013003154,0,0,6.318819188191882,11.777886362726862,TNF
GO_Biological_Process_2023,Neural Crest Cell Differentiation (GO:0014033),0.15506081758639842,0.24638774013003154,0,0,6.318819188191882,11.777886362726862,MEF2C
GO_Biological_Process_2023,Positive Regulation Of Establishment Of Protein Localization (GO:1904951),0.15506081758639842,0.24638774013003154,0,0,6.318819188191882,11.777886362726862,TNF
GO_Biological_Process_2023,Positive Regulation Of Axon Extension (GO:0045773),0.15506081758639842,0.24638774013003154,0,0,6.318819188191882,11.777886362726862,SHTN1
GO_Biological_Process_2023,Peptide Hormone Secretion (GO:0030072),0.15506081758639842,0.24638774013003154,0,0,6.318819188191882,11.777886362726862,EDN3
GO_Biological_Process_2023,Oligodendrocyte Differentiation (GO:0048709),0.15506081758639842,0.24638774013003154,0,0,6.318819188191882,11.777886362726862,SOX13
GO_Biological_Process_2023,Positive Regulation Of Neutrophil Chemotaxis (GO:0090023),0.15506081758639842,0.24638774013003154,0,0,6.318819188191882,11.777886362726862,XCL1
GO_Biological_Process_2023,Cellular Response To Growth Factor Stimulus (GO:0071363),0.15109377856670758,0.24638774013003154,0,0,2.2818736059479554,4.312409296199604,NTRK1;MEF2C;XCL1
GO_Biological_Process_2023,Regulation Of Hydrolase Activity (GO:0051336),0.1520338542857616,0.24638774013003154,0,0,2.9672453703703705,5.589257846623601,CHN2;PLXNA2
GO_Biological_Process_2023,Positive Regulation Of Cytoskeleton Organization (GO:0051495),0.1520338542857616,0.24638774013003154,0,0,2.9672453703703705,5.589257846623601,CDC42EP4;PLEK
GO_Biological_Process_2023,Positive Regulation Of Endocytosis (GO:0045807),0.1520338542857616,0.24638774013003154,0,0,2.9672453703703705,5.589257846623601,CD151;TNF
GO_Biological_Process_2023,Regulation Of Transferase Activity (GO:0051338),0.15506081758639842,0.24638774013003154,0,0,6.318819188191882,11.777886362726862,SLAMF8
GO_Biological_Process_2023,Cellular Response To Nerve Growth Factor Stimulus (GO:1990090),0.15506081758639842,0.24638774013003154,0,0,6.318819188191882,11.777886362726862,NTRK1
GO_Biological_Process_2023,Regulation Of Vasoconstriction (GO:0019229),0.15506081758639842,0.24638774013003154,0,0,6.318819188191882,11.777886362726862,F2R
GO_Biological_Process_2023,Regulation Of Protein-Containing Complex Disassembly (GO:0043244),0.15506081758639842,0.24638774013003154,0,0,6.318819188191882,11.777886362726862,TNF
GO_Biological_Process_2023,Positive Regulation Of Lymphocyte Proliferation (GO:0050671),0.1520338542857616,0.24638774013003154,0,0,2.9672453703703705,5.589257846623601,FCGR3A;MEF2C
GO_Biological_Process_2023,Regulation Of Lymphocyte Activation (GO:0051249),0.15506081758639842,0.24638774013003154,0,0,6.318819188191882,11.777886362726862,KLRC2
GO_Biological_Process_2023,Response To Glucocorticoid (GO:0051384),0.15506081758639842,0.24638774013003154,0,0,6.318819188191882,11.777886362726862,TNF
GO_Biological_Process_2023,Regulation Of Megakaryocyte Differentiation (GO:0045652),0.15506081758639842,0.24638774013003154,0,0,6.318819188191882,11.777886362726862,MEF2C
GO_Biological_Process_2023,Hippo Signaling (GO:0035329),0.15506081758639842,0.24638774013003154,0,0,6.318819188191882,11.777886362726862,LATS2
GO_Biological_Process_2023,Endothelial Cell Proliferation (GO:0001935),0.15506081758639842,0.24638774013003154,0,0,6.318819188191882,11.777886362726862,PROK2
GO_Biological_Process_2023,Response To Interferon-Alpha (GO:0035455),0.15506081758639842,0.24638774013003154,0,0,6.318819188191882,11.777886362726862,IFITM3
GO_Biological_Process_2023,Regulation Of Cardiac Muscle Cell Proliferation (GO:0060043),0.15506081758639842,0.24638774013003154,0,0,6.318819188191882,11.777886362726862,MEF2C
GO_Biological_Process_2023,Regulation Of Acute Inflammatory Response (GO:0002673),0.15506081758639842,0.24638774013003154,0,0,6.318819188191882,11.777886362726862,NLRP3
GO_Biological_Process_2023,Regulation Of DNA-templated DNA Replication (GO:0090329),0.15506081758639842,0.24638774013003154,0,0,6.318819188191882,11.777886362726862,NUGGC
GO_Biological_Process_2023,Regulation Of B Cell Differentiation (GO:0045577),0.15506081758639842,0.24638774013003154,0,0,6.318819188191882,11.777886362726862,SLAMF8
GO_Biological_Process_2023,Myeloid Cell Activation Involved In Immune Response (GO:0002275),0.15506081758639842,0.24638774013003154,0,0,6.318819188191882,11.777886362726862,PLCG2
GO_Biological_Process_2023,Negative Regulation Of Interleukin-8 Production (GO:0032717),0.15506081758639842,0.24638774013003154,0,0,6.318819188191882,11.777886362726862,TLR6
GO_Biological_Process_2023,Negative Regulation Of Calcium Ion Transmembrane Transport (GO:1903170),0.15506081758639842,0.24638774013003154,0,0,6.318819188191882,11.777886362726862,SESTD1
GO_Biological_Process_2023,Negative Regulation Of Amyloid-Beta Formation (GO:1902430),0.15506081758639842,0.24638774013003154,0,0,6.318819188191882,11.777886362726862,RTN1
KEGG_2021_Human,Phototransduction,0.1461134098085362,0.24702582286111513,0,0,6.770426989984186,13.022050914519731,RGS9
KEGG_2021_Human,Gastric cancer,0.14617583095910025,0.24702582286111513,0,0,2.3191585819203917,4.459614539039542,CCND1;GADD45B;GADD45G
KEGG_2021_Human,Thyroid hormone synthesis,0.14839809648233782,0.24885219256268956,0,0,3.0144620811287477,5.751161905274621,TPO;ATP1B4
Reactome_2022,ARMS-mediated Activation R-HSA-170984,0.06121768129556215,0.25252293534419384,0,0,18.963837638376383,52.97205218170561,NTRK1
Reactome_2022,FLT3 Signaling Thru SRC Family Kinases R-HSA-9706374,0.06121768129556215,0.25252293534419384,0,0,18.963837638376383,52.97205218170561,FLT3
Reactome_2022,RAS Signaling Downstream Of NF1 Loss-Of-Function Variants R-HSA-6802953,0.06121768129556215,0.25252293534419384,0,0,18.963837638376383,52.97205218170561,SPRED2
Reactome_2022,Anchoring Fibril Formation R-HSA-2214320,0.06121768129556215,0.25252293534419384,0,0,18.963837638376383,52.97205218170561,LAMB3
Reactome_2022,PTK6 Regulates Cell Cycle R-HSA-8849470,0.06121768129556215,0.25252293534419384,0,0,18.963837638376383,52.97205218170561,CCND1
Reactome_2022,Activation Of C3 And C5 R-HSA-174577,0.06121768129556215,0.25252293534419384,0,0,18.963837638376383,52.97205218170561,C4B
Reactome_2022,CD22 Mediated BCR Regulation R-HSA-5690714,0.06121768129556215,0.25252293534419384,0,0,18.963837638376383,52.97205218170561,LYN
Reactome_2022,Erythropoietin Activates STAT5 R-HSA-9027283,0.06121768129556215,0.25252293534419384,0,0,18.963837638376383,52.97205218170561,LYN
Reactome_2022,Transcriptional Regulation Of Testis Differentiation R-HSA-9690406,0.06121768129556215,0.25252293534419384,0,0,18.963837638376383,52.97205218170561,DHH
Reactome_2022,Interleukin-10 Signaling R-HSA-6783783,0.057254882302918114,0.25252293534419384,0,0,5.431957671957672,15.536715429885051,CCL4;TNF
Reactome_2022,Thyroxine Biosynthesis R-HSA-209968,0.06121768129556215,0.25252293534419384,0,0,18.963837638376383,52.97205218170561,TPO
Reactome_2022,TNFR1-mediated Ceramide Production R-HSA-5626978,0.06121768129556215,0.25252293534419384,0,0,18.963837638376383,52.97205218170561,TNF
Reactome_2022,Linoleic Acid (LA) Metabolism R-HSA-2046105,0.06121768129556215,0.25252293534419384,0,0,18.963837638376383,52.97205218170561,FADS2
Reactome_2022,mRNA Editing R-HSA-75072,0.06121768129556215,0.25252293534419384,0,0,18.963837638376383,52.97205218170561,APOBEC3H
Reactome_2022,"PI5P, PP2A And IER3 Regulate PI3K/AKT Signaling R-HSA-6811558",0.061701734310356846,0.2525466334563443,0,0,3.4422000268732926,9.58805279457701,PDGFRB;FLT3;PIK3AP1
GO_Biological_Process_2023,Blood Vessel Endothelial Cell Migration (GO:0043534),0.16391481159364787,0.2543078710560561,0,0,5.923662361623617,10.71240093711516,ID1
GO_Biological_Process_2023,Long-Term Synaptic Potentiation (GO:0060291),0.16391481159364787,0.2543078710560561,0,0,5.923662361623617,10.71240093711516,TSHZ3
GO_Biological_Process_2023,Mesoderm Formation (GO:0001707),0.16391481159364787,0.2543078710560561,0,0,5.923662361623617,10.71240093711516,SCX
GO_Biological_Process_2023,Establishment Of Skin Barrier (GO:0061436),0.16391481159364787,0.2543078710560561,0,0,5.923662361623617,10.71240093711516,SFN
GO_Biological_Process_2023,Intracellular Monoatomic Ion Homeostasis (GO:0006873),0.16391481159364787,0.2543078710560561,0,0,5.923662361623617,10.71240093711516,P2RY2
GO_Biological_Process_2023,Myoblast Differentiation (GO:0045445),0.16391481159364787,0.2543078710560561,0,0,5.923662361623617,10.71240093711516,JAG1
GO_Biological_Process_2023,Positive Regulation Of Dendritic Spine Development (GO:0060999),0.16391481159364787,0.2543078710560561,0,0,5.923662361623617,10.71240093711516,DLG5
GO_Biological_Process_2023,Positive Regulation Of Granulocyte Chemotaxis (GO:0071624),0.16391481159364787,0.2543078710560561,0,0,5.923662361623617,10.71240093711516,XCL1
GO_Biological_Process_2023,Positive Regulation Of Interleukin-4 Production (GO:0032753),0.16391481159364787,0.2543078710560561,0,0,5.923662361623617,10.71240093711516,NLRP3
GO_Biological_Process_2023,Positive Regulation Of Stress-Activated Protein Kinase Signaling Cascade (GO:0070304),0.16391481159364787,0.2543078710560561,0,0,5.923662361623617,10.71240093711516,LYN
GO_Biological_Process_2023,Pulmonary Valve Development (GO:0003177),0.16391481159364787,0.2543078710560561,0,0,5.923662361623617,10.71240093711516,JAG1
GO_Biological_Process_2023,B Cell Proliferation (GO:0042100),0.16391481159364787,0.2543078710560561,0,0,5.923662361623617,10.71240093711516,MEF2C
GO_Biological_Process_2023,Negative Regulation Of Protein Phosphorylation (GO:0001933),0.16108457218651284,0.2543078710560561,0,0,2.210772023860984,4.036484508070226,LYN;SPRED2;SFN
GO_Biological_Process_2023,Negative Regulation Of Ossification (GO:0030279),0.16391481159364787,0.2543078710560561,0,0,5.923662361623617,10.71240093711516,MEF2C
GO_Biological_Process_2023,Negative Regulation Of Extrinsic Apoptotic Signaling Pathway In Absence Of Ligand (GO:2001240),0.16391481159364787,0.2543078710560561,0,0,5.923662361623617,10.71240093711516,TNF
GO_Biological_Process_2023,Negative Regulation Of Cell Development (GO:0010721),0.16391481159364787,0.2543078710560561,0,0,5.923662361623617,10.71240093711516,TNF
GO_Biological_Process_2023,Negative Regulation Of G Protein-Coupled Receptor Signaling Pathway (GO:0045744),0.16391481159364787,0.2543078710560561,0,0,5.923662361623617,10.71240093711516,PLEK
GO_Biological_Process_2023,Negative Regulation Of Signal Transduction In Absence Of Ligand (GO:1901099),0.16391481159364787,0.2543078710560561,0,0,5.923662361623617,10.71240093711516,TNF
GO_Biological_Process_2023,Placenta Development (GO:0001890),0.16391481159364787,0.2543078710560561,0,0,5.923662361623617,10.71240093711516,ASCL2
GO_Biological_Process_2023,Positive Regulation Of Activated T Cell Proliferation (GO:0042104),0.16391481159364787,0.2543078710560561,0,0,5.923662361623617,10.71240093711516,TNFSF9
GO_Biological_Process_2023,Positive Regulation Of Adenylate Cyclase Activity (GO:0045762),0.16391481159364787,0.2543078710560561,0,0,5.923662361623617,10.71240093711516,ADRB2
GO_Biological_Process_2023,Regulation Of Lipid Storage (GO:0010883),0.16391481159364787,0.2543078710560561,0,0,5.923662361623617,10.71240093711516,TNF
GO_Biological_Process_2023,Regulation Of Myotube Differentiation (GO:0010830),0.16391481159364787,0.2543078710560561,0,0,5.923662361623617,10.71240093711516,HDAC9
GO_Biological_Process_2023,Regulation Of Viral Transcription (GO:0046782),0.16391481159364787,0.2543078710560561,0,0,5.923662361623617,10.71240093711516,IFITM3
GO_Biological_Process_2023,Positive Regulation Of Cyclin-Dependent Protein Kinase Activity (GO:1904031),0.16391481159364787,0.2543078710560561,0,0,5.923662361623617,10.71240093711516,CCND1
Reactome_2022,Signaling By SCF-KIT R-HSA-1433557,0.0628495164992557,0.25526572855082313,0,0,5.137937937937938,14.21673611915522,LYN;MMP9
GO_Biological_Process_2023,Negative Regulation Of Cell Migration (GO:0030336),0.16615361465270942,0.25753810271169963,0,0,2.176849513323307,3.907102085876914,ADGRG1;JAG1;DLG5
Reactome_2022,PI3K/AKT Signaling In Cancer R-HSA-2219528,0.06518221365246463,0.2627191512099337,0,0,3.3609446752678767,9.17729014452764,PDGFRB;FLT3;PIK3AP1
GO_Biological_Process_2023,Hepaticobiliary System Development (GO:0061008),0.1726763635602281,0.26293537101895714,0,0,5.574994573475147,9.791564602187963,CEBPA
GO_Biological_Process_2023,Antigen Processing And Presentation Of Peptide Antigen Via MHC Class I (GO:0002474),0.1726763635602281,0.26293537101895714,0,0,5.574994573475147,9.791564602187963,ACE
GO_Biological_Process_2023,Regulation Of Neurotransmitter Transport (GO:0051588),0.1726763635602281,0.26293537101895714,0,0,5.574994573475147,9.791564602187963,MEF2C
GO_Biological_Process_2023,Positive Regulation Of Epithelial Cell Apoptotic Process (GO:1904037),0.1726763635602281,0.26293537101895714,0,0,5.574994573475147,9.791564602187963,FASLG
GO_Biological_Process_2023,Regulation Of T Cell Cytokine Production (GO:0002724),0.1726763635602281,0.26293537101895714,0,0,5.574994573475147,9.791564602187963,XCL1
GO_Biological_Process_2023,Female Gamete Generation (GO:0007292),0.1726763635602281,0.26293537101895714,0,0,5.574994573475147,9.791564602187963,NANOS1
GO_Biological_Process_2023,Response To Cadmium Ion (GO:0046686),0.1726763635602281,0.26293537101895714,0,0,5.574994573475147,9.791564602187963,MMP9
GO_Biological_Process_2023,Oxoacid Metabolic Process (GO:0043436),0.1726763635602281,0.26293537101895714,0,0,5.574994573475147,9.791564602187963,SULT2B1
GO_Biological_Process_2023,Chondroitin Sulfate Proteoglycan Biosynthetic Process (GO:0050650),0.1726763635602281,0.26293537101895714,0,0,5.574994573475147,9.791564602187963,CHST13
GO_Biological_Process_2023,Regulation Of Cellular Response To Transforming Growth Factor Beta Stimulus (GO:1903844),0.1726763635602281,0.26293537101895714,0,0,5.574994573475147,9.791564602187963,LATS2
GO_Biological_Process_2023,Ameboidal-Type Cell Migration (GO:0001667),0.1726763635602281,0.26293537101895714,0,0,5.574994573475147,9.791564602187963,NANOS1
GO_Biological_Process_2023,Regulation Of Phosphorylation (GO:0042325),0.1704595496132231,0.26293537101895714,0,0,2.7516908212560387,4.868448951985021,LYN;SLAMF8
GO_Biological_Process_2023,Cardiac Muscle Cell Development (GO:0055013),0.1726763635602281,0.26293537101895714,0,0,5.574994573475147,9.791564602187963,PDGFRB
GO_Biological_Process_2023,Skeletal Muscle Organ Development (GO:0060538),0.1726763635602281,0.26293537101895714,0,0,5.574994573475147,9.791564602187963,MEF2C
GO_Biological_Process_2023,Positive Regulation Of Blood Coagulation (GO:0030194),0.1726763635602281,0.26293537101895714,0,0,5.574994573475147,9.791564602187963,F2R
GO_Biological_Process_2023,Negative Regulation Of Amyloid Precursor Protein Catabolic Process (GO:1902992),0.1726763635602281,0.26293537101895714,0,0,5.574994573475147,9.791564602187963,RTN1
GO_Biological_Process_2023,Negative Regulation Of Phosphoprotein Phosphatase Activity (GO:0032515),0.1726763635602281,0.26293537101895714,0,0,5.574994573475147,9.791564602187963,TNF
GO_Biological_Process_2023,Positive Regulation Of Cytosolic Calcium Ion Concentration Involved In Phospholipase C-activating G Protein-Coupled Signaling Pathway (GO:0051482),0.1726763635602281,0.26293537101895714,0,0,5.574994573475147,9.791564602187963,F2R
GO_Biological_Process_2023,Negative Regulation Of Phosphate Metabolic Process (GO:0045936),0.1726763635602281,0.26293537101895714,0,0,5.574994573475147,9.791564602187963,PLEK
GO_Biological_Process_2023,Positive Regulation Of Cell Differentiation (GO:0045597),0.17283684559604015,0.2629360530687907,0,0,1.8747150944783473,3.2908884095023,MEF2C;EDN3;GDPD5;CMKLR1
GO_Biological_Process_2023,Epigenetic Regulation Of Gene Expression (GO:0040029),0.1741889396435859,0.2642589361351908,0,0,2.712275132275132,4.740011915657022,ZFP57;HDAC9
GO_Biological_Process_2023,Activation Of Protein Kinase Activity (GO:0032147),0.1741889396435859,0.2642589361351908,0,0,2.712275132275132,4.740011915657022,TLR6;ADRB2
GO_Biological_Process_2023,Positive Regulation Of Protein Kinase B Signaling (GO:0051897),0.1741889396435859,0.2642589361351908,0,0,2.712275132275132,4.740011915657022,CX3CR1;TNF
KEGG_2021_Human,Yersinia infection,0.16108457218651284,0.26806440256992214,0,0,2.210772023860984,4.036484508070226,NLRP3;TNF;SKAP2
KEGG_2021_Human,Gap junction,0.1630428625383729,0.26926775782852497,0,0,2.834051962410171,5.140239506273533,PDGFRB;PDGFD
GO_Biological_Process_2023,Negative Regulation Of Osteoclast Differentiation (GO:0045671),0.18134643504858614,0.26939619600798104,0,0,5.265067650676507,8.989292568501716,LILRB1
GO_Biological_Process_2023,Neuromuscular Junction Development (GO:0007528),0.18134643504858614,0.26939619600798104,0,0,5.265067650676507,8.989292568501716,F2R
GO_Biological_Process_2023,Positive Regulation Of Filopodium Assembly (GO:0051491),0.18134643504858614,0.26939619600798104,0,0,5.265067650676507,8.989292568501716,FSCN1
GO_Biological_Process_2023,Cellular Response To Cadmium Ion (GO:0071276),0.18134643504858614,0.26939619600798104,0,0,5.265067650676507,8.989292568501716,MMP9
GO_Biological_Process_2023,Cardiac Muscle Cell Differentiation (GO:0055007),0.18134643504858614,0.26939619600798104,0,0,5.265067650676507,8.989292568501716,MEF2C
GO_Biological_Process_2023,Regulation Of Muscle Cell Differentiation (GO:0051147),0.18134643504858614,0.26939619600798104,0,0,5.265067650676507,8.989292568501716,HDAC9
GO_Biological_Process_2023,"Wound Healing, Spreading Of Cells (GO:0044319)",0.18134643504858614,0.26939619600798104,0,0,5.265067650676507,8.989292568501716,CD151
GO_Biological_Process_2023,Skin Epidermis Development (GO:0098773),0.18134643504858614,0.26939619600798104,0,0,5.265067650676507,8.989292568501716,SFN
GO_Biological_Process_2023,Osteoclast Differentiation (GO:0030316),0.18134643504858614,0.26939619600798104,0,0,5.265067650676507,8.989292568501716,TNFSF11
GO_Biological_Process_2023,Positive Regulation Of ERBB Signaling Pathway (GO:1901186),0.18134643504858614,0.26939619600798104,0,0,5.265067650676507,8.989292568501716,MMP9
GO_Biological_Process_2023,Positive Regulation Of Signal Transduction By P53 Class Mediator (GO:1901798),0.18134643504858614,0.26939619600798104,0,0,5.265067650676507,8.989292568501716,SPRED2
GO_Biological_Process_2023,Positive Regulation Of Neuron Projection Development (GO:0010976),0.17793143248741794,0.26939619600798104,0,0,2.6739697443922794,4.616226422513127,LYN;NTRK1
GO_Biological_Process_2023,Response To ATP (GO:0033198),0.18134643504858614,0.26939619600798104,0,0,5.265067650676507,8.989292568501716,P2RY2
GO_Biological_Process_2023,Respiratory Tube Development (GO:0030323),0.18134643504858614,0.26939619600798104,0,0,5.265067650676507,8.989292568501716,CEBPA
GO_Biological_Process_2023,Release Of Cytochrome C From Mitochondria (GO:0001836),0.18134643504858614,0.26939619600798104,0,0,5.265067650676507,8.989292568501716,SFN
GO_Biological_Process_2023,Cell Projection Organization (GO:0030030),0.18134643504858614,0.26939619600798104,0,0,5.265067650676507,8.989292568501716,PLEK
GO_Biological_Process_2023,DNA Methylation (GO:0006306),0.18134643504858614,0.26939619600798104,0,0,5.265067650676507,8.989292568501716,ZFP57
GO_Biological_Process_2023,Regulation Of Heterotypic Cell-Cell Adhesion (GO:0034114),0.18134643504858614,0.26939619600798104,0,0,5.265067650676507,8.989292568501716,TNF
GO_Biological_Process_2023,Adaptive Immune Response Based On Somatic Recombination Of Immune Receptors Built From Immunoglobulin Superfamily Domains (GO:0002460),0.18134643504858614,0.26939619600798104,0,0,5.265067650676507,8.989292568501716,JAG1
GO_Biological_Process_2023,Protein Deacylation (GO:0035601),0.18134643504858614,0.26939619600798104,0,0,5.265067650676507,8.989292568501716,HDAC9
GO_Biological_Process_2023,Regulation Of Membrane Protein Ectodomain Proteolysis (GO:0051043),0.18134643504858614,0.26939619600798104,0,0,5.265067650676507,8.989292568501716,TNF
GO_Biological_Process_2023,Regulation Of Innate Immune Response (GO:0045088),0.17793143248741794,0.26939619600798104,0,0,2.6739697443922794,4.616226422513127,FGR;SH2D1B
GO_Biological_Process_2023,Cardiac Muscle Tissue Morphogenesis (GO:0055008),0.18134643504858614,0.26939619600798104,0,0,5.265067650676507,8.989292568501716,TNNT2
GO_Biological_Process_2023,Positive Regulation Of Plasma Membrane Bounded Cell Projection Assembly (GO:0120034),0.18168634817656834,0.2696573351888905,0,0,2.6367283950617284,4.4968702469798005,CDC42EP4;FSCN1
Reactome_2022,Release Of Hh-Np From Secreting Cell R-HSA-5362798,0.07105124953339907,0.27383255294623876,0,0,15.802583025830259,41.78762107335148,DHH
Reactome_2022,FLT3 Signaling By CBL Mutants R-HSA-9706377,0.07105124953339907,0.27383255294623876,0,0,15.802583025830259,41.78762107335148,FLT3
Reactome_2022,Dermatan Sulfate Biosynthesis R-HSA-2022923,0.07105124953339907,0.27383255294623876,0,0,15.802583025830259,41.78762107335148,UST
Reactome_2022,Glycerophospholipid Catabolism R-HSA-6814848,0.07105124953339907,0.27383255294623876,0,0,15.802583025830259,41.78762107335148,GDPD5
Reactome_2022,STAT5 Activation R-HSA-9645135,0.07105124953339907,0.27383255294623876,0,0,15.802583025830259,41.78762107335148,FLT3
Reactome_2022,Ligand-receptor Interactions R-HSA-5632681,0.07105124953339907,0.27383255294623876,0,0,15.802583025830259,41.78762107335148,DHH
GO_Biological_Process_2023,Positive Regulation Of Ubiquitin-Dependent Protein Catabolic Process (GO:2000060),0.18545301948202117,0.2747514075824714,0,0,2.60050735667174,4.381734474972073,CEBPA;SH3RF2
GO_Biological_Process_2023,Regulation Of Actin Cytoskeleton Organization (GO:0032956),0.18545301948202117,0.2747514075824714,0,0,2.60050735667174,4.381734474972073,PDGFRB;FSCN1
GO_Biological_Process_2023,Macrophage Differentiation (GO:0030225),0.18992597770884306,0.27663863597130245,0,0,4.98776461448825,8.285279914418364,MMP9
GO_Biological_Process_2023,Sarcomere Organization (GO:0045214),0.18992597770884306,0.27663863597130245,0,0,4.98776461448825,8.285279914418364,TNNT2
GO_Biological_Process_2023,Cardiac Muscle Contraction (GO:0060048),0.18992597770884306,0.27663863597130245,0,0,4.98776461448825,8.285279914418364,TNNT2
GO_Biological_Process_2023,Regulation Of Neutrophil Chemotaxis (GO:0090022),0.18992597770884306,0.27663863597130245,0,0,4.98776461448825,8.285279914418364,XCL1
GO_Biological_Process_2023,Positive Regulation Of Neural Precursor Cell Proliferation (GO:2000179),0.18992597770884306,0.27663863597130245,0,0,4.98776461448825,8.285279914418364,CX3CR1
GO_Biological_Process_2023,Positive Regulation Of G2/M Transition Of Mitotic Cell Cycle (GO:0010971),0.18992597770884306,0.27663863597130245,0,0,4.98776461448825,8.285279914418364,CCND1
GO_Biological_Process_2023,Negative Regulation Of Protein Localization To Nucleus (GO:1900181),0.18992597770884306,0.27663863597130245,0,0,4.98776461448825,8.285279914418364,LATS2
GO_Biological_Process_2023,Negative Regulation Of GTPase Activity (GO:0034260),0.18992597770884306,0.27663863597130245,0,0,4.98776461448825,8.285279914418364,KLRK1
GO_Biological_Process_2023,Regulation Of Chemotaxis (GO:0050920),0.18992597770884306,0.27663863597130245,0,0,4.98776461448825,8.285279914418364,PDGFRB
GO_Biological_Process_2023,L-amino Acid Transport (GO:0015807),0.18992597770884306,0.27663863597130245,0,0,4.98776461448825,8.285279914418364,SLC7A8
GO_Biological_Process_2023,Activation Of Phospholipase C Activity (GO:0007202),0.18992597770884306,0.27663863597130245,0,0,4.98776461448825,8.285279914418364,NMUR1
GO_Biological_Process_2023,Amino Acid Import Across Plasma Membrane (GO:0089718),0.18992597770884306,0.27663863597130245,0,0,4.98776461448825,8.285279914418364,SLC7A8
GO_Biological_Process_2023,Positive Regulation Of Proteasomal Ubiquitin-Dependent Protein Catabolic Process (GO:0032436),0.18923079163754894,0.27663863597130245,0,0,2.5652652652652654,4.270622545961651,CEBPA;SH3RF2
GO_Biological_Process_2023,Negative Regulation Of NF-kappaB Transcription Factor Activity (GO:0032088),0.18923079163754894,0.27663863597130245,0,0,2.5652652652652654,4.270622545961651,NLRP3;CMKLR1
GO_Biological_Process_2023,Protein Phosphorylation (GO:0006468),0.1874724096751076,0.27663863597130245,0,0,1.5235719824243992,2.5506478011034464,FGR;LYN;NTRK1;PDGFRB;NUAK1;LATS2;FLT3
GO_Biological_Process_2023,Apoptotic Process (GO:0006915),0.1873472212400691,0.27663863597130245,0,0,1.811727078891258,3.0342652674404325,NLRP3;GZMB;FASLG;GZMH
GO_Biological_Process_2023,Regulation Of Cell Junction Assembly (GO:1901888),0.18992597770884306,0.27663863597130245,0,0,4.98776461448825,8.285279914418364,MEF2C
GO_Biological_Process_2023,Positive Regulation Of Protein Autophosphorylation (GO:0031954),0.18992597770884306,0.27663863597130245,0,0,4.98776461448825,8.285279914418364,PDGFD
GO_Biological_Process_2023,Proteoglycan Metabolic Process (GO:0006029),0.18992597770884306,0.27663863597130245,0,0,4.98776461448825,8.285279914418364,CHST13
GO_Biological_Process_2023,Regulation Of Neuron Projection Development (GO:0010975),0.19216000428561525,0.2796447183713604,0,0,2.021672071502017,3.3346002943746234,LYN;NTRK1;ZNF365
KEGG_2021_Human,Glycosaminoglycan degradation,0.1726763635602281,0.2809212481800726,0,0,5.574994573475147,9.791564602187963,HYAL3
KEGG_2021_Human,Histidine metabolism,0.1726763635602281,0.2809212481800726,0,0,5.574994573475147,9.791564602187963,HDC
KEGG_2021_Human,Dilated cardiomyopathy,0.17793143248741794,0.2810800890018631,0,0,2.6739697443922794,4.616226422513127,TNNT2;TNF
KEGG_2021_Human,Protein digestion and absorption,0.17793143248741794,0.2810800890018631,0,0,2.6739697443922794,4.616226422513127,SLC7A8;ATP1B4
KEGG_2021_Human,IL-17 signaling pathway,0.17793143248741794,0.2810800890018631,0,0,2.6739697443922794,4.616226422513127,TNF;MMP9
KEGG_2021_Human,Shigellosis,0.17694199296664884,0.2810800890018631,0,0,1.8562795777211503,3.214952458338777,U2AF1L5;PLCG2;NLRP3;TNF
GO_Biological_Process_2023,Axonogenesis (GO:0007409),0.1948157170305918,0.2832586044966923,0,0,2.00735640609456,3.2834352985759137,SHTN1;EFNA3;PALLD
Reactome_2022,Negative Regulation Of PI3K/AKT Network R-HSA-199418,0.07426687313371115,0.28415151459854704,0,0,3.1736059479553904,8.25166197631862,PDGFRB;FLT3;PIK3AP1
KEGG_2021_Human,Mannose type O-glycan biosynthesis,0.18134643504858614,0.2844138333855524,0,0,5.265067650676507,8.989292568501716,B3GAT1
GO_Biological_Process_2023,Regulation Of Toll-Like Receptor 4 Signaling Pathway (GO:0034143),0.19841593333166727,0.28471386765408674,0,0,4.738191881918819,7.663503117082199,LYN
GO_Biological_Process_2023,Positive Regulation Of Lamellipodium Assembly (GO:0010592),0.19841593333166727,0.28471386765408674,0,0,4.738191881918819,7.663503117082199,FSCN1
GO_Biological_Process_2023,Positive Regulation Of Synapse Assembly (GO:0051965),0.19841593333166727,0.28471386765408674,0,0,4.738191881918819,7.663503117082199,DLG5
GO_Biological_Process_2023,Protein Kinase B Signaling (GO:0043491),0.19841593333166727,0.28471386765408674,0,0,4.738191881918819,7.663503117082199,TNF
GO_Biological_Process_2023,Regulation Of Blood Circulation (GO:1903522),0.19841593333166727,0.28471386765408674,0,0,4.738191881918819,7.663503117082199,TNNT2
GO_Biological_Process_2023,Sensory Perception Of Bitter Taste (GO:0050913),0.19841593333166727,0.28471386765408674,0,0,4.738191881918819,7.663503117082199,TAS2R13
GO_Biological_Process_2023,Microtubule Polymerization Or Depolymerization (GO:0031109),0.19841593333166727,0.28471386765408674,0,0,4.738191881918819,7.663503117082199,TPPP3
GO_Biological_Process_2023,Negative Regulation Of Signaling Receptor Activity (GO:2000272),0.19841593333166727,0.28471386765408674,0,0,4.738191881918819,7.663503117082199,TNF
GO_Biological_Process_2023,Negative Regulation Of Response To Wounding (GO:1903035),0.19841593333166727,0.28471386765408674,0,0,4.738191881918819,7.663503117082199,SIGLEC10
GO_Biological_Process_2023,Negative Regulation Of Epithelial To Mesenchymal Transition (GO:0010719),0.19841593333166727,0.28471386765408674,0,0,4.738191881918819,7.663503117082199,SPRED2
GO_Biological_Process_2023,Negative Regulation Of Cell Junction Assembly (GO:1901889),0.19841593333166727,0.28471386765408674,0,0,4.738191881918819,7.663503117082199,TNF
GO_Biological_Process_2023,Detection Of Chemical Stimulus Involved In Sensory Perception Of Bitter Taste (GO:0001580),0.19841593333166727,0.28471386765408674,0,0,4.738191881918819,7.663503117082199,TAS2R13
GO_Biological_Process_2023,Regulation Of Extrinsic Apoptotic Signaling Pathway In Absence Of Ligand (GO:2001239),0.19841593333166727,0.28471386765408674,0,0,4.738191881918819,7.663503117082199,TNF
GO_Biological_Process_2023,Regulation Of Nitric-Oxide Synthase Activity (GO:0050999),0.19841593333166727,0.28471386765408674,0,0,4.738191881918819,7.663503117082199,TNF
GO_Biological_Process_2023,Regulation Of Platelet Aggregation (GO:0090330),0.19841593333166727,0.28471386765408674,0,0,4.738191881918819,7.663503117082199,LYN
KEGG_2021_Human,Non-alcoholic fatty liver disease,0.1842497216131145,0.28690313794042116,0,0,2.0658639081946015,3.4943328984606423,CEBPA;FASLG;TNF
GO_Biological_Process_2023,Platelet Dense Granule Organization (GO:0060155),0.20681723395524634,0.29167443380984526,0,0,4.512387981022667,7.111161580276469,F2R
GO_Biological_Process_2023,Negative Regulation Of Wound Healing (GO:0061045),0.20681723395524634,0.29167443380984526,0,0,4.512387981022667,7.111161580276469,TNF
GO_Biological_Process_2023,Positive Regulation Of Monooxygenase Activity (GO:0032770),0.20681723395524634,0.29167443380984526,0,0,4.512387981022667,7.111161580276469,TNF
GO_Biological_Process_2023,Negative Regulation Of Neurogenesis (GO:0050768),0.20681723395524634,0.29167443380984526,0,0,4.512387981022667,7.111161580276469,TNF
GO_Biological_Process_2023,Regulation Of Cell Size (GO:0008361),0.20681723395524634,0.29167443380984526,0,0,4.512387981022667,7.111161580276469,PLEK
GO_Biological_Process_2023,Positive Regulation Of Locomotion (GO:0040017),0.20681723395524634,0.29167443380984526,0,0,4.512387981022667,7.111161580276469,PDGFRB
GO_Biological_Process_2023,Epithelial Cell Differentiation (GO:0030855),0.20444022171706128,0.29167443380984526,0,0,2.433333333333333,3.8628671740620475,JAG1;DHRS9
GO_Biological_Process_2023,Cell Morphogenesis Involved In Differentiation (GO:0000904),0.20681723395524634,0.29167443380984526,0,0,4.512387981022667,7.111161580276469,MEF2C
GO_Biological_Process_2023,Muscle Cell Differentiation (GO:0042692),0.20681723395524634,0.29167443380984526,0,0,4.512387981022667,7.111161580276469,MEF2C
GO_Biological_Process_2023,Vasculogenesis (GO:0001570),0.20681723395524634,0.29167443380984526,0,0,4.512387981022667,7.111161580276469,PDGFRB
GO_Biological_Process_2023,Negative Regulation Of Macroautophagy (GO:0016242),0.20681723395524634,0.29167443380984526,0,0,4.512387981022667,7.111161580276469,LZTS1
GO_Biological_Process_2023,Regulation Of Plasma Membrane Bounded Cell Projection Organization (GO:0120035),0.20681723395524634,0.29167443380984526,0,0,4.512387981022667,7.111161580276469,ZNF365
GO_Biological_Process_2023,Cellular Response To Xenobiotic Stimulus (GO:0071466),0.20681723395524634,0.29167443380984526,0,0,4.512387981022667,7.111161580276469,MEF2C
GO_Biological_Process_2023,Respiratory System Development (GO:0060541),0.20681723395524634,0.29167443380984526,0,0,4.512387981022667,7.111161580276469,CEBPA
GO_Biological_Process_2023,Regulation Of Interleukin-4 Production (GO:0032673),0.20681723395524634,0.29167443380984526,0,0,4.512387981022667,7.111161580276469,NLRP3
GO_Biological_Process_2023,Positive Regulation Of Protein Targeting To Membrane (GO:0090314),0.20681723395524634,0.29167443380984526,0,0,4.512387981022667,7.111161580276469,ITGAM
GO_Biological_Process_2023,Regulation Of Bone Resorption (GO:0045124),0.20681723395524634,0.29167443380984526,0,0,4.512387981022667,7.111161580276469,TNFSF11
GO_Biological_Process_2023,"Regulation Of Nuclear-Transcribed mRNA Catabolic Process, Deadenylation-Dependent Decay (GO:1900151)",0.20681723395524634,0.29167443380984526,0,0,4.512387981022667,7.111161580276469,NANOS1
GO_Biological_Process_2023,Cell-Cell Signaling By Wnt (GO:0198738),0.20681723395524634,0.29167443380984526,0,0,4.512387981022667,7.111161580276469,PLCG2
GO_Biological_Process_2023,Negative Regulation Of Gene Expression (GO:0010629),0.2037096806400355,0.29167443380984526,0,0,1.6239086807020235,2.5837352245545584,NANOS1;MEF2C;GZMB;HDAC9;TNF
Reactome_2022,Keratan Sulfate Degradation R-HSA-2022857,0.08078218914639772,0.29214380732395884,0,0,13.54454401686874,34.0780560745995,PRELP
Reactome_2022,Cytochrome P450 - Arranged By Substrate Type R-HSA-211897,0.08065289733571569,0.29214380732395884,0,0,4.419982773471146,11.127751062581234,CYP21A2;CYP4F22
Reactome_2022,Signaling By NOTCH3 R-HSA-9012852,0.08065289733571569,0.29214380732395884,0,0,4.419982773471146,11.127751062581234,JAG2;JAG1
Reactome_2022,Synthesis Of PG R-HSA-1483148,0.08078218914639772,0.29214380732395884,0,0,13.54454401686874,34.0780560745995,PLD4
Reactome_2022,RUNX3 Regulates WNT Signaling R-HSA-8951430,0.08078218914639772,0.29214380732395884,0,0,13.54454401686874,34.0780560745995,CCND1
Reactome_2022,Prostanoid Ligand Receptors R-HSA-391908,0.08078218914639772,0.29214380732395884,0,0,13.54454401686874,34.0780560745995,PTGDR2
Reactome_2022,PI3K/AKT Activation R-HSA-198203,0.08078218914639772,0.29214380732395884,0,0,13.54454401686874,34.0780560745995,NTRK1
Reactome_2022,FGFRL1 Modulation Of FGFR1 Signaling R-HSA-5658623,0.08078218914639772,0.29214380732395884,0,0,13.54454401686874,34.0780560745995,SPRED2
GO_Biological_Process_2023,Positive Regulation Of Proteasomal Protein Catabolic Process (GO:1901800),0.2082641021388369,0.29346305301381564,0,0,2.4024378809188938,3.769300787980454,CEBPA;SH3RF2
KEGG_2021_Human,Proximal tubule bicarbonate reclamation,0.18992597770884306,0.29364441943636727,0,0,4.98776461448825,8.285279914418364,ATP1B4
GO_Biological_Process_2023,Heart Contraction (GO:0060047),0.21513080191882186,0.2975251747075962,0,0,4.307111707480711,6.617916138688621,TNNT2
GO_Biological_Process_2023,Negative Regulation Of Cation Channel Activity (GO:2001258),0.21513080191882186,0.2975251747075962,0,0,4.307111707480711,6.617916138688621,MMP9
GO_Biological_Process_2023,Positive Regulation Of Cell Cycle G2/M Phase Transition (GO:1902751),0.21513080191882186,0.2975251747075962,0,0,4.307111707480711,6.617916138688621,CCND1
GO_Biological_Process_2023,Lung Development (GO:0030324),0.21513080191882186,0.2975251747075962,0,0,4.307111707480711,6.617916138688621,CEBPA
GO_Biological_Process_2023,Ventricular Cardiac Muscle Tissue Morphogenesis (GO:0055010),0.21513080191882186,0.2975251747075962,0,0,4.307111707480711,6.617916138688621,TNNT2
GO_Biological_Process_2023,Lipid Droplet Organization (GO:0034389),0.21513080191882186,0.2975251747075962,0,0,4.307111707480711,6.617916138688621,PLA2G4C
GO_Biological_Process_2023,Type I Interferon-Mediated Signaling Pathway (GO:0060337),0.21513080191882186,0.2975251747075962,0,0,4.307111707480711,6.617916138688621,IFITM3
GO_Biological_Process_2023,Detection Of Chemical Stimulus Involved In Sensory Perception Of Taste (GO:0050912),0.21513080191882186,0.2975251747075962,0,0,4.307111707480711,6.617916138688621,TAS2R13
GO_Biological_Process_2023,Positive Regulation Of Cell Development (GO:0010720),0.21513080191882186,0.2975251747075962,0,0,4.307111707480711,6.617916138688621,CX3CR1
GO_Biological_Process_2023,Regulation Of Hippo Signaling (GO:0035330),0.21513080191882186,0.2975251747075962,0,0,4.307111707480711,6.617916138688621,DLG5
GO_Biological_Process_2023,Regulation Of Cell Differentiation (GO:0045595),0.21364782844476896,0.2975251747075962,0,0,1.912527132556573,2.9518446395546962,EDN3;TNF;FADS1
GO_Biological_Process_2023,Positive Regulation Of Supramolecular Fiber Organization (GO:1902905),0.21209540754801712,0.2975251747075962,0,0,2.372314814814815,3.6787938232390696,CDC42EP4;PLEK
GO_Biological_Process_2023,Cellular Response To Organonitrogen Compound (GO:0071417),0.21209540754801712,0.2975251747075962,0,0,2.372314814814815,3.6787938232390696,MEF2C;P2RY2
GO_Biological_Process_2023,Regulation Of Neuron Migration (GO:2001222),0.21513080191882186,0.2975251747075962,0,0,4.307111707480711,6.617916138688621,SHTN1
GO_Biological_Process_2023,Response To Nutrient Levels (GO:0031667),0.21513080191882186,0.2975251747075962,0,0,4.307111707480711,6.617916138688621,CD68
GO_Biological_Process_2023,Blood Vessel Diameter Maintenance (GO:0097746),0.21513080191882186,0.2975251747075962,0,0,4.307111707480711,6.617916138688621,EDN3
GO_Biological_Process_2023,"Regulation Of DNA Damage Response, Signal Transduction By P53 Class Mediator (GO:0043516)",0.21513080191882186,0.2975251747075962,0,0,4.307111707480711,6.617916138688621,SPRED2
GO_Biological_Process_2023,Positive Regulation Of Cellular Response To Transforming Growth Factor Beta Stimulus (GO:1903846),0.21513080191882186,0.2975251747075962,0,0,4.307111707480711,6.617916138688621,ZEB2
GO_Biological_Process_2023,Positive Regulation Of Transforming Growth Factor Beta Receptor Signaling Pathway (GO:0030511),0.21513080191882186,0.2975251747075962,0,0,4.307111707480711,6.617916138688621,ZEB2
GO_Biological_Process_2023,Regulation Of Actin Filament Bundle Assembly (GO:0032231),0.21513080191882186,0.2975251747075962,0,0,4.307111707480711,6.617916138688621,PLEK
GO_Biological_Process_2023,Regulation Of Cell Migration Involved In Sprouting Angiogenesis (GO:0090049),0.21513080191882186,0.2975251747075962,0,0,4.307111707480711,6.617916138688621,HDAC9
GO_Biological_Process_2023,Protein N-linked Glycosylation Via Asparagine (GO:0018279),0.21513080191882186,0.2975251747075962,0,0,4.307111707480711,6.617916138688621,TUSC3
GO_Biological_Process_2023,Positive Regulation Of Cellular Component Biogenesis (GO:0044089),0.21593356566940436,0.2983842290957371,0,0,2.342935528120713,3.5912152267451978,PLEK;TNF
KEGG_2021_Human,Cellular senescence,0.1948157170305918,0.2990832838920353,0,0,2.00735640609456,3.2834352985759137,CCND1;GADD45B;GADD45G
Reactome_2022,Inositol Phosphate Metabolism R-HSA-1483249,0.08375642192478384,0.3008393930359583,0,0,4.31936026936027,10.711332872971697,PLCG2;PLD4
KEGG_2021_Human,Hepatitis B,0.19748052640292935,0.30105422906180834,0,0,1.9932409597837106,3.233266657439495,FASLG;TNF;MMP9
GO_Biological_Process_2023,Dendritic Spine Organization (GO:0097061),0.2233575500762758,0.30530487086133207,0,0,4.119685544681534,6.175332120538985,ZNF365
GO_Biological_Process_2023,Regulation Of B Cell Activation (GO:0050864),0.2233575500762758,0.30530487086133207,0,0,4.119685544681534,6.175332120538985,SLAMF8
GO_Biological_Process_2023,Regulation Of Developmental Growth (GO:0048638),0.2233575500762758,0.30530487086133207,0,0,4.119685544681534,6.175332120538985,LATS2
GO_Biological_Process_2023,Regulation Of Blood Coagulation (GO:0030193),0.2233575500762758,0.30530487086133207,0,0,4.119685544681534,6.175332120538985,F2R
GO_Biological_Process_2023,Positive Regulation Of DNA Binding (GO:0043388),0.2233575500762758,0.30530487086133207,0,0,4.119685544681534,6.175332120538985,MMP9
GO_Biological_Process_2023,Cellular Response To Type I Interferon (GO:0071357),0.2233575500762758,0.30530487086133207,0,0,4.119685544681534,6.175332120538985,IFITM3
GO_Biological_Process_2023,Negative Regulation Of Antigen Receptor-Mediated Signaling Pathway (GO:0050858),0.2233575500762758,0.30530487086133207,0,0,4.119685544681534,6.175332120538985,CD300A
GO_Biological_Process_2023,Positive Regulation Of Interleukin-2 Production (GO:0032743),0.2233575500762758,0.30530487086133207,0,0,4.119685544681534,6.175332120538985,PLCG2
GO_Biological_Process_2023,Regulation Of Interferon-Alpha Production (GO:0032647),0.2233575500762758,0.30530487086133207,0,0,4.119685544681534,6.175332120538985,LILRA4
GO_Biological_Process_2023,Skeletal Muscle Tissue Development (GO:0007519),0.2233575500762758,0.30530487086133207,0,0,4.119685544681534,6.175332120538985,MEF2C
GO_Biological_Process_2023,Regulation Of Transmembrane Receptor Protein Serine/Threonine Kinase Signaling Pathway (GO:0090092),0.2233575500762758,0.30530487086133207,0,0,4.119685544681534,6.175332120538985,LATS2
GO_Biological_Process_2023,Phospholipid Biosynthetic Process (GO:0008654),0.2233575500762758,0.30530487086133207,0,0,4.119685544681534,6.175332120538985,FADS1
GO_Biological_Process_2023,Positive Regulation Of Phosphate Metabolic Process (GO:0045937),0.2233575500762758,0.30530487086133207,0,0,4.119685544681534,6.175332120538985,CD244
GO_Biological_Process_2023,Negative Regulation Of Canonical Wnt Signaling Pathway (GO:0090090),0.2236282063659259,0.3054207340475613,0,0,2.286300758589915,3.4243535996989882,LATS2;SOX13
Reactome_2022,Miscellaneous Substrates R-HSA-211958,0.09041156696485453,0.3060083804964307,0,0,11.851014760147601,28.482528196781885,CYP4F22
Reactome_2022,Urea Cycle R-HSA-70635,0.09041156696485453,0.3060083804964307,0,0,11.851014760147601,28.482528196781885,CYP21A2
Reactome_2022,Cyclin D Associated Events In G1 R-HSA-69231,0.08689587601413397,0.3060083804964307,0,0,4.22320987654321,10.317490524970514,LYN;CCND1
Reactome_2022,Signaling By PDGF R-HSA-186797,0.08689587601413397,0.3060083804964307,0,0,4.22320987654321,10.317490524970514,PDGFRB;PDGFD
Reactome_2022,Organic Cation/Anion/Zwitterion Transport R-HSA-549132,0.09041156696485453,0.3060083804964307,0,0,11.851014760147601,28.482528196781885,SLC22A15
Reactome_2022,CS/DS Degradation R-HSA-2024101,0.09041156696485453,0.3060083804964307,0,0,11.851014760147601,28.482528196781885,HYAL3
Reactome_2022,Activation Of Arylsulfatases R-HSA-1663150,0.09041156696485453,0.3060083804964307,0,0,11.851014760147601,28.482528196781885,ARSD
Reactome_2022,Hyaluronan Uptake And Degradation R-HSA-2160916,0.09041156696485453,0.3060083804964307,0,0,11.851014760147601,28.482528196781885,HYAL3
Reactome_2022,Organic Cation Transport R-HSA-549127,0.09041156696485453,0.3060083804964307,0,0,11.851014760147601,28.482528196781885,SLC22A15
KEGG_2021_Human,NOD-like receptor signaling pathway,0.20283653186457246,0.3070719718505333,0,0,1.9655941545955646,3.135820238601283,NLRP3;DEFA1;TNF
GO_Biological_Process_2023,MAPK Cascade (GO:0000165),0.22748359923457165,0.3104282006166123,0,0,2.258994708994709,3.344841812489138,MEF2C;TNF
GO_Biological_Process_2023,Positive Regulation Of Mononuclear Cell Migration (GO:0071677),0.2314983817304818,0.3135629358476353,0,0,3.947878228782288,5.776465925295446,TNF
GO_Biological_Process_2023,Mitotic G1 DNA Damage Checkpoint Signaling (GO:0031571),0.2314983817304818,0.3135629358476353,0,0,3.947878228782288,5.776465925295446,CCND1
GO_Biological_Process_2023,Negative Regulation Of Cell-Matrix Adhesion (GO:0001953),0.2314983817304818,0.3135629358476353,0,0,3.947878228782288,5.776465925295446,JAG1
GO_Biological_Process_2023,Positive Regulation Of Release Of Cytochrome C From Mitochondria (GO:0090200),0.2314983817304818,0.3135629358476353,0,0,3.947878228782288,5.776465925295446,MMP9
GO_Biological_Process_2023,Negative Regulation Of Macromolecule Biosynthetic Process (GO:0010558),0.23134366510239385,0.3135629358476353,0,0,2.232331154684096,3.2678000732724177,NANOS1;GZMB
GO_Biological_Process_2023,Regulation Of Protein Transport (GO:0051223),0.2314983817304818,0.3135629358476353,0,0,3.947878228782288,5.776465925295446,TNF
GO_Biological_Process_2023,Muscle Tissue Development (GO:0060537),0.2314983817304818,0.3135629358476353,0,0,3.947878228782288,5.776465925295446,MEF2C
GO_Biological_Process_2023,Chaperone Cofactor-Dependent Protein Refolding (GO:0051085),0.2314983817304818,0.3135629358476353,0,0,3.947878228782288,5.776465925295446,HSPA2
GO_Biological_Process_2023,Secretory Granule Organization (GO:0033363),0.2314983817304818,0.3135629358476353,0,0,3.947878228782288,5.776465925295446,F2R
Reactome_2022,Glycerophospholipid Biosynthesis R-HSA-1483206,0.09399357122159331,0.31610576818472147,0,0,2.8551301115241636,6.7510376342945175,PLA2G4F;PLA2G4C;PLD4
KEGG_2021_Human,Aldosterone synthesis and secretion,0.21209540754801712,0.3166904030511488,0,0,2.372314814814815,3.6787938232390696,CYP21A2;ATP1B4
KEGG_2021_Human,GnRH signaling pathway,0.21209540754801712,0.3166904030511488,0,0,2.372314814814815,3.6787938232390696,PLA2G4F;PLA2G4C
KEGG_2021_Human,Tyrosine metabolism,0.21513080191882186,0.3180643061887172,0,0,4.307111707480711,6.617916138688621,TPO
KEGG_2021_Human,TGF-beta signaling pathway,0.21593356566940436,0.3180643061887172,0,0,2.342935528120713,3.5912152267451978,ID1;TNF
Reactome_2022,Signaling By NTRK1 (TRKA) R-HSA-187037,0.09607418333519684,0.32105803038597425,0,0,2.826751076594648,6.622044998748518,NTRK1;MEF2C;ID1
GO_Biological_Process_2023,Plasma Membrane Invagination (GO:0099024),0.23955419088263666,0.3212959474450384,0,0,3.7898154981549816,5.415553954922169,ITGAM
GO_Biological_Process_2023,Positive Regulation Of Ion Transmembrane Transporter Activity (GO:0032414),0.23955419088263666,0.3212959474450384,0,0,3.7898154981549816,5.415553954922169,ADRB2
GO_Biological_Process_2023,Liver Development (GO:0001889),0.23955419088263666,0.3212959474450384,0,0,3.7898154981549816,5.415553954922169,CEBPA
GO_Biological_Process_2023,Response To Interferon-Beta (GO:0035456),0.23955419088263666,0.3212959474450384,0,0,3.7898154981549816,5.415553954922169,IFITM3
GO_Biological_Process_2023,Presynaptic Endocytosis (GO:0140238),0.23955419088263666,0.3212959474450384,0,0,3.7898154981549816,5.415553954922169,NLGN4Y
GO_Biological_Process_2023,Epithelial Tube Morphogenesis (GO:0060562),0.23955419088263666,0.3212959474450384,0,0,3.7898154981549816,5.415553954922169,MEF2C
GO_Biological_Process_2023,Cellular Response To Osmotic Stress (GO:0071470),0.23955419088263666,0.3212959474450384,0,0,3.7898154981549816,5.415553954922169,NLRP3
GO_Biological_Process_2023,Aortic Valve Morphogenesis (GO:0003180),0.23955419088263666,0.3212959474450384,0,0,3.7898154981549816,5.415553954922169,JAG1
GO_Biological_Process_2023,Regulation Of Neurotransmitter Receptor Activity (GO:0099601),0.23955419088263666,0.3212959474450384,0,0,3.7898154981549816,5.415553954922169,MEF2C
GO_Biological_Process_2023,Prostaglandin Metabolic Process (GO:0006693),0.23955419088263666,0.3212959474450384,0,0,3.7898154981549816,5.415553954922169,GSTM1
GO_Biological_Process_2023,Regulation Of Ossification (GO:0030278),0.23955419088263666,0.3212959474450384,0,0,3.7898154981549816,5.415553954922169,MEF2C
GO_Biological_Process_2023,Negative Regulation Of Transmembrane Receptor Protein Serine/Threonine Kinase Signaling Pathway (GO:0090101),0.23907575223465796,0.3212959474450384,0,0,2.1808429118773947,3.1207312983174313,SPRED2;CRIM1
Reactome_2022,P2Y Receptors R-HSA-417957,0.09994043888530117,0.3237334462051473,0,0,10.533825338253383,24.261305129050502,P2RY2
Reactome_2022,RUNX3 Regulates p14-ARF R-HSA-8951936,0.09994043888530117,0.3237334462051473,0,0,10.533825338253383,24.261305129050502,CCND1
Reactome_2022,Fatty Acids R-HSA-211935,0.09994043888530117,0.3237334462051473,0,0,10.533825338253383,24.261305129050502,CYP4F22
Reactome_2022,Eicosanoids R-HSA-211979,0.09994043888530117,0.3237334462051473,0,0,10.533825338253383,24.261305129050502,CYP4F22
Reactome_2022,STAT5 Activation Downstream Of FLT3 ITD Mutants R-HSA-9702518,0.09994043888530117,0.3237334462051473,0,0,10.533825338253383,24.261305129050502,FLT3
GO_Biological_Process_2023,Regulation Of Nucleic Acid-Templated Transcription (GO:1903506),0.2415858397875859,0.32375655364682193,0,0,1.4525627044711014,2.063409515616212,CEBPA;MEF2C;SETBP1;SOX13;ATP1B4;FADS1
GO_Biological_Process_2023,Positive Regulation Of Nucleic Acid-Templated Transcription (GO:1903508),0.24429759067972207,0.32712383169257,0,0,1.3998335183129855,1.9728807940775148,CIITA;MEF2C;TBX21;F2R;SCX;HIVEP3;TNF
GO_Biological_Process_2023,Negative Regulation Of Peptidyl-Tyrosine Phosphorylation (GO:0050732),0.24752586227426607,0.32850160881794765,0,0,3.643911439114391,5.087775667122275,CD300A
GO_Biological_Process_2023,Negative Regulation Of Endothelial Cell Proliferation (GO:0001937),0.24752586227426607,0.32850160881794765,0,0,3.643911439114391,5.087775667122275,MEF2C
GO_Biological_Process_2023,Negative Regulation Of Fat Cell Differentiation (GO:0045599),0.24752586227426607,0.32850160881794765,0,0,3.643911439114391,5.087775667122275,TNF
GO_Biological_Process_2023,Keratinocyte Differentiation (GO:0030216),0.24752586227426607,0.32850160881794765,0,0,3.643911439114391,5.087775667122275,JAG1
GO_Biological_Process_2023,Heart Looping (GO:0001947),0.24752586227426607,0.32850160881794765,0,0,3.643911439114391,5.087775667122275,MEF2C
GO_Biological_Process_2023,Response To Peptide (GO:1901652),0.24752586227426607,0.32850160881794765,0,0,3.643911439114391,5.087775667122275,MMP9
GO_Biological_Process_2023,Digestive Tract Development (GO:0048565),0.24752586227426607,0.32850160881794765,0,0,3.643911439114391,5.087775667122275,TNF
GO_Biological_Process_2023,Regulation Of Protein Targeting To Membrane (GO:0090313),0.24752586227426607,0.32850160881794765,0,0,3.643911439114391,5.087775667122275,ITGAM
GO_Biological_Process_2023,Carboxylic Acid Metabolic Process (GO:0019752),0.24752586227426607,0.32850160881794765,0,0,3.643911439114391,5.087775667122275,CYP4F22
GO_Biological_Process_2023,Neutral Amino Acid Transport (GO:0015804),0.24752586227426607,0.32850160881794765,0,0,3.643911439114391,5.087775667122275,SLC7A8
GO_Biological_Process_2023,Positive Regulation Of Epidermal Growth Factor Receptor Signaling Pathway (GO:0045742),0.24752586227426607,0.32850160881794765,0,0,3.643911439114391,5.087775667122275,MMP9
KEGG_2021_Human,Axon guidance,0.22457974907280034,0.32857976709980186,0,0,1.862234856767986,2.781293206715225,EFNA3;PLCG2;PLXNA2
Reactome_2022,MyD88:MAL(TIRAP) Cascade Initiated On Plasma Membrane R-HSA-166058,0.10242752868519402,0.32976667771818563,0,0,2.744888475836431,6.2545022433758115,MEF2C;MAP3K8;TLR6
Reactome_2022,Signaling By B Cell Receptor (BCR) R-HSA-983705,0.10675372374078244,0.33124957378860215,0,0,2.692887704285614,6.024611163955866,LYN;PLCG2;PIK3AP1
Reactome_2022,RAF/MAP Kinase Cascade R-HSA-5673001,0.10444081645311497,0.33124957378860215,0,0,2.05580847216841,4.644348292509583,PDGFRB;SPRED2;DUSP2;FLT3;NCAM1
Reactome_2022,Alpha-Linolenic (Omega3) And Linoleic (Omega6) Acid Metabolism R-HSA-2046104,0.1093698498902953,0.33124957378860215,0,0,9.480073800738007,20.979593132305844,FADS2
Reactome_2022,Dimerization Of Procaspase-8 R-HSA-69416,0.1093698498902953,0.33124957378860215,0,0,9.480073800738007,20.979593132305844,FASLG
Reactome_2022,CASP8 Activity Is Inhibited R-HSA-5218900,0.1093698498902953,0.33124957378860215,0,0,9.480073800738007,20.979593132305844,FASLG
Reactome_2022,Acyl Chain Remodelling Of PG R-HSA-1482925,0.1093698498902953,0.33124957378860215,0,0,9.480073800738007,20.979593132305844,PLA2G4F
Reactome_2022,Erythropoietin Activates Phosphoinositide-3-kinase (PI3K) R-HSA-9027276,0.1093698498902953,0.33124957378860215,0,0,9.480073800738007,20.979593132305844,LYN
Reactome_2022,Frs2-mediated Activation R-HSA-170968,0.1093698498902953,0.33124957378860215,0,0,9.480073800738007,20.979593132305844,NTRK1
Reactome_2022,NOTCH2 Intracellular Domain Regulates Transcription R-HSA-2197563,0.1093698498902953,0.33124957378860215,0,0,9.480073800738007,20.979593132305844,GZMB
Reactome_2022,NOTCH4 Activation And Transmission Of Signal To Nucleus R-HSA-9013700,0.1093698498902953,0.33124957378860215,0,0,9.480073800738007,20.979593132305844,JAG1
Reactome_2022,Regulated Necrosis R-HSA-5218859,0.10978915797917684,0.33124957378860215,0,0,3.653703703703704,8.071738466356638,GZMB;FASLG
Reactome_2022,Nuclear Events (Kinase And Transcription Factor Activation) R-HSA-198725,0.11659460338873111,0.33160867974151337,0,0,3.5181069958847737,7.560595893340899,MEF2C;ID1
Reactome_2022,Hyaluronan Metabolism R-HSA-2142845,0.11870083422565536,0.33160867974151337,0,0,8.617913451861792,18.36605719873042,HYAL3
Reactome_2022,Metabolism Of Amine-Derived Hormones R-HSA-209776,0.11870083422565536,0.33160867974151337,0,0,8.617913451861792,18.36605719873042,TPO
Reactome_2022,Regulation Of TLR By Endogenous Ligand R-HSA-5686938,0.11870083422565536,0.33160867974151337,0,0,8.617913451861792,18.36605719873042,TLR6
Reactome_2022,Regulation Of Gene Expression In Beta Cells R-HSA-210745,0.11870083422565536,0.33160867974151337,0,0,8.617913451861792,18.36605719873042,MAFA
Reactome_2022,PECAM1 Interactions R-HSA-210990,0.11870083422565536,0.33160867974151337,0,0,8.617913451861792,18.36605719873042,LYN
Reactome_2022,Platelet Adhesion To Exposed Collagen R-HSA-75892,0.11870083422565536,0.33160867974151337,0,0,8.617913451861792,18.36605719873042,LYN
Reactome_2022,MAPK1/MAPK3 Signaling R-HSA-5684996,0.11145740577202931,0.33160867974151337,0,0,2.0120419096382687,4.414646851897455,PDGFRB;SPRED2;DUSP2;FLT3;NCAM1
Reactome_2022,FCGR3A-mediated Phagocytosis R-HSA-9664422,0.11317847902824062,0.33160867974151337,0,0,3.5846261355695317,7.810144874674398,FGR;LYN
Reactome_2022,Metabolism Of Carbohydrates R-HSA-71387,0.11432658115857113,0.33160867974151337,0,0,1.9950480309654772,4.326653041976267,B3GAT1;HYAL3;UST;PRELP;CHST13
Reactome_2022,Erythropoietin Activates RAS R-HSA-9027284,0.11870083422565536,0.33160867974151337,0,0,8.617913451861792,18.36605719873042,LYN
Reactome_2022,Retrograde Neurotrophin Signaling R-HSA-177504,0.11870083422565536,0.33160867974151337,0,0,8.617913451861792,18.36605719873042,NTRK1
Reactome_2022,Elevation Of Cytosolic Ca2+ Levels R-HSA-139853,0.11870083422565536,0.33160867974151337,0,0,8.617913451861792,18.36605719873042,P2RX1
Reactome_2022,TCR Signaling R-HSA-202403,0.11561527110696404,0.33160867974151337,0,0,2.594558972625887,5.597727846945523,PLCG2;HLA-DQA1;HLA-DQB2
GO_Biological_Process_2023,Calcium Ion Transport (GO:0006816),0.2506962993802434,0.3321725966788225,0,0,2.107901234567901,2.916308834674636,NMUR1;MCOLN2
GO_Biological_Process_2023,Neuron Projection Guidance (GO:0097485),0.2506962993802434,0.3321725966788225,0,0,2.107901234567901,2.916308834674636,EFNA3;PALLD
GO_Biological_Process_2023,Heterophilic Cell-Cell Adhesion Via Plasma Membrane Cell Adhesion Molecules (GO:0007157),0.25541427141718676,0.334645652263507,0,0,3.5088150881508815,4.78907103966915,CADM1
GO_Biological_Process_2023,Negative Regulation Of Endocytosis (GO:0045806),0.25541427141718676,0.334645652263507,0,0,3.5088150881508815,4.78907103966915,LILRB1
GO_Biological_Process_2023,Regulation Of Protein Localization To Cell Surface (GO:2000008),0.25541427141718676,0.334645652263507,0,0,3.5088150881508815,4.78907103966915,TNF
GO_Biological_Process_2023,Positive Regulation Of Carbohydrate Metabolic Process (GO:0045913),0.25541427141718676,0.334645652263507,0,0,3.5088150881508815,4.78907103966915,CD244
GO_Biological_Process_2023,Negative Regulation Of Interleukin-6 Production (GO:0032715),0.25541427141718676,0.334645652263507,0,0,3.5088150881508815,4.78907103966915,TNF
GO_Biological_Process_2023,Positive Regulation Of Lamellipodium Organization (GO:1902745),0.25541427141718676,0.334645652263507,0,0,3.5088150881508815,4.78907103966915,FSCN1
GO_Biological_Process_2023,Positive Regulation Of Nitrogen Compound Metabolic Process (GO:0051173),0.25541427141718676,0.334645652263507,0,0,3.5088150881508815,4.78907103966915,TNF
GO_Biological_Process_2023,Regulation Of Cell Adhesion Mediated By Integrin (GO:0033628),0.25541427141718676,0.334645652263507,0,0,3.5088150881508815,4.78907103966915,LYN
GO_Biological_Process_2023,Regulation Of DNA Biosynthetic Process (GO:2000278),0.25541427141718676,0.334645652263507,0,0,3.5088150881508815,4.78907103966915,PDGFRB
GO_Biological_Process_2023,Response To Lipid (GO:0033993),0.2545738695487032,0.334645652263507,0,0,2.0846560846560847,2.8521518899584133,F2R;PLCG2
GO_Biological_Process_2023,Actin Filament Bundle Organization (GO:0061572),0.25541427141718676,0.334645652263507,0,0,3.5088150881508815,4.78907103966915,FSCN1
GO_Biological_Process_2023,Regulation Of Protein Autophosphorylation (GO:0031952),0.25541427141718676,0.334645652263507,0,0,3.5088150881508815,4.78907103966915,PDGFD
GO_Biological_Process_2023,Regulation Of Peptide Hormone Secretion (GO:0090276),0.25541427141718676,0.334645652263507,0,0,3.5088150881508815,4.78907103966915,TNF
GO_Biological_Process_2023,Negative Regulation Of Carbohydrate Metabolic Process (GO:0045912),0.25541427141718676,0.334645652263507,0,0,3.5088150881508815,4.78907103966915,PLEK
Reactome_2022,Signal Regulatory Protein Family Interactions R-HSA-391160,0.12793441544184056,0.3360665241457304,0,0,7.899446494464945,16.243138314449098,SKAP2
Reactome_2022,TNFR1-induced Proapoptotic Signaling R-HSA-5357786,0.12793441544184056,0.3360665241457304,0,0,7.899446494464945,16.243138314449098,TNF
Reactome_2022,Eicosanoid Ligand-Binding Receptors R-HSA-391903,0.12793441544184056,0.3360665241457304,0,0,7.899446494464945,16.243138314449098,PTGDR2
Reactome_2022,Signaling By NTRKs R-HSA-166520,0.12706496076112625,0.3360665241457304,0,0,2.4812671731048974,5.118995166792997,NTRK1;MEF2C;ID1
Reactome_2022,Phospholipid Metabolism R-HSA-1483257,0.12286886853307429,0.3360665241457304,0,0,2.1522894004553503,4.512570886941382,PLA2G4F;PLA2G4C;PLD4;GDPD5
Reactome_2022,Peptide Hormone Metabolism R-HSA-2980736,0.1269946012463211,0.3360665241457304,0,0,3.3325536062378167,6.877093291148719,ACE;GZMH
Reactome_2022,Diseases Of Metabolism R-HSA-5668914,0.12646640054270802,0.3360665241457304,0,0,2.1280747102476445,4.400387375807809,SPON2;CYP21A2;PRELP;CYP4F22
Reactome_2022,Prolonged ERK Activation Events R-HSA-169893,0.12793441544184056,0.3360665241457304,0,0,7.899446494464945,16.243138314449098,NTRK1
Reactome_2022,Canonical Retinoid Cycle In Rods (Twilight Vision) R-HSA-2453902,0.12793441544184056,0.3360665241457304,0,0,7.899446494464945,16.243138314449098,DHRS9
Reactome_2022,RUNX3 Regulates NOTCH Signaling R-HSA-8941856,0.12793441544184056,0.3360665241457304,0,0,7.899446494464945,16.243138314449098,JAG1
Reactome_2022,Biosynthesis Of DHA-derived SPMs R-HSA-9018677,0.12793441544184056,0.3360665241457304,0,0,7.899446494464945,16.243138314449098,GSTM4
Reactome_2022,SEMA3A-Plexin Repulsion Signaling By Inhibiting Integrin Adhesion R-HSA-399955,0.12793441544184056,0.3360665241457304,0,0,7.899446494464945,16.243138314449098,PLXNA2
GO_Biological_Process_2023,Regulation Of Canonical Wnt Signaling Pathway (GO:0060828),0.25796263293460076,0.33744634228626513,0,0,1.7259885096316323,2.3386118000581053,ZEB2;LATS2;SOX13
GO_Biological_Process_2023,Endocytosis (GO:0006897),0.25796263293460076,0.33744634228626513,0,0,1.7259885096316323,2.3386118000581053,ITGAM;PLD4;ADRB2
GO_Biological_Process_2023,Synapse Organization (GO:0050808),0.26233232216530994,0.33919288466788455,0,0,2.0396654719235365,2.729364428000789,CX3CR1;F2R
GO_Biological_Process_2023,Regulation Of Response To Biotic Stimulus (GO:0002831),0.26322028481530907,0.33919288466788455,0,0,3.383368476541908,4.515998483629219,FGR
GO_Biological_Process_2023,Circulatory System Development (GO:0072359),0.26233232216530994,0.33919288466788455,0,0,2.0396654719235365,2.729364428000789,MEF2C;HDAC9
GO_Biological_Process_2023,Aortic Valve Development (GO:0003176),0.26322028481530907,0.33919288466788455,0,0,3.383368476541908,4.515998483629219,JAG1
GO_Biological_Process_2023,Actin Filament Bundle Assembly (GO:0051017),0.26322028481530907,0.33919288466788455,0,0,3.383368476541908,4.515998483629219,FSCN1
GO_Biological_Process_2023,'De Novo' Post-Translational Protein Folding (GO:0051084),0.26322028481530907,0.33919288466788455,0,0,3.383368476541908,4.515998483629219,HSPA2
GO_Biological_Process_2023,Regulation Of Protein Polymerization (GO:0032271),0.26322028481530907,0.33919288466788455,0,0,3.383368476541908,4.515998483629219,TPPP3
GO_Biological_Process_2023,Integrated Stress Response Signaling (GO:0140467),0.26322028481530907,0.33919288466788455,0,0,3.383368476541908,4.515998483629219,CEBPA
GO_Biological_Process_2023,Determination Of Heart Left/Right Asymmetry (GO:0061371),0.26322028481530907,0.33919288466788455,0,0,3.383368476541908,4.515998483629219,MEF2C
GO_Biological_Process_2023,Positive Regulation Of Interleukin-12 Production (GO:0032735),0.26322028481530907,0.33919288466788455,0,0,3.383368476541908,4.515998483629219,PLCG2
GO_Biological_Process_2023,Positive Regulation Of Substrate Adhesion-Dependent Cell Spreading (GO:1900026),0.26322028481530907,0.33919288466788455,0,0,3.383368476541908,4.515998483629219,DOCK5
GO_Biological_Process_2023,Positive Regulation Of Immune Effector Process (GO:0002699),0.26322028481530907,0.33919288466788455,0,0,3.383368476541908,4.515998483629219,LILRB1
GO_Biological_Process_2023,"Phagocytosis, Engulfment (GO:0006911)",0.26322028481530907,0.33919288466788455,0,0,3.383368476541908,4.515998483629219,ITGAM
GO_Biological_Process_2023,Negative Regulation Of Smooth Muscle Cell Proliferation (GO:0048662),0.26322028481530907,0.33919288466788455,0,0,3.383368476541908,4.515998483629219,MEF2C
GO_Biological_Process_2023,Intracellular pH Reduction (GO:0051452),0.26322028481530907,0.33919288466788455,0,0,3.383368476541908,4.515998483629219,SLAMF8
GO_Biological_Process_2023,Positive Regulation Of Cellular Component Organization (GO:0051130),0.26233232216530994,0.33919288466788455,0,0,2.0396654719235365,2.729364428000789,CD151;TNF
GO_Biological_Process_2023,Positive Regulation Of Cytokinesis (GO:0032467),0.26322028481530907,0.33919288466788455,0,0,3.383368476541908,4.515998483629219,TAS2R13
GO_Biological_Process_2023,Positive Regulation Of T Cell Mediated Cytotoxicity (GO:0001916),0.26322028481530907,0.33919288466788455,0,0,3.383368476541908,4.515998483629219,XCL1
GO_Biological_Process_2023,Positive Regulation Of B Cell Proliferation (GO:0030890),0.26322028481530907,0.33919288466788455,0,0,3.383368476541908,4.515998483629219,MEF2C
KEGG_2021_Human,Serotonergic synapse,0.23520788549796295,0.3401644012481152,0,0,2.206287683031869,3.1931282535454133,PLA2G4F;PLA2G4C
KEGG_2021_Human,Viral carcinogenesis,0.23561846141497889,0.3401644012481152,0,0,1.8145052447138494,2.6229425808128637,LYN;CCND1;HDAC9
GO_Biological_Process_2023,Positive Regulation Of Immunoglobulin Production (GO:0002639),0.27094475992014083,0.3450870081773577,0,0,3.266573355388726,4.265623185294603,XCL1
GO_Biological_Process_2023,Positive Regulation Of Peptide Hormone Secretion (GO:0090277),0.27094475992014083,0.3450870081773577,0,0,3.266573355388726,4.265623185294603,TNFSF11
GO_Biological_Process_2023,Positive Regulation Of Myoblast Differentiation (GO:0045663),0.27094475992014083,0.3450870081773577,0,0,3.266573355388726,4.265623185294603,MEF2C
GO_Biological_Process_2023,Regulation Of Activated T Cell Proliferation (GO:0046006),0.27094475992014083,0.3450870081773577,0,0,3.266573355388726,4.265623185294603,TNFSF9
GO_Biological_Process_2023,Regulation Of DNA Recombination (GO:0000018),0.27094475992014083,0.3450870081773577,0,0,3.266573355388726,4.265623185294603,ZNF365
GO_Biological_Process_2023,Regulation Of Metaphase/Anaphase Transition Of Cell Cycle (GO:1902099),0.27094475992014083,0.3450870081773577,0,0,3.266573355388726,4.265623185294603,HECW2
GO_Biological_Process_2023,Semaphorin-Plexin Signaling Pathway (GO:0071526),0.27094475992014083,0.3450870081773577,0,0,3.266573355388726,4.265623185294603,PLXNA2
GO_Biological_Process_2023,Platelet Aggregation (GO:0070527),0.27094475992014083,0.3450870081773577,0,0,3.266573355388726,4.265623185294603,PLEK
GO_Biological_Process_2023,Negative Regulation Of Secretion By Cell (GO:1903531),0.27094475992014083,0.3450870081773577,0,0,3.266573355388726,4.265623185294603,LILRB1
GO_Biological_Process_2023,Negative Regulation Of Protein Secretion (GO:0050709),0.27094475992014083,0.3450870081773577,0,0,3.266573355388726,4.265623185294603,F2R
GO_Biological_Process_2023,Dendrite Morphogenesis (GO:0048813),0.27094475992014083,0.3450870081773577,0,0,3.266573355388726,4.265623185294603,ZNF365
GO_Biological_Process_2023,Connective Tissue Development (GO:0061448),0.27094475992014083,0.3450870081773577,0,0,3.266573355388726,4.265623185294603,SCX
GO_Biological_Process_2023,Regulation Of Lamellipodium Assembly (GO:0010591),0.27094475992014083,0.3450870081773577,0,0,3.266573355388726,4.265623185294603,FSCN1
GO_Biological_Process_2023,Protein Maturation (GO:0051604),0.270092238480179,0.3450870081773577,0,0,1.996569200779727,2.6134926207565075,NLRP3;GZMB
GO_Biological_Process_2023,Actin Filament Polymerization (GO:0030041),0.27094475992014083,0.3450870081773577,0,0,3.266573355388726,4.265623185294603,GAS7
Reactome_2022,Nucleotide-like (Purinergic) Receptors R-HSA-418038,0.13707160646252536,0.3462861636948009,0,0,7.291512915129151,14.49007227316986,P2RY2
Reactome_2022,Circadian Clock R-HSA-400253,0.13404537413691284,0.3462861636948009,0,0,3.2193345888261145,6.469500498362095,MEF2C;NLRP3
Reactome_2022,MyD88 Deficiency (TLR2/4) R-HSA-5602498,0.13707160646252536,0.3462861636948009,0,0,7.291512915129151,14.49007227316986,TLR6
Reactome_2022,Nitric Oxide Stimulates Guanylate Cyclase R-HSA-392154,0.13707160646252536,0.3462861636948009,0,0,7.291512915129151,14.49007227316986,NANOS1
Reactome_2022,Common Pathway Of Fibrin Clot Formation R-HSA-140875,0.13707160646252536,0.3462861636948009,0,0,7.291512915129151,14.49007227316986,F2R
Reactome_2022,RA Biosynthesis Pathway R-HSA-5365859,0.13707160646252536,0.3462861636948009,0,0,7.291512915129151,14.49007227316986,DHRS9
Reactome_2022,MAP Kinase Activation R-HSA-450294,0.13404537413691284,0.3462861636948009,0,0,3.2193345888261145,6.469500498362095,MEF2C;MAP3K8
Reactome_2022,Acyl Chain Remodelling Of PS R-HSA-1482801,0.13707160646252536,0.3462861636948009,0,0,7.291512915129151,14.49007227316986,PLA2G4F
GO_Biological_Process_2023,Regulation Of Cytoskeleton Organization (GO:0051493),0.2739716723185644,0.3484020569809608,0,0,1.9756944444444444,2.5579919816308485,PDGFRB;FSCN1
GO_Biological_Process_2023,Skeletal System Development (GO:0001501),0.2739716723185644,0.3484020569809608,0,0,1.9756944444444444,2.5579919816308485,PRELP;CMKLR1
KEGG_2021_Human,Glutamatergic synapse,0.24294676723250813,0.34843681089925505,0,0,2.155976430976431,3.050518917163291,PLA2G4F;PLA2G4C
GO_Biological_Process_2023,Positive Regulation Of Actin Filament Polymerization (GO:0030838),0.27858854539003186,0.35020732982082814,0,0,3.1575645756457567,4.035428574063091,CDC42EP4
GO_Biological_Process_2023,Embryonic Heart Tube Morphogenesis (GO:0003143),0.27858854539003186,0.35020732982082814,0,0,3.1575645756457567,4.035428574063091,MEF2C
GO_Biological_Process_2023,Positive Regulation Of Signaling Receptor Activity (GO:2000273),0.27858854539003186,0.35020732982082814,0,0,3.1575645756457567,4.035428574063091,ADRB2
GO_Biological_Process_2023,Regulation Of G2/M Transition Of Mitotic Cell Cycle (GO:0010389),0.27858854539003186,0.35020732982082814,0,0,3.1575645756457567,4.035428574063091,CCND1
GO_Biological_Process_2023,Positive Regulation Of Cell Division (GO:0051781),0.27858854539003186,0.35020732982082814,0,0,3.1575645756457567,4.035428574063091,TAS2R13
GO_Biological_Process_2023,Organophosphate Biosynthetic Process (GO:0090407),0.27858854539003186,0.35020732982082814,0,0,3.1575645756457567,4.035428574063091,FADS1
GO_Biological_Process_2023,Positive Regulation Of Bone Mineralization (GO:0030501),0.27858854539003186,0.35020732982082814,0,0,3.1575645756457567,4.035428574063091,MEF2C
GO_Biological_Process_2023,Phosphatidylinositol 3-Kinase Signaling (GO:0014065),0.27858854539003186,0.35020732982082814,0,0,3.1575645756457567,4.035428574063091,FCGR3A
GO_Biological_Process_2023,Collagen Fibril Organization (GO:0030199),0.27858854539003186,0.35020732982082814,0,0,3.1575645756457567,4.035428574063091,SCX
GO_Biological_Process_2023,Regulation Of Cellular Senescence (GO:2000772),0.27858854539003186,0.35020732982082814,0,0,3.1575645756457567,4.035428574063091,NUAK1
GO_Biological_Process_2023,Interferon-Mediated Signaling Pathway (GO:0140888),0.27858854539003186,0.35020732982082814,0,0,3.1575645756457567,4.035428574063091,IFITM3
GO_Biological_Process_2023,Negative Regulation Of JNK Cascade (GO:0046329),0.27858854539003186,0.35020732982082814,0,0,3.1575645756457567,4.035428574063091,SH3RF2
GO_Biological_Process_2023,Negative Regulation Of BMP Signaling Pathway (GO:0030514),0.27858854539003186,0.35020732982082814,0,0,3.1575645756457567,4.035428574063091,CRIM1
GO_Biological_Process_2023,Regulation Of Proteasomal Ubiquitin-Dependent Protein Catabolic Process (GO:0032434),0.27785020196228066,0.35020732982082814,0,0,1.955250095456281,2.504036303441732,CEBPA;SH3RF2
GO_Biological_Process_2023,Regulation Of DNA-templated Transcription (GO:0006355),0.2762218718902416,0.35020732982082814,0,0,1.1814862277667983,1.5200421136048514,KLF10;ZNF683;CEBPA;CIITA;MEF2C;TSHZ3;F2R;SOX13;SCX;ATP1B4;HDAC9;TNF;ZEB2;SETBP1;TBX21;ID1;XCL1;HIVEP3;FADS1
Reactome_2022,Sema3A PAK Dependent Axon Repulsion R-HSA-399954,0.1461134098085362,0.3506721835404869,0,0,6.770426989984186,13.022050914519731,PLXNA2
Reactome_2022,Regulation Of KIT Signaling R-HSA-1433559,0.1461134098085362,0.3506721835404869,0,0,6.770426989984186,13.022050914519731,LYN
Reactome_2022,Initial Triggering Of Complement R-HSA-166663,0.1461134098085362,0.3506721835404869,0,0,6.770426989984186,13.022050914519731,C4B
Reactome_2022,IRAK4 Deficiency (TLR2/4) R-HSA-5603041,0.1461134098085362,0.3506721835404869,0,0,6.770426989984186,13.022050914519731,TLR6
Reactome_2022,EPHA-mediated Growth Cone Collapse R-HSA-3928663,0.1461134098085362,0.3506721835404869,0,0,6.770426989984186,13.022050914519731,LYN
Reactome_2022,Signaling By FLT3 ITD And TKD Mutants R-HSA-9703648,0.1461134098085362,0.3506721835404869,0,0,6.770426989984186,13.022050914519731,FLT3
Reactome_2022,Chondroitin Sulfate Biosynthesis R-HSA-2022870,0.1461134098085362,0.3506721835404869,0,0,6.770426989984186,13.022050914519731,CHST13
Reactome_2022,Biosynthesis Of Specialized Proresolving Mediators (SPMs) R-HSA-9018678,0.1461134098085362,0.3506721835404869,0,0,6.770426989984186,13.022050914519731,GSTM4
Reactome_2022,Negative Regulation Of FLT3 R-HSA-9706369,0.1461134098085362,0.3506721835404869,0,0,6.770426989984186,13.022050914519731,FLT3
Reactome_2022,CRMPs In Sema3A Signaling R-HSA-399956,0.1461134098085362,0.3506721835404869,0,0,6.770426989984186,13.022050914519731,PLXNA2
Reactome_2022,RHO GTPase Cycle R-HSA-9012999,0.14326152908624892,0.3506721835404869,0,0,1.6498672257162823,3.205829691662223,DOCK5;JAG1;GFOD1;CDC42EP4;DLG5;EFHD2;STOM
GO_Biological_Process_2023,Negative Regulation Of Translation (GO:0017148),0.2817274222566885,0.35361203572783745,0,0,1.935222978080121,2.451570006391966,NANOS1;GZMB
GO_Biological_Process_2023,Glycerophospholipid Biosynthetic Process (GO:0046474),0.2817274222566885,0.35361203572783745,0,0,1.935222978080121,2.451570006391966,PLA2G4C;PLCG2
Reactome_2022,Extra-nuclear Estrogen Signaling R-HSA-9009391,0.14839809648233782,0.3545438685188885,0,0,3.0144620811287477,5.751161905274621,CCND1;MMP9
GO_Biological_Process_2023,Positive Regulation Of Establishment Of Protein Localization To Mitochondrion (GO:1903749),0.28615248094870405,0.3564431586040339,0,0,3.0555886204023333,3.82324555527859,GZMB
GO_Biological_Process_2023,Visual System Development (GO:0150063),0.28615248094870405,0.3564431586040339,0,0,3.0555886204023333,3.82324555527859,ITGAM
GO_Biological_Process_2023,Synaptic Vesicle Endocytosis (GO:0048488),0.28615248094870405,0.3564431586040339,0,0,3.0555886204023333,3.82324555527859,NLGN4Y
GO_Biological_Process_2023,Amino Acid Transport (GO:0006865),0.28615248094870405,0.3564431586040339,0,0,3.0555886204023333,3.82324555527859,SLC7A8
GO_Biological_Process_2023,Carboxylic Acid Transmembrane Transport (GO:1905039),0.28615248094870405,0.3564431586040339,0,0,3.0555886204023333,3.82324555527859,SLC7A8
GO_Biological_Process_2023,NIK/NF-kappaB Signaling (GO:0038061),0.28615248094870405,0.3564431586040339,0,0,3.0555886204023333,3.82324555527859,TLR6
GO_Biological_Process_2023,Apoptotic Mitochondrial Changes (GO:0008637),0.28615248094870405,0.3564431586040339,0,0,3.0555886204023333,3.82324555527859,SFN
GO_Biological_Process_2023,Microtubule Polymerization (GO:0046785),0.28615248094870405,0.3564431586040339,0,0,3.0555886204023333,3.82324555527859,TPPP3
GO_Biological_Process_2023,Sensory Perception (GO:0007600),0.28615248094870405,0.3564431586040339,0,0,3.0555886204023333,3.82324555527859,PROK2
GO_Biological_Process_2023,Regulation Of Neurotransmitter Secretion (GO:0046928),0.28615248094870405,0.3564431586040339,0,0,3.0555886204023333,3.82324555527859,MEF2C
Reactome_2022,SLC-mediated Transmembrane Transport R-HSA-425407,0.15088769014330325,0.3588680198002888,0,0,1.9829757462686568,3.75024238507238,SLC22A15;SLC7A8;SLCO4C1;NLRP3
Reactome_2022,Interleukin-17 Signaling R-HSA-448424,0.1520338542857616,0.359088209147449,0,0,2.9672453703703705,5.589257846623601,MEF2C;MAP3K8
Reactome_2022,Platelet Sensitization By LDL R-HSA-432142,0.15506081758639842,0.359088209147449,0,0,6.318819188191882,11.777886362726862,FGR
Reactome_2022,NLRP3 Inflammasome R-HSA-844456,0.15506081758639842,0.359088209147449,0,0,6.318819188191882,11.777886362726862,NLRP3
Reactome_2022,MAP3K8 (TPL2)-dependent MAPK1/3 Activation R-HSA-5684264,0.15506081758639842,0.359088209147449,0,0,6.318819188191882,11.777886362726862,MAP3K8
Reactome_2022,FOXO-mediated Transcription Of Cell Death Genes R-HSA-9614657,0.15506081758639842,0.359088209147449,0,0,6.318819188191882,11.777886362726862,FASLG
Reactome_2022,Caspase Activation Via Death Receptors In Presence Of Ligand R-HSA-140534,0.15506081758639842,0.359088209147449,0,0,6.318819188191882,11.777886362726862,FASLG
Reactome_2022,Signaling By Hedgehog R-HSA-5358351,0.1560639940178064,0.35983313904542263,0,0,2.245762959927407,4.171480304107664,EVC2;ADCY10;DHH
Reactome_2022,Signaling By Rho GTPases R-HSA-194315,0.15709548123763148,0.36063658301508444,0,0,1.5060630073315442,2.7875742759598428,DOCK5;CENPU;JAG1;GFOD1;CDC42EP4;DLG5;EFHD2;STOM;CENPM
GO_Biological_Process_2023,Regulation Of Protein Serine/Threonine Kinase Activity (GO:0071900),0.2933473030896137,0.3608423668530713,0,0,1.8775210854418776,2.302588173880235,CCND1;ADRB2
GO_Biological_Process_2023,Defense Response To Gram-negative Bacterium (GO:0050829),0.29363739773740494,0.3608423668530713,0,0,2.9599861623616235,3.627195500261375,DEFA1
GO_Biological_Process_2023,Stem Cell Differentiation (GO:0048863),0.29363739773740494,0.3608423668530713,0,0,2.9599861623616235,3.627195500261375,MEF2C
GO_Biological_Process_2023,Membrane Assembly (GO:0071709),0.29363739773740494,0.3608423668530713,0,0,2.9599861623616235,3.627195500261375,NLGN4Y
GO_Biological_Process_2023,Interstrand Cross-Link Repair (GO:0036297),0.29363739773740494,0.3608423668530713,0,0,2.9599861623616235,3.627195500261375,FSCN1
GO_Biological_Process_2023,Cilium Movement (GO:0003341),0.29363739773740494,0.3608423668530713,0,0,2.9599861623616235,3.627195500261375,RSPH6A
GO_Biological_Process_2023,Positive Regulation Of Biomineral Tissue Development (GO:0070169),0.29363739773740494,0.3608423668530713,0,0,2.9599861623616235,3.627195500261375,MEF2C
GO_Biological_Process_2023,Positive Regulation Of Ossification (GO:0045778),0.29363739773740494,0.3608423668530713,0,0,2.9599861623616235,3.627195500261375,MEF2C
GO_Biological_Process_2023,Positive Regulation Of Protein Tyrosine Kinase Activity (GO:0061098),0.29363739773740494,0.3608423668530713,0,0,2.9599861623616235,3.627195500261375,ACE
GO_Biological_Process_2023,Import Into Cell (GO:0098657),0.29363739773740494,0.3608423668530713,0,0,2.9599861623616235,3.627195500261375,SLC7A8
GO_Biological_Process_2023,Mitotic Cell Cycle Phase Transition (GO:0044772),0.2933473030896137,0.3608423668530713,0,0,1.8775210854418776,2.302588173880235,LATS2;CCND1
GO_Biological_Process_2023,Positive Regulation Of Telomerase Activity (GO:0051973),0.29363739773740494,0.3608423668530713,0,0,2.9599861623616235,3.627195500261375,PARM1
GO_Biological_Process_2023,L-alpha-amino Acid Transmembrane Transport (GO:1902475),0.29363739773740494,0.3608423668530713,0,0,2.9599861623616235,3.627195500261375,SLC7A8
GO_Biological_Process_2023,Regulation Of Erythrocyte Differentiation (GO:0045646),0.29363739773740494,0.3608423668530713,0,0,2.9599861623616235,3.627195500261375,LYN
GO_Biological_Process_2023,Amino Acid Catabolic Process (GO:0009063),0.29363739773740494,0.3608423668530713,0,0,2.9599861623616235,3.627195500261375,HDC
GO_Biological_Process_2023,Regulation Of Filopodium Assembly (GO:0051489),0.29363739773740494,0.3608423668530713,0,0,2.9599861623616235,3.627195500261375,FSCN1
GO_Biological_Process_2023,Cellular Response To Retinoic Acid (GO:0071300),0.29363739773740494,0.3608423668530713,0,0,2.9599861623616235,3.627195500261375,LYN
GO_Biological_Process_2023,Regulation Of Primary Metabolic Process (GO:0080090),0.29363739773740494,0.3608423668530713,0,0,2.9599861623616235,3.627195500261375,PLCG2
Reactome_2022,MET Activates PTK2 Signaling R-HSA-8874081,0.16391481159364787,0.36364294336742053,0,0,5.923662361623617,10.71240093711516,LAMB3
Reactome_2022,Surfactant Metabolism R-HSA-5683826,0.16391481159364787,0.36364294336742053,0,0,5.923662361623617,10.71240093711516,P2RY2
Reactome_2022,Nicotinamide Salvaging R-HSA-197264,0.16391481159364787,0.36364294336742053,0,0,5.923662361623617,10.71240093711516,NAPRT
Reactome_2022,Metalloprotease DUBs R-HSA-5689901,0.16391481159364787,0.36364294336742053,0,0,5.923662361623617,10.71240093711516,NLRP3
Reactome_2022,Other Semaphorin Interactions R-HSA-416700,0.16391481159364787,0.36364294336742053,0,0,5.923662361623617,10.71240093711516,PLXNA2
Reactome_2022,MAPK Family Signaling Cascades R-HSA-5683057,0.16305227128563524,0.36364294336742053,0,0,1.7638368705784435,3.1990434989471717,PDGFRB;SPRED2;DUSP2;FLT3;NCAM1
Reactome_2022,Regulation Of RUNX1 Expression And Activity R-HSA-8934593,0.16391481159364787,0.36364294336742053,0,0,5.923662361623617,10.71240093711516,CCND1
Reactome_2022,Aberrant Regulation Of Mitotic G1/S Transition In Cancer Due To RB1 Defects R-HSA-9659787,0.16391481159364787,0.36364294336742053,0,0,5.923662361623617,10.71240093711516,CCND1
GO_Biological_Process_2023,Cell Chemotaxis (GO:0060326),0.30104411817674964,0.3669254348400591,0,0,2.870177792687018,3.445643999835488,PDGFRB
GO_Biological_Process_2023,Epidermal Cell Differentiation (GO:0009913),0.30104411817674964,0.3669254348400591,0,0,2.870177792687018,3.445643999835488,JAG1
GO_Biological_Process_2023,Positive Regulation Of Production Of Molecular Mediator Of Immune Response (GO:0002702),0.30104411817674964,0.3669254348400591,0,0,2.870177792687018,3.445643999835488,XCL1
GO_Biological_Process_2023,Positive Regulation Of ATP-dependent Activity (GO:0032781),0.30104411817674964,0.3669254348400591,0,0,2.870177792687018,3.445643999835488,TNNT2
GO_Biological_Process_2023,Regulation Of Axon Extension (GO:0030516),0.30104411817674964,0.3669254348400591,0,0,2.870177792687018,3.445643999835488,SHTN1
GO_Biological_Process_2023,Negative Regulation Of Cell-Substrate Adhesion (GO:0010812),0.30104411817674964,0.3669254348400591,0,0,2.870177792687018,3.445643999835488,JAG1
GO_Biological_Process_2023,Negative Regulation Of Stress-Activated MAPK Cascade (GO:0032873),0.30104411817674964,0.3669254348400591,0,0,2.870177792687018,3.445643999835488,SH3RF2
GO_Biological_Process_2023,Regulation Of T Cell Receptor Signaling Pathway (GO:0050856),0.30104411817674964,0.3669254348400591,0,0,2.870177792687018,3.445643999835488,CD300A
GO_Biological_Process_2023,Regulation Of Chemokine Production (GO:0032642),0.30104411817674964,0.3669254348400591,0,0,2.870177792687018,3.445643999835488,TNF
GO_Biological_Process_2023,Positive Regulation Of Wound Healing (GO:0090303),0.30104411817674964,0.3669254348400591,0,0,2.870177792687018,3.445643999835488,F2R
GO_Biological_Process_2023,Negative Regulation Of Transport (GO:0051051),0.30104411817674964,0.3669254348400591,0,0,2.870177792687018,3.445643999835488,LILRB1
Reactome_2022,Signal Transduction By L1 R-HSA-445144,0.1726763635602281,0.37062243886097745,0,0,5.574994573475147,9.791564602187963,NCAM1
Reactome_2022,Azathioprine ADME R-HSA-9748787,0.1726763635602281,0.37062243886097745,0,0,5.574994573475147,9.791564602187963,GSTM1
Reactome_2022,GAG Synthesis Requires Tetrasaccharide Linker Sequence R-HSA-1971475,0.1726763635602281,0.37062243886097745,0,0,5.574994573475147,9.791564602187963,B3GAT1
Reactome_2022,Regulation Of Signaling By CBL R-HSA-912631,0.1726763635602281,0.37062243886097745,0,0,5.574994573475147,9.791564602187963,LYN
Reactome_2022,Cytosolic Sulfonation Of Small Molecules R-HSA-156584,0.1726763635602281,0.37062243886097745,0,0,5.574994573475147,9.791564602187963,SULT2B1
Reactome_2022,Synthesis Of Leukotrienes (LT) And Eoxins (EX) R-HSA-2142691,0.1726763635602281,0.37062243886097745,0,0,5.574994573475147,9.791564602187963,CYP4F22
Reactome_2022,Signaling To RAS R-HSA-167044,0.1726763635602281,0.37062243886097745,0,0,5.574994573475147,9.791564602187963,NTRK1
Reactome_2022,CD209 (DC-SIGN) Signaling R-HSA-5621575,0.1726763635602281,0.37062243886097745,0,0,5.574994573475147,9.791564602187963,LYN
GO_Biological_Process_2023,Positive Regulation Of Macromolecule Biosynthetic Process (GO:0010557),0.30494161885291826,0.3708505401742004,0,0,1.8231481481481482,2.1652344311334892,PDGFRB;CIITA
GO_Biological_Process_2023,Plasma Membrane Bounded Cell Projection Organization (GO:0120036),0.30494161885291826,0.3708505401742004,0,0,1.8231481481481482,2.1652344311334892,LYN;PLEK
GO_Biological_Process_2023,Regulation Of Protein Kinase Activity (GO:0045859),0.30494161885291826,0.3708505401742004,0,0,1.8231481481481482,2.1652344311334892,FGR;SFN
KEGG_2021_Human,Kaposi sarcoma-associated herpesvirus infection,0.2607766936209976,0.3715641778390685,0,0,1.7155238052582076,2.3058197944902545,LYN;CCND1;PLCG2
Reactome_2022,Oncogenic MAPK Signaling R-HSA-6802957,0.1741889396435859,0.37235530417738205,0,0,2.712275132275132,4.740011915657022,SPRED2;FAM131B
GO_Biological_Process_2023,Amino Acid Transmembrane Transport (GO:0003333),0.3083734563266098,0.3728164744257689,0,0,2.7856522682873885,3.2771630892097887,SLC7A8
GO_Biological_Process_2023,Regulation Of Protein Tyrosine Kinase Activity (GO:0061097),0.3083734563266098,0.3728164744257689,0,0,2.7856522682873885,3.2771630892097887,ACE
GO_Biological_Process_2023,Secondary Alcohol Metabolic Process (GO:1902652),0.3083734563266098,0.3728164744257689,0,0,2.7856522682873885,3.2771630892097887,SULT2B1
GO_Biological_Process_2023,Regulation Of Axonogenesis (GO:0050770),0.3083734563266098,0.3728164744257689,0,0,2.7856522682873885,3.2771630892097887,PLXNA2
GO_Biological_Process_2023,Regulation Of Cell-Cell Adhesion (GO:0022407),0.3083734563266098,0.3728164744257689,0,0,2.7856522682873885,3.2771630892097887,JAG1
GO_Biological_Process_2023,Positive Regulation Of miRNA Transcription (GO:1902895),0.3083734563266098,0.3728164744257689,0,0,2.7856522682873885,3.2771630892097887,TNF
GO_Biological_Process_2023,Endothelial Cell Migration (GO:0043542),0.3083734563266098,0.3728164744257689,0,0,2.7856522682873885,3.2771630892097887,ID1
GO_Biological_Process_2023,Substantia Nigra Development (GO:0021762),0.3083734563266098,0.3728164744257689,0,0,2.7856522682873885,3.2771630892097887,SYNGR3
Reactome_2022,Developmental Biology R-HSA-1266738,0.17599293897944424,0.37318984651062875,0,0,1.404027848114216,2.439233592320422,LYN;CEBPA;SHTN1;EFNA3;MEF2C;DHH;PLXNA2;NCAM1;MAFA;MMP9;TNF
Reactome_2022,"Signaling By Rho GTPases, Miro GTPases And RHOBTB3 R-HSA-9716542",0.17534773752239383,0.37318984651062875,0,0,1.4640791289083501,2.548938638471446,DOCK5;CENPU;JAG1;GFOD1;CDC42EP4;DLG5;EFHD2;STOM;CENPM
Reactome_2022,Deregulated CDK5 Triggers Neurodegenerative Pathways In Alzheimers Disease Models R-HSA-8862803,0.18134643504858614,0.377678708020583,0,0,5.265067650676507,8.989292568501716,FASLG
Reactome_2022,Signaling By Hippo R-HSA-2028269,0.18134643504858614,0.377678708020583,0,0,5.265067650676507,8.989292568501716,LATS2
Reactome_2022,Signaling By KIT In Disease R-HSA-9669938,0.18134643504858614,0.377678708020583,0,0,5.265067650676507,8.989292568501716,LYN
Reactome_2022,Phase I - Functionalization Of Compounds R-HSA-211945,0.18168634817656834,0.377678708020583,0,0,2.6367283950617284,4.4968702469798005,CYP21A2;CYP4F22
Reactome_2022,Endogenous Sterols R-HSA-211976,0.18134643504858614,0.377678708020583,0,0,5.265067650676507,8.989292568501716,CYP21A2
GO_Biological_Process_2023,Negative Regulation Of Wnt Signaling Pathway (GO:0030178),0.3126521864592699,0.37771142820042675,0,0,1.7886093640810623,2.079551595482885,LATS2;SOX13
GO_Biological_Process_2023,Positive Regulation Of Cell Cycle G1/S Phase Transition (GO:1902808),0.3156262175634201,0.37907447036308417,0,0,2.705956773853453,3.120500209081693,PLCG2
GO_Biological_Process_2023,Positive Regulation Of Osteoblast Differentiation (GO:0045669),0.3156262175634201,0.37907447036308417,0,0,2.705956773853453,3.120500209081693,MEF2C
GO_Biological_Process_2023,Negative Regulation Of Protein Localization (GO:1903828),0.3156262175634201,0.37907447036308417,0,0,2.705956773853453,3.120500209081693,LATS2
GO_Biological_Process_2023,Negative Regulation Of Cell-Cell Adhesion (GO:0022408),0.3156262175634201,0.37907447036308417,0,0,2.705956773853453,3.120500209081693,JAG1
GO_Biological_Process_2023,Intracellular Steroid Hormone Receptor Signaling Pathway (GO:0030518),0.3156262175634201,0.37907447036308417,0,0,2.705956773853453,3.120500209081693,DEFA1
GO_Biological_Process_2023,Regulation Of Peptidyl-Threonine Phosphorylation (GO:0010799),0.3156262175634201,0.37907447036308417,0,0,2.705956773853453,3.120500209081693,SPRED2
GO_Biological_Process_2023,Nucleic Acid-Templated Transcription (GO:0097659),0.3156262175634201,0.37907447036308417,0,0,2.705956773853453,3.120500209081693,SCX
GO_Biological_Process_2023,Positive Regulation Of Blood Vessel Endothelial Cell Migration (GO:0043536),0.3156262175634201,0.37907447036308417,0,0,2.705956773853453,3.120500209081693,HDAC9
GO_Biological_Process_2023,Organonitrogen Compound Biosynthetic Process (GO:1901566),0.3165007555527145,0.3798471449036595,0,0,1.7718241606092073,2.038359049284984,GSTM1;PLA2G4C
KEGG_2021_Human,Retinol metabolism,0.27858854539003186,0.38196416915111286,0,0,3.1575645756457567,4.035428574063091,DHRS9
KEGG_2021_Human,HIF-1 signaling pathway,0.2739716723185644,0.38196416915111286,0,0,1.9756944444444444,2.5579919816308485,LDHC;PLCG2
KEGG_2021_Human,T cell receptor signaling pathway,0.27785020196228066,0.38196416915111286,0,0,1.955250095456281,2.504036303441732,MAP3K8;TNF
KEGG_2021_Human,Propanoate metabolism,0.27858854539003186,0.38196416915111286,0,0,3.1575645756457567,4.035428574063091,LDHC
KEGG_2021_Human,Th17 cell differentiation,0.27785020196228066,0.38196416915111286,0,0,1.955250095456281,2.504036303441732,TBX21;HLA-DQA1
KEGG_2021_Human,Nicotinate and nicotinamide metabolism,0.27094475992014083,0.38196416915111286,0,0,3.266573355388726,4.265623185294603,NAPRT
GO_Biological_Process_2023,Negative Regulation Of Cell Motility (GO:2000146),0.3203444115303048,0.38417946579875245,0,0,1.755349794238683,1.9982174920403655,JAG1;DLG5
GO_Biological_Process_2023,Ceramide Biosynthetic Process (GO:0046513),0.3228031991118988,0.3857204771933453,0,0,2.630688806888069,2.974552539007555,CYP4F22
GO_Biological_Process_2023,Learning (GO:0007612),0.3228031991118988,0.3857204771933453,0,0,2.630688806888069,2.974552539007555,NLGN4Y
GO_Biological_Process_2023,Lysosome Localization (GO:0032418),0.3228031991118988,0.3857204771933453,0,0,2.630688806888069,2.974552539007555,FCER1A
GO_Biological_Process_2023,Blood Vessel Morphogenesis (GO:0048514),0.3228031991118988,0.3857204771933453,0,0,2.630688806888069,2.974552539007555,ID1
GO_Biological_Process_2023,Positive Regulation Of Response To Biotic Stimulus (GO:0002833),0.3228031991118988,0.3857204771933453,0,0,2.630688806888069,2.974552539007555,SH2D1B
GO_Biological_Process_2023,Transmembrane Receptor Protein Serine/Threonine Kinase Signaling Pathway (GO:0007178),0.3241828359090891,0.3870874995629603,0,0,1.7391777098199117,1.9590925815321194,ID1;SCX
Reactome_2022,Stimuli-sensing Channels R-HSA-2672351,0.18923079163754894,0.39172232902448884,0,0,2.5652652652652654,4.270622545961651,STOM;MCOLN2
Reactome_2022,Adherens Junctions Interactions R-HSA-418990,0.18992597770884306,0.39172232902448884,0,0,4.98776461448825,8.285279914418364,CADM1
GO_Biological_Process_2023,Synaptic Vesicle Recycling (GO:0036465),0.32990518983182127,0.39277842528527707,0,0,2.5594893786775708,2.8383456680134023,NLGN4Y
GO_Biological_Process_2023,Cellular Response To Glucose Starvation (GO:0042149),0.32990518983182127,0.39277842528527707,0,0,2.5594893786775708,2.8383456680134023,NUAK1
GO_Biological_Process_2023,Protein Deacetylation (GO:0006476),0.32990518983182127,0.39277842528527707,0,0,2.5594893786775708,2.8383456680134023,HDAC9
GO_Biological_Process_2023,Positive Regulation Of T Cell Mediated Immunity (GO:0002711),0.32990518983182127,0.39277842528527707,0,0,2.5594893786775708,2.8383456680134023,XCL1
Reactome_2022,ERK/MAPK Targets R-HSA-198753,0.20681723395524634,0.397089089194073,0,0,4.512387981022667,7.111161580276469,MEF2C
Reactome_2022,Defective Intrinsic Pathway For Apoptosis R-HSA-9734009,0.20681723395524634,0.397089089194073,0,0,4.512387981022667,7.111161580276469,FASLG
Reactome_2022,CD28 Dependent PI3K/Akt Signaling R-HSA-389357,0.20681723395524634,0.397089089194073,0,0,4.512387981022667,7.111161580276469,MAP3K8
Reactome_2022,Myogenesis R-HSA-525793,0.20681723395524634,0.397089089194073,0,0,4.512387981022667,7.111161580276469,MEF2C
Reactome_2022,Laminin Interactions R-HSA-3000157,0.20681723395524634,0.397089089194073,0,0,4.512387981022667,7.111161580276469,LAMB3
Reactome_2022,Striated Muscle Contraction R-HSA-390522,0.20681723395524634,0.397089089194073,0,0,4.512387981022667,7.111161580276469,TNNT2
Reactome_2022,Metabolism Of Steroid Hormones R-HSA-196071,0.20681723395524634,0.397089089194073,0,0,4.512387981022667,7.111161580276469,CYP21A2
Reactome_2022,Miscellaneous Transport And Binding Events R-HSA-5223345,0.19841593333166727,0.397089089194073,0,0,4.738191881918819,7.663503117082199,TUSC3
Reactome_2022,Muscle Contraction R-HSA-397014,0.20015420635324657,0.397089089194073,0,0,1.97932156133829,3.184069629957896,NANOS1;TNNT2;FGF11
Reactome_2022,RAF-independent MAPK1/3 Activation R-HSA-112409,0.20681723395524634,0.397089089194073,0,0,4.512387981022667,7.111161580276469,DUSP2
Reactome_2022,Estrogen-dependent Nuclear Events Downstream Of ESR-membrane Signaling R-HSA-9634638,0.20681723395524634,0.397089089194073,0,0,4.512387981022667,7.111161580276469,CCND1
Reactome_2022,Metabolism Of Lipids R-HSA-556833,0.2031918371413103,0.397089089194073,0,0,1.4075858629932056,2.243135497076568,GSTM4;FADS2;PLA2G4F;CYP21A2;PLA2G4C;PLD4;GDPD5;ARSD;CYP4F22
Reactome_2022,CTLA4 Inhibitory Signaling R-HSA-389513,0.19841593333166727,0.397089089194073,0,0,4.738191881918819,7.663503117082199,LYN
Reactome_2022,Defective B3GALTL Causes PpS R-HSA-5083635,0.20681723395524634,0.397089089194073,0,0,4.512387981022667,7.111161580276469,SPON2
Reactome_2022,Transcriptional Regulation Of White Adipocyte Differentiation R-HSA-381340,0.1968170810315485,0.397089089194073,0,0,2.4975633528265107,4.059740538200853,CEBPA;TNF
Reactome_2022,Paracetamol ADME R-HSA-9753281,0.19841593333166727,0.397089089194073,0,0,4.738191881918819,7.663503117082199,GSTM1
Reactome_2022,Growth Hormone Receptor Signaling R-HSA-982772,0.19841593333166727,0.397089089194073,0,0,4.738191881918819,7.663503117082199,LYN
Reactome_2022,Inflammasomes R-HSA-622312,0.19841593333166727,0.397089089194073,0,0,4.738191881918819,7.663503117082199,NLRP3
Reactome_2022,TRP Channels R-HSA-3295583,0.19841593333166727,0.397089089194073,0,0,4.738191881918819,7.663503117082199,MCOLN2
GO_Biological_Process_2023,Regulation Of Release Of Cytochrome C From Mitochondria (GO:0090199),0.33693297039329634,0.3982596189612848,0,0,2.4920372887939406,2.711015768561221,MMP9
GO_Biological_Process_2023,Positive Regulation Of Innate Immune Response (GO:0045089),0.33693297039329634,0.3982596189612848,0,0,2.4920372887939406,2.711015768561221,SH2D1B
GO_Biological_Process_2023,Negative Regulation Of Hydrolase Activity (GO:0051346),0.33693297039329634,0.3982596189612848,0,0,2.4920372887939406,2.711015768561221,KLRK1
GO_Biological_Process_2023,Regulation Of Epidermal Growth Factor Receptor Signaling Pathway (GO:0042058),0.33693297039329634,0.3982596189612848,0,0,2.4920372887939406,2.711015768561221,MMP9
GO_Biological_Process_2023,Purine Ribonucleotide Biosynthetic Process (GO:0009152),0.33693297039329634,0.3982596189612848,0,0,2.4920372887939406,2.711015768561221,ADCY10
GO_Biological_Process_2023,Establishment Or Maintenance Of Epithelial Cell Apical/Basal Polarity (GO:0045197),0.33693297039329634,0.3982596189612848,0,0,2.4920372887939406,2.711015768561221,DLG5
GO_Biological_Process_2023,Steroid Biosynthetic Process (GO:0006694),0.33693297039329634,0.3982596189612848,0,0,2.4920372887939406,2.711015768561221,CYP21A2
GO_Biological_Process_2023,Response To Unfolded Protein (GO:0006986),0.33693297039329634,0.3982596189612848,0,0,2.4920372887939406,2.711015768561221,HSPA2
GO_Biological_Process_2023,Epithelial To Mesenchymal Transition (GO:0001837),0.33693297039329634,0.3982596189612848,0,0,2.4920372887939406,2.711015768561221,DLG5
GO_Biological_Process_2023,Regulation Of Cell-Substrate Adhesion (GO:0010810),0.33693297039329634,0.3982596189612848,0,0,2.4920372887939406,2.711015768561221,FBLN2
Reactome_2022,Basigin Interactions R-HSA-210991,0.21513080191882186,0.3985581172390805,0,0,4.307111707480711,6.617916138688621,SLC7A8
Reactome_2022,Class C/3 (Metabotropic Glutamate/Pheromone Receptors) R-HSA-420499,0.21513080191882186,0.3985581172390805,0,0,4.307111707480711,6.617916138688621,TAS2R13
Reactome_2022,Pyroptosis R-HSA-5620971,0.21513080191882186,0.3985581172390805,0,0,4.307111707480711,6.617916138688621,GZMB
Reactome_2022,O-glycosylation Of TSR Domain-Containing Proteins R-HSA-5173214,0.21513080191882186,0.3985581172390805,0,0,4.307111707480711,6.617916138688621,SPON2
Reactome_2022,Hedgehog On State R-HSA-5632684,0.21209540754801712,0.3985581172390805,0,0,2.372314814814815,3.6787938232390696,EVC2;DHH
Reactome_2022,"Platelet Activation, Signaling And Aggregation R-HSA-76002",0.2087201242946305,0.3985581172390805,0,0,1.728697421981004,2.7084557752804734,LYN;F2R;PLEK;PLCG2
Reactome_2022,"BMAL1:CLOCK,NPAS2 Activates Circadian Gene Expression R-HSA-1368108",0.21513080191882186,0.3985581172390805,0,0,4.307111707480711,6.617916138688621,NLRP3
Reactome_2022,Attenuation Phase R-HSA-3371568,0.21513080191882186,0.3985581172390805,0,0,4.307111707480711,6.617916138688621,HSPA2
Reactome_2022,Cell Recruitment (Pro-Inflammatory Response) R-HSA-9664424,0.21513080191882186,0.3985581172390805,0,0,4.307111707480711,6.617916138688621,NLRP3
Reactome_2022,Platelet Calcium Homeostasis R-HSA-418360,0.21513080191882186,0.3985581172390805,0,0,4.307111707480711,6.617916138688621,P2RX1
GO_Biological_Process_2023,Positive Regulation Of Developmental Growth (GO:0048639),0.3438873133815797,0.404732704789352,0,0,2.4280442804428044,2.5917946282129583,SHTN1
GO_Biological_Process_2023,Positive Regulation Of miRNA Metabolic Process (GO:2000630),0.3438873133815797,0.404732704789352,0,0,2.4280442804428044,2.5917946282129583,TNF
GO_Biological_Process_2023,Phosphatidylcholine Metabolic Process (GO:0046470),0.3438873133815797,0.404732704789352,0,0,2.4280442804428044,2.5917946282129583,PLA2G4C
GO_Biological_Process_2023,Heart Development (GO:0007507),0.34328583558206216,0.404732704789352,0,0,1.6625730994152046,1.7776095895720017,MEF2C;HDAC9
GO_Biological_Process_2023,Antiviral Innate Immune Response (GO:0140374),0.3438873133815797,0.404732704789352,0,0,2.4280442804428044,2.5917946282129583,TNF
GO_Biological_Process_2023,Regulation Of Stem Cell Differentiation (GO:2000736),0.3438873133815797,0.404732704789352,0,0,2.4280442804428044,2.5917946282129583,JAG1
KEGG_2021_Human,Estrogen signaling pathway,0.29721540339510033,0.4049559871258242,0,0,1.859041394335512,2.2555714642565476,HSPA2;MMP9
KEGG_2021_Human,Primary immunodeficiency,0.30104411817674964,0.4051574325916638,0,0,2.870177792687018,3.445643999835488,CIITA
KEGG_2021_Human,"Growth hormone synthesis, secretion and action",0.30108029394426394,0.4051574325916638,0,0,1.840920532182668,2.2098010450804533,ADCY10;PLCG2
Reactome_2022,Chromosome Maintenance R-HSA-73886,0.2236282063659259,0.4057583950557006,0,0,2.286300758589915,3.4243535996989882,CENPU;CENPM
Reactome_2022,Cargo Recognition For Clathrin-Mediated Endocytosis R-HSA-8856825,0.2236282063659259,0.4057583950557006,0,0,2.286300758589915,3.4243535996989882,NLRP3;ADRB2
Reactome_2022,Molecules Associated With Elastic Fibres R-HSA-2129379,0.2233575500762758,0.4057583950557006,0,0,4.119685544681534,6.175332120538985,FBLN2
Reactome_2022,Inactivation Of CSF3 (G-CSF) Signaling R-HSA-9705462,0.2233575500762758,0.4057583950557006,0,0,4.119685544681534,6.175332120538985,LYN
Reactome_2022,Keratan Sulfate Biosynthesis R-HSA-2022854,0.2233575500762758,0.4057583950557006,0,0,4.119685544681534,6.175332120538985,PRELP
Reactome_2022,Caspase Activation Via Extrinsic Apoptotic Signaling Pathway R-HSA-5357769,0.2233575500762758,0.4057583950557006,0,0,4.119685544681534,6.175332120538985,FASLG
GO_Biological_Process_2023,Neuron Development (GO:0048666),0.3470865773357393,0.4082056167234213,0,0,1.6480515297906602,1.7439368615744846,LYN;MEF2C
GO_Biological_Process_2023,Striated Muscle Contraction (GO:0006941),0.35076898349267666,0.40960443488164017,0,0,2.3672509225092253,2.4799970211597,TNNT2
GO_Biological_Process_2023,Cilium Assembly (GO:0060271),0.3490971614030312,0.40960443488164017,0,0,1.4438133338365444,1.5194763659509705,RSPH6A;LRGUK;NME8
GO_Biological_Process_2023,Regulation Of Lipid Metabolic Process (GO:0019216),0.35076898349267666,0.40960443488164017,0,0,2.3672509225092253,2.4799970211597,PLCG2
GO_Biological_Process_2023,Positive Regulation Of Cell Junction Assembly (GO:1901890),0.35076898349267666,0.40960443488164017,0,0,2.3672509225092253,2.4799970211597,DLG5
GO_Biological_Process_2023,Negative Regulation Of Cold-Induced Thermogenesis (GO:0120163),0.35076898349267666,0.40960443488164017,0,0,2.3672509225092253,2.4799970211597,ID1
GO_Biological_Process_2023,Detection Of Chemical Stimulus Involved In Sensory Perception (GO:0050907),0.35076898349267666,0.40960443488164017,0,0,2.3672509225092253,2.4799970211597,OR10Z1
GO_Biological_Process_2023,Positive Regulation Of Epithelial To Mesenchymal Transition (GO:0010718),0.35076898349267666,0.40960443488164017,0,0,2.3672509225092253,2.4799970211597,JAG1
GO_Biological_Process_2023,Positive Regulation Of Cytokine-Mediated Signaling Pathway (GO:0001961),0.35076898349267666,0.40960443488164017,0,0,2.3672509225092253,2.4799970211597,C1QTNF4
GO_Biological_Process_2023,Neuron Migration (GO:0001764),0.35076898349267666,0.40960443488164017,0,0,2.3672509225092253,2.4799970211597,MEF2C
GO_Biological_Process_2023,Detection Of Chemical Stimulus Involved In Sensory Perception Of Smell (GO:0050911),0.35076898349267666,0.40960443488164017,0,0,2.3672509225092253,2.4799970211597,OR10Z1
Reactome_2022,Regulation Of IGF Transport And Uptake By IGFBPs R-HSA-381426,0.22748359923457165,0.41134020683511585,0,0,2.258994708994709,3.344841812489138,PRSS23;GZMH
Reactome_2022,L1CAM Interactions R-HSA-373760,0.23134366510239385,0.4115526786319676,0,0,2.232331154684096,3.2678000732724177,SHTN1;NCAM1
Reactome_2022,Phase 0 - Rapid Depolarisation R-HSA-5576892,0.2314983817304818,0.4115526786319676,0,0,3.947878228782288,5.776465925295446,FGF11
Reactome_2022,Downregulation Of ERBB2 Signaling R-HSA-8863795,0.2314983817304818,0.4115526786319676,0,0,3.947878228782288,5.776465925295446,MATK
Reactome_2022,Amino Acid Transport Across Plasma Membrane R-HSA-352230,0.2314983817304818,0.4115526786319676,0,0,3.947878228782288,5.776465925295446,SLC7A8
Reactome_2022,Regulation Of Beta-Cell Development R-HSA-186712,0.2314983817304818,0.4115526786319676,0,0,3.947878228782288,5.776465925295446,MAFA
GO_Biological_Process_2023,Regulation Of Cellular Metabolic Process (GO:0031323),0.3575787373116745,0.4154892966075539,0,0,2.3094230942309424,2.3750100100512492,NUAK1
GO_Biological_Process_2023,Erythrocyte Differentiation (GO:0030218),0.3575787373116745,0.4154892966075539,0,0,2.3094230942309424,2.3750100100512492,LYN
GO_Biological_Process_2023,Cellular Response To Virus (GO:0098586),0.3575787373116745,0.4154892966075539,0,0,2.3094230942309424,2.3750100100512492,NLRP3
GO_Biological_Process_2023,Arachidonic Acid Metabolic Process (GO:0019369),0.3575787373116745,0.4154892966075539,0,0,2.3094230942309424,2.3750100100512492,PLA2G4C
GO_Biological_Process_2023,Regulation Of Fibroblast Proliferation (GO:0048145),0.3575787373116745,0.4154892966075539,0,0,2.3094230942309424,2.3750100100512492,CD300A
GO_Biological_Process_2023,Regulation Of Myoblast Differentiation (GO:0045661),0.3575787373116745,0.4154892966075539,0,0,2.3094230942309424,2.3750100100512492,MEF2C
GO_Biological_Process_2023,Carboxylic Acid Transport (GO:0046942),0.3575787373116745,0.4154892966075539,0,0,2.3094230942309424,2.3750100100512492,SLC7A8
KEGG_2021_Human,Various types of N-glycan biosynthesis,0.3156262175634201,0.4170091844171247,0,0,2.705956773853453,3.120500209081693,TUSC3
KEGG_2021_Human,Cocaine addiction,0.3156262175634201,0.4170091844171247,0,0,2.705956773853453,3.120500209081693,RGS9
KEGG_2021_Human,Carbohydrate digestion and absorption,0.3156262175634201,0.4170091844171247,0,0,2.705956773853453,3.120500209081693,ATP1B4
Reactome_2022,"Sensory Perception Of Sweet, Bitter, And Umami (Glutamate) Taste R-HSA-9717207",0.23955419088263666,0.42021466041871147,0,0,3.7898154981549816,5.415553954922169,TAS2R13
Reactome_2022,TNFR1-induced NFkappaB Signaling Pathway R-HSA-5357956,0.23955419088263666,0.42021466041871147,0,0,3.7898154981549816,5.415553954922169,TNF
Reactome_2022,Formation Of Fibrin Clot (Clotting Cascade) R-HSA-140877,0.23955419088263666,0.42021466041871147,0,0,3.7898154981549816,5.415553954922169,F2R
Reactome_2022,Unattached Kinetochores Signal Amplification Via A MAD2 Inhibitory Signal R-HSA-141444,0.23907575223465796,0.42021466041871147,0,0,2.1808429118773947,3.1207312983174313,CENPU;CENPM
GO_Biological_Process_2023,Positive Regulation Of Intracellular Protein Transport (GO:0090316),0.3622142713099465,0.4205781256270262,0,0,1.5924058512293806,1.6171189272207518,ITGAM;GZMB
GO_Biological_Process_2023,Regulation Of DNA Binding (GO:0051101),0.3643173236658845,0.4212338935841296,0,0,2.254348972061149,2.276283838962574,MMP9
GO_Biological_Process_2023,Positive Regulation Of mRNA Catabolic Process (GO:0061014),0.3643173236658845,0.4212338935841296,0,0,2.254348972061149,2.276283838962574,NANOS1
GO_Biological_Process_2023,Regulation Of Signal Transduction By P53 Class Mediator (GO:1901796),0.3643173236658845,0.4212338935841296,0,0,2.254348972061149,2.276283838962574,NUAK1
GO_Biological_Process_2023,Negative Regulation Of TOR Signaling (GO:0032007),0.3643173236658845,0.4212338935841296,0,0,2.254348972061149,2.276283838962574,NUAK1
GO_Biological_Process_2023,Monoatomic Anion Transport (GO:0006820),0.3643173236658845,0.4212338935841296,0,0,2.254348972061149,2.276283838962574,NMUR1
GO_Biological_Process_2023,Regulation Of Substrate Adhesion-Dependent Cell Spreading (GO:1900024),0.3643173236658845,0.4212338935841296,0,0,2.254348972061149,2.276283838962574,DOCK5
Reactome_2022,Nicotinate Metabolism R-HSA-196807,0.24752586227426607,0.425712232185057,0,0,3.643911439114391,5.087775667122275,NAPRT
Reactome_2022,Recycling Pathway Of L1 R-HSA-437239,0.24752586227426607,0.425712232185057,0,0,3.643911439114391,5.087775667122275,SHTN1
Reactome_2022,NCAM1 Interactions R-HSA-419037,0.24752586227426607,0.425712232185057,0,0,3.643911439114391,5.087775667122275,NCAM1
Reactome_2022,FLT3 Signaling In Disease R-HSA-9682385,0.24752586227426607,0.425712232185057,0,0,3.643911439114391,5.087775667122275,FLT3
Reactome_2022,Downstream TCR Signaling R-HSA-202424,0.2468204423845789,0.425712232185057,0,0,2.1316687473990843,2.9824052968661854,HLA-DQB2;HLA-DQA1
Reactome_2022,Downstream Signal Transduction R-HSA-186763,0.24752586227426607,0.425712232185057,0,0,3.643911439114391,5.087775667122275,PDGFRB
GO_Biological_Process_2023,Peptide Metabolic Process (GO:0006518),0.3709854835797009,0.4265424419324343,0,0,2.2018364369690206,2.1833241557474903,ACE
GO_Biological_Process_2023,Positive Regulation Of Chemokine Production (GO:0032722),0.3709854835797009,0.4265424419324343,0,0,2.2018364369690206,2.1833241557474903,TNF
GO_Biological_Process_2023,Negative Regulation Of Cell Projection Organization (GO:0031345),0.3709854835797009,0.4265424419324343,0,0,2.2018364369690206,2.1833241557474903,ZNF365
GO_Biological_Process_2023,Sensory Organ Development (GO:0007423),0.3709854835797009,0.4265424419324343,0,0,2.2018364369690206,2.1833241557474903,ASCL2
GO_Biological_Process_2023,Regulation Of Telomerase Activity (GO:0051972),0.3709854835797009,0.4265424419324343,0,0,2.2018364369690206,2.1833241557474903,PARM1
GO_Biological_Process_2023,Positive Regulation Of Actin Filament Bundle Assembly (GO:0032233),0.3709854835797009,0.4265424419324343,0,0,2.2018364369690206,2.1833241557474903,PLEK
GO_Biological_Process_2023,Pyruvate Metabolic Process (GO:0006090),0.3709854835797009,0.4265424419324343,0,0,2.2018364369690206,2.1833241557474903,LDHC
GO_Biological_Process_2023,"Negative Regulation Of Gene Expression, Epigenetic (GO:0045814)",0.3709854835797009,0.4265424419324343,0,0,2.2018364369690206,2.1833241557474903,HDAC9
Reactome_2022,Transcriptional Regulation By RUNX3 R-HSA-8878159,0.2506962993802434,0.4297650846518458,0,0,2.107901234567901,2.916308834674636,JAG1;CCND1
Reactome_2022,EML4 And NUDC In Mitotic Spindle Formation R-HSA-9648025,0.2545738695487032,0.43085857925966325,0,0,2.0846560846560847,2.8521518899584133,CENPU;CENPM
Reactome_2022,Pyruvate Metabolism R-HSA-70268,0.25541427141718676,0.43085857925966325,0,0,3.5088150881508815,4.78907103966915,LDHC
Reactome_2022,Diseases Associated With Glycosaminoglycan Metabolism R-HSA-3560782,0.25541427141718676,0.43085857925966325,0,0,3.5088150881508815,4.78907103966915,PRELP
Reactome_2022,Notch-HLH Transcription Pathway R-HSA-350054,0.25541427141718676,0.43085857925966325,0,0,3.5088150881508815,4.78907103966915,HDAC9
Reactome_2022,Diseases Associated With TLR Signaling Cascade R-HSA-5602358,0.25541427141718676,0.43085857925966325,0,0,3.5088150881508815,4.78907103966915,TLR6
Reactome_2022,Signaling By CSF3 (G-CSF) R-HSA-9674555,0.26322028481530907,0.43161587075305335,0,0,3.383368476541908,4.515998483629219,LYN
Reactome_2022,MAPK Targets/ Nuclear Events Mediated By MAP Kinases R-HSA-450282,0.26322028481530907,0.43161587075305335,0,0,3.383368476541908,4.515998483629219,MEF2C
Reactome_2022,Thrombin Signaling Thru Proteinase Activated Receptors (PARs) R-HSA-456926,0.26322028481530907,0.43161587075305335,0,0,3.383368476541908,4.515998483629219,F2R
Reactome_2022,MyD88 Cascade Initiated On Plasma Membrane R-HSA-975871,0.25845269374474467,0.43161587075305335,0,0,2.061916264090177,2.7898605526428457,MEF2C;MAP3K8
Reactome_2022,Cardiac Conduction R-HSA-5576891,0.26233232216530994,0.43161587075305335,0,0,2.0396654719235365,2.729364428000789,NANOS1;FGF11
Reactome_2022,Sensory Perception Of Taste R-HSA-9717189,0.26322028481530907,0.43161587075305335,0,0,3.383368476541908,4.515998483629219,TAS2R13
Reactome_2022,Regulation Of Necroptotic Cell Death R-HSA-5675482,0.26322028481530907,0.43161587075305335,0,0,3.383368476541908,4.515998483629219,FASLG
Reactome_2022,RMTs Methylate Histone Arginines R-HSA-3214858,0.26322028481530907,0.43161587075305335,0,0,3.383368476541908,4.515998483629219,CCND1
Reactome_2022,Keratan Sulfate/Keratin Metabolism R-HSA-1638074,0.26322028481530907,0.43161587075305335,0,0,3.383368476541908,4.515998483629219,PRELP
GO_Biological_Process_2023,Protein Sumoylation (GO:0016925),0.37758395037043435,0.43261536294185754,0,0,2.1517108352901713,2.0956853415084398,HDAC9
GO_Biological_Process_2023,Negative Regulation Of Response To Stimulus (GO:0048585),0.37758395037043435,0.43261536294185754,0,0,2.1517108352901713,2.0956853415084398,LYN
GO_Biological_Process_2023,Rho Protein Signal Transduction (GO:0007266),0.37758395037043435,0.43261536294185754,0,0,2.1517108352901713,2.0956853415084398,SHTN1
GO_Biological_Process_2023,Endoplasmic Reticulum Organization (GO:0007029),0.37758395037043435,0.43261536294185754,0,0,2.1517108352901713,2.0956853415084398,SHTN1
GO_Biological_Process_2023,Muscle Organ Development (GO:0007517),0.37758395037043435,0.43261536294185754,0,0,2.1517108352901713,2.0956853415084398,MEF2C
Reactome_2022,MHC Class II Antigen Presentation R-HSA-2132295,0.26621231427435504,0.435170594231763,0,0,2.0178881008668244,2.6705964351277025,HLA-DQA1;HLA-DQB2
Reactome_2022,EPHB-mediated Forward Signaling R-HSA-3928662,0.27094475992014083,0.43615497938364134,0,0,3.266573355388726,4.265623185294603,LYN
Reactome_2022,Metabolism R-HSA-1430728,0.2681526648231375,0.43615497938364134,0,0,1.1782377532125021,1.5507951355031062,GSTM4;PLA2G4F;GSTM1;B3GAT1;PLA2G4C;PLD4;PRELP;GDPD5;CYP4F22;LDHC;SULT2B1;FADS2;TPO;CYP21A2;NAPRT;HYAL3;UST;PLCG2;CHST13;ARSD;GSTM5
Reactome_2022,RAC1 GTPase Cycle R-HSA-9013149,0.26924218532755695,0.43615497938364134,0,0,1.684872748069774,2.210795645610464,DOCK5;JAG1;CDC42EP4
Reactome_2022,Antimicrobial Peptides R-HSA-6803157,0.27094475992014083,0.43615497938364134,0,0,3.266573355388726,4.265623185294603,GNLY
Reactome_2022,Transcriptional Regulation Of Granulopoiesis R-HSA-9616222,0.27094475992014083,0.43615497938364134,0,0,3.266573355388726,4.265623185294603,CEBPA
GO_Biological_Process_2023,Positive Regulation Of Protein Localization To Plasma Membrane (GO:1903078),0.38411344986355717,0.43735162725282356,0,0,2.1038130381303812,2.012964769073616,TNF
GO_Biological_Process_2023,Response To Organic Cyclic Compound (GO:0014070),0.38411344986355717,0.43735162725282356,0,0,2.1038130381303812,2.012964769073616,TNF
GO_Biological_Process_2023,Epidermis Development (GO:0008544),0.38411344986355717,0.43735162725282356,0,0,2.1038130381303812,2.012964769073616,LAMB3
GO_Biological_Process_2023,Inorganic Anion Transport (GO:0015698),0.38411344986355717,0.43735162725282356,0,0,2.1038130381303812,2.012964769073616,NMUR1
GO_Biological_Process_2023,Regulation Of Reactive Oxygen Species Metabolic Process (GO:2000377),0.38411344986355717,0.43735162725282356,0,0,2.1038130381303812,2.012964769073616,PDGFRB
GO_Biological_Process_2023,Negative Regulation Of Neuron Projection Development (GO:0010977),0.38411344986355717,0.43735162725282356,0,0,2.1038130381303812,2.012964769073616,ZNF365
GO_Biological_Process_2023,RNA Modification (GO:0009451),0.38411344986355717,0.43735162725282356,0,0,2.1038130381303812,2.012964769073616,APOBEC3G
GO_Biological_Process_2023,Regulation Of Intrinsic Apoptotic Signaling Pathway (GO:2001242),0.38411344986355717,0.43735162725282356,0,0,2.1038130381303812,2.012964769073616,MMP9
GO_Biological_Process_2023,Negative Regulation Of Metabolic Process (GO:0009892),0.38411344986355717,0.43735162725282356,0,0,2.1038130381303812,2.012964769073616,ID1
GO_Biological_Process_2023,Negative Regulation Of Protein Metabolic Process (GO:0051248),0.38465278306338596,0.4376624117542543,0,0,1.5156148148148147,1.448039936704383,NANOS1;GZMB
Reactome_2022,HSF1-dependent Transactivation R-HSA-3371571,0.27858854539003186,0.4390888118386174,0,0,3.1575645756457567,4.035428574063091,HSPA2
Reactome_2022,Downregulation Of SMAD2/3:SMAD4 Transcriptional Activity R-HSA-2173795,0.27858854539003186,0.4390888118386174,0,0,3.1575645756457567,4.035428574063091,ATP1B4
Reactome_2022,Signaling By Retinoic Acid R-HSA-5362517,0.27858854539003186,0.4390888118386174,0,0,3.1575645756457567,4.035428574063091,DHRS9
Reactome_2022,Signaling To ERKs R-HSA-187687,0.27858854539003186,0.4390888118386174,0,0,3.1575645756457567,4.035428574063091,NTRK1
Reactome_2022,TRAF6 Mediated Induction Of NFkB And MAP Kinases Upon TLR7/8 Or 9 Activation R-HSA-975138,0.27785020196228066,0.4390888118386174,0,0,1.955250095456281,2.504036303441732,MEF2C;MAP3K8
Reactome_2022,RIPK1-mediated Regulated Necrosis R-HSA-5213460,0.27858854539003186,0.4390888118386174,0,0,3.1575645756457567,4.035428574063091,FASLG
Reactome_2022,Meiotic Synapsis R-HSA-1221632,0.27858854539003186,0.4390888118386174,0,0,3.1575645756457567,4.035428574063091,HSPA2
GO_Biological_Process_2023,Anterograde Trans-Synaptic Signaling (GO:0098916),0.38836006797177414,0.4415748039291522,0,0,1.5035273368606703,1.422069773258584,NLGN4Y;RAPSN
GO_Biological_Process_2023,Synapse Assembly (GO:0007416),0.39057470020921337,0.44195195071882754,0,0,2.0579977538905823,1.934797846832186,NLGN4Y
GO_Biological_Process_2023,Actin Cytoskeleton Reorganization (GO:0031532),0.39057470020921337,0.44195195071882754,0,0,2.0579977538905823,1.934797846832186,PLEK
GO_Biological_Process_2023,Positive Regulation Of Cellular Metabolic Process (GO:0031325),0.39057470020921337,0.44195195071882754,0,0,2.0579977538905823,1.934797846832186,PDGFRB
GO_Biological_Process_2023,Positive Regulation Of Protein Localization To Cell Periphery (GO:1904377),0.39057470020921337,0.44195195071882754,0,0,2.0579977538905823,1.934797846832186,TNF
GO_Biological_Process_2023,Amide Biosynthetic Process (GO:0043604),0.39057470020921337,0.44195195071882754,0,0,2.0579977538905823,1.934797846832186,CYP4F22
GO_Biological_Process_2023,Regulation Of Mitotic Metaphase/Anaphase Transition (GO:0030071),0.39057470020921337,0.44195195071882754,0,0,2.0579977538905823,1.934797846832186,HECW2
GO_Biological_Process_2023,Negative Regulation Of Protein Modification By Small Protein Conjugation Or Removal (GO:1903321),0.39057470020921337,0.44195195071882754,0,0,2.0579977538905823,1.934797846832186,SH3RF2
Reactome_2022,MyD88 Dependent Cascade Initiated On Endosome R-HSA-975155,0.2817274222566885,0.44271452068908196,0,0,1.935222978080121,2.451570006391966,MEF2C;MAP3K8
GO_Biological_Process_2023,Ras Protein Signal Transduction (GO:0007265),0.39574490723020905,0.44580936516117275,0,0,1.4799189814814815,1.3718633614696965,SHTN1;ADGRG1
GO_Biological_Process_2023,Metal Ion Transport (GO:0030001),0.39574490723020905,0.44580936516117275,0,0,1.4799189814814815,1.3718633614696965,TUSC3;NMUR1
GO_Biological_Process_2023,Regulation Of Secretion By Cell (GO:1903530),0.3969684121915982,0.44580936516117275,0,0,2.014132056214179,1.8608537219523886,MEF2C
GO_Biological_Process_2023,Regulation Of Protein Localization To Nucleus (GO:1900180),0.3969684121915982,0.44580936516117275,0,0,2.014132056214179,1.8608537219523886,LATS2
GO_Biological_Process_2023,Skin Development (GO:0043588),0.3969684121915982,0.44580936516117275,0,0,2.014132056214179,1.8608537219523886,JAG1
GO_Biological_Process_2023,Response To Retinoic Acid (GO:0032526),0.3969684121915982,0.44580936516117275,0,0,2.014132056214179,1.8608537219523886,LYN
GO_Biological_Process_2023,Regulation Of Bone Mineralization (GO:0030500),0.3969684121915982,0.44580936516117275,0,0,2.014132056214179,1.8608537219523886,MEF2C
GO_Biological_Process_2023,Regulation Of Monoatomic Ion Transmembrane Transporter Activity (GO:0032412),0.3969684121915982,0.44580936516117275,0,0,2.014132056214179,1.8608537219523886,MEF2C
GO_Biological_Process_2023,Positive Regulation Of Protein Kinase Activity (GO:0045860),0.39574490723020905,0.44580936516117275,0,0,1.4799189814814815,1.3718633614696965,ACE;ADRB2
GO_Biological_Process_2023,Regulation Of Cyclin-Dependent Protein Kinase Activity (GO:1904029),0.3969684121915982,0.44580936516117275,0,0,2.014132056214179,1.8608537219523886,CCND1
GO_Biological_Process_2023,Regulation Of Interferon-Beta Production (GO:0032648),0.3969684121915982,0.44580936516117275,0,0,2.014132056214179,1.8608537219523886,LILRB1
Reactome_2022,Toll Like Receptor 7/8 (TLR7/8) Cascade R-HSA-168181,0.28560293666065767,0.4461489661444593,0,0,1.9156004489337823,2.4005400014086313,MEF2C;MAP3K8
Reactome_2022,Toll Like Receptor 3 (TLR3) Cascade R-HSA-168164,0.28560293666065767,0.4461489661444593,0,0,1.9156004489337823,2.4005400014086313,MEF2C;MAP3K8
GO_Biological_Process_2023,Phosphorylation (GO:0016310),0.39815452631941173,0.44683598821229065,0,0,1.2153558052434457,1.1192395031572144,FGR;LYN;NTRK1;NUAK1;LATS2
KEGG_2021_Human,Pyruvate metabolism,0.3438873133815797,0.4489067923184693,0,0,2.4280442804428044,2.5917946282129583,LDHC
KEGG_2021_Human,Intestinal immune network for IgA production,0.3438873133815797,0.4489067923184693,0,0,2.4280442804428044,2.5917946282129583,HLA-DQA1
Reactome_2022,Pre-NOTCH Transcription And Translation R-HSA-1912408,0.29363739773740494,0.44939288697202845,0,0,2.9599861623616235,3.627195500261375,CCND1
Reactome_2022,Resolution Of Sister Chromatid Cohesion R-HSA-2500257,0.28947635693187274,0.44939288697202845,0,0,1.8963703703703703,2.3508955572107713,CENPU;CENPM
Reactome_2022,Regulation Of Complement Cascade R-HSA-977606,0.29363739773740494,0.44939288697202845,0,0,2.9599861623616235,3.627195500261375,C4B
Reactome_2022,Elastic Fibre Formation R-HSA-1566948,0.29363739773740494,0.44939288697202845,0,0,2.9599861623616235,3.627195500261375,FBLN2
Reactome_2022,Transcriptional Regulation By RUNX2 R-HSA-8878166,0.2933473030896137,0.44939288697202845,0,0,1.8775210854418776,2.302588173880235,CCND1;HIVEP3
Reactome_2022,Diseases Of Glycosylation R-HSA-3781865,0.2933473030896137,0.44939288697202845,0,0,1.8775210854418776,2.302588173880235,SPON2;PRELP
Reactome_2022,Oncogene Induced Senescence R-HSA-2559585,0.29363739773740494,0.44939288697202845,0,0,2.9599861623616235,3.627195500261375,ID1
GO_Biological_Process_2023,Negative Regulation Of Innate Immune Response (GO:0045824),0.40329528923703584,0.45014548927747955,0,0,1.9720940959409594,1.7908315474428287,SLAMF8
GO_Biological_Process_2023,Cellular Response To BMP Stimulus (GO:0071773),0.40329528923703584,0.45014548927747955,0,0,1.9720940959409594,1.7908315474428287,SCX
GO_Biological_Process_2023,Gland Development (GO:0048732),0.40329528923703584,0.45014548927747955,0,0,1.9720940959409594,1.7908315474428287,CEBPA
GO_Biological_Process_2023,BMP Signaling Pathway (GO:0030509),0.40329528923703584,0.45014548927747955,0,0,1.9720940959409594,1.7908315474428287,SCX
GO_Biological_Process_2023,Regulation Of miRNA Transcription (GO:1902893),0.40329528923703584,0.45014548927747955,0,0,1.9720940959409594,1.7908315474428287,TNF
GO_Biological_Process_2023,Negative Regulation Of Protein Ubiquitination (GO:0031397),0.40329528923703584,0.45014548927747955,0,0,1.9720940959409594,1.7908315474428287,SH3RF2
GO_Biological_Process_2023,Positive Regulation Of B Cell Activation (GO:0050871),0.40329528923703584,0.45014548927747955,0,0,1.9720940959409594,1.7908315474428287,MEF2C
GO_Biological_Process_2023,Intrinsic Apoptotic Signaling Pathway In Response To DNA Damage (GO:0008630),0.40329528923703584,0.45014548927747955,0,0,1.9720940959409594,1.7908315474428287,SFN
Reactome_2022,PI3K Cascade R-HSA-109704,0.30104411817674964,0.45290710883923463,0,0,2.870177792687018,3.445643999835488,FLT3
Reactome_2022,Toll Like Receptor 9 (TLR9) Cascade R-HSA-168138,0.29721540339510033,0.45290710883923463,0,0,1.859041394335512,2.2555714642565476,MEF2C;MAP3K8
Reactome_2022,MyD88-independent TLR4 Cascade R-HSA-166166,0.30108029394426394,0.45290710883923463,0,0,1.840920532182668,2.2098010450804533,MEF2C;MAP3K8
Reactome_2022,NGF-stimulated Transcription R-HSA-9031628,0.30104411817674964,0.45290710883923463,0,0,2.870177792687018,3.445643999835488,ID1
Reactome_2022,RHOH GTPase Cycle R-HSA-9013407,0.30104411817674964,0.45290710883923463,0,0,2.870177792687018,3.445643999835488,STOM
Reactome_2022,"Gamma Carboxylation, Hypusine Formation And Arylsulfatase Activation R-HSA-163841",0.30104411817674964,0.45290710883923463,0,0,2.870177792687018,3.445643999835488,ARSD
GO_Biological_Process_2023,Chloride Transport (GO:0006821),0.4095560273700828,0.45682318599392124,0,0,1.9317719707809322,1.7244572281732549,NMUR1
Reactome_2022,Mitotic Spindle Checkpoint R-HSA-69618,0.30494161885291826,0.4573628790462078,0,0,1.8231481481481482,2.1652344311334892,CENPU;CENPM
Reactome_2022,RHOV GTPase Cycle R-HSA-9013424,0.3083734563266098,0.4573628790462078,0,0,2.7856522682873885,3.2771630892097887,DLG5
Reactome_2022,Regulation Of TNFR1 Signaling R-HSA-5357905,0.3083734563266098,0.4573628790462078,0,0,2.7856522682873885,3.2771630892097887,TNF
Reactome_2022,Vasopressin Regulates Renal Water Homeostasis Via Aquaporins R-HSA-432040,0.3083734563266098,0.4573628790462078,0,0,2.7856522682873885,3.2771630892097887,NLRP3
Reactome_2022,HSP90 Chaperone Cycle For Steroid Hormone Receptors (SHR) In Presence Of Ligand R-HSA-3371497,0.3083734563266098,0.4573628790462078,0,0,2.7856522682873885,3.2771630892097887,HSPA2
KEGG_2021_Human,JAK-STAT signaling pathway,0.35844415473347974,0.4596519160699917,0,0,1.6059635907093535,1.6476903885494592,PDGFRB;CCND1
KEGG_2021_Human,Regulation of lipolysis in adipocytes,0.3575787373116745,0.4596519160699917,0,0,2.3094230942309424,2.3750100100512492,ADRB2
KEGG_2021_Human,Lysosome,0.35844415473347974,0.4596519160699917,0,0,1.6059635907093535,1.6476903885494592,HYAL3;CD68
Reactome_2022,Glycosphingolipid Metabolism R-HSA-1660662,0.3156262175634201,0.461636129843451,0,0,2.705956773853453,3.120500209081693,ARSD
Reactome_2022,Non-integrin membrane-ECM Interactions R-HSA-3000171,0.3156262175634201,0.461636129843451,0,0,2.705956773853453,3.120500209081693,LAMB3
Reactome_2022,Aberrant Regulation Of Mitotic Cell Cycle Due To RB1 Defects R-HSA-9687139,0.3156262175634201,0.461636129843451,0,0,2.705956773853453,3.120500209081693,CCND1
Reactome_2022,Deactivation Of Beta-Catenin Transactivating Complex R-HSA-3769402,0.3156262175634201,0.461636129843451,0,0,2.705956773853453,3.120500209081693,SOX13
Reactome_2022,RND3 GTPase Cycle R-HSA-9696264,0.3156262175634201,0.461636129843451,0,0,2.705956773853453,3.120500209081693,DLG5
KEGG_2021_Human,Cysteine and methionine metabolism,0.3643173236658845,0.4617510265067606,0,0,2.254348972061149,2.276283838962574,LDHC
KEGG_2021_Human,Vibrio cholerae infection,0.3643173236658845,0.4617510265067606,0,0,2.254348972061149,2.276283838962574,PLCG2
GO_Biological_Process_2023,Regulation Of Multicellular Organismal Development (GO:2000026),0.4157513154594448,0.46216468964808377,0,0,1.8930627306273062,1.661480574702002,SCX
GO_Biological_Process_2023,Regulation Of Heart Contraction (GO:0008016),0.4157513154594448,0.46216468964808377,0,0,1.8930627306273062,1.661480574702002,TNNT2
GO_Biological_Process_2023,Ceramide Metabolic Process (GO:0006672),0.4157513154594448,0.46216468964808377,0,0,1.8930627306273062,1.661480574702002,CYP4F22
GO_Biological_Process_2023,Actin Polymerization Or Depolymerization (GO:0008154),0.4157513154594448,0.46216468964808377,0,0,1.8930627306273062,1.661480574702002,GAS7
GO_Biological_Process_2023,Negative Regulation Of Intrinsic Apoptotic Signaling Pathway (GO:2001243),0.4157513154594448,0.46216468964808377,0,0,1.8930627306273062,1.661480574702002,MMP9
KEGG_2021_Human,Human T-cell leukemia virus 1 infection,0.36904125195122894,0.4650346411870977,0,0,1.3938880384867702,1.3894928966328526,CCND1;TNF;HLA-DQA1
GO_Biological_Process_2023,Mitotic DNA Damage Checkpoint Signaling (GO:0044773),0.42188183527647843,0.46834584821571223,0,0,1.8558714998914696,1.6016728090385137,CCND1
GO_Biological_Process_2023,Negative Regulation Of Cellular Response To Growth Factor Stimulus (GO:0090288),0.42188183527647843,0.46834584821571223,0,0,1.8558714998914696,1.6016728090385137,CRIM1
Reactome_2022,FLT3 Signaling R-HSA-9607240,0.3228031991118988,0.46953192598094373,0,0,2.630688806888069,2.974552539007555,FLT3
Reactome_2022,IRS-mediated Signaling R-HSA-112399,0.3228031991118988,0.46953192598094373,0,0,2.630688806888069,2.974552539007555,FLT3
Reactome_2022,ECM Proteoglycans R-HSA-3000178,0.32990518983182127,0.4720594586211426,0,0,2.5594893786775708,2.8383456680134023,NCAM1
Reactome_2022,Diseases Of Mitotic Cell Cycle R-HSA-9675126,0.32990518983182127,0.4720594586211426,0,0,2.5594893786775708,2.8383456680134023,CCND1
Reactome_2022,RHO GTPases Activate Formins R-HSA-5663220,0.3280157175602931,0.4720594586211426,0,0,1.7232996632996633,1.920951368115529,CENPU;CENPM
Reactome_2022,RND1 GTPase Cycle R-HSA-9696273,0.32990518983182127,0.4720594586211426,0,0,2.5594893786775708,2.8383456680134023,DLG5
Reactome_2022,Transcriptional Regulation By VENTX R-HSA-8853884,0.32990518983182127,0.4720594586211426,0,0,2.5594893786775708,2.8383456680134023,CCND1
Reactome_2022,Heparan Sulfate/Heparin (HS-GAG) Metabolism R-HSA-1638091,0.32990518983182127,0.4720594586211426,0,0,2.5594893786775708,2.8383456680134023,B3GAT1
KEGG_2021_Human,Cytosolic DNA-sensing pathway,0.37758395037043435,0.47306494931468207,0,0,2.1517108352901713,2.0956853415084398,CCL4
GO_Biological_Process_2023,Protein Modification By Small Protein Conjugation (GO:0032446),0.42714591164312543,0.47348080373905227,0,0,1.2067211712139938,1.0264727600622117,SH3RF2;HECW2;HDAC9;BSPRY
GO_Biological_Process_2023,Embryonic Organ Development (GO:0048568),0.42794826144400033,0.47348080373905227,0,0,1.820110701107011,1.5448243727289797,TNF
GO_Biological_Process_2023,Cell-Cell Junction Assembly (GO:0007043),0.42794826144400033,0.47348080373905227,0,0,1.820110701107011,1.5448243727289797,FSCN1
GO_Biological_Process_2023,Positive Regulation Of Mitochondrion Organization (GO:0010822),0.42794826144400033,0.47348080373905227,0,0,1.820110701107011,1.5448243727289797,MMP9
GO_Biological_Process_2023,Monocarboxylic Acid Biosynthetic Process (GO:0072330),0.42794826144400033,0.47348080373905227,0,0,1.820110701107011,1.5448243727289797,UST
Reactome_2022,Diseases Of Programmed Cell Death R-HSA-9645723,0.33693297039329634,0.4744016223137612,0,0,2.4920372887939406,2.711015768561221,FASLG
Reactome_2022,IRS-related Events Triggered By IGF1R R-HSA-2428928,0.33693297039329634,0.4744016223137612,0,0,2.4920372887939406,2.711015768561221,FLT3
Reactome_2022,RND2 GTPase Cycle R-HSA-9696270,0.33693297039329634,0.4744016223137612,0,0,2.4920372887939406,2.711015768561221,DLG5
Reactome_2022,RHOU GTPase Cycle R-HSA-9013420,0.33693297039329634,0.4744016223137612,0,0,2.4920372887939406,2.711015768561221,DLG5
Reactome_2022,Amyloid Fiber Formation R-HSA-977225,0.33693297039329634,0.4744016223137612,0,0,2.4920372887939406,2.711015768561221,TGFBI
Reactome_2022,Complement Cascade R-HSA-166658,0.33693297039329634,0.4744016223137612,0,0,2.4920372887939406,2.711015768561221,C4B
Reactome_2022,Heme Signaling R-HSA-9707616,0.3438873133815797,0.4778223722775634,0,0,2.4280442804428044,2.5917946282129583,MEF2C
Reactome_2022,Signaling By FGFR1 R-HSA-5654736,0.3438873133815797,0.4778223722775634,0,0,2.4280442804428044,2.5917946282129583,SPRED2
Reactome_2022,IGF1R Signaling Cascade R-HSA-2428924,0.3438873133815797,0.4778223722775634,0,0,2.4280442804428044,2.5917946282129583,FLT3
Reactome_2022,Negative Regulation Of MAPK Pathway R-HSA-5675221,0.3438873133815797,0.4778223722775634,0,0,2.4280442804428044,2.5917946282129583,DUSP2
Reactome_2022,G Alpha (Z) Signaling Events R-HSA-418597,0.3438873133815797,0.4778223722775634,0,0,2.4280442804428044,2.5917946282129583,RGSL1
KEGG_2021_Human,Mineral absorption,0.38411344986355717,0.47849561183003125,0,0,2.1038130381303812,2.012964769073616,ATP1B4
GO_Biological_Process_2023,Nucleotide-Excision Repair (GO:0006289),0.4339512615804742,0.47915451799510694,0,0,1.7856993664276266,1.490742994488664,FSCN1
GO_Biological_Process_2023,Positive Regulation Of Proteolysis (GO:0045862),0.4339512615804742,0.47915451799510694,0,0,1.7856993664276266,1.490742994488664,TNF
GO_Biological_Process_2023,Post-Transcriptional Regulation Of Gene Expression (GO:0010608),0.4339512615804742,0.47915451799510694,0,0,1.7856993664276266,1.490742994488664,NANOS1
Reactome_2022,Signaling By Nuclear Receptors R-HSA-9006931,0.34624182546200527,0.47983119119144035,0,0,1.4512366284803884,1.53920744448929,DHRS9;CCND1;MMP9
KEGG_2021_Human,Taste transduction,0.39057470020921337,0.48104680590739274,0,0,2.0579977538905823,1.934797846832186,TAS2R13
KEGG_2021_Human,Endocrine and other factor-regulated calcium reabsorption,0.39057470020921337,0.48104680590739274,0,0,2.0579977538905823,1.934797846832186,ATP1B4
Reactome_2022,Signaling By Type 1 Insulin-like Growth Factor 1 Receptor (IGF1R) R-HSA-2404192,0.35076898349267666,0.4823073523024304,0,0,2.3672509225092253,2.4799970211597,FLT3
Reactome_2022,Axon Guidance R-HSA-422475,0.3496824816145505,0.4823073523024304,0,0,1.25718269182891,1.3209592324033874,LYN;SHTN1;EFNA3;PLXNA2;NCAM1;MMP9
Reactome_2022,Aquaporin-mediated Transport R-HSA-445717,0.35076898349267666,0.4823073523024304,0,0,2.3672509225092253,2.4799970211597,NLRP3
GO_Biological_Process_2023,Positive Regulation Of Protein Binding (GO:0032092),0.43989149643190656,0.4847362365108132,0,0,1.7525625256252562,1.439251983319581,MMP9
GO_Biological_Process_2023,Cholesterol Homeostasis (GO:0042632),0.43989149643190656,0.4847362365108132,0,0,1.7525625256252562,1.439251983319581,HDAC9
GO_Biological_Process_2023,Regulation Of BMP Signaling Pathway (GO:0030510),0.43989149643190656,0.4847362365108132,0,0,1.7525625256252562,1.439251983319581,CRIM1
GO_Biological_Process_2023,Sterol Homeostasis (GO:0055092),0.44576961978588303,0.48826632353880384,0,0,1.7206306608520632,1.3901887180649413,HDAC9
GO_Biological_Process_2023,Sensory Perception Of Smell (GO:0007608),0.44576961978588303,0.48826632353880384,0,0,1.7206306608520632,1.3901887180649413,OR10Z1
GO_Biological_Process_2023,Regulation Of Actin Filament Polymerization (GO:0030833),0.44576961978588303,0.48826632353880384,0,0,1.7206306608520632,1.3901887180649413,CDC42EP4
GO_Biological_Process_2023,Fat Cell Differentiation (GO:0045444),0.44576961978588303,0.48826632353880384,0,0,1.7206306608520632,1.3901887180649413,CEBPA
GO_Biological_Process_2023,Positive Regulation Of T Cell Proliferation (GO:0042102),0.44576961978588303,0.48826632353880384,0,0,1.7206306608520632,1.3901887180649413,TNFSF9
GO_Biological_Process_2023,Response To Metal Ion (GO:0010038),0.44576961978588303,0.48826632353880384,0,0,1.7206306608520632,1.3901887180649413,TNNT2
GO_Biological_Process_2023,Cholesterol Metabolic Process (GO:0008203),0.44576961978588303,0.48826632353880384,0,0,1.7206306608520632,1.3901887180649413,SULT2B1
GO_Biological_Process_2023,Negative Regulation Of Kinase Activity (GO:0033673),0.44576961978588303,0.48826632353880384,0,0,1.7206306608520632,1.3901887180649413,SFN
GO_Biological_Process_2023,Negative Regulation Of Autophagy (GO:0010507),0.44576961978588303,0.48826632353880384,0,0,1.7206306608520632,1.3901887180649413,LZTS1
Reactome_2022,Insulin Receptor Signaling Cascade R-HSA-74751,0.3575787373116745,0.4891232468926532,0,0,2.3094230942309424,2.3750100100512492,FLT3
Reactome_2022,"Interleukin-3, Interleukin-5 And GM-CSF Signaling R-HSA-512988",0.3575787373116745,0.4891232468926532,0,0,2.3094230942309424,2.3750100100512492,LYN
GO_Biological_Process_2023,Response To Reactive Oxygen Species (GO:0000302),0.45158627880808533,0.49365020364716183,0,0,1.6898392198207697,1.343403305395011,MMP9
GO_Biological_Process_2023,Regulation Of Insulin Secretion (GO:0050796),0.45158627880808533,0.49365020364716183,0,0,1.6898392198207697,1.343403305395011,TNF
GO_Biological_Process_2023,Regulation Of Cell-Matrix Adhesion (GO:0001952),0.45158627880808533,0.49365020364716183,0,0,1.6898392198207697,1.343403305395011,JAG1
KEGG_2021_Human,N-Glycan biosynthesis,0.40329528923703584,0.49392344412176303,0,0,1.9720940959409594,1.7908315474428287,TUSC3
Reactome_2022,Cell-cell Junction Organization R-HSA-421270,0.3643173236658845,0.4944975498601209,0,0,2.254348972061149,2.276283838962574,CADM1
Reactome_2022,Diseases Associated With O-glycosylation Of Proteins R-HSA-3906995,0.3643173236658845,0.4944975498601209,0,0,2.254348972061149,2.276283838962574,SPON2
Reactome_2022,Neurexins And Neuroligins R-HSA-6794361,0.3643173236658845,0.4944975498601209,0,0,2.254348972061149,2.276283838962574,NLGN4Y
KEGG_2021_Human,Cortisol synthesis and secretion,0.4095560273700828,0.49544401621393325,0,0,1.9317719707809322,1.7244572281732549,CYP21A2
KEGG_2021_Human,Cushing syndrome,0.41039023295283,0.49544401621393325,0,0,1.4348484848484848,1.277943188925836,CCND1;CYP21A2
KEGG_2021_Human,Prion disease,0.4113548941959721,0.49544401621393325,0,0,1.2976523908947395,1.1527032531183183,NCAM1;HSPA2;TNF
KEGG_2021_Human,Fanconi anemia pathway,0.4157513154594448,0.49798783939647784,0,0,1.8930627306273062,1.661480574702002,SLX1B
GO_Biological_Process_2023,Telomere Organization (GO:0032200),0.4573421137575787,0.4992778025938218,0,0,1.6601281802291707,1.2987573886280166,ZNF365
GO_Biological_Process_2023,Positive Regulation Of T Cell Differentiation (GO:0045582),0.4573421137575787,0.4992778025938218,0,0,1.6601281802291707,1.2987573886280166,TNFSF9
Reactome_2022,Ion Homeostasis R-HSA-5578775,0.3709854835797009,0.49969473298490324,0,0,2.2018364369690206,2.1833241557474903,NANOS1
Reactome_2022,Clathrin-mediated Endocytosis R-HSA-8856828,0.3697294073228458,0.49969473298490324,0,0,1.5659626568717477,1.5581075884574966,NLRP3;ADRB2
Reactome_2022,TNF Signaling R-HSA-75893,0.3709854835797009,0.49969473298490324,0,0,2.2018364369690206,2.1833241557474903,TNF
GO_Biological_Process_2023,Plasma Membrane Bounded Cell Projection Assembly (GO:0120031),0.458196108595655,0.4998779591119928,0,0,1.2033740785079705,0.9391829287377002,SHTN1;NME8;FSCN1
KEGG_2021_Human,Glycolysis / Gluconeogenesis,0.42188183527647843,0.5025696179796301,0,0,1.8558714998914696,1.6016728090385137,LDHC
GO_Biological_Process_2023,Positive Regulation Of Secretion By Cell (GO:1903532),0.4630377584126145,0.504490077633903,0,0,1.6314416592441787,1.2561230835593333,EDN3
GO_Biological_Process_2023,Positive Regulation Of Cell Cycle (GO:0045787),0.4630377584126145,0.504490077633903,0,0,1.6314416592441787,1.2561230835593333,CCND1
Reactome_2022,Signaling By ERBB2 R-HSA-1227986,0.37758395037043435,0.5060008268923587,0,0,2.1517108352901713,2.0956853415084398,MATK
Reactome_2022,Signaling By Non-Receptor Tyrosine Kinases R-HSA-9006927,0.37758395037043435,0.5060008268923587,0,0,2.1517108352901713,2.0956853415084398,CCND1
KEGG_2021_Human,RIG-I-like receptor signaling pathway,0.42794826144400033,0.5070256575803916,0,0,1.820110701107011,1.5448243727289797,TNF
GO_Biological_Process_2023,Positive Regulation Of Mitotic Cell Cycle Phase Transition (GO:1901992),0.4686738398524769,0.5096168887343611,0,0,1.603727562699356,1.2153820304513907,CCND1
GO_Biological_Process_2023,Positive Regulation Of Protein Transport (GO:0051222),0.4686738398524769,0.5096168887343611,0,0,1.603727562699356,1.2153820304513907,TNF
GO_Biological_Process_2023,Negative Regulation Of Extrinsic Apoptotic Signaling Pathway (GO:2001237),0.4686738398524769,0.5096168887343611,0,0,1.603727562699356,1.2153820304513907,TNF
KEGG_2021_Human,Spliceosome,0.4355911416351468,0.5105315530992581,0,0,1.362216893152145,1.1320720165949802,U2AF1L5;HSPA2
KEGG_2021_Human,Bile secretion,0.4339512615804742,0.5105315530992581,0,0,1.7856993664276266,1.490742994488664,ATP1B4
Reactome_2022,C-type Lectin Receptors (CLRs) R-HSA-5621481,0.38465278306338596,0.5115785124873243,0,0,1.5156148148148147,1.448039936704383,LYN;PLCG2
Reactome_2022,NOTCH1 Intracellular Domain Regulates Transcription R-HSA-2122947,0.38411344986355717,0.5115785124873243,0,0,2.1038130381303812,2.012964769073616,HDAC9
Reactome_2022,NCAM Signaling For Neurite Out-Growth R-HSA-375165,0.38411344986355717,0.5115785124873243,0,0,2.1038130381303812,2.012964769073616,NCAM1
KEGG_2021_Human,Tight junction,0.4391442027388464,0.5119435090752327,0,0,1.3524338624338625,1.1129549359139495,CCND1;PPP2R2B
GO_Biological_Process_2023,Regulation Of Double-Strand Break Repair Via Homologous Recombination (GO:0010569),0.474250978712596,0.5146594174536296,0,0,1.5769372693726937,1.176424544177126,ZNF365
GO_Biological_Process_2023,Negative Regulation Of Catabolic Process (GO:0009895),0.474250978712596,0.5146594174536296,0,0,1.5769372693726937,1.176424544177126,TNF
GO_Biological_Process_2023,Negative Regulation Of Protein Binding (GO:0032091),0.474250978712596,0.5146594174536296,0,0,1.5769372693726937,1.176424544177126,ADRB2
KEGG_2021_Human,PPAR signaling pathway,0.44576961978588303,0.5159407453837502,0,0,1.7206306608520632,1.3901887180649413,FADS2
KEGG_2021_Human,Salmonella infection,0.44730642604371,0.5159407453837502,0,0,1.224314190488399,0.9849747263088178,NLRP3;TLR6;TNF
GO_Biological_Process_2023,Protein N-linked Glycosylation (GO:0006487),0.47976978916443197,0.5203047944535721,0,0,1.5510253463190369,1.1391488533268377,TUSC3
Reactome_2022,Nervous System Development R-HSA-9675108,0.3925071824324886,0.5207130460410904,0,0,1.1953465596765023,1.117888631832477,LYN;SHTN1;EFNA3;PLXNA2;NCAM1;MMP9
KEGG_2021_Human,Endocytosis,0.458196108595655,0.5229672862505382,0,0,1.2033740785079705,0.9391829287377002,CXCR1;CXCR2;HSPA2
KEGG_2021_Human,Adipocytokine signaling pathway,0.4573421137575787,0.5229672862505382,0,0,1.6601281802291707,1.2987573886280166,TNF
GO_Biological_Process_2023,Telomere Maintenance (GO:0000723),0.4852308790084842,0.5244962725071971,0,0,1.525949291750982,1.103460416519562,ZNF365
GO_Biological_Process_2023,Cellular Response To Reactive Oxygen Species (GO:0034614),0.4852308790084842,0.5244962725071971,0,0,1.525949291750982,1.103460416519562,MMP9
GO_Biological_Process_2023,Calcium Ion Homeostasis (GO:0055074),0.4852308790084842,0.5244962725071971,0,0,1.525949291750982,1.103460416519562,EDN3
GO_Biological_Process_2023,Positive Regulation Of Peptidyl-Serine Phosphorylation (GO:0033138),0.4852308790084842,0.5244962725071971,0,0,1.525949291750982,1.103460416519562,TNF
GO_Biological_Process_2023,Protein Autoubiquitination (GO:0051865),0.4852308790084842,0.5244962725071971,0,0,1.525949291750982,1.103460416519562,SH3RF2
Reactome_2022,Transcriptional Activation Of Mitochondrial Biogenesis R-HSA-2151201,0.3969684121915982,0.5253115830505359,0,0,2.014132056214179,1.8608537219523886,MEF2C
GO_Biological_Process_2023,Actomyosin Structure Organization (GO:0031032),0.4906348497433265,0.5296406426598459,0,0,1.5016693024073098,1.0692713074226945,TNNT2
GO_Biological_Process_2023,Regulation Of Cellular Biosynthetic Process (GO:0031326),0.4906348497433265,0.5296406426598459,0,0,1.5016693024073098,1.0692713074226945,CX3CR1
Reactome_2022,Pre-NOTCH Expression And Processing R-HSA-1912422,0.40329528923703584,0.5323497817928873,0,0,1.9720940959409594,1.7908315474428287,CCND1
GO_Biological_Process_2023,Transforming Growth Factor Beta Receptor Signaling Pathway (GO:0007179),0.49598229659997467,0.5347105730405238,0,0,1.4781480627306274,1.0364996606686645,ID1
GO_Biological_Process_2023,Glucose Homeostasis (GO:0042593),0.49598229659997467,0.5347105730405238,0,0,1.4781480627306274,1.0364996606686645,CEBPA
GO_Biological_Process_2023,Negative Regulation Of Macromolecule Metabolic Process (GO:0010605),0.4975814587439694,0.5360828437484209,0,0,1.2051899032790752,0.8412177312688112,MEF2C;TNF
Reactome_2022,Arachidonic Acid Metabolism R-HSA-2142753,0.4095560273700828,0.5365895346188677,0,0,1.9317719707809322,1.7244572281732549,CYP4F22
Reactome_2022,Transcriptional Regulation By MECP2 R-HSA-8986944,0.4095560273700828,0.5365895346188677,0,0,1.9317719707809322,1.7244572281732549,MEF2C
Reactome_2022,Pyruvate Metabolism And Citric Acid (TCA) Cycle R-HSA-71406,0.4095560273700828,0.5365895346188677,0,0,1.9317719707809322,1.7244572281732549,LDHC
Reactome_2022,Transport Of Small Molecules R-HSA-382551,0.41258796314271684,0.5380311141239874,0,0,1.1501782152316797,1.0182595047395866,SLC22A15;SLC7A8;TUSC3;SLCO4C1;NLRP3;STOM;MCOLN2
Reactome_2022,RHOD GTPase Cycle R-HSA-9013405,0.4157513154594448,0.5380311141239874,0,0,1.8930627306273062,1.661480574702002,EFHD2
Reactome_2022,Transcriptional Activity Of SMAD2/SMAD3:SMAD4 Heterotrimer R-HSA-2173793,0.4157513154594448,0.5380311141239874,0,0,1.8930627306273062,1.661480574702002,ATP1B4
Reactome_2022,RHOJ GTPase Cycle R-HSA-9013409,0.4157513154594448,0.5380311141239874,0,0,1.8930627306273062,1.661480574702002,STOM
Reactome_2022,Ubiquitin-dependent Degradation Of Cyclin D R-HSA-75815,0.4157513154594448,0.5380311141239874,0,0,1.8930627306273062,1.661480574702002,CCND1
GO_Biological_Process_2023,Regulation Of Angiogenesis (GO:0045765),0.500897444470761,0.5386480494534891,0,0,1.1975152367557431,0.8279068298472674,EFNA3;FASLG
GO_Biological_Process_2023,Regulation Of Epithelial To Mesenchymal Transition (GO:0010717),0.501273808651482,0.5386480494534891,0,0,1.455350553505535,1.0050691715007336,SPRED2
GO_Biological_Process_2023,Regulation Of Cell Cycle G1/S Phase Transition (GO:1902806),0.501273808651482,0.5386480494534891,0,0,1.455350553505535,1.0050691715007336,PLCG2
GO_Biological_Process_2023,Purine Ribonucleotide Metabolic Process (GO:0009150),0.501273808651482,0.5386480494534891,0,0,1.455350553505535,1.0050691715007336,SULT2B1
Reactome_2022,Death Receptor Signaling R-HSA-73887,0.4176477986237623,0.5391639062918007,0,0,1.413322277501382,1.2339954082705982,FASLG;TNF
Reactome_2022,Meiosis R-HSA-1500620,0.42188183527647843,0.541979584004819,0,0,1.8558714998914696,1.6016728090385137,HSPA2
Reactome_2022,"Nucleotide-binding Domain, Leucine Rich Repeat Containing NLR Signaling Pathways R-HSA-168643",0.42188183527647843,0.541979584004819,0,0,1.8558714998914696,1.6016728090385137,NLRP3
GO_Biological_Process_2023,Regulation Of Plasma Membrane Bounded Cell Projection Assembly (GO:0120032),0.5065099688178301,0.5432087981512368,0,0,1.4332438778933243,0.9749086437252793,FSCN1
GO_Biological_Process_2023,Negative Regulation Of Phosphorylation (GO:0042326),0.5065099688178301,0.5432087981512368,0,0,1.4332438778933243,0.9749086437252793,LYN
GO_Biological_Process_2023,Wnt Signaling Pathway (GO:0016055),0.5065099688178301,0.5432087981512368,0,0,1.4332438778933243,0.9749086437252793,PLCG2
KEGG_2021_Human,Gastric acid secretion,0.47976978916443197,0.5447386147804488,0,0,1.5510253463190369,1.1391488533268377,ATP1B4
GO_Biological_Process_2023,Protein Modification Process (GO:0036211),0.5086248851188727,0.5451211260602139,0,0,1.0443961668948276,0.7060582829112804,FGR;LYN;NTRK1;NUAK1;LATS2;MMP15;UST
GO_Biological_Process_2023,Response To Insulin (GO:0032868),0.5116913540701497,0.5469804129715392,0,0,1.4117971030456573,0.9459515798428739,HDAC9
GO_Biological_Process_2023,Organic Anion Transport (GO:0015711),0.5116913540701497,0.5469804129715392,0,0,1.4117971030456573,0.9459515798428739,SLCO4C1
GO_Biological_Process_2023,Regulation Of TOR Signaling (GO:0032006),0.5116913540701497,0.5469804129715392,0,0,1.4117971030456573,0.9459515798428739,NUAK1
GO_Biological_Process_2023,Calcium Ion Transmembrane Transport (GO:0070588),0.5116913540701497,0.5469804129715392,0,0,1.4117971030456573,0.9459515798428739,MCOLN2
Reactome_2022,Vif-mediated Degradation Of APOBEC3G R-HSA-180585,0.42794826144400033,0.5471106102722328,0,0,1.820110701107011,1.5448243727289797,APOBEC3G
Reactome_2022,Intrinsic Pathway For Apoptosis R-HSA-109606,0.42794826144400033,0.5471106102722328,0,0,1.820110701107011,1.5448243727289797,GZMB
GO_Biological_Process_2023,Positive Regulation Of Catabolic Process (GO:0009896),0.5168185351589972,0.549956511182793,0,0,1.39098111569351,0.9181358106776918,TNF
GO_Biological_Process_2023,Regulation Of Ras Protein Signal Transduction (GO:0046578),0.5168185351589972,0.549956511182793,0,0,1.39098111569351,0.9181358106776918,NTRK1
GO_Biological_Process_2023,Negative Regulation Of Protein Modification Process (GO:0031400),0.5168185351589972,0.549956511182793,0,0,1.39098111569351,0.9181358106776918,LYN
GO_Biological_Process_2023,Axon Development (GO:0061564),0.5168185351589972,0.549956511182793,0,0,1.39098111569351,0.9181358106776918,SHTN1
GO_Biological_Process_2023,Cell Junction Assembly (GO:0034329),0.5168185351589972,0.549956511182793,0,0,1.39098111569351,0.9181358106776918,FSCN1
GO_Biological_Process_2023,Regulation Of Cytokinesis (GO:0032465),0.5168185351589972,0.549956511182793,0,0,1.39098111569351,0.9181358106776918,TAS2R13
GO_Biological_Process_2023,Negative Regulation Of Transforming Growth Factor Beta Receptor Signaling Pathway (GO:0030512),0.5168185351589972,0.549956511182793,0,0,1.39098111569351,0.9181358106776918,SPRED2
GO_Biological_Process_2023,DNA Damage Response (GO:0006974),0.5179315076779915,0.5507841211099934,0,0,1.068682013660511,0.7030990095422255,LYN;CCND1;FSCN1;SFN
Reactome_2022,Ion Channel Transport R-HSA-983712,0.43202601628043036,0.5509897019228677,0,0,1.3721417069243156,1.151596642696159,STOM;MCOLN2
Reactome_2022,Integrin Cell Surface Interactions R-HSA-216083,0.4339512615804742,0.5521114846132298,0,0,1.7856993664276266,1.490742994488664,ITGAM
GO_Biological_Process_2023,Sphingolipid Biosynthetic Process (GO:0030148),0.5218920771717747,0.5539203377217221,0,0,1.3707684902935986,0.891403156809012,CYP4F22
GO_Biological_Process_2023,Glycoprotein Biosynthetic Process (GO:0009101),0.5218920771717747,0.5539203377217221,0,0,1.3707684902935986,0.891403156809012,CHST13
GO_Biological_Process_2023,Cellular Response To UV (GO:0034644),0.5218920771717747,0.5539203377217221,0,0,1.3707684902935986,0.891403156809012,MMP9
Reactome_2022,Late SARS-CoV-2 Infection Events R-HSA-9772573,0.43989149643190656,0.5556524165455662,0,0,1.7525625256252562,1.439251983319581,TUSC3
Reactome_2022,FOXO-mediated Transcription R-HSA-9614085,0.43989149643190656,0.5556524165455662,0,0,1.7525625256252562,1.439251983319581,FASLG
Reactome_2022,Drug ADME R-HSA-9748784,0.43989149643190656,0.5556524165455662,0,0,1.7525625256252562,1.439251983319581,GSTM1
GO_Biological_Process_2023,Regulation Of Peptidyl-Tyrosine Phosphorylation (GO:0050730),0.5269125391830664,0.5585272915340503,0,0,1.3511333684765419,0.8656991230725762,PLCG2
GO_Biological_Process_2023,Vascular Transport (GO:0010232),0.5269125391830664,0.5585272915340503,0,0,1.3511333684765419,0.8656991230725762,SLC7A8
Reactome_2022,Cytoprotection By HMOX1 R-HSA-9707564,0.44576961978588303,0.5609542168375728,0,0,1.7206306608520632,1.3901887180649413,NLRP3
Reactome_2022,ESR-mediated Signaling R-HSA-8939211,0.446213581575342,0.5609542168375728,0,0,1.3332811684924362,1.0759013173656615,CCND1;MMP9
KEGG_2021_Human,Protein processing in endoplasmic reticulum,0.4975814587439694,0.5620350155760898,0,0,1.2051899032790752,0.8412177312688112,TUSC3;HSPA2
GO_Biological_Process_2023,Regulation Of Protein Localization To Plasma Membrane (GO:1903076),0.5318804745769085,0.5623420976382629,0,0,1.332051348682501,0.8409726186223802,TNF
GO_Biological_Process_2023,Positive Regulation Of Canonical Wnt Signaling Pathway (GO:0090263),0.5318804745769085,0.5623420976382629,0,0,1.332051348682501,0.8409726186223802,ZEB2
GO_Biological_Process_2023,Proteolysis Involved In Protein Catabolic Process (GO:0051603),0.5318804745769085,0.5623420976382629,0,0,1.332051348682501,0.8409726186223802,GZMB
GO_Biological_Process_2023,Cellular Response To Peptide Hormone Stimulus (GO:0071375),0.5318804745769085,0.5623420976382629,0,0,1.332051348682501,0.8409726186223802,HDAC9
Reactome_2022,Hh Mutants Abrogate Ligand Secretion R-HSA-5387390,0.45158627880808533,0.5623527245534647,0,0,1.6898392198207697,1.343403305395011,DHH
Reactome_2022,Mitotic G1 Phase And G1/S Transition R-HSA-453279,0.44972963434619123,0.5623527245534647,0,0,1.323905723905724,1.0579445678426551,LYN;CCND1
Reactome_2022,CDC42 GTPase Cycle R-HSA-9013148,0.44972963434619123,0.5623527245534647,0,0,1.323905723905724,1.0579445678426551,CDC42EP4;STOM
Reactome_2022,Signaling By BRAF And RAF1 Fusions R-HSA-6802952,0.45158627880808533,0.5623527245534647,0,0,1.6898392198207697,1.343403305395011,FAM131B
KEGG_2021_Human,Insulin secretion,0.501273808651482,0.5632870633300158,0,0,1.455350553505535,1.0050691715007336,ATP1B4
GO_Biological_Process_2023,Regulation Of Signal Transduction (GO:0009966),0.5332740527446956,0.5634529058903761,0,0,1.1257936507936508,0.7078087777732989,NCAM1;RGS9
GO_Biological_Process_2023,Regulation Of Cell Cycle (GO:0051726),0.534116995610341,0.5639808636168318,0,0,1.0704636319001193,0.671330959376051,GADD45B;LILRB1;GADD45G
GO_Biological_Process_2023,Regulation Of Protein Secretion (GO:0050708),0.5367964307563182,0.5657193943121429,0,0,1.3134993849938499,0.8171757032027994,TNF
GO_Biological_Process_2023,Transport Across Blood-Brain Barrier (GO:0150104),0.5367964307563182,0.5657193943121429,0,0,1.3134993849938499,0.8171757032027994,SLC7A8
GO_Biological_Process_2023,Cellular Response To Hormone Stimulus (GO:0032870),0.5367964307563182,0.5657193943121429,0,0,1.3134993849938499,0.8171757032027994,MEF2C
KEGG_2021_Human,Diabetic cardiomyopathy,0.5074872028806959,0.5673446678358549,0,0,1.1824537037037037,0.8020391730055496,ACE;MMP9
Reactome_2022,SCF(Skp2)-mediated Degradation Of P27/P21 R-HSA-187577,0.4573421137575787,0.5681803201505919,0,0,1.6601281802291707,1.2987573886280166,CCND1
KEGG_2021_Human,Pancreatic secretion,0.5116913540701497,0.5691260978943501,0,0,1.4117971030456573,0.9459515798428739,ATP1B4
GO_Biological_Process_2023,Chemical Synaptic Transmission (GO:0007268),0.5427042404490828,0.571578889139643,0,0,1.105912930474334,0.6759237913749684,NLGN4Y;RAPSN
Reactome_2022,Interferon Alpha/Beta Signaling R-HSA-909733,0.4630377584126145,0.5739059540888742,0,0,1.6314416592441787,1.2561230835593333,IFITM3
GO_Biological_Process_2023,Regulation Of Cell Division (GO:0051302),0.5464745675775081,0.5748128774198757,0,0,1.2778996708886008,0.7721932513405506,SFN
GO_Biological_Process_2023,Positive Regulation Of Protein Localization (GO:1903829),0.5464745675775081,0.5748128774198757,0,0,1.2778996708886008,0.7721932513405506,TNF
KEGG_2021_Human,ECM-receptor interaction,0.5218920771717747,0.5775252427586136,0,0,1.3707684902935986,0.891403156809012,LAMB3
Reactome_2022,Fatty Acid Metabolism R-HSA-8978868,0.46711859589469007,0.5776080061648626,0,0,1.278928928928929,0.973485019719874,FADS2;CYP4F22
Reactome_2022,Semaphorin Interactions R-HSA-373755,0.4686738398524769,0.5781770734628686,0,0,1.603727562699356,1.2153820304513907,PLXNA2
GO_Biological_Process_2023,Macromolecule Modification (GO:0043412),0.5512378151225038,0.5794521626655623,0,0,1.2608118081180812,0.7509255892049098,MMP15
KEGG_2021_Human,Inositol phosphate metabolism,0.5269125391830664,0.5801360279894366,0,0,1.3511333684765419,0.8656991230725762,PLCG2
Reactome_2022,PIP3 Activates AKT Signaling R-HSA-1257604,0.4716792352546195,0.5805282895441471,0,0,1.1781764333862932,0.8853478804038791,PDGFRB;FLT3;PIK3AP1
Reactome_2022,Visual Phototransduction R-HSA-2187338,0.474250978712596,0.5823360854889552,0,0,1.5769372693726937,1.176424544177126,DHRS9
GO_Biological_Process_2023,Exocytosis (GO:0006887),0.5559512174160326,0.5840331523110879,0,0,1.2441736259467857,0.7304228918445339,SYNGR3
Reactome_2022,Signaling By Insulin Receptor R-HSA-74752,0.47976978916443197,0.5877458206005106,0,0,1.5510253463190369,1.1391488533268377,FLT3
GO_Biological_Process_2023,Negative Regulation Of Protein Kinase Activity (GO:0006469),0.5606152942759999,0.5878053149301008,0,0,1.227967604351368,0.7106498523972954,SFN
GO_Biological_Process_2023,Regulation Of Peptidyl-Serine Phosphorylation (GO:0033135),0.5606152942759999,0.5878053149301008,0,0,1.227967604351368,0.7106498523972954,TNF
GO_Biological_Process_2023,Positive Regulation Of Amide Metabolic Process (GO:0034250),0.5606152942759999,0.5878053149301008,0,0,1.227967604351368,0.7106498523972954,TNF
GO_Biological_Process_2023,Positive Regulation Of Transmembrane Receptor Protein Serine/Threonine Kinase Signaling Pathway (GO:0090100),0.5652305598972396,0.5922664604025285,0,0,1.2121771217712176,0.6915731830659562,ZEB2
Reactome_2022,Hedgehog Ligand Biogenesis R-HSA-5358346,0.4852308790084842,0.5930599632325919,0,0,1.525949291750982,1.103460416519562,DHH
GO_Biological_Process_2023,Monoatomic Ion Transport (GO:0006811),0.5697975232985949,0.5962912934901857,0,0,1.1967863982437292,0.6731614761633429,P2RX1
GO_Biological_Process_2023,Regulation Of Mitotic Cell Cycle Phase Transition (GO:1901990),0.5697975232985949,0.5962912934901857,0,0,1.1967863982437292,0.6731614761633429,HECW2
Reactome_2022,Protein-protein Interactions At Synapses R-HSA-6794362,0.4906348497433265,0.5969013840195309,0,0,1.5016693024073098,1.0692713074226945,NLGN4Y
Reactome_2022,Sensory Perception R-HSA-9709957,0.4902968479018491,0.5969013840195309,0,0,1.144606667466123,0.8158118313505327,OR10Z1;DHRS9;TAS2R13
Reactome_2022,"Transport Of Bile Salts And Organic Acids, Metal Ions And Amine Compounds R-HSA-425366",0.49598229659997467,0.597896467134216,0,0,1.4781480627306274,1.0364996606686645,SLC22A15
Reactome_2022,Infectious Disease R-HSA-5663205,0.49349428155231345,0.597896467134216,0,0,1.047577624065214,0.7398454196061337,FGR;GPR27;LYN;APOBEC3G;TUSC3;PLCG2;NLRP3;GPBAR1;ADRB2
Reactome_2022,Class B/2 (Secretin Family Receptors) R-HSA-373080,0.49598229659997467,0.597896467134216,0,0,1.4781480627306274,1.0364996606686645,DHH
Reactome_2022,Regulation Of RAS By GAPs R-HSA-5658442,0.49598229659997467,0.597896467134216,0,0,1.4781480627306274,1.0364996606686645,SPRED2
Reactome_2022,Regulation Of RUNX2 Expression And Activity R-HSA-8939902,0.501273808651482,0.6001645600181008,0,0,1.455350553505535,1.0050691715007336,HIVEP3
Reactome_2022,RHOB GTPase Cycle R-HSA-9013026,0.501273808651482,0.6001645600181008,0,0,1.455350553505535,1.0050691715007336,STOM
Reactome_2022,Mitochondrial Biogenesis R-HSA-1592230,0.501273808651482,0.6001645600181008,0,0,1.455350553505535,1.0050691715007336,MEF2C
GO_Biological_Process_2023,Regulation Of Double-Strand Break Repair (GO:2000779),0.5743166881091084,0.600638013089284,0,0,1.181780442804428,0.6553850776110737,ZNF365
Reactome_2022,Reproduction R-HSA-1474165,0.5065099688178301,0.6048605939526128,0,0,1.4332438778933243,0.9749086437252793,HSPA2
Reactome_2022,Apoptosis R-HSA-109581,0.5074872028806959,0.6048605939526128,0,0,1.1824537037037037,0.8020391730055496,GZMB;FASLG
GO_Biological_Process_2023,Regulation Of Protein Metabolic Process (GO:0051246),0.5832136106516578,0.6095546833973752,0,0,1.1528665286652866,0.6216276620852943,ACE
GO_Biological_Process_2023,Positive Regulation Of Binding (GO:0051099),0.5875923497012111,0.6133508453361434,0,0,1.1389321122126883,0.6055950946688279,MMP9
GO_Biological_Process_2023,Positive Regulation Of Protein Catabolic Process (GO:0045732),0.5875923497012111,0.6133508453361434,0,0,1.1389321122126883,0.6055950946688279,TNF
KEGG_2021_Human,Circadian entrainment,0.5606152942759999,0.6141413776490854,0,0,1.227967604351368,0.7106498523972954,ADCY10
KEGG_2021_Human,ErbB signaling pathway,0.5652305598972396,0.6161013102879912,0,0,1.2121771217712176,0.6915731830659562,PLCG2
GO_Biological_Process_2023,Regulation Of Translation (GO:0006417),0.5907398044785258,0.6162447611163289,0,0,1.0106555753614577,0.5319884993974574,NANOS1;GZMB
GO_Biological_Process_2023,T Cell Receptor Signaling Pathway (GO:0050852),0.5919252531751764,0.617089588176913,0,0,1.12532946758039,0.5900945423319838,PLCG2
Reactome_2022,Separation Of Sister Chromatids R-HSA-2467813,0.5204960034672108,0.6189682203393858,0,0,1.1534327009936767,0.7531604908992096,CENPU;CENPM
Reactome_2022,RHOC GTPase Cycle R-HSA-9013106,0.5218920771717747,0.6192337454981955,0,0,1.3707684902935986,0.891403156809012,STOM
GO_Biological_Process_2023,Cell-Matrix Adhesion (GO:0007160),0.5962127989464565,0.6203784855408665,0,0,1.112046885174734,0.5751035320641229,ITGAM
GO_Biological_Process_2023,Monocarboxylic Acid Metabolic Process (GO:0032787),0.5962127989464565,0.6203784855408665,0,0,1.112046885174734,0.5751035320641229,LDHC
GO_Biological_Process_2023,Cellular Response To Insulin Stimulus (GO:0032869),0.5962127989464565,0.6203784855408665,0,0,1.112046885174734,0.5751035320641229,HDAC9
GO_Biological_Process_2023,Peptidyl-Lysine Modification (GO:0018205),0.6004554602545302,0.6243976716444261,0,0,1.099073200034326,0.5606007625408389,HDAC9
GO_Biological_Process_2023,Protein Catabolic Process (GO:0030163),0.6046537051702149,0.6275717230541143,0,0,1.0863977605293293,0.546566032125199,GZMB
GO_Biological_Process_2023,Negative Regulation Of Defense Response (GO:0031348),0.6046537051702149,0.6275717230541143,0,0,1.0863977605293293,0.546566032125199,NLRP3
GO_Biological_Process_2023,Regulation Of Macroautophagy (GO:0016241),0.6046537051702149,0.6275717230541143,0,0,1.0863977605293293,0.546566032125199,LZTS1
GO_Biological_Process_2023,Activation Of GTPase Activity (GO:0090630),0.60880799693888,0.6314845574309216,0,0,1.074010399194901,0.5329801705032563,TBC1D3C
Reactome_2022,RHOG GTPase Cycle R-HSA-9013408,0.5367964307563182,0.6340682672020941,0,0,1.3134993849938499,0.8171757032027994,DOCK5
Reactome_2022,Regulation Of HSF1-mediated Heat Shock Response R-HSA-3371453,0.5367964307563182,0.6340682672020941,0,0,1.3134993849938499,0.8171757032027994,HSPA2
GO_Biological_Process_2023,Phosphatidylinositol Biosynthetic Process (GO:0006661),0.6129187940988333,0.6353473682677495,0,0,1.0619014055309093,0.5198249756342721,PLCG2
Reactome_2022,Signaling By FGFR R-HSA-190236,0.5416609496610225,0.6369643238775499,0,0,1.2954556942829702,0.7942633535140113,SPRED2
Reactome_2022,G Alpha (12/13) Signaling Events R-HSA-416482,0.5416609496610225,0.6369643238775499,0,0,1.2954556942829702,0.7942633535140113,ADRA1A
GO_Biological_Process_2023,Positive Regulation Of Cell Growth (GO:0030307),0.6169865504784655,0.6383557320126693,0,0,1.0500615006150062,0.5070831553870231,SHTN1
GO_Biological_Process_2023,Response To UV (GO:0009411),0.6169865504784655,0.6383557320126693,0,0,1.0500615006150062,0.5070831553870231,CCND1
GO_Biological_Process_2023,T Cell Activation (GO:0042110),0.6169865504784655,0.6383557320126693,0,0,1.0500615006150062,0.5070831553870231,JAG2
GO_Biological_Process_2023,Positive Regulation Of Wnt Signaling Pathway (GO:0030177),0.6210117149013537,0.6405036080244345,0,0,1.0384818133895624,0.4947382737600171,ZEB2
GO_Biological_Process_2023,Recombinational Repair (GO:0000725),0.6210117149013537,0.6405036080244345,0,0,1.0384818133895624,0.4947382737600171,FSCN1
GO_Biological_Process_2023,Protein Complex Oligomerization (GO:0051259),0.6210117149013537,0.6405036080244345,0,0,1.0384818133895624,0.4947382737600171,NLRP3
GO_Biological_Process_2023,Positive Regulation Of Epithelial Cell Proliferation (GO:0050679),0.6210117149013537,0.6405036080244345,0,0,1.0384818133895624,0.4947382737600171,TNF
GO_Biological_Process_2023,Positive Regulation Of DNA Metabolic Process (GO:0051054),0.6210117149013537,0.6405036080244345,0,0,1.0384818133895624,0.4947382737600171,PDGFRB
Reactome_2022,O-linked Glycosylation R-HSA-5173105,0.5464745675775081,0.6411968259576095,0,0,1.2778996708886008,0.7721932513405506,SPON2
Reactome_2022,SLC Transporter Disorders R-HSA-5619102,0.5512378151225038,0.6425023540500706,0,0,1.2608118081180812,0.7509255892049098,NLRP3
Reactome_2022,Sphingolipid Metabolism R-HSA-428157,0.5512378151225038,0.6425023540500706,0,0,1.2608118081180812,0.7509255892049098,ARSD
Reactome_2022,Post-translational Protein Phosphorylation R-HSA-8957275,0.5512378151225038,0.6425023540500706,0,0,1.2608118081180812,0.7509255892049098,PRSS23
GO_Biological_Process_2023,Regulation Of Cell Motility (GO:2000145),0.6249947317747369,0.6438033506620017,0,0,1.0271538584951068,0.4827746993676014,PLXNA2
GO_Biological_Process_2023,Regulation Of Organelle Organization (GO:0033043),0.6249947317747369,0.6438033506620017,0,0,1.0271538584951068,0.4827746993676014,ZEB2
Reactome_2022,Intracellular Signaling By Second Messengers R-HSA-9006925,0.5564418666542426,0.6471394396331279,0,0,1.0349360974683202,0.606671857135248,PDGFRB;FLT3;PIK3AP1
Reactome_2022,FCERI Mediated NF-kB Activation R-HSA-2871837,0.5606152942759999,0.6505601656653361,0,0,1.227967604351368,0.7106498523972954,LYN
KEGG_2021_Human,Phosphatidylinositol signaling system,0.60880799693888,0.6505889379052737,0,0,1.074010399194901,0.5329801705032563,PLCG2
KEGG_2021_Human,Alcoholism,0.60880799693888,0.6505889379052737,0,0,1.074010399194901,0.5329801705032563,HDAC9
KEGG_2021_Human,mRNA surveillance pathway,0.6046537051702149,0.6505889379052737,0,0,1.0863977605293293,0.546566032125199,PPP2R2B
KEGG_2021_Human,Glucagon signaling pathway,0.6004554602545302,0.6505889379052737,0,0,1.099073200034326,0.5606007625408389,LDHC
Reactome_2022,Signaling By NOTCH4 R-HSA-9013694,0.5652305598972396,0.653045373360487,0,0,1.2121771217712176,0.6915731830659562,JAG1
Reactome_2022,PI Metabolism R-HSA-1483255,0.5652305598972396,0.653045373360487,0,0,1.2121771217712176,0.6915731830659562,GDPD5
Reactome_2022,Mitotic Prometaphase R-HSA-68877,0.5672004670352933,0.653890494748111,0,0,1.0561555969377199,0.5988850893332369,CENPU;CENPM
GO_Biological_Process_2023,Epithelium Development (GO:0060429),0.6366952714036912,0.655034646785388,0,0,0.9946008933773548,0.44902661579929554,DHRS9
GO_Biological_Process_2023,Cytoskeleton Organization (GO:0007010),0.6366952714036912,0.655034646785388,0,0,0.9946008933773548,0.44902661579929554,PALLD
Reactome_2022,Cyclin E Associated Events During G1/S Transition R-HSA-69202,0.5697975232985949,0.6554533601343313,0,0,1.1967863982437292,0.6731614761633429,CCND1
KEGG_2021_Human,Longevity regulating pathway,0.6210117149013537,0.6603929456024151,0,0,1.0384818133895624,0.4947382737600171,HSPA2
KEGG_2021_Human,Insulin resistance,0.6249947317747369,0.6614021918781195,0,0,1.0271538584951068,0.4827746993676014,TNF
GO_Biological_Process_2023,Intrinsic Apoptotic Signaling Pathway (GO:0097193),0.64429283386475,0.6620219675045554,0,0,0.9740175752272987,0.4281800207847966,SFN
GO_Biological_Process_2023,Intracellular Calcium Ion Homeostasis (GO:0006874),0.64429283386475,0.6620219675045554,0,0,0.9740175752272987,0.4281800207847966,EDN3
Reactome_2022,Cyclin A:Cdk2-associated Events At S Phase Entry R-HSA-69656,0.5787885527915738,0.6643485997259804,0,0,1.1671450047833811,0.6382159694784183,CCND1
Reactome_2022,Estrogen-dependent Gene Expression R-HSA-9018519,0.5832136106516578,0.6679756755402936,0,0,1.1528665286652866,0.6216276620852943,CCND1
GO_Biological_Process_2023,Inorganic Cation Transmembrane Transport (GO:0098662),0.6505168719654568,0.6679995128995284,0,0,0.9034910508594719,0.3884903501348588,ATP1B4;MCOLN2
Reactome_2022,Transport Of Inorganic Cations/Anions And Amino Acids/Oligopeptides R-HSA-425393,0.5919252531751764,0.6735701156820973,0,0,1.12532946758039,0.5900945423319838,SLC7A8
Reactome_2022,ER-Phagosome Pathway R-HSA-1236974,0.5919252531751764,0.6735701156820973,0,0,1.12532946758039,0.5900945423319838,TLR6
Reactome_2022,Regulation Of TP53 Activity Thru Phosphorylation R-HSA-6804756,0.5919252531751764,0.6735701156820973,0,0,1.12532946758039,0.5900945423319838,NUAK1
Reactome_2022,Programmed Cell Death R-HSA-5357801,0.5936145704121742,0.6740397702744688,0,0,1.0052403467297084,0.5242580136337437,GZMB;FASLG
Reactome_2022,RAC2 GTPase Cycle R-HSA-9013404,0.5962127989464565,0.6755372485916933,0,0,1.112046885174734,0.5751035320641229,CDC42EP4
GO_Biological_Process_2023,Regulation Of Protein Ubiquitination (GO:0031396),0.6590163100704689,0.6763046829767523,0,0,0.9352964816776881,0.3900251753130401,SH3RF2
GO_Biological_Process_2023,Small GTPase Mediated Signal Transduction (GO:0007264),0.6626012969877246,0.6791353281040746,0,0,0.9260907314955502,0.3811621195859947,SHTN1
GO_Biological_Process_2023,Regulation Of Protein-Containing Complex Assembly (GO:0043254),0.6626012969877246,0.6791353281040746,0,0,0.9260907314955502,0.3811621195859947,TNF
Reactome_2022,Cellular Response To Heat Stress R-HSA-3371556,0.60880799693888,0.6868603042387363,0,0,1.074010399194901,0.5329801705032563,HSPA2
Reactome_2022,RAC3 GTPase Cycle R-HSA-9013423,0.60880799693888,0.6868603042387363,0,0,1.074010399194901,0.5329801705032563,JAG1
GO_Biological_Process_2023,Cellular Response To Oxidative Stress (GO:0034599),0.6731324950998138,0.6894991829482506,0,0,0.8995255666842382,0.35604399979703133,MMP9
Reactome_2022,Signaling By TGF-beta Receptor Complex R-HSA-170834,0.6129187940988333,0.6900237170238465,0,0,1.0619014055309093,0.5198249756342721,ATP1B4
GO_Biological_Process_2023,Protein Homooligomerization (GO:0051260),0.6765695998680783,0.6925880701453286,0,0,0.8910046647636287,0.3481333019643125,NLRP3
GO_Biological_Process_2023,Regulation Of Protein Catabolic Process (GO:0042176),0.6799706937725318,0.6952033913305973,0,0,0.882643032037797,0.34044034184076316,TNF
GO_Biological_Process_2023,Double-Strand Break Repair Via Homologous Recombination (GO:0000724),0.6799706937725318,0.6952033913305973,0,0,0.882643032037797,0.34044034184076316,FSCN1
GO_Biological_Process_2023,Regulation Of Small GTPase Mediated Signal Transduction (GO:0051056),0.6866663488214634,0.701612444722428,0,0,0.8663800399471885,0.3256781213243897,CHN2
Reactome_2022,Potential Therapeutics For SARS R-HSA-9679191,0.6249947317747369,0.7021217412277896,0,0,1.0271538584951068,0.4827746993676014,PLCG2
Reactome_2022,Hedgehog Off State R-HSA-5610787,0.6328360771419325,0.7094213348852236,0,0,1.005221009656905,0.45993269310643853,ADCY10
GO_Biological_Process_2023,Supramolecular Fiber Organization (GO:0097435),0.696394495214186,0.7107240635157278,0,0,0.8275828460038986,0.2994517293475397,TPPP3;SCX
GO_Biological_Process_2023,Negative Regulation Of Response To External Stimulus (GO:0032102),0.6964490214609383,0.7107240635157278,0,0,0.8430745914602004,0.30499123824566154,NLRP3
KEGG_2021_Human,Purine metabolism,0.6799706937725318,0.7161044021372558,0,0,0.882643032037797,0.34044034184076316,ADCY10
Reactome_2022,CLEC7A (Dectin-1) Signaling R-HSA-5607764,0.64429283386475,0.7207343565266694,0,0,0.9740175752272987,0.4281800207847966,PLCG2
KEGG_2021_Human,Relaxin signaling pathway,0.6899616499702073,0.7231328831418519,0,0,0.858470311975847,0.31859486922067176,MMP9
Reactome_2022,Antigen processing-Cross Presentation R-HSA-1236975,0.6480320411087467,0.7233846040283683,0,0,0.9640409669402816,0.4182155648185641,TLR6
Reactome_2022,SARS-CoV-2 Activates/Modulates Innate And Adaptive Immune Responses R-HSA-9705671,0.6553933726387882,0.730058440407764,0,0,0.9446863468634686,0.3991485490784868,NLRP3
GO_Biological_Process_2023,Regulation Of Cell Cycle Process (GO:0010564),0.718107972052681,0.7323720658488857,0,0,0.7932649074389904,0.26267804668812894,NUGGC
KEGG_2021_Human,Dopaminergic synapse,0.7028011362726825,0.7330653000356209,0,0,0.8282190716644009,0.2920973837583754,PPP2R2B
GO_Biological_Process_2023,Regulation Of DNA Metabolic Process (GO:0051052),0.7210737493530157,0.7349405522251891,0,0,0.7866236162361624,0.2572368245912814,ZNF365
GO_Biological_Process_2023,Non-Membrane-Bounded Organelle Assembly (GO:0140694),0.7240084371454804,0.7370172628438812,0,0,0.7800920984416456,0.25193248525320205,PLA2G4C
GO_Biological_Process_2023,Protein Localization To Plasma Membrane (GO:0072659),0.7240084371454804,0.7370172628438812,0,0,0.7800920984416456,0.25193248525320205,TNF
GO_Biological_Process_2023,Actin Filament Organization (GO:0007015),0.7269123601182643,0.7395151750305315,0,0,0.773667654709334,0.2467608023621301,GAS2L3
Reactome_2022,Expression And Translocation Of Olfactory Receptors R-HSA-9752946,0.6661487295167265,0.7404769035470139,0,0,0.9170637337441335,0.3725500949147371,OR10Z1
Reactome_2022,Platelet Degranulation R-HSA-114608,0.6696589995969388,0.7428150247629909,0,0,0.908210332103321,0.364180220367904,PLEK
KEGG_2021_Human,Herpes simplex virus 1 infection,0.7185797993118046,0.7449956272936371,0,0,0.8189811810512654,0.27065568523915073,ZFP57;FASLG;TNF;HLA-DQA1
KEGG_2021_Human,Signaling pathways regulating pluripotency of stem cells,0.7210737493530157,0.7449956272936371,0,0,0.7866236162361624,0.2572368245912814,ID1
Reactome_2022,Metabolism Of Water-Soluble Vitamins And Cofactors R-HSA-196849,0.6731324950998138,0.7451026360853285,0,0,0.8995255666842382,0.35604399979703133,NAPRT
Reactome_2022,Olfactory Signaling Pathway R-HSA-381753,0.6765695998680783,0.7473404785153668,0,0,0.8910046647636287,0.3481333019643125,OR10Z1
Reactome_2022,Factors Involved In Megakaryocyte Development And Platelet Production R-HSA-983231,0.6799706937725318,0.7476011977020216,0,0,0.882643032037797,0.34044034184076316,DOCK5
Reactome_2022,Mitotic Anaphase R-HSA-68882,0.6800984471136012,0.7476011977020216,0,0,0.8540305010893247,0.3292438882800527,CENPU;CENPM
Reactome_2022,Mitotic Metaphase And Anaphase R-HSA-2555396,0.6824692751749515,0.7476011977020216,0,0,0.8501501501501502,0.3247894683744659,CENPU;CENPM
Reactome_2022,Deubiquitination R-HSA-5688426,0.6824692751749515,0.7476011977020216,0,0,0.8501501501501502,0.3247894683744659,NLRP3;ADRB2
Reactome_2022,SARS-CoV Infections R-HSA-9679506,0.6839381473984019,0.7476590928081909,0,0,0.8521856944506652,0.32373494288579324,TUSC3;PLCG2;NLRP3
Reactome_2022,Response To Elevated Platelet Cytosolic Ca2+ R-HSA-76005,0.6866663488214634,0.7490905623506873,0,0,0.8663800399471885,0.3256781213243897,PLEK
GO_Biological_Process_2023,Protein Localization To Cell Periphery (GO:1990778),0.7409816326722977,0.753361895099372,0,0,0.7430630211813929,0.22275501727366936,TNF
Reactome_2022,RHO GTPase Effectors R-HSA-195258,0.694109106724117,0.7540938443422505,0,0,0.8312612171643009,0.30351518004713496,CENPU;CENPM
Reactome_2022,Interleukin-1 Signaling R-HSA-9020702,0.6932224207742279,0.7540938443422505,0,0,0.8507031016256108,0.31170134063398575,MAP3K8
Reactome_2022,Signaling By TGFB Family Members R-HSA-9006936,0.6964490214609383,0.7550823066352679,0,0,0.8430745914602004,0.30499123824566154,ATP1B4
GO_Biological_Process_2023,Protein Glycosylation (GO:0006486),0.7464049803613092,0.7584065446713859,0,0,0.7314854543894276,0.2139499546159429,TUSC3
GO_Biological_Process_2023,Protein Ubiquitination (GO:0016567),0.7530851408059981,0.764721190571233,0,0,0.7614304752552631,0.21592416133407885,SH3RF2;HECW2;BSPRY
GO_Biological_Process_2023,Regulation Of Cellular Component Organization (GO:0051128),0.7543285889733727,0.7655107298846519,0,0,0.7147769204964777,0.20151506404769529,TNF
GO_Biological_Process_2023,Positive Regulation Of Cellular Catabolic Process (GO:0031331),0.756914588046486,0.7676609062718374,0,0,0.7093749132980052,0.19756436193671753,TNF
GO_Biological_Process_2023,Nitrogen Compound Transport (GO:0071705),0.7620055033322064,0.7723473423657095,0,0,0.6988109881098811,0.18993787555401825,SLC7A8
KEGG_2021_Human,Olfactory transduction,0.751715181424663,0.772990139389512,0,0,0.7202614010872933,0.2055610012029691,OR10Z1
KEGG_2021_Human,Wnt signaling pathway,0.7645109835093539,0.7824572507278832,0,0,0.6936455393965705,0.18625692807082764,CCND1
Reactome_2022,Cellular Senescence R-HSA-2559583,0.729785839479342,0.7879896180881238,0,0,0.7673476734767347,0.24171770812786694,ID1
Reactome_2022,Cell Cycle Checkpoints R-HSA-69620,0.7290093142053775,0.7879896180881238,0,0,0.7760402377686328,0.24528208370710952,CENPU;CENPM
Reactome_2022,Host Interactions Of HIV Factors R-HSA-162909,0.7326291934378134,0.7894453349697255,0,0,0.7611296274253065,0.23679928575717563,APOBEC3G
Reactome_2022,G1/S Transition R-HSA-69206,0.7382267802093528,0.7908091199518029,0,0,0.7489896327534704,0.22732150778249166,CCND1
Reactome_2022,"Cell Cycle, Mitotic R-HSA-69278",0.7383880608640887,0.7908091199518029,0,0,0.7960619734309425,0.24143426448120078,LYN;CENPU;CCND1;CENPM
Reactome_2022,Metabolism Of Steroids R-HSA-8957322,0.7382267802093528,0.7908091199518029,0,0,0.7489896327534704,0.22732150778249166,CYP21A2
KEGG_2021_Human,mTOR signaling pathway,0.779001484669598,0.793562260083983,0,0,0.664180655891066,0.16587402271482352,TNF
GO_Biological_Process_2023,Intracellular Monoatomic Cation Homeostasis (GO:0030003),0.7836314365358756,0.7937770963183993,0,0,0.6549046740467405,0.1596765494969111,EDN3
Reactome_2022,SARS-CoV-2 Infection R-HSA-9694516,0.7431889098173402,0.7943395635294649,0,0,0.7541037037037037,0.22382176018344066,TUSC3;NLRP3
GO_Biological_Process_2023,Peptidyl-Serine Phosphorylation (GO:0018105),0.7881647384690683,0.7978771813337519,0,0,0.6458828286913006,0.1537512137805251,LATS2
GO_Biological_Process_2023,DNA Metabolic Process (GO:0006259),0.7904210672298161,0.7996686043464211,0,0,0.6823671497584541,0.16048557445192407,FSCN1;ZNF365
Reactome_2022,Cell Cycle R-HSA-1640170,0.7532099241131517,0.8034239190540284,0,0,0.7928958953079308,0.22471566149066785,LYN;CENPU;CCND1;CENPM;HSPA2
GO_Biological_Process_2023,Phosphate-Containing Compound Metabolic Process (GO:0006796),0.7947878588396925,0.8035916628145321,0,0,0.6328041803907972,0.1453424920992352,PLA2G4C
GO_Biological_Process_2023,Gene Expression (GO:0010467),0.7969690770950467,0.8053014721200257,0,0,0.6725132275132275,0.15261974839270548,GZMB;NLRP3
GO_Biological_Process_2023,Peptidyl-Serine Modification (GO:0018209),0.799088239983519,0.8069465140091713,0,0,0.6243737934068082,0.14003699024649244,LATS2
GO_Biological_Process_2023,Organic Substance Transport (GO:0071702),0.801204640044319,0.808586746678634,0,0,0.6202417945232084,0.13746969904835873,NMUR1
GO_Biological_Process_2023,Double-Strand Break Repair (GO:0006302),0.813444608237977,0.8204355379588681,0,0,0.5965481806716801,0.12317374435165453,FSCN1
Reactome_2022,Interleukin-1 Family Signaling R-HSA-446652,0.7718708359055394,0.821668954351058,0,0,0.6785951312750538,0.17571410271814006,MAP3K8
Reactome_2022,RHOA GTPase Cycle R-HSA-8980692,0.7742728300628857,0.8225675136281765,0,0,0.6737216657880865,0.17235886988423332,STOM
Reactome_2022,Citric Acid (TCA) Cycle And Respiratory Electron Transport R-HSA-1428517,0.7766496251915839,0.8234357471910769,0,0,0.6689173274711471,0.169079532542381,LDHC
Reactome_2022,Disorders Of Transmembrane Transporters R-HSA-5619115,0.7881647384690683,0.8339699036305973,0,0,0.6458828286913006,0.1537512137805251,NLRP3
Reactome_2022,Regulation Of TP53 Activity R-HSA-5633007,0.792603400779357,0.836989191223001,0,0,0.6371048169941159,0.14808374277929373,NUAK1
Reactome_2022,TCF Dependent Signaling In Response To WNT R-HSA-201681,0.7947878588396925,0.8376207374597957,0,0,0.6328041803907972,0.1453424920992352,SOX13
Reactome_2022,Ub-specific Processing Proteases R-HSA-5689880,0.8032988268083545,0.8432242158147341,0,0,0.6161638086969105,0.1349574324740021,ADRB2
Reactome_2022,Metabolism Of Vitamins And Cofactors R-HSA-196854,0.8032988268083545,0.8432242158147341,0,0,0.6161638086969105,0.1349574324740021,NAPRT
GO_Biological_Process_2023,Protein Localization (GO:0008104),0.8379427396216704,0.8446257185266285,0,0,0.6107022607022607,0.10797552505351449,ID1;TNS4
GO_Biological_Process_2023,Protein Localization To Membrane (GO:0072657),0.8391628229026072,0.8453369209251893,0,0,0.5476915815669785,0.09603800555620583,TNF
GO_Biological_Process_2023,Positive Regulation Of Protein Metabolic Process (GO:0051247),0.8458392175279524,0.8515403397049178,0,0,0.535160181147266,0.08959972187477531,TNF
Reactome_2022,S Phase R-HSA-69242,0.813444608237977,0.8521800657731189,0,0,0.5965481806716801,0.12317374435165453,CCND1
GO_Biological_Process_2023,DNA-templated Transcription (GO:0006351),0.85379769674192,0.8590260965994945,0,0,0.5202748160078285,0.0822351588985923,SCX
KEGG_2021_Human,Thermogenesis,0.85379769674192,0.8657111529755283,0,0,0.5202748160078285,0.0822351588985923,ADCY10
Reactome_2022,Transcriptional Regulation By RUNX1 R-HSA-8878171,0.8304108390714395,0.8682315307519209,0,0,0.5642000132576176,0.10484794800322937,CCND1
GO_Biological_Process_2023,Cilium Organization (GO:0044782),0.865688433893516,0.8704566076420115,0,0,0.4980964095355239,0.0718405503747261,NME8
Reactome_2022,SARS-CoV-2-host Interactions R-HSA-9705683,0.8374491932571622,0.873860027746604,0,0,0.5509160354761442,0.09772957486175668,NLRP3
Reactome_2022,Cellular Response To Chemical Stress R-HSA-9711123,0.8391628229026072,0.8739210463364431,0,0,0.5476915815669785,0.09603800555620583,NLRP3
Reactome_2022,Metabolism Of Amino Acids And Derivatives R-HSA-71291,0.8444230472300639,0.8776680490895151,0,0,0.6008283043426813,0.10160106914981154,TPO;CYP21A2
GO_Biological_Process_2023,Proteasomal Protein Catabolic Process (GO:0010498),0.8878527270887063,0.8916516079503328,0,0,0.4566868484218823,0.05432262551953738,TBX21
GO_Biological_Process_2023,Monoatomic Cation Transmembrane Transport (GO:0098655),0.8878527270887063,0.8916516079503328,0,0,0.4566868484218823,0.05432262551953738,MCOLN2
Reactome_2022,M Phase R-HSA-68886,0.8702336850535397,0.9027178501144774,0,0,0.5608844665561084,0.07795929504121767,CENPU;CENPM
Reactome_2022,Chromatin Modifying Enzymes R-HSA-3247509,0.875299462313345,0.9046427080769988,0,0,0.48017546501995634,0.06395419014266326,CCND1
Reactome_2022,Generic Transcription Pathway R-HSA-212436,0.8755159542184591,0.9046427080769988,0,0,0.7037386113729186,0.09355635122589896,NUAK1;MEF2C;JAG1;CCND1;ATP1B4;FASLG;HIVEP3;HDAC9
Reactome_2022,Class I MHC Mediated Antigen Processing And Presentation R-HSA-983169,0.8920648779798315,0.9199419054167012,0,0,0.5258636788048553,0.06006226463761723,HECW2;TLR6
Reactome_2022,HIV Infection R-HSA-162906,0.9043608357151625,0.9293403879338688,0,0,0.4254395485131322,0.04276809498814865,APOBEC3G
Reactome_2022,Cellular Responses To Stress R-HSA-2262752,0.9046987867386527,0.9293403879338688,0,0,0.5891644141497239,0.059006714963525796,MEF2C;ID1;NLRP3;HSPA2
Reactome_2022,Cellular Responses To Stimuli R-HSA-8953897,0.9097100082679846,0.9326735618747494,0,0,0.5816485225505443,0.05504105214873741,MEF2C;ID1;NLRP3;HSPA2
KEGG_2021_Human,Pathways of neurodegeneration,0.9245889014817965,0.9331499098288503,0,0,0.46972988025619605,0.036829674383926446,FASLG;TNF
Reactome_2022,Organelle Biogenesis And Maintenance R-HSA-1852241,0.9201612386607844,0.9397391373556946,0,0,0.39478743526931065,0.032848827389567674,MEF2C
Reactome_2022,Signaling By WNT R-HSA-195721,0.9201612386607844,0.9397391373556946,0,0,0.39478743526931065,0.032848827389567674,SOX13
GO_Biological_Process_2023,DNA Repair (GO:0006281),0.9437871776655391,0.9472463854028594,0,0,0.3462643482523386,0.020032980390708225,FSCN1
Reactome_2022,RNA Polymerase II Transcription R-HSA-73857,0.9339607602559045,0.9519908907627752,0,0,0.6291535165370897,0.042984305678929496,NUAK1;MEF2C;JAG1;CCND1;ATP1B4;FASLG;HIVEP3;HDAC9
GO_Biological_Process_2023,Organelle Assembly (GO:0070925),0.9510498389768645,0.9539529215134238,0,0,0.33024530949534847,0.016574619386960473,NME8
GO_Biological_Process_2023,Protein-Containing Complex Assembly (GO:0065003),0.9520809526535761,0.9544045181268002,0,0,0.327910097282791,0.016102095337847316,ADRB2
Reactome_2022,Asparagine N-linked Glycosylation R-HSA-446203,0.9381396409440486,0.9544079584170667,0,0,0.3582856820934622,0.02287885895073518,TUSC3
GO_Biological_Process_2023,Proteasome-Mediated Ubiquitin-Dependent Protein Catabolic Process (GO:0043161),0.9573771281373143,0.9591284277619557,0,0,0.31562861083156285,0.013748116900713227,TBX21
KEGG_2021_Human,Amyotrophic lateral sclerosis,0.9624916014450337,0.9624916014450337,0,0,0.30322788664779854,0.01159238349734718,TNF
KEGG_2021_Human,Alzheimer disease,0.9624916014450337,0.9624916014450337,0,0,0.30322788664779854,0.01159238349734718,TNF
Reactome_2022,Neuronal System R-HSA-112316,0.9483743095046692,0.9629646834970487,0,0,0.33622981391104234,0.017822202023920455,NLGN4Y
Reactome_2022,Antigen Processing: Ubiquitination And Proteasome Degradation R-HSA-983168,0.9550462372148659,0.9678779524941443,0,0,0.3210963958954658,0.014768996900759612,HECW2
GO_Biological_Process_2023,Ubiquitin-Dependent Protein Catabolic Process (GO:0006511),0.9741734725412041,0.9753607650123086,0,0,0.2720007723333047,0.00711714173745438,TBX21
Reactome_2022,Gene Expression (Transcription) R-HSA-74160,0.9677433669560709,0.9788668539325776,0,0,0.5664925113200975,0.01857435112846609,NUAK1;MEF2C;JAG1;CCND1;ATP1B4;FASLG;HIVEP3;HDAC9
GO_Biological_Process_2023,Organelle Organization (GO:0006996),0.9797954185639371,0.9803921271014304,0,0,0.25472314668650775,0.005199277860348857,PALLD
GO_Biological_Process_2023,Vesicle-Mediated Transport (GO:0016192),0.9804324458917371,0.9804324458917371,0,0,0.25262790465742496,0.004992314758222449,ADRB2
Reactome_2022,Transcriptional Regulation By TP53 R-HSA-3700989,0.9733335259919561,0.9807635529079252,0,0,0.2744262046726039,0.0074173216616777405,NUAK1
Reactome_2022,Metabolism Of Proteins R-HSA-392499,0.9733235013529433,0.9807635529079252,0,0,0.5819042472085774,0.015733977306929752,SPON2;ACE;TUSC3;P2RY2;NLRP3;ADRB2;TGFBI;ARSD;PRSS23;GZMH
Reactome_2022,Membrane Trafficking R-HSA-199991,0.9792956796628508,0.98489165497521,0,0,0.34255174291939,0.007166751071595718,NLRP3;ADRB2
Reactome_2022,Post-translational Protein Modification R-HSA-597592,0.9852162698368345,0.9870857504247602,0,0,0.4737807704191987,0.007056537520973635,SPON2;TUSC3;NLRP3;ADRB2;ARSD;PRSS23
Reactome_2022,Vesicle-mediated Transport R-HSA-5653656,0.9844313285249797,0.9870857504247602,0,0,0.3236843800322061,0.005078975620632292,NLRP3;ADRB2
Reactome_2022,Metabolism Of RNA R-HSA-8953854,0.9988600422839184,0.9988600422839184,0,0,0.14566057471598337,0.00016614161128429566,APOBEC3H
