Gene_set,Term,P-value,Adjusted P-value,Old P-value,Old adjusted P-value,Odds Ratio,Combined Score,Genes
GO_Biological_Process_2023,Long-Term Synaptic Depression (GO:0060292),0.00017650359903522943,0.07819109437260664,0,0,147.03977272727272,1270.7426083699054,PRRT1;SLC24A2
GO_Biological_Process_2023,Negative Regulation Of Synaptic Transmission (GO:0050805),0.0007661747057938383,0.15305935525504677,0,0,58.80227272727273,421.85340469376473,PRRT1;SLC24A2
GO_Biological_Process_2023,Anterograde Trans-Synaptic Signaling (GO:0098916),0.0010365193358129578,0.15305935525504677,0,0,9.662040510127532,66.3964502982366,KCNQ2;MYCBPAP;NPTX1;SLC18A2
GO_Biological_Process_2023,Regulation Of Neuron Projection Development (GO:0010975),0.0016005167075530385,0.17725722536149902,0,0,8.55249169435216,55.05605599989349,KIF26A;PTPRO;EFHC2;EPHB3
GO_Biological_Process_2023,Regulation Of Protein Localization To Cell Cortex (GO:1904776),0.020613356808595378,0.17812219445760552,0,0,58.15280898876404,225.73850580419173,GNAI1
GO_Biological_Process_2023,Regulation Of Transforming Growth Factor Beta1 Production (GO:0032908),0.020613356808595378,0.17812219445760552,0,0,58.15280898876404,225.73850580419173,LAPTM4B
GO_Biological_Process_2023,Neurotransmitter Reuptake (GO:0098810),0.020613356808595378,0.17812219445760552,0,0,58.15280898876404,225.73850580419173,SLC18A2
GO_Biological_Process_2023,Regulation Of Postsynaptic Neurotransmitter Receptor Activity (GO:0098962),0.020613356808595378,0.17812219445760552,0,0,58.15280898876404,225.73850580419173,NPTX1
GO_Biological_Process_2023,Cilium Movement Involved In Cell Motility (GO:0060294),0.020613356808595378,0.17812219445760552,0,0,58.15280898876404,225.73850580419173,RSPH9
GO_Biological_Process_2023,Copper Ion Import (GO:0015677),0.020613356808595378,0.17812219445760552,0,0,58.15280898876404,225.73850580419173,ATP7B
GO_Biological_Process_2023,Positive Regulation Of Behavior (GO:0048520),0.020613356808595378,0.17812219445760552,0,0,58.15280898876404,225.73850580419173,NPAS2
GO_Biological_Process_2023,"Regulation Of Wnt Signaling Pathway, Planar Cell Polarity Pathway (GO:2000095)",0.020613356808595378,0.17812219445760552,0,0,58.15280898876404,225.73850580419173,DACT1
GO_Biological_Process_2023,Serotonin Uptake (GO:0051610),0.020613356808595378,0.17812219445760552,0,0,58.15280898876404,225.73850580419173,SLC18A2
GO_Biological_Process_2023,Regulation Of Canonical Wnt Signaling Pathway (GO:0060828),0.020722073081292522,0.17812219445760552,0,0,5.374712643678161,20.835373549632486,GPRC5B;PTPRO;DACT1
GO_Biological_Process_2023,Purine-Containing Compound Metabolic Process (GO:0072521),0.020613356808595378,0.17812219445760552,0,0,58.15280898876404,225.73850580419173,FHIT
GO_Biological_Process_2023,Monoamine Transport (GO:0015844),0.020613356808595378,0.17812219445760552,0,0,58.15280898876404,225.73850580419173,SLC18A2
GO_Biological_Process_2023,Regulation Of Lipase Activity (GO:0060191),0.02400783638011118,0.17812219445760552,0,0,48.45880149812734,180.72104216306136,PCSK5
GO_Biological_Process_2023,Collagen-Activated Signaling Pathway (GO:0038065),0.02400783638011118,0.17812219445760552,0,0,48.45880149812734,180.72104216306136,ITGA2
GO_Biological_Process_2023,Dopamine Transport (GO:0015872),0.02400783638011118,0.17812219445760552,0,0,48.45880149812734,180.72104216306136,SLC18A2
GO_Biological_Process_2023,Serotonin Transport (GO:0006837),0.02400783638011118,0.17812219445760552,0,0,48.45880149812734,180.72104216306136,SLC18A2
GO_Biological_Process_2023,Endomembrane System Organization (GO:0010256),0.025133840307841892,0.17812219445760552,0,0,4.9796590468810535,18.342773890279183,LAPTM4B;SPTBN5;FAM174B
GO_Biological_Process_2023,Positive Regulation Of Canonical Wnt Signaling Pathway (GO:0090263),0.025943245972952823,0.17812219445760552,0,0,8.380844155844155,30.605535227874075,GPRC5B;DACT1
GO_Biological_Process_2023,Eye Photoreceptor Cell Differentiation (GO:0001754),0.027390682283332534,0.17812219445760552,0,0,41.534510433386835,149.42257711407223,SDK2
GO_Biological_Process_2023,Positive Regulation Of Macrophage Cytokine Production (GO:0060907),0.027390682283332534,0.17812219445760552,0,0,41.534510433386835,149.42257711407223,GPRC5B
GO_Biological_Process_2023,Unsaturated Fatty Acid Biosynthetic Process (GO:0006636),0.027390682283332534,0.17812219445760552,0,0,41.534510433386835,149.42257711407223,SCD
GO_Biological_Process_2023,Negative Regulation Of Reactive Oxygen Species Biosynthetic Process (GO:1903427),0.027390682283332534,0.17812219445760552,0,0,41.534510433386835,149.42257711407223,SLC18A2
GO_Biological_Process_2023,Mesodermal Cell Differentiation (GO:0048333),0.027390682283332534,0.17812219445760552,0,0,41.534510433386835,149.42257711407223,ITGA2
GO_Biological_Process_2023,Cellular Response To Forskolin (GO:1904322),0.027390682283332534,0.17812219445760552,0,0,41.534510433386835,149.42257711407223,GNAI1
GO_Biological_Process_2023,Response To Forskolin (GO:1904321),0.027390682283332534,0.17812219445760552,0,0,41.534510433386835,149.42257711407223,GNAI1
GO_Biological_Process_2023,Digestive Tract Morphogenesis (GO:0048546),0.027390682283332534,0.17812219445760552,0,0,41.534510433386835,149.42257711407223,EPHB3
GO_Biological_Process_2023,Adenylate Cyclase-Activating G Protein-Coupled Receptor Signaling Pathway (GO:0007189),0.022063866386440985,0.17812219445760552,0,0,9.168678977272727,34.96763637042346,ADGRE1;ADGRG7
GO_Biological_Process_2023,Long-Chain Fatty Acid Metabolic Process (GO:0001676),0.022063866386440985,0.17812219445760552,0,0,9.168678977272727,34.96763637042346,ASAH2;ADTRP
GO_Biological_Process_2023,Regulation Of Mast Cell Activation (GO:0033003),0.030761933737441724,0.17812219445760552,0,0,36.34129213483146,126.52138256597536,HAVCR1
GO_Biological_Process_2023,Negative Regulation Of Transforming Growth Factor Beta Production (GO:0071635),0.030761933737441724,0.17812219445760552,0,0,36.34129213483146,126.52138256597536,LAPTM4B
GO_Biological_Process_2023,Neuron Projection Fasciculation (GO:0106030),0.030761933737441724,0.17812219445760552,0,0,36.34129213483146,126.52138256597536,EPHB3
GO_Biological_Process_2023,Calcium Ion Import (GO:0070509),0.030761933737441724,0.17812219445760552,0,0,36.34129213483146,126.52138256597536,SLC24A2
GO_Biological_Process_2023,Podocyte Differentiation (GO:0072112),0.030761933737441724,0.17812219445760552,0,0,36.34129213483146,126.52138256597536,PTPRO
GO_Biological_Process_2023,Diol Metabolic Process (GO:0034311),0.030761933737441724,0.17812219445760552,0,0,36.34129213483146,126.52138256597536,PRKG2
GO_Biological_Process_2023,Signal Release (GO:0023061),0.030761933737441724,0.17812219445760552,0,0,36.34129213483146,126.52138256597536,PCSK5
GO_Biological_Process_2023,Epithelial Cell Morphogenesis (GO:0003382),0.03412162989817951,0.17812219445760552,0,0,32.30212234706617,109.11087726410499,RAB25
GO_Biological_Process_2023,Intracellular Copper Ion Homeostasis (GO:0006878),0.03412162989817951,0.17812219445760552,0,0,32.30212234706617,109.11087726410499,ATP7B
GO_Biological_Process_2023,Neurotransmitter Uptake (GO:0001504),0.03412162989817951,0.17812219445760552,0,0,32.30212234706617,109.11087726410499,SLC18A2
GO_Biological_Process_2023,Axonal Fasciculation (GO:0007413),0.03412162989817951,0.17812219445760552,0,0,32.30212234706617,109.11087726410499,EPHB3
GO_Biological_Process_2023,Organic Cyclic Compound Catabolic Process (GO:1901361),0.03412162989817951,0.17812219445760552,0,0,32.30212234706617,109.11087726410499,PRODH
GO_Biological_Process_2023,Copper Ion Transport (GO:0006825),0.03412162989817951,0.17812219445760552,0,0,32.30212234706617,109.11087726410499,ATP7B
GO_Biological_Process_2023,Positive Regulation Of Protein Catabolic Process (GO:0045732),0.034453810163229154,0.17812219445760552,0,0,7.151053215077606,24.085717539308085,ECSCR;DACT1
GO_Biological_Process_2023,Central Nervous System Development (GO:0007417),0.034927231804947195,0.17812219445760552,0,0,4.362153898420248,14.632794970098047,NPTX1;SMARCA1;NPAS2
GO_Biological_Process_2023,Negative Regulation Of Canonical Wnt Signaling Pathway (GO:0090090),0.03520602482056914,0.17812219445760552,0,0,7.064622124863089,23.642026759256154,PTPRO;DACT1
GO_Biological_Process_2023,Substrate-Dependent Cell Migration (GO:0006929),0.03746980980966364,0.17812219445760552,0,0,29.070786516853932,95.47485099389723,ITGA2
GO_Biological_Process_2023,Intrinsic Apoptotic Signaling Pathway In Response To Oxidative Stress (GO:0008631),0.03746980980966364,0.17812219445760552,0,0,29.070786516853932,95.47485099389723,PRODH
GO_Biological_Process_2023,Autonomic Nervous System Development (GO:0048483),0.03746980980966364,0.17812219445760552,0,0,29.070786516853932,95.47485099389723,KIF26A
GO_Biological_Process_2023,Regulation Of Non-Canonical Wnt Signaling Pathway (GO:2000050),0.03746980980966364,0.17812219445760552,0,0,29.070786516853932,95.47485099389723,DACT1
GO_Biological_Process_2023,Nucleotide Metabolic Process (GO:0009117),0.03746980980966364,0.17812219445760552,0,0,29.070786516853932,95.47485099389723,FHIT
GO_Biological_Process_2023,Lysosomal Membrane Organization (GO:0097212),0.03746980980966364,0.17812219445760552,0,0,29.070786516853932,95.47485099389723,LAPTM4B
GO_Biological_Process_2023,Purine Ribonucleoside Bisphosphate Metabolic Process (GO:0034035),0.03746980980966364,0.17812219445760552,0,0,29.070786516853932,95.47485099389723,TPST1
GO_Biological_Process_2023,Negative Regulation Of Biosynthetic Process (GO:0009890),0.03746980980966364,0.17812219445760552,0,0,29.070786516853932,95.47485099389723,SLC18A2
GO_Biological_Process_2023,Embryonic Digestive Tract Development (GO:0048566),0.03746980980966364,0.17812219445760552,0,0,29.070786516853932,95.47485099389723,PCSK5
GO_Biological_Process_2023,Potassium Ion Transport (GO:0006813),0.03750066608226851,0.17812219445760552,0,0,6.817389006342495,22.38419177501747,SLC24A2;KCNQ2
GO_Biological_Process_2023,Negative Regulation Of Signal Transduction (GO:0009968),0.03887018242534842,0.17812219445760552,0,0,4.175504229017567,13.560066233580029,ASAH2;KIF26A;DACT1
GO_Biological_Process_2023,Neuron Projection Guidance (GO:0097485),0.040646921752189494,0.17812219445760552,0,0,6.513383838383838,20.861275302962824,PTPRO;EPHB3
GO_Biological_Process_2023,Positive Regulation Of Wnt Signaling Pathway (GO:0030177),0.040646921752189494,0.17812219445760552,0,0,6.513383838383838,20.861275302962824,GPRC5B;DACT1
GO_Biological_Process_2023,Sphingoid Biosynthetic Process (GO:0046520),0.04080651242611871,0.17812219445760552,0,0,26.426966292134832,84.537581667829,ASAH2
GO_Biological_Process_2023,Thymus Development (GO:0048538),0.030761933737441724,0.17812219445760552,0,0,36.34129213483146,126.52138256597536,EPHB3
GO_Biological_Process_2023,Regulation Of Lipoprotein Lipase Activity (GO:0051004),0.030761933737441724,0.17812219445760552,0,0,36.34129213483146,126.52138256597536,PCSK5
GO_Biological_Process_2023,Limb Morphogenesis (GO:0035108),0.04080651242611871,0.17812219445760552,0,0,26.426966292134832,84.537581667829,PCSK5
GO_Biological_Process_2023,Motile Cilium Assembly (GO:0044458),0.04080651242611871,0.17812219445760552,0,0,26.426966292134832,84.537581667829,RSPH9
GO_Biological_Process_2023,Embryo Development Ending In Birth Or Egg Hatching (GO:0009792),0.04080651242611871,0.17812219445760552,0,0,26.426966292134832,84.537581667829,RAI2
GO_Biological_Process_2023,Signal Peptide Processing (GO:0006465),0.04080651242611871,0.17812219445760552,0,0,26.426966292134832,84.537581667829,PCSK5
GO_Biological_Process_2023,Epithelium Development (GO:0060429),0.04388932298648746,0.17812219445760552,0,0,6.235251450676983,19.49192104694646,CNN3;DACT1
GO_Biological_Process_2023,Cytoskeleton Organization (GO:0007010),0.04388932298648746,0.17812219445760552,0,0,6.235251450676983,19.49192104694646,TIMD4;ZNF135
GO_Biological_Process_2023,3'-Phosphoadenosine 5'-Phosphosulfate Metabolic Process (GO:0050427),0.044131776569750085,0.17812219445760552,0,0,24.223782771535582,75.59213573963933,TPST1
GO_Biological_Process_2023,Regulation Of Macrophage Cytokine Production (GO:0010935),0.044131776569750085,0.17812219445760552,0,0,24.223782771535582,75.59213573963933,GPRC5B
GO_Biological_Process_2023,Cellular Modified Amino Acid Catabolic Process (GO:0042219),0.044131776569750085,0.17812219445760552,0,0,24.223782771535582,75.59213573963933,PRODH
GO_Biological_Process_2023,Ceramide Catabolic Process (GO:0046514),0.044131776569750085,0.17812219445760552,0,0,24.223782771535582,75.59213573963933,ASAH2
GO_Biological_Process_2023,Copper Ion Homeostasis (GO:0055070),0.044131776569750085,0.17812219445760552,0,0,24.223782771535582,75.59213573963933,ATP7B
GO_Biological_Process_2023,Response To Fatty Acid (GO:0070542),0.044131776569750085,0.17812219445760552,0,0,24.223782771535582,75.59213573963933,SCD
GO_Biological_Process_2023,Regulation Of Activin Receptor Signaling Pathway (GO:0032925),0.044131776569750085,0.17812219445760552,0,0,24.223782771535582,75.59213573963933,DACT1
GO_Biological_Process_2023,Intrinsic Apoptotic Signaling Pathway (GO:0097193),0.0455455801774768,0.17812219445760552,0,0,6.104876893939394,18.85821925180934,PRODH;FHIT
GO_Biological_Process_2023,Potassium Ion Transmembrane Transport (GO:0071805),0.04638230083843327,0.17812219445760552,0,0,6.041705716963449,18.553095512743877,SLC24A2;KCNQ2
GO_Biological_Process_2023,"RNA Phosphodiester Bond Hydrolysis, Endonucleolytic (GO:0090502)",0.047445640961619524,0.17812219445760552,0,0,22.359550561797754,68.15572519001785,ZC3H12B
GO_Biological_Process_2023,Negative Regulation Of Reactive Oxygen Species Metabolic Process (GO:2000378),0.047445640961619524,0.17812219445760552,0,0,22.359550561797754,68.15572519001785,SLC18A2
GO_Biological_Process_2023,Regulation Of Nervous System Process (GO:0031644),0.047445640961619524,0.17812219445760552,0,0,22.359550561797754,68.15572519001785,NPTX1
GO_Biological_Process_2023,Regulation Of AMPA Receptor Activity (GO:2000311),0.047445640961619524,0.17812219445760552,0,0,22.359550561797754,68.15572519001785,PRRT1
GO_Biological_Process_2023,Response To Copper Ion (GO:0046688),0.047445640961619524,0.17812219445760552,0,0,22.359550561797754,68.15572519001785,ATP7B
GO_Biological_Process_2023,Dendritic Spine Morphogenesis (GO:0060997),0.047445640961619524,0.17812219445760552,0,0,22.359550561797754,68.15572519001785,EPHB3
GO_Biological_Process_2023,Positive Regulation Of Endothelial Cell Apoptotic Process (GO:2000353),0.047445640961619524,0.17812219445760552,0,0,22.359550561797754,68.15572519001785,ECSCR
GO_Biological_Process_2023,Chemical Synaptic Transmission (GO:0007268),0.0031124430804557375,0.17812219445760552,0,0,7.076923076923077,40.85045784908709,KCNQ2;MYCBPAP;NPTX1;SLC18A2
GO_Biological_Process_2023,Regulation Of Plasma Membrane Bounded Cell Projection Organization (GO:0120035),0.0026218870927890102,0.17812219445760552,0,0,29.389772727272728,174.68872262087177,KIF26A;EFHC2
GO_Biological_Process_2023,Regulation Of Lysosome Organization (GO:1905671),0.01720720429200063,0.17812219445760552,0,0,72.6938202247191,295.31334736767326,LAPTM4B
GO_Biological_Process_2023,Regulation Of Lysosomal Protein Catabolic Process (GO:1905165),0.01720720429200063,0.17812219445760552,0,0,72.6938202247191,295.31334736767326,LAPTM4B
GO_Biological_Process_2023,Pteridine-Containing Compound Metabolic Process (GO:0042558),0.01720720429200063,0.17812219445760552,0,0,72.6938202247191,295.31334736767326,PRKG2
GO_Biological_Process_2023,Peptidyl-Tyrosine Dephosphorylation Involved In Inactivation Of Protein Kinase Activity (GO:1990264),0.01720720429200063,0.17812219445760552,0,0,72.6938202247191,295.31334736767326,PTPRO
GO_Biological_Process_2023,Urogenital System Development (GO:0001655),0.01720720429200063,0.17812219445760552,0,0,72.6938202247191,295.31334736767326,EPHB3
GO_Biological_Process_2023,Regulation Of Glomerular Filtration (GO:0003093),0.01720720429200063,0.17812219445760552,0,0,72.6938202247191,295.31334736767326,PTPRO
GO_Biological_Process_2023,Sphingosine Biosynthetic Process (GO:0046512),0.04080651242611871,0.17812219445760552,0,0,26.426966292134832,84.537581667829,ASAH2
GO_Biological_Process_2023,Glutamine Family Amino Acid Catabolic Process (GO:0009065),0.04080651242611871,0.17812219445760552,0,0,26.426966292134832,84.537581667829,PRODH
GO_Biological_Process_2023,Neurotransmitter Loading Into Synaptic Vesicle (GO:0098700),0.0069183172792647765,0.17812219445760552,0,0,290.80898876404495,1446.3625574578252,SLC18A2
GO_Biological_Process_2023,Nervous System Development (GO:0007399),0.00535598781048232,0.17812219445760552,0,0,4.7290048094709585,24.73052041198926,KCNQ2;NPTX1;NPAS2;SDK2;DACT1
GO_Biological_Process_2023,Protein Sulfation (GO:0006477),0.01378933955390236,0.17812219445760552,0,0,96.92883895131087,415.22952576672503,TPST1
GO_Biological_Process_2023,Renal System Process Involved In Regulation Of Blood Volume (GO:0001977),0.01378933955390236,0.17812219445760552,0,0,96.92883895131087,415.22952576672503,PTPRO
GO_Biological_Process_2023,Enteric Nervous System Development (GO:0048484),0.01378933955390236,0.17812219445760552,0,0,96.92883895131087,415.22952576672503,KIF26A
GO_Biological_Process_2023,Fatty Acid Biosynthetic Process (GO:0006633),0.015118322144146186,0.17812219445760552,0,0,11.289772727272727,47.32500991416829,ASAH2;SCD
GO_Biological_Process_2023,Axonemal Central Apparatus Assembly (GO:1904158),0.01378933955390236,0.17812219445760552,0,0,96.92883895131087,415.22952576672503,RSPH9
GO_Biological_Process_2023,Proline Metabolic Process (GO:0006560),0.01378933955390236,0.17812219445760552,0,0,96.92883895131087,415.22952576672503,PRODH
GO_Biological_Process_2023,Amine Transport (GO:0015837),0.01378933955390236,0.17812219445760552,0,0,96.92883895131087,415.22952576672503,SLC18A2
GO_Biological_Process_2023,Heterocycle Catabolic Process (GO:0046700),0.01378933955390236,0.17812219445760552,0,0,96.92883895131087,415.22952576672503,PRODH
GO_Biological_Process_2023,Chordate Embryonic Development (GO:0043009),0.011600561751544837,0.17812219445760552,0,0,13.04949494949495,58.15770704569255,PCSK5;DACT1
GO_Biological_Process_2023,Amide Biosynthetic Process (GO:0043604),0.011600561751544837,0.17812219445760552,0,0,13.04949494949495,58.15770704569255,ASAH2;PCSK5
GO_Biological_Process_2023,Renal Filtration Cell Differentiation (GO:0061318),0.010359723454158636,0.17812219445760552,0,0,145.3988764044944,664.4481089918568,PTPRO
GO_Biological_Process_2023,Long-Chain Fatty Acid Catabolic Process (GO:0042758),0.010359723454158636,0.17812219445760552,0,0,145.3988764044944,664.4481089918568,ADTRP
GO_Biological_Process_2023,Glomerular Epithelial Cell Differentiation (GO:0072311),0.010359723454158636,0.17812219445760552,0,0,145.3988764044944,664.4481089918568,PTPRO
GO_Biological_Process_2023,Regulation Of Retinal Ganglion Cell Axon Guidance (GO:0090259),0.0069183172792647765,0.17812219445760552,0,0,290.80898876404495,1446.3625574578252,PTPRO
GO_Biological_Process_2023,Positive Regulation Of Mast Cell Activation (GO:0033005),0.020613356808595378,0.17812219445760552,0,0,58.15280898876404,225.73850580419173,HAVCR1
GO_Biological_Process_2023,Phagocytosis (GO:0006909),0.01903435873542724,0.17812219445760552,0,0,9.947611710323574,39.40755907288952,TIMD4;HAVCR1
GO_Biological_Process_2023,Adenylate Cyclase-Modulating G Protein-Coupled Receptor Signaling Pathway (GO:0007188),0.005105558821968044,0.17812219445760552,0,0,9.166725915392819,48.376711885020626,ADGRE1;ADGRG7;GNAI1
GO_Biological_Process_2023,"Phagocytosis, Engulfment (GO:0006911)",0.004536226620903027,0.17812219445760552,0,0,21.764309764309765,117.43281025338209,TIMD4;HAVCR1
GO_Biological_Process_2023,Digestive Tract Development (GO:0048565),0.003939371832467121,0.17812219445760552,0,0,23.507272727272728,130.15351619790397,PCSK5;EPHB3
GO_Biological_Process_2023,Regulation Of Neurotransmitter Receptor Activity (GO:0099601),0.0036557725103451046,0.17812219445760552,0,0,24.487689393939394,137.41139202493036,PRRT1;NPTX1
GO_Biological_Process_2023,Regulation Of JNK Cascade (GO:0046328),0.04807268339637969,0.1789596533159345,0,0,5.91919191919192,17.96499120310468,EDAR;DACT1
GO_Biological_Process_2023,Epithelial Cell Development (GO:0002064),0.050748144192755154,0.17985142301912427,0,0,20.761637239165328,61.887953975357576,RAB25
GO_Biological_Process_2023,Sphingolipid Catabolic Process (GO:0030149),0.050748144192755154,0.17985142301912427,0,0,20.761637239165328,61.887953975357576,ASAH2
GO_Biological_Process_2023,NLS-bearing Protein Import Into Nucleus (GO:0006607),0.050748144192755154,0.17985142301912427,0,0,20.761637239165328,61.887953975357576,RGPD8
GO_Biological_Process_2023,Positive Regulation Of Myeloid Leukocyte Cytokine Production Involved In Immune Response (GO:0061081),0.050748144192755154,0.17985142301912427,0,0,20.761637239165328,61.887953975357576,GPRC5B
GO_Biological_Process_2023,Negative Regulation Of Phosphatase Activity (GO:0010923),0.050748144192755154,0.17985142301912427,0,0,20.761637239165328,61.887953975357576,PPP4R4
GO_Biological_Process_2023,Regulation Of Vacuole Organization (GO:0044088),0.050748144192755154,0.17985142301912427,0,0,20.761637239165328,61.887953975357576,LAPTM4B
GO_Biological_Process_2023,Xenobiotic Catabolic Process (GO:0042178),0.05403932474464509,0.18177057516301648,0,0,19.37677902621723,56.54227946588636,CRYZ
GO_Biological_Process_2023,Neural Tube Development (GO:0021915),0.05403932474464509,0.18177057516301648,0,0,19.37677902621723,56.54227946588636,DACT1
GO_Biological_Process_2023,Diol Biosynthetic Process (GO:0034312),0.05403932474464509,0.18177057516301648,0,0,19.37677902621723,56.54227946588636,ASAH2
GO_Biological_Process_2023,Positive Regulation Of Defense Response (GO:0031349),0.05416188695602297,0.18177057516301648,0,0,5.52680102915952,16.114923804346024,GPRC5B;NPAS2
GO_Biological_Process_2023,Regulation Of Anatomical Structure Morphogenesis (GO:0022603),0.05416188695602297,0.18177057516301648,0,0,5.52680102915952,16.114923804346024,ZNF135;EPHB3
GO_Biological_Process_2023,Negative Regulation Of Wnt Signaling Pathway (GO:0030178),0.05416188695602297,0.18177057516301648,0,0,5.52680102915952,16.114923804346024,PTPRO;DACT1
GO_Biological_Process_2023,Regulation Of cAMP-mediated Signaling (GO:0043949),0.05403932474464509,0.18177057516301648,0,0,19.37677902621723,56.54227946588636,GNAI1
GO_Biological_Process_2023,Mesoderm Formation (GO:0001707),0.05731922097398951,0.18534609409837485,0,0,18.16502808988764,51.9359817962705,ITGA2
GO_Biological_Process_2023,Long-Term Synaptic Potentiation (GO:0060291),0.05731922097398951,0.18534609409837485,0,0,18.16502808988764,51.9359817962705,SLC24A2
GO_Biological_Process_2023,Positive Regulation Of Leukocyte Activation (GO:0002696),0.05731922097398951,0.18534609409837485,0,0,18.16502808988764,51.9359817962705,HAVCR1
GO_Biological_Process_2023,Sphingosine Metabolic Process (GO:0006670),0.05731922097398951,0.18534609409837485,0,0,18.16502808988764,51.9359817962705,ASAH2
GO_Biological_Process_2023,Cilium-Dependent Cell Motility (GO:0060285),0.05731922097398951,0.18534609409837485,0,0,18.16502808988764,51.9359817962705,RSPH9
GO_Biological_Process_2023,Negative Regulation Of Phosphoprotein Phosphatase Activity (GO:0032515),0.06058787108284071,0.18769529293495407,0,0,17.095836087243885,47.930921259843885,PPP4R4
GO_Biological_Process_2023,Oxoacid Metabolic Process (GO:0043436),0.06058787108284071,0.18769529293495407,0,0,17.095836087243885,47.930921259843885,TPST1
GO_Biological_Process_2023,Positive Regulation Of Epithelial Cell Apoptotic Process (GO:1904037),0.06058787108284071,0.18769529293495407,0,0,17.095836087243885,47.930921259843885,ECSCR
GO_Biological_Process_2023,Axon Guidance (GO:0007411),0.05866939392179896,0.18769529293495407,0,0,5.276822276822277,14.964208310897337,PTPRO;EPHB3
GO_Biological_Process_2023,Glutamate Metabolic Process (GO:0006536),0.06058787108284071,0.18769529293495407,0,0,17.095836087243885,47.930921259843885,PRODH
GO_Biological_Process_2023,Negative Regulation Of Protein Dephosphorylation (GO:0035308),0.06058787108284071,0.18769529293495407,0,0,17.095836087243885,47.930921259843885,PPP4R4
GO_Biological_Process_2023,Regulation Of Mitotic Cell Cycle (GO:0007346),0.0614343823675619,0.18899605131131889,0,0,5.137360446570973,14.33213433529452,ASAH2;TTC28
GO_Biological_Process_2023,Negative Regulation Of Cell Communication (GO:0010648),0.06384531321026277,0.1911045523793676,0,0,16.145443196004994,44.42083035372089,KIF26A
GO_Biological_Process_2023,Respiratory Tube Development (GO:0030323),0.06384531321026277,0.1911045523793676,0,0,16.145443196004994,44.42083035372089,PCSK5
GO_Biological_Process_2023,Regulation Of Reactive Oxygen Species Biosynthetic Process (GO:1903426),0.06384531321026277,0.1911045523793676,0,0,16.145443196004994,44.42083035372089,SLC18A2
GO_Biological_Process_2023,Limb Development (GO:0060173),0.06384531321026277,0.1911045523793676,0,0,16.145443196004994,44.42083035372089,PCSK5
GO_Biological_Process_2023,Golgi Organization (GO:0007030),0.06709484505076682,0.19426808076790655,0,0,4.87935606060606,13.182302849006291,SPTBN5;FAM174B
GO_Biological_Process_2023,Monocyte Chemotaxis (GO:0002548),0.06709158530418212,0.19426808076790655,0,0,15.295091661738617,41.32269787599054,PTPRO
GO_Biological_Process_2023,Regulation Of Spindle Organization (GO:0090224),0.06709158530418212,0.19426808076790655,0,0,15.295091661738617,41.32269787599054,GNAI1
GO_Biological_Process_2023,Long-Chain Fatty Acid Biosynthetic Process (GO:0042759),0.06709158530418212,0.19426808076790655,0,0,15.295091661738617,41.32269787599054,ASAH2
GO_Biological_Process_2023,Cellular Response To Organic Cyclic Compound (GO:0071407),0.06709484505076682,0.19426808076790655,0,0,4.87935606060606,13.182302849006291,ADTRP;GNAI1
GO_Biological_Process_2023,Positive Regulation Of Synapse Assembly (GO:0051965),0.07032672525016316,0.20099831797304696,0,0,14.529775280898876,38.57079075115346,EPHB3
GO_Biological_Process_2023,Cellular Response To Low-Density Lipoprotein Particle Stimulus (GO:0071404),0.07032672525016316,0.20099831797304696,0,0,14.529775280898876,38.57079075115346,ADTRP
GO_Biological_Process_2023,Endosome Transport Via Multivesicular Body Sorting Pathway (GO:0032509),0.07355077075574964,0.20364369652998182,0,0,13.837346174424827,36.112420341423764,LAPTM4B
GO_Biological_Process_2023,Negative Regulation Of Protein Transport (GO:0051224),0.07355077075574964,0.20364369652998182,0,0,13.837346174424827,36.112420341423764,ADTRP
GO_Biological_Process_2023,Embryonic Skeletal System Development (GO:0048706),0.07355077075574964,0.20364369652998182,0,0,13.837346174424827,36.112420341423764,PCSK5
GO_Biological_Process_2023,Protein Localization To Cell Surface (GO:0034394),0.07355077075574964,0.20364369652998182,0,0,13.837346174424827,36.112420341423764,PRRT1
GO_Biological_Process_2023,Cell Morphogenesis Involved In Differentiation (GO:0000904),0.07355077075574964,0.20364369652998182,0,0,13.837346174424827,36.112420341423764,RAB25
GO_Biological_Process_2023,Positive Regulation Of Neuron Differentiation (GO:0045666),0.07676375943624676,0.2060990632136807,0,0,13.207865168539326,33.90488881518454,GPRC5B
GO_Biological_Process_2023,Alpha-Amino Acid Catabolic Process (GO:1901606),0.07676375943624676,0.2060990632136807,0,0,13.207865168539326,33.90488881518454,PRODH
GO_Biological_Process_2023,Regulation Of Neuron Migration (GO:2001222),0.07676375943624676,0.2060990632136807,0,0,13.207865168539326,33.90488881518454,KIF26A
GO_Biological_Process_2023,Multivesicular Body Sorting Pathway (GO:0071985),0.07676375943624676,0.2060990632136807,0,0,13.207865168539326,33.90488881518454,LAPTM4B
GO_Biological_Process_2023,Negative Regulation Of NIK/NF-kappaB Signaling (GO:1901223),0.07676375943624676,0.2060990632136807,0,0,13.207865168539326,33.90488881518454,NLRP2
GO_Biological_Process_2023,Apoptotic Cell Clearance (GO:0043277),0.07996572876472663,0.2071626774431222,0,0,12.633121641426477,31.91325026486762,TIMD4
GO_Biological_Process_2023,Lamellipodium Assembly (GO:0030032),0.07996572876472663,0.2071626774431222,0,0,12.633121641426477,31.91325026486762,PTPRO
GO_Biological_Process_2023,Axoneme Assembly (GO:0035082),0.07996572876472663,0.2071626774431222,0,0,12.633121641426477,31.91325026486762,RSPH9
GO_Biological_Process_2023,Peptidyl-Tyrosine Dephosphorylation (GO:0035335),0.07996572876472663,0.2071626774431222,0,0,12.633121641426477,31.91325026486762,PTPRO
GO_Biological_Process_2023,Cellular Response To Steroid Hormone Stimulus (GO:0071383),0.07996572876472663,0.2071626774431222,0,0,12.633121641426477,31.91325026486762,ADTRP
GO_Biological_Process_2023,Dendritic Spine Organization (GO:0097061),0.07996572876472663,0.2071626774431222,0,0,12.633121641426477,31.91325026486762,EPHB3
GO_Biological_Process_2023,Synaptic Vesicle Cycle (GO:0099504),0.08633675870341095,0.2160857859074071,0,0,11.621573033707865,28.467041177797125,SLC18A2
GO_Biological_Process_2023,RNA Phosphodiester Bond Hydrolysis (GO:0090501),0.08633675870341095,0.2160857859074071,0,0,11.621573033707865,28.467041177797125,ZC3H12B
GO_Biological_Process_2023,Negative Regulation Of Signaling (GO:0023057),0.08633675870341095,0.2160857859074071,0,0,11.621573033707865,28.467041177797125,KIF26A
GO_Biological_Process_2023,Positive Regulation Of Proteolysis Involved In Protein Catabolic Process (GO:1903052),0.08633675870341095,0.2160857859074071,0,0,11.621573033707865,28.467041177797125,ECSCR
GO_Biological_Process_2023,Amide Transport (GO:0042886),0.08633675870341095,0.2160857859074071,0,0,11.621573033707865,28.467041177797125,SLC14A1
GO_Biological_Process_2023,Plasma Membrane Invagination (GO:0099024),0.08633675870341095,0.2160857859074071,0,0,11.621573033707865,28.467041177797125,HAVCR1
GO_Biological_Process_2023,One-Carbon Compound Transport (GO:0019755),0.08950589364524761,0.22089936766962376,0,0,11.174157303370787,26.968278939961138,SLC14A1
GO_Biological_Process_2023,Response To Peptide (GO:1901652),0.08950589364524761,0.22089936766962376,0,0,11.174157303370787,26.968278939961138,GNAI1
GO_Biological_Process_2023,Intracellular Monoatomic Cation Homeostasis (GO:0030003),0.09025459491693431,0.22089936766962376,0,0,4.090909090909091,9.839130422146983,SLC24A2;ATP7B
GO_Biological_Process_2023,Axonogenesis (GO:0007409),0.09025459491693431,0.22089936766962376,0,0,4.090909090909091,9.839130422146983,PTPRO;EPHB3
GO_Biological_Process_2023,Glutamine Family Amino Acid Metabolic Process (GO:0009064),0.09266415793063708,0.22106527954118832,0,0,10.759883478984603,25.595325973596676,PRODH
GO_Biological_Process_2023,Negative Regulation Of Proteasomal Ubiquitin-Dependent Protein Catabolic Process (GO:0032435),0.09266415793063708,0.22106527954118832,0,0,10.759883478984603,25.595325973596676,FHIT
GO_Biological_Process_2023,Negative Regulation Of G1/S Transition Of Mitotic Cell Cycle (GO:2000134),0.09266415793063708,0.22106527954118832,0,0,10.759883478984603,25.595325973596676,DACT1
GO_Biological_Process_2023,Response To Steroid Hormone (GO:0048545),0.09266415793063708,0.22106527954118832,0,0,10.759883478984603,25.595325973596676,ADTRP
GO_Biological_Process_2023,Regulation Of Establishment Of Planar Polarity (GO:0090175),0.09581158842417192,0.22106527954118832,0,0,10.375200642054574,24.3337013094862,DACT1
GO_Biological_Process_2023,Transition Metal Ion Transport (GO:0000041),0.09581158842417192,0.22106527954118832,0,0,10.375200642054574,24.3337013094862,ATP7B
GO_Biological_Process_2023,Lamellipodium Organization (GO:0097581),0.09581158842417192,0.22106527954118832,0,0,10.375200642054574,24.3337013094862,PTPRO
GO_Biological_Process_2023,Calcium Ion Import Across Plasma Membrane (GO:0098703),0.09581158842417192,0.22106527954118832,0,0,10.375200642054574,24.3337013094862,SLC24A2
GO_Biological_Process_2023,Cellular Nitrogen Compound Biosynthetic Process (GO:0044271),0.09581158842417192,0.22106527954118832,0,0,10.375200642054574,24.3337013094862,ASAH2
GO_Biological_Process_2023,Negative Regulation Of Cell Cycle G1/S Phase Transition (GO:1902807),0.09581158842417192,0.22106527954118832,0,0,10.375200642054574,24.3337013094862,DACT1
GO_Biological_Process_2023,Regulation Of Cell Morphogenesis (GO:0022604),0.09581158842417192,0.22106527954118832,0,0,10.375200642054574,24.3337013094862,ZNF135
GO_Biological_Process_2023,Signal Transduction By P53 Class Mediator (GO:0072331),0.09894822186572126,0.2236431749311965,0,0,10.017047655947307,23.17101970280543,FHIT
GO_Biological_Process_2023,Dendrite Morphogenesis (GO:0048813),0.09894822186572126,0.2236431749311965,0,0,10.017047655947307,23.17101970280543,EPHB3
GO_Biological_Process_2023,Purine Nucleotide Metabolic Process (GO:0006163),0.09894822186572126,0.2236431749311965,0,0,10.017047655947307,23.17101970280543,FHIT
GO_Biological_Process_2023,Negative Regulation Of Protein Secretion (GO:0050709),0.09894822186572126,0.2236431749311965,0,0,10.017047655947307,23.17101970280543,ADTRP
GO_Biological_Process_2023,Negative Regulation Of JNK Cascade (GO:0046329),0.10207409486823618,0.22837789912438702,0,0,9.682771535580525,22.096629872699292,DACT1
GO_Biological_Process_2023,Anterior/Posterior Pattern Specification (GO:0009952),0.10207409486823618,0.22837789912438702,0,0,9.682771535580525,22.096629872699292,PCSK5
GO_Biological_Process_2023,Positive Regulation Of Nervous System Development (GO:0051962),0.11138751559456171,0.2315549077113682,0,0,8.801498127340825,19.317000229195504,EPHB3
GO_Biological_Process_2023,Negative Regulation Of Mitotic Cell Cycle Phase Transition (GO:1901991),0.11138751559456171,0.2315549077113682,0,0,8.801498127340825,19.317000229195504,DACT1
GO_Biological_Process_2023,Regulation Of Protein Tyrosine Kinase Activity (GO:0061097),0.11447071058417525,0.2315549077113682,0,0,8.542300066093853,18.514891175871938,GPRC5B
GO_Biological_Process_2023,Negative Regulation Of Ubiquitin-Dependent Protein Catabolic Process (GO:2000059),0.11447071058417525,0.2315549077113682,0,0,8.542300066093853,18.514891175871938,FHIT
GO_Biological_Process_2023,Regulation Of Endothelial Cell Apoptotic Process (GO:2000351),0.11138751559456171,0.2315549077113682,0,0,8.801498127340825,19.317000229195504,ECSCR
GO_Biological_Process_2023,Substrate Adhesion-Dependent Cell Spreading (GO:0034446),0.11138751559456171,0.2315549077113682,0,0,8.801498127340825,19.317000229195504,EPHB3
GO_Biological_Process_2023,Cilium Movement (GO:0003341),0.1082937054183845,0.2315549077113682,0,0,9.07689606741573,20.177107137930303,RSPH9
GO_Biological_Process_2023,Ephrin Receptor Signaling Pathway (GO:0048013),0.11447071058417525,0.2315549077113682,0,0,8.542300066093853,18.514891175871938,EPHB3
GO_Biological_Process_2023,Regulation Of Cell-Cell Adhesion (GO:0022407),0.11447071058417525,0.2315549077113682,0,0,8.542300066093853,18.514891175871938,EPHB3
GO_Biological_Process_2023,Regulation Of Axonogenesis (GO:0050770),0.11447071058417525,0.2315549077113682,0,0,8.542300066093853,18.514891175871938,EPHB3
GO_Biological_Process_2023,Positive Regulation Of Protein Tyrosine Kinase Activity (GO:0061098),0.1082937054183845,0.2315549077113682,0,0,9.07689606741573,20.177107137930303,GPRC5B
GO_Biological_Process_2023,Negative Regulation Of Proteasomal Protein Catabolic Process (GO:1901799),0.1082937054183845,0.2315549077113682,0,0,9.07689606741573,20.177107137930303,FHIT
GO_Biological_Process_2023,Positive Regulation Of I-kappaB kinase/NF-kappaB Signaling (GO:0043123),0.11200114270178879,0.2315549077113682,0,0,3.5861684327942,7.851005632145252,EDAR;GPRC5B
GO_Biological_Process_2023,Negative Regulation Of Cell-Substrate Adhesion (GO:0010812),0.11138751559456171,0.2315549077113682,0,0,8.801498127340825,19.317000229195504,PTPRO
GO_Biological_Process_2023,Cellular Response To Ketone (GO:1901655),0.11138751559456171,0.2315549077113682,0,0,8.801498127340825,19.317000229195504,GNAI1
GO_Biological_Process_2023,Regulation Of Synapse Assembly (GO:0051963),0.1082937054183845,0.2315549077113682,0,0,9.07689606741573,20.177107137930303,EPHB3
GO_Biological_Process_2023,Intrinsic Apoptotic Signaling Pathway By P53 Class Mediator (GO:0072332),0.1082937054183845,0.2315549077113682,0,0,9.07689606741573,20.177107137930303,FHIT
GO_Biological_Process_2023,Amino Acid Catabolic Process (GO:0009063),0.1082937054183845,0.2315549077113682,0,0,9.07689606741573,20.177107137930303,PRODH
GO_Biological_Process_2023,Neuropeptide Signaling Pathway (GO:0007218),0.11138751559456171,0.2315549077113682,0,0,8.801498127340825,19.317000229195504,KISS1R
GO_Biological_Process_2023,Regulation Of Phosphoprotein Phosphatase Activity (GO:0043666),0.11138751559456171,0.2315549077113682,0,0,8.801498127340825,19.317000229195504,PPP4R4
GO_Biological_Process_2023,Negative Regulation Of Stress-Activated MAPK Cascade (GO:0032873),0.11138751559456171,0.2315549077113682,0,0,8.801498127340825,19.317000229195504,DACT1
GO_Biological_Process_2023,Negative Regulation Of Immune System Process (GO:0002683),0.1175433264013423,0.23455717835943532,0,0,8.297913322632423,17.765403239361255,ADTRP
GO_Biological_Process_2023,Negative Regulation Of Cell-Cell Adhesion (GO:0022408),0.1175433264013423,0.23455717835943532,0,0,8.297913322632423,17.765403239361255,ADTRP
GO_Biological_Process_2023,Adenylate Cyclase-Inhibiting G Protein-Coupled Receptor Signaling Pathway (GO:0007193),0.1175433264013423,0.23455717835943532,0,0,8.297913322632423,17.765403239361255,GNAI1
GO_Biological_Process_2023,Ceramide Biosynthetic Process (GO:0046513),0.12060539892139066,0.23745862987633806,0,0,8.067103620474407,17.063789501696803,ASAH2
GO_Biological_Process_2023,Neurotransmitter Transport (GO:0006836),0.12060539892139066,0.23745862987633806,0,0,8.067103620474407,17.063789501696803,SLC18A2
GO_Biological_Process_2023,Renal System Development (GO:0072001),0.12060539892139066,0.23745862987633806,0,0,8.067103620474407,17.063789501696803,PCSK5
GO_Biological_Process_2023,Positive Regulation Of Leukocyte Cell-Cell Adhesion (GO:1903039),0.1236569639369853,0.2413217401942048,0,0,7.848770118433039,16.40584438725849,SIRPB1
GO_Biological_Process_2023,Regulation Of Transport (GO:0051049),0.1236569639369853,0.2413217401942048,0,0,7.848770118433039,16.40584438725849,RAB25
GO_Biological_Process_2023,Regulation Of Mitotic Spindle Organization (GO:0060236),0.12669805705880913,0.2450971147469539,0,0,7.641927853341218,15.787829590113393,GNAI1
GO_Biological_Process_2023,Regulation Of Cell-Substrate Adhesion (GO:0010810),0.12669805705880913,0.2450971147469539,0,0,7.641927853341218,15.787829590113393,PTPRO
GO_Biological_Process_2023,Microtubule Bundle Formation (GO:0001578),0.1297287138764894,0.24662514424719373,0,0,7.4456928838951315,15.206411732918752,RSPH9
GO_Biological_Process_2023,Positive Regulation Of Lymphocyte Activation (GO:0051251),0.1297287138764894,0.24662514424719373,0,0,7.4456928838951315,15.206411732918752,SIRPB1
GO_Biological_Process_2023,Protein Homotetramerization (GO:0051289),0.1297287138764894,0.24662514424719373,0,0,7.4456928838951315,15.206411732918752,CRYZ
GO_Biological_Process_2023,Response To Peptide Hormone (GO:0043434),0.1297287138764894,0.24662514424719373,0,0,7.4456928838951315,15.206411732918752,GNAI1
GO_Biological_Process_2023,Cellular Response To Lipid (GO:0071396),0.13027152088903687,0.24662514424719373,0,0,3.2635855764347386,6.651625979901403,ADTRP;GNAI1
GO_Biological_Process_2023,Positive Regulation Of Cell Death (GO:0010942),0.13274896975728892,0.24918556611219914,0,0,7.259269662921349,14.658609690071554,PRODH
GO_Biological_Process_2023,Positive Regulation Of Cell Junction Assembly (GO:1901890),0.13274896975728892,0.24918556611219914,0,0,7.259269662921349,14.658609690071554,EPHB3
GO_Biological_Process_2023,Cellular Response To Alcohol (GO:0097306),0.1357588600007051,0.2516367153987965,0,0,7.081940257604823,14.141749843236418,GNAI1
GO_Biological_Process_2023,Organelle Organization (GO:0006996),0.135731791051396,0.2516367153987965,0,0,2.41076995748701,4.814487123246604,SPTBN5;FAM174B;ZNF135
GO_Biological_Process_2023,Unsaturated Fatty Acid Metabolic Process (GO:0033559),0.1357588600007051,0.2516367153987965,0,0,7.081940257604823,14.141749843236418,SCD
GO_Biological_Process_2023,Regulation Of Inflammatory Response (GO:0050727),0.1372927526317505,0.25341953923277283,0,0,3.157002457002457,6.2686695774026395,GPRC5B;NLRP2
GO_Biological_Process_2023,Vacuolar Transport (GO:0007034),0.13875841979142922,0.2540081816843105,0,0,6.913055109684323,13.65342794436587,SPTBN5
GO_Biological_Process_2023,Regulation Of Cell Death (GO:0010941),0.13875841979142922,0.2540081816843105,0,0,6.913055109684323,13.65342794436587,PRODH
GO_Biological_Process_2023,Sprouting Angiogenesis (GO:0002040),0.14174768418687458,0.2563029554889202,0,0,6.752025084922916,13.19147647017162,ADTRP
GO_Biological_Process_2023,Peptide Metabolic Process (GO:0006518),0.14174768418687458,0.2563029554889202,0,0,6.752025084922916,13.19147647017162,PCSK5
GO_Biological_Process_2023,Negative Regulation Of Cell Projection Organization (GO:0031345),0.14174768418687458,0.2563029554889202,0,0,6.752025084922916,13.19147647017162,PTPRO
GO_Biological_Process_2023,Negative Regulation Of Response To Stimulus (GO:0048585),0.14472668810219186,0.25852388237609275,0,0,6.598314606741573,12.753936573711638,KIF26A
GO_Biological_Process_2023,Peptidyl-Tyrosine Modification (GO:0018212),0.14472668810219186,0.25852388237609275,0,0,6.598314606741573,12.753936573711638,TPST1
GO_Biological_Process_2023,Regulation Of Epithelial Cell Migration (GO:0010632),0.14472668810219186,0.25852388237609275,0,0,6.598314606741573,12.753936573711638,RAB25
GO_Biological_Process_2023,Negative Regulation Of Neuron Projection Development (GO:0010977),0.14769546639844156,0.2596392524385302,0,0,6.45143570536829,12.339033894611811,PTPRO
GO_Biological_Process_2023,Epidermis Development (GO:0008544),0.14769546639844156,0.2596392524385302,0,0,6.45143570536829,12.339033894611811,EDAR
GO_Biological_Process_2023,Kidney Development (GO:0001822),0.14769546639844156,0.2596392524385302,0,0,6.45143570536829,12.339033894611811,PCSK5
GO_Biological_Process_2023,Regulation Of Proteasomal Protein Catabolic Process (GO:0061136),0.14769546639844156,0.2596392524385302,0,0,6.45143570536829,12.339033894611811,ECSCR
GO_Biological_Process_2023,Regulation Of Phagocytosis (GO:0050764),0.15065405373485857,0.26070213204899356,0,0,6.310942843185149,11.945157639976747,SIRPB1
GO_Biological_Process_2023,Homophilic Cell Adhesion Via Plasma Membrane Adhesion Molecules (GO:0007156),0.15065405373485857,0.26070213204899356,0,0,6.310942843185149,11.945157639976747,SDK2
GO_Biological_Process_2023,Positive Regulation Of Protein Localization To Cell Periphery (GO:1904377),0.15065405373485857,0.26070213204899356,0,0,6.310942843185149,11.945157639976747,GNAI1
GO_Biological_Process_2023,Synapse Assembly (GO:0007416),0.15065405373485857,0.26070213204899356,0,0,6.310942843185149,11.945157639976747,SDK2
GO_Biological_Process_2023,Regulation Of Monoatomic Ion Transmembrane Transporter Activity (GO:0032412),0.15360248473886212,0.2617150028435228,0,0,6.176428400669376,11.570842412231807,PRRT1
GO_Biological_Process_2023,Endosome Organization (GO:0007032),0.15360248473886212,0.2617150028435228,0,0,6.176428400669376,11.570842412231807,LAPTM4B
GO_Biological_Process_2023,Negative Regulation Of Protein-Containing Complex Assembly (GO:0031333),0.15360248473886212,0.2617150028435228,0,0,6.176428400669376,11.570842412231807,DACT1
GO_Biological_Process_2023,Positive Regulation Of Phagocytosis (GO:0050766),0.15360248473886212,0.2617150028435228,0,0,6.176428400669376,11.570842412231807,SIRPB1
KEGG_2021_Human,Cocaine addiction,0.0069292789666623505,0.2630777205154156,0,0,17.27874331550802,85.90990340884508,SLC18A2;GNAI1
KEGG_2021_Human,Renin secretion,0.011131779781281707,0.2630777205154156,0,0,13.346590909090908,60.032314835796306,PRKG2;GNAI1
KEGG_2021_Human,Regulation of lipolysis in adipocytes,0.009343587756593238,0.2630777205154156,0,0,14.683522727272727,68.61705572803423,PRKG2;GNAI1
KEGG_2021_Human,Long-term depression,0.013560707243062662,0.2630777205154156,0,0,11.982374768089054,51.53114739571487,PRKG2;GNAI1
KEGG_2021_Human,Platelet activation,0.007158282470262814,0.2630777205154156,0,0,8.079310344827586,39.90763391681783,ITGA2;PRKG2;GNAI1
GO_Biological_Process_2023,Positive Regulation Of Interleukin-1 Beta Production (GO:0032731),0.15654079386700578,0.2646853881033724,0,0,6.04751872659176,11.214752398372436,NLRP2
GO_Biological_Process_2023,Gland Development (GO:0048732),0.15654079386700578,0.2646853881033724,0,0,6.04751872659176,11.214752398372436,EPHB3
GO_Biological_Process_2023,Phosphorylation (GO:0016310),0.15756436793152356,0.2654030988352279,0,0,2.24234693877551,4.143680488357064,PRRT1;PRKG2;EPHB3
GO_Biological_Process_2023,Regulation Of Neuron Differentiation (GO:0045664),0.15946901548675782,0.26759384038118833,0,0,5.923870671864251,10.875667552814265,GPRC5B
GO_Biological_Process_2023,Monoatomic Cation Transmembrane Transport (GO:0098655),0.16125700316515784,0.26957302793269783,0,0,2.8467849223946784,5.194687565428805,SLC24A2;KCNQ2
GO_Biological_Process_2023,Ceramide Metabolic Process (GO:0006672),0.16238718382505166,0.2704418136635259,0,0,5.805168539325843,10.552471500759756,ASAH2
GO_Biological_Process_2023,Regulation Of T Cell Activation (GO:0050863),0.16529533300868252,0.27425405439268297,0,0,5.691121392377176,10.24414091100903,SIRPB1
GO_Biological_Process_2023,Inorganic Cation Transmembrane Transport (GO:0098662),0.1661398441987892,0.2746266827614314,0,0,2.791866028708134,5.011191277199595,SLC24A2;KCNQ2
GO_Biological_Process_2023,Positive Regulation Of Synaptic Transmission (GO:0050806),0.16819349706359069,0.2759619229598914,0,0,5.581460674157303,9.949736139649533,SLC24A2
GO_Biological_Process_2023,Embryonic Organ Development (GO:0048568),0.16819349706359069,0.2759619229598914,0,0,5.581460674157303,9.949736139649533,PCSK5
GO_Biological_Process_2023,Positive Regulation Of Interleukin-1 Production (GO:0032732),0.1710817099014096,0.2786367554644282,0,0,5.475938096247615,9.668392970937944,NLRP2
GO_Biological_Process_2023,Protein Secretion (GO:0009306),0.1710817099014096,0.2786367554644282,0,0,5.475938096247615,9.668392970937944,PCSK5
GO_Biological_Process_2023,Positive Regulation Of Protein Binding (GO:0032092),0.1739600052851041,0.2822867485029345,0,0,5.374323761964211,9.399315309290756,DACT1
GO_Biological_Process_2023,Response To Metal Ion (GO:0010038),0.1768284168850916,0.28444923744688216,0,0,5.276404494382023,9.141768694457934,ATP7B
GO_Biological_Process_2023,Regulation Of I-kappaB kinase/NF-kappaB Signaling (GO:0043122),0.17721893800302366,0.28444923744688216,0,0,2.675667222685571,4.629892614249003,EDAR;GPRC5B
GO_Biological_Process_2023,Fatty Acid Catabolic Process (GO:0009062),0.1768284168850916,0.28444923744688216,0,0,5.276404494382023,9.141768694457934,ADTRP
GO_Biological_Process_2023,Protein Tetramerization (GO:0051262),0.18253572286646147,0.28888653179414137,0,0,5.090873250542086,8.65860499412261,CRYZ
GO_Biological_Process_2023,Negative Regulation Of Blood Vessel Morphogenesis (GO:2000181),0.18253572286646147,0.28888653179414137,0,0,5.090873250542086,8.65860499412261,ECSCR
GO_Biological_Process_2023,Protein Modification Process (GO:0036211),0.18259193883151148,0.28888653179414137,0,0,1.8433792121499764,3.1346690386306806,PRRT1;PTPRO;PRKG2;EPHB3
GO_Biological_Process_2023,Sodium Ion Transmembrane Transport (GO:0035725),0.18253572286646147,0.28888653179414137,0,0,5.090873250542086,8.65860499412261,SLC24A2
Reactome_2022,L1CAM Interactions R-HSA-373760,0.003456516025717564,0.2903473461602754,0,0,10.59072249589491,60.022857537586596,SPTBN5;ITGA2;KCNQ2
Reactome_2022,Interaction Between L1 And Ankyrins R-HSA-445095,0.003382152951991877,0.2903473461602754,0,0,25.553359683794465,145.37926770468118,SPTBN5;KCNQ2
GO_Biological_Process_2023,Positive Regulation Of Cysteine-Type Endopeptidase Activity (GO:2001056),0.18537468404732413,0.2912091667835624,0,0,5.002905850445564,8.431778365746768,NLRP2
GO_Biological_Process_2023,Sensory Perception Of Light Stimulus (GO:0050953),0.18537468404732413,0.2912091667835624,0,0,5.002905850445564,8.431778365746768,CRYZ
GO_Biological_Process_2023,Transmembrane Receptor Protein Tyrosine Kinase Signaling Pathway (GO:0007169),0.18716297615634336,0.2929794997783043,0,0,2.5801488334674176,4.323750230999553,CD8B;EPHB3
GO_Biological_Process_2023,Positive Regulation Of Response To Stimulus (GO:0048584),0.1882038950032347,0.29357156861420064,0,0,4.917920396115026,8.214055015864854,NPAS2
GO_Biological_Process_2023,Negative Regulation Of Protein Binding (GO:0032091),0.19102338884807765,0.295885878530414,0,0,4.835767790262172,8.004933685867522,DACT1
GO_Biological_Process_2023,Cellular Response To Organic Substance (GO:0071310),0.19102338884807765,0.295885878530414,0,0,4.835767790262172,8.004933685867522,ASAH2
KEGG_2021_Human,Alcoholism,0.03827803957954773,0.30328856999710624,0,0,6.73876698014629,21.987780769198853,GNAI1;SLC18A2
KEGG_2021_Human,Small cell lung cancer,0.03750066608226851,0.30328856999710624,0,0,6.817389006342495,22.38419177501747,ITGA2;FHIT
KEGG_2021_Human,Serotonergic synapse,0.03750066608226851,0.30328856999710624,0,0,6.817389006342495,22.38419177501747,GNAI1;SLC18A2
KEGG_2021_Human,Gap junction,0.0239709768798368,0.30328856999710624,0,0,8.757123473541384,32.67205247379028,PRKG2;GNAI1
KEGG_2021_Human,Circadian entrainment,0.03007719283254453,0.30328856999710624,0,0,7.717404306220096,27.04169291085689,PRKG2;GNAI1
KEGG_2021_Human,Parkinson disease,0.03324525568264607,0.30328856999710624,0,0,4.450528504591925,15.148901223688014,NDUFC2-KCTD14;GNAI1;SLC18A2
KEGG_2021_Human,Hematopoietic cell lineage,0.0359646070345119,0.30328856999710624,0,0,6.980248917748917,23.210863041399882,CD8B;ITGA2
KEGG_2021_Human,Chagas disease,0.040646921752189494,0.30328856999710624,0,0,6.513383838383838,20.861275302962824,CCL3L3;GNAI1
GO_Biological_Process_2023,Calcium Ion Homeostasis (GO:0055074),0.1966333571181066,0.3035142062833492,0,0,4.679412830735774,7.610664484832222,SLC24A2
GO_Biological_Process_2023,Visual Perception (GO:0007601),0.19942389721317205,0.30463719470839734,0,0,4.604958088104156,7.424677919369146,CRYZ
GO_Biological_Process_2023,Calcium Ion Transmembrane Import Into Cytosol (GO:0097553),0.19942389721317205,0.30463719470839734,0,0,4.604958088104156,7.424677919369146,SLC24A2
GO_Biological_Process_2023,Negative Regulation Of Cell Adhesion (GO:0007162),0.19942389721317205,0.30463719470839734,0,0,4.604958088104156,7.424677919369146,PTPRO
GO_Biological_Process_2023,Protein Phosphorylation (GO:0006468),0.20053283950920783,0.3052785151291377,0,0,1.984787018255578,3.189110642056145,PRRT1;PRKG2;EPHB3
Reactome_2022,"Transport Of Bile Salts And Organic Acids, Metal Ions And Amine Compounds R-HSA-425366",0.02144290925848758,0.30645750340926126,0,0,9.314574314574315,35.78995949001054,SLC14A1;SLC18A2
Reactome_2022,Aryl Hydrocarbon Receptor Signaling R-HSA-8937144,0.02400783638011118,0.30645750340926126,0,0,48.45880149812734,180.72104216306136,AHRR
Reactome_2022,MET Activates PTK2 Signaling R-HSA-8874081,0.05731922097398951,0.30645750340926126,0,0,18.16502808988764,51.9359817962705,ITGA2
Reactome_2022,Syndecan Interactions R-HSA-3000170,0.05731922097398951,0.30645750340926126,0,0,18.16502808988764,51.9359817962705,ITGA2
Reactome_2022,Nef-mediated Downmodulation Of Cell Surface Receptors By Recruitment To Clathrin Adapters R-HSA-164938,0.06384531321026277,0.30645750340926126,0,0,16.145443196004994,44.42083035372089,CD8B
Reactome_2022,Endogenous Sterols R-HSA-211976,0.06384531321026277,0.30645750340926126,0,0,16.145443196004994,44.42083035372089,AHRR
Reactome_2022,Immunoregulatory Interactions Between A Lymphoid And A non-Lymphoid Cell R-HSA-198933,0.05416188695602297,0.30645750340926126,0,0,5.52680102915952,16.114923804346024,TREML1;CD8B
Reactome_2022,Molybdenum Cofactor Biosynthesis R-HSA-947581,0.020613356808595378,0.30645750340926126,0,0,58.15280898876404,225.73850580419173,MOCS1
Reactome_2022,Nef Mediated CD8 Down-regulation R-HSA-182218,0.02400783638011118,0.30645750340926126,0,0,48.45880149812734,180.72104216306136,CD8B
Reactome_2022,Metabolism Of Cofactors R-HSA-8978934,0.06384531321026277,0.30645750340926126,0,0,16.145443196004994,44.42083035372089,PRKG2
Reactome_2022,Cytosolic Sulfonation Of Small Molecules R-HSA-156584,0.06058787108284071,0.30645750340926126,0,0,17.095836087243885,47.930921259843885,TPST1
Reactome_2022,Dopamine Neurotransmitter Release Cycle R-HSA-212676,0.05731922097398951,0.30645750340926126,0,0,18.16502808988764,51.9359817962705,SLC18A2
Reactome_2022,ADP Signaling Thru P2Y Purinoceptor 12 R-HSA-392170,0.06384531321026277,0.30645750340926126,0,0,16.145443196004994,44.42083035372089,GNAI1
Reactome_2022,RAS Processing R-HSA-9648002,0.06058787108284071,0.30645750340926126,0,0,17.095836087243885,47.930921259843885,PRKG2
Reactome_2022,NR1H2 And NR1H3 Regulate Gene Expression Linked To Lipogenesis R-HSA-9029558,0.027390682283332534,0.30645750340926126,0,0,41.534510433386835,149.42257711407223,SCD
Reactome_2022,CHL1 Interactions R-HSA-447041,0.02400783638011118,0.30645750340926126,0,0,48.45880149812734,180.72104216306136,ITGA2
Reactome_2022,Xenobiotics R-HSA-211981,0.05403932474464509,0.30645750340926126,0,0,19.37677902621723,56.54227946588636,AHRR
Reactome_2022,Ephrin Signaling R-HSA-3928664,0.05403932474464509,0.30645750340926126,0,0,19.37677902621723,56.54227946588636,EPHB3
Reactome_2022,Nitric Oxide Stimulates Guanylate Cyclase R-HSA-392154,0.047445640961619524,0.30645750340926126,0,0,22.359550561797754,68.15572519001785,PRKG2
Reactome_2022,Defective Factor VIII Causes Hemophilia A R-HSA-9662001,0.020613356808595378,0.30645750340926126,0,0,58.15280898876404,225.73850580419173,TPST1
Reactome_2022,Regulation Of Lipid Metabolism By PPARalpha R-HSA-400206,0.05151986983552701,0.30645750340926126,0,0,5.688437775816417,16.870698922397295,AHRR;NPAS2
Reactome_2022,PPARA Activates Gene Expression R-HSA-1989781,0.04978533350492811,0.30645750340926126,0,0,5.801530153015301,17.40479262067795,AHRR;NPAS2
Reactome_2022,Norepinephrine Neurotransmitter Release Cycle R-HSA-181430,0.044131776569750085,0.30645750340926126,0,0,24.223782771535582,75.59213573963933,SLC18A2
Reactome_2022,Cell-Cell Communication R-HSA-1500931,0.04722468467844887,0.30645750340926126,0,0,5.97982374768089,18.255436415004425,SIRPB1;SDK2
Reactome_2022,Adenylate Cyclase Inhibitory Pathway R-HSA-170670,0.03746980980966364,0.30645750340926126,0,0,29.070786516853932,95.47485099389723,GNAI1
Reactome_2022,Na+/Cl- Dependent Neurotransmitter Transporters R-HSA-442660,0.03412162989817951,0.30645750340926126,0,0,32.30212234706617,109.11087726410499,SLC18A2
Reactome_2022,"Tetrahydrobiopterin (BH4) Synthesis, Recycling, Salvage And Regulation R-HSA-1474151",0.03412162989817951,0.30645750340926126,0,0,32.30212234706617,109.11087726410499,PRKG2
Reactome_2022,Assembly Of Active LPL And LIPC Lipase Complexes R-HSA-8963889,0.04080651242611871,0.30645750340926126,0,0,26.426966292134832,84.537581667829,PCSK5
Reactome_2022,Serotonin Neurotransmitter Release Cycle R-HSA-181429,0.04080651242611871,0.30645750340926126,0,0,26.426966292134832,84.537581667829,SLC18A2
Reactome_2022,Signal Regulatory Protein Family Interactions R-HSA-391160,0.044131776569750085,0.30645750340926126,0,0,24.223782771535582,75.59213573963933,SIRPB1
Reactome_2022,Platelet Adhesion To Exposed Collagen R-HSA-75892,0.04080651242611871,0.30645750340926126,0,0,26.426966292134832,84.537581667829,ITGA2
Reactome_2022,Defects Of Contact Activation System (CAS) And Kallikrein/Kinin System (KKS) R-HSA-9651496,0.047445640961619524,0.30645750340926126,0,0,22.359550561797754,68.15572519001785,TPST1
Reactome_2022,cGMP Effects R-HSA-418457,0.03746980980966364,0.30645750340926126,0,0,29.070786516853932,95.47485099389723,PRKG2
GO_Biological_Process_2023,Sodium Ion Transport (GO:0006814),0.20220485151882361,0.3067696891193112,0,0,4.532830056179775,7.245610896122198,SLC24A2
GO_Biological_Process_2023,Purine Ribonucleotide Metabolic Process (GO:0009150),0.20497625264890898,0.3067718916333334,0,0,4.462921348314607,7.073110648358558,TPST1
GO_Biological_Process_2023,Regulation Of Hydrolase Activity (GO:0051336),0.20497625264890898,0.3067718916333334,0,0,4.462921348314607,7.073110648358558,EPHB3
GO_Biological_Process_2023,Negative Regulation Of Angiogenesis (GO:0016525),0.20497625264890898,0.3067718916333334,0,0,4.462921348314607,7.073110648358558,ECSCR
GO_Biological_Process_2023,Positive Regulation Of Endocytosis (GO:0045807),0.20497625264890898,0.3067718916333334,0,0,4.462921348314607,7.073110648358558,SIRPB1
KEGG_2021_Human,Selenocompound metabolism,0.047445640961619524,0.3068151448851396,0,0,22.359550561797754,68.15572519001785,TXNRD3
KEGG_2021_Human,Cholinergic synapse,0.0455455801774768,0.3068151448851396,0,0,6.104876893939394,18.85821925180934,KCNQ2;GNAI1
Reactome_2022,Laminin Interactions R-HSA-3000157,0.07355077075574964,0.30705503774498705,0,0,13.837346174424827,36.112420341423764,ITGA2
Reactome_2022,Axon Guidance R-HSA-422475,0.07544895208361255,0.30705503774498705,0,0,2.5993355481727574,6.717460212968559,SPTBN5;ITGA2;KCNQ2;EPHB3
Reactome_2022,"BMAL1:CLOCK,NPAS2 Activates Circadian Gene Expression R-HSA-1368108",0.07676375943624676,0.30705503774498705,0,0,13.207865168539326,33.90488881518454,NPAS2
Reactome_2022,Neuronal System R-HSA-112316,0.07358857305794186,0.30705503774498705,0,0,3.1876011452757376,8.317297768378316,KCNQ2;GNAI1;SLC18A2
Reactome_2022,Blood Group Systems Biosynthesis R-HSA-9033658,0.06709158530418212,0.30705503774498705,0,0,15.295091661738617,41.32269787599054,ABO
Reactome_2022,Plasma Lipoprotein Remodeling R-HSA-8963899,0.07676375943624676,0.30705503774498705,0,0,13.207865168539326,33.90488881518454,PCSK5
Reactome_2022,Metabolism R-HSA-1430728,0.0749633709345306,0.30705503774498705,0,0,1.7615160349854226,4.563657659460272,TPST1;ASAH2;SCD;AHRR;PRKG2;PRODH;MOCS1;GNAI1;ABO;NPAS2
Reactome_2022,Hemostasis R-HSA-109582,0.08561125473377552,0.309594058892214,0,0,2.482606996286887,6.1020953759826835,KIF26A;ITGA2;PRKG2;GNAI1
Reactome_2022,TNFs Bind Their Physiological Receptors R-HSA-5669034,0.08315671611335383,0.309594058892214,0,0,12.1062734082397,30.108644641000467,EDAR
Reactome_2022,Nervous System Development R-HSA-9675108,0.0866126236186551,0.309594058892214,0,0,2.4720249099931886,6.047338527745865,SPTBN5;ITGA2;KCNQ2;EPHB3
Reactome_2022,"Adrenaline,noradrenaline Inhibits Insulin Secretion R-HSA-400042",0.08315671611335383,0.309594058892214,0,0,12.1062734082397,30.108644641000467,GNAI1
Reactome_2022,Role Of Nef In HIV-1 Replication And Disease Pathogenesis R-HSA-164952,0.08315671611335383,0.309594058892214,0,0,12.1062734082397,30.108644641000467,CD8B
Reactome_2022,MET Promotes Cell Motility R-HSA-8875878,0.08950589364524761,0.3132706277583666,0,0,11.174157303370787,26.968278939961138,ITGA2
GO_Biological_Process_2023,Regulation Of Interleukin-1 Beta Production (GO:0032651),0.2132334606388711,0.3138286480499,0,0,4.265532055518837,6.5918152664231,NLRP2
GO_Biological_Process_2023,Calcium Ion Transmembrane Transport (GO:0070588),0.2104905249069677,0.3138286480499,0,0,4.329364413885628,6.746511944551529,SLC24A2
GO_Biological_Process_2023,Positive Regulation Of Catabolic Process (GO:0009896),0.2132334606388711,0.3138286480499,0,0,4.265532055518837,6.5918152664231,DACT1
GO_Biological_Process_2023,Cell Junction Assembly (GO:0034329),0.2132334606388711,0.3138286480499,0,0,4.265532055518837,6.5918152664231,SDK2
GO_Biological_Process_2023,Axon Development (GO:0061564),0.2132334606388711,0.3138286480499,0,0,4.265532055518837,6.5918152664231,EPHB3
GO_Biological_Process_2023,Sphingolipid Biosynthetic Process (GO:0030148),0.21596697230773196,0.31575369218589194,0,0,4.203549910438039,6.442485812167947,ASAH2
GO_Biological_Process_2023,Regulation Of Osteoblast Differentiation (GO:0045667),0.21596697230773196,0.31575369218589194,0,0,4.203549910438039,6.442485812167947,HEMGN
GO_Biological_Process_2023,Positive Regulation Of JNK Cascade (GO:0046330),0.21869109191904781,0.31868471618466504,0,0,4.143338683788122,6.298268764966678,EDAR
GO_Biological_Process_2023,Negative Regulation Of Binding (GO:0051100),0.22411128252864912,0.3202622521296502,0,0,4.027933832709113,6.024228404814654,DACT1
GO_Biological_Process_2023,Protein Import Into Nucleus (GO:0006606),0.22411128252864912,0.3202622521296502,0,0,4.027933832709113,6.024228404814654,RGPD8
GO_Biological_Process_2023,Cellular Response To Hormone Stimulus (GO:0032870),0.22411128252864912,0.3202622521296502,0,0,4.027933832709113,6.024228404814654,ADTRP
GO_Biological_Process_2023,Regulation Of NIK/NF-kappaB Signaling (GO:1901222),0.22411128252864912,0.3202622521296502,0,0,4.027933832709113,6.024228404814654,NLRP2
GO_Biological_Process_2023,Regulation Of Protein Secretion (GO:0050708),0.22411128252864912,0.3202622521296502,0,0,4.027933832709113,6.024228404814654,ADTRP
GO_Biological_Process_2023,Regulation Of Vesicle-Mediated Transport (GO:0060627),0.22140585138865337,0.3202622521296502,0,0,4.0848235480297514,6.158924688793841,RAB25
Reactome_2022,Biological Oxidations R-HSA-211859,0.09663674949316822,0.32267366089069194,0,0,3.9252593044539354,9.172530950405529,TPST1;AHRR
Reactome_2022,Voltage Gated Potassium Channels R-HSA-1296072,0.09894822186572126,0.32267366089069194,0,0,10.017047655947307,23.17101970280543,KCNQ2
Reactome_2022,Metabolism Of Vitamins And Cofactors R-HSA-196854,0.09987518075188084,0.32267366089069194,0,0,3.8473385167464116,8.863629534914407,PRKG2;MOCS1
Reactome_2022,Signal Amplification R-HSA-392518,0.09581158842417192,0.32267366089069194,0,0,10.375200642054574,24.3337013094862,GNAI1
Reactome_2022,DAP12 Interactions R-HSA-2172127,0.12060539892139066,0.3228591189837397,0,0,8.067103620474407,17.063789501696803,SIRPB1
Reactome_2022,Cytochrome P450 - Arranged By Substrate Type R-HSA-211897,0.14472668810219186,0.3228591189837397,0,0,6.598314606741573,12.753936573711638,AHRR
Reactome_2022,Cell-cell Junction Organization R-HSA-421270,0.13875841979142922,0.3228591189837397,0,0,6.913055109684323,13.65342794436587,SDK2
Reactome_2022,GABA Receptor Activation R-HSA-977443,0.13875841979142922,0.3228591189837397,0,0,6.913055109684323,13.65342794436587,GNAI1
Reactome_2022,G-protein Mediated Events R-HSA-112040,0.14472668810219186,0.3228591189837397,0,0,6.598314606741573,12.753936573711638,GNAI1
Reactome_2022,Kinesins R-HSA-983189,0.1236569639369853,0.3228591189837397,0,0,7.848770118433039,16.40584438725849,KIF26A
Reactome_2022,"Gamma Carboxylation, Hypusine Formation And Arylsulfatase Activation R-HSA-163841",0.11138751559456171,0.3228591189837397,0,0,8.801498127340825,19.317000229195504,TPST1
Reactome_2022,EPH-ephrin Mediated Repulsion Of Cells R-HSA-3928665,0.1297287138764894,0.3228591189837397,0,0,7.4456928838951315,15.206411732918752,EPHB3
Reactome_2022,Activation Of GABAB Receptors R-HSA-991365,0.11447071058417525,0.3228591189837397,0,0,8.542300066093853,18.514891175871938,GNAI1
Reactome_2022,Early SARS-CoV-2 Infection Events R-HSA-9772572,0.10207409486823618,0.3228591189837397,0,0,9.682771535580525,22.096629872699292,HAVCR1
Reactome_2022,Glycosphingolipid Metabolism R-HSA-1660662,0.1175433264013423,0.3228591189837397,0,0,8.297913322632423,17.765403239361255,ASAH2
Reactome_2022,Fatty acyl-CoA Biosynthesis R-HSA-75105,0.1082937054183845,0.3228591189837397,0,0,9.07689606741573,20.177107137930303,SCD
Reactome_2022,GPER1 Signaling R-HSA-9634597,0.1236569639369853,0.3228591189837397,0,0,7.848770118433039,16.40584438725849,GNAI1
Reactome_2022,Transmission Across Chemical Synapses R-HSA-112315,0.13377143831149335,0.3228591189837397,0,0,3.2094155844155843,6.456132985337466,GNAI1;SLC18A2
Reactome_2022,Non-integrin membrane-ECM Interactions R-HSA-3000171,0.1175433264013423,0.3228591189837397,0,0,8.297913322632423,17.765403239361255,ITGA2
Reactome_2022,ECM Proteoglycans R-HSA-3000178,0.1236569639369853,0.3228591189837397,0,0,7.848770118433039,16.40584438725849,ITGA2
Reactome_2022,Heme Signaling R-HSA-9707616,0.1297287138764894,0.3228591189837397,0,0,7.4456928838951315,15.206411732918752,NPAS2
Reactome_2022,Neurotransmitter Release Cycle R-HSA-112310,0.1236569639369853,0.3228591189837397,0,0,7.848770118433039,16.40584438725849,SLC18A2
Reactome_2022,Ion Transport By P-type ATPases R-HSA-936837,0.14769546639844156,0.3228591189837397,0,0,6.45143570536829,12.339033894611811,ATP7B
Reactome_2022,NCAM Signaling For Neurite Out-Growth R-HSA-375165,0.14769546639844156,0.3228591189837397,0,0,6.45143570536829,12.339033894611811,SPTBN5
Reactome_2022,Activation Of Gene Expression By SREBF (SREBP) R-HSA-2426168,0.1357588600007051,0.3228591189837397,0,0,7.081940257604823,14.141749843236418,SCD
Reactome_2022,G Alpha (Z) Signaling Events R-HSA-418597,0.1297287138764894,0.3228591189837397,0,0,7.4456928838951315,15.206411732918752,GNAI1
Reactome_2022,NR1H2 And NR1H3-mediated Signaling R-HSA-9024446,0.12669805705880913,0.3228591189837397,0,0,7.641927853341218,15.787829590113393,SCD
Reactome_2022,SLC-mediated Transmembrane Transport R-HSA-425407,0.1479770962008807,0.3228591189837397,0,0,3.0094892221180882,5.750224353344662,SLC14A1;SLC18A2
Reactome_2022,Transport Of Small Molecules R-HSA-382551,0.1448033398014154,0.3228591189837397,0,0,2.0291098636728147,3.9210087502609663,SLC14A1;ATP7B;PCSK5;SLC18A2
GO_Biological_Process_2023,Regulation Of Cysteine-Type Endopeptidase Activity Involved In Apoptotic Process (GO:0043281),0.22680741700403928,0.3230729444784225,0,0,3.9726027397260273,5.893967964367674,NLRP2
Reactome_2022,Signaling By Nuclear Receptors R-HSA-9006931,0.15157608668721947,0.3264715713263189,0,0,2.963313336409783,5.590787135241191,SCD;GNAI1
GO_Biological_Process_2023,Negative Regulation Of NF-kappaB Transcription Factor Activity (GO:0032088),0.23217192226896963,0.3292547882578132,0,0,3.866367041198502,5.645967395409947,NLRP2
GO_Biological_Process_2023,Positive Regulation Of Nucleic Acid-Templated Transcription (GO:1903508),0.23486346069857555,0.3292547882578132,0,0,1.8249281609195402,2.6438664104609746,FANK1;SMARCA1;NPAS2
GO_Biological_Process_2023,Negative Regulation Of Apoptotic Signaling Pathway (GO:2001234),0.23484035592224559,0.3292547882578132,0,0,3.815345949142519,5.527861430499105,ASAH2
GO_Biological_Process_2023,Exocytosis (GO:0006887),0.23484035592224559,0.3292547882578132,0,0,3.815345949142519,5.527861430499105,RAB25
GO_Biological_Process_2023,Integrin-Mediated Signaling Pathway (GO:0007229),0.23484035592224559,0.3292547882578132,0,0,3.815345949142519,5.527861430499105,ITGA2
GO_Biological_Process_2023,Regulation Of Cell Cycle (GO:0051726),0.2378254882938781,0.330271759605605,0,0,2.188738892686261,3.143506450461208,ASAH2;TTC28
GO_Biological_Process_2023,Negative Regulation Of Protein Kinase Activity (GO:0006469),0.23749961864847285,0.330271759605605,0,0,3.765650080256822,5.413458116811756,PTPRO
GO_Biological_Process_2023,Positive Regulation Of DNA Repair (GO:0045739),0.23749961864847285,0.330271759605605,0,0,3.765650080256822,5.413458116811756,NPAS2
KEGG_2021_Human,Retrograde endocannabinoid signaling,0.06050778396135357,0.3310630605363058,0,0,5.183024939662108,14.538298200742219,NDUFC2-KCTD14;GNAI1
KEGG_2021_Human,Dopaminergic synapse,0.06050778396135357,0.3310630605363058,0,0,5.183024939662108,14.538298200742219,GNAI1;SLC18A2
KEGG_2021_Human,Sphingolipid signaling pathway,0.0614343823675619,0.3310630605363058,0,0,5.137360446570973,14.33213433529452,ASAH2;GNAI1
GO_Biological_Process_2023,mRNA Metabolic Process (GO:0016071),0.24014974159304006,0.33142160599911763,0,0,3.7172284644194757,5.302598996978733,U2AF1
GO_Biological_Process_2023,Regulation Of Defense Response (GO:0031347),0.24014974159304006,0.33142160599911763,0,0,3.7172284644194757,5.302598996978733,NLRP2
GO_Biological_Process_2023,Epithelial Cell Differentiation (GO:0030855),0.24279075582437587,0.331963903796909,0,0,3.6700327122742142,5.195134234031464,CNN3
GO_Biological_Process_2023,Inorganic Cation Import Across Plasma Membrane (GO:0098659),0.24279075582437587,0.331963903796909,0,0,3.6700327122742142,5.195134234031464,SLC24A2
GO_Biological_Process_2023,Monoatomic Ion Transport (GO:0006811),0.24279075582437587,0.331963903796909,0,0,3.6700327122742142,5.195134234031464,SLC24A2
GO_Biological_Process_2023,Positive Regulation Of Proteasomal Protein Catabolic Process (GO:1901800),0.24542269231822772,0.33453000829838425,0,0,3.6240168539325843,5.09092204356587,ECSCR
GO_Biological_Process_2023,Positive Regulation Of Epithelial Cell Migration (GO:0010634),0.24804558191701953,0.3370680760406124,0,0,3.579137189624081,4.98982817008771,RAB25
GO_Biological_Process_2023,Positive Regulation Of Binding (GO:0051099),0.25326434333536024,0.34206129298037985,0,0,3.492622174089617,4.7964931244423195,DACT1
GO_Biological_Process_2023,Positive Regulation Of Cold-Induced Thermogenesis (GO:0120162),0.25326434333536024,0.34206129298037985,0,0,3.492622174089617,4.7964931244423195,SCD
KEGG_2021_Human,Folate biosynthesis,0.06709158530418212,0.34252019865819294,0,0,15.295091661738617,41.32269787599054,MOCS1
GO_Biological_Process_2023,T Cell Receptor Signaling Pathway (GO:0050852),0.2558602763455654,0.343473037639653,0,0,3.450909577314072,4.704016904113331,CD8B
GO_Biological_Process_2023,Vesicle Organization (GO:0016050),0.2558602763455654,0.343473037639653,0,0,3.450909577314072,4.704016904113331,LAPTM4B
GO_Biological_Process_2023,Cell-Matrix Adhesion (GO:0007160),0.25844728481932583,0.34589772560411286,0,0,3.4101784534038333,4.614188106417179,ITGA2
GO_Biological_Process_2023,Regulation Of Wnt Signaling Pathway (GO:0030111),0.26102539911554157,0.34725000542998474,0,0,3.370394564933368,4.526903538165229,DACT1
GO_Biological_Process_2023,Sphingolipid Metabolic Process (GO:0006665),0.26102539911554157,0.34725000542998474,0,0,3.370394564933368,4.526903538165229,ASAH2
GO_Biological_Process_2023,Positive Regulation Of Inflammatory Response (GO:0050729),0.2661550659946177,0.3530140545976516,0,0,3.293539325842697,4.35957957059033,GPRC5B
Reactome_2022,Degradation Of DVL R-HSA-4641258,0.1739600052851041,0.35640586448655476,0,0,5.374323761964211,9.399315309290756,DACT1
Reactome_2022,Integrin Cell Surface Interactions R-HSA-216083,0.1710817099014096,0.35640586448655476,0,0,5.475938096247615,9.668392970937944,ITGA2
Reactome_2022,Metabolism Of Lipids R-HSA-556833,0.1676237330171565,0.35640586448655476,0,0,1.9109850633390055,3.4130833331827772,ASAH2;SCD;AHRR;NPAS2
Reactome_2022,Regulation Of Cholesterol Biosynthesis By SREBP (SREBF) R-HSA-1655829,0.1739600052851041,0.35640586448655476,0,0,5.374323761964211,9.399315309290756,SCD
Reactome_2022,RAB Geranylgeranylation R-HSA-8873719,0.18253572286646147,0.356581412111227,0,0,5.090873250542086,8.65860499412261,RAB25
Reactome_2022,"Plasma Lipoprotein Assembly, Remodeling, And Clearance R-HSA-174824",0.18253572286646147,0.356581412111227,0,0,5.090873250542086,8.65860499412261,PCSK5
Reactome_2022,Ca2+ Pathway R-HSA-4086398,0.18253572286646147,0.356581412111227,0,0,5.090873250542086,8.65860499412261,PRKG2
Reactome_2022,mRNA 3-End Processing R-HSA-72187,0.17968697827811883,0.356581412111227,0,0,5.181982343499198,8.895074538551718,U2AF1
GO_Biological_Process_2023,T Cell Activation (GO:0042110),0.27124951768895234,0.3576295724291842,0,0,3.220099875156055,4.201316318923737,CD8B
GO_Biological_Process_2023,RNA Splicing (GO:0008380),0.27124951768895234,0.3576295724291842,0,0,3.220099875156055,4.201316318923737,U2AF1
GO_Biological_Process_2023,Calcium Ion Transport (GO:0006816),0.27378361258930395,0.35883473484337763,0,0,3.1845906902086676,4.1253736177118006,SLC24A2
GO_Biological_Process_2023,Positive Regulation Of DNA Metabolic Process (GO:0051054),0.27378361258930395,0.35883473484337763,0,0,3.1845906902086676,4.1253736177118006,NPAS2
GO_Biological_Process_2023,Response To Lipid (GO:0033993),0.27630899320201063,0.3600143646720315,0,0,3.1498534440644845,4.05145331607624,SCD
GO_Biological_Process_2023,Positive Regulation Of Metabolic Process (GO:0009893),0.27630899320201063,0.3600143646720315,0,0,3.1498534440644845,4.05145331607624,SCD
GO_Biological_Process_2023,Positive Regulation Of T Cell Activation (GO:0050870),0.278825689158343,0.3601159775426996,0,0,3.1158632354717892,3.9794822576603495,SIRPB1
GO_Biological_Process_2023,Positive Regulation Of Stress-Activated MAPK Cascade (GO:0032874),0.278825689158343,0.3601159775426996,0,0,3.1158632354717892,3.9794822576603495,EDAR
GO_Biological_Process_2023,Modulation Of Chemical Synaptic Transmission (GO:0050804),0.278825689158343,0.3601159775426996,0,0,3.1158632354717892,3.9794822576603495,NPTX1
GO_Biological_Process_2023,Circulatory System Development (GO:0072359),0.28133372999455314,0.36124881851474505,0,0,3.082596222806598,3.9093906476517133,PCSK5
GO_Biological_Process_2023,Synapse Organization (GO:0050808),0.28133372999455314,0.36124881851474505,0,0,3.082596222806598,3.9093906476517133,SDK2
Reactome_2022,RNA Polymerase II Transcription Termination R-HSA-73856,0.20497625264890898,0.3624843204738601,0,0,4.462921348314607,7.073110648358558,U2AF1
Reactome_2022,Extra-nuclear Estrogen Signaling R-HSA-9009391,0.20220485151882361,0.3624843204738601,0,0,4.532830056179775,7.245610896122198,GNAI1
Reactome_2022,MAPK1/MAPK3 Signaling R-HSA-5684996,0.20474494598435242,0.3624843204738601,0,0,2.428314393939394,3.8512829293881747,SPTBN5;PRKG2
Reactome_2022,Signaling By WNT R-HSA-195721,0.20096045793585343,0.3624843204738601,0,0,2.4593402378212503,3.946373222252421,PRKG2;DACT1
Reactome_2022,Class B/2 (Secretin Family Receptors) R-HSA-373080,0.20220485151882361,0.3624843204738601,0,0,4.532830056179775,7.245610896122198,ADGRE1
Reactome_2022,RAF/MAP Kinase Cascade R-HSA-5673001,0.19844226531480957,0.3624843204738601,0,0,2.4804642166344295,4.011548306113343,SPTBN5;PRKG2
Reactome_2022,Signaling By MET R-HSA-6806834,0.1882038950032347,0.3624843204738601,0,0,4.917920396115026,8.214055015864854,ITGA2
Reactome_2022,Circadian Clock R-HSA-400253,0.19102338884807765,0.3624843204738601,0,0,4.835767790262172,8.004933685867522,NPAS2
Reactome_2022,Regulation Of Insulin Secretion R-HSA-422356,0.1966333571181066,0.3624843204738601,0,0,4.679412830735774,7.610664484832222,GNAI1
GO_Biological_Process_2023,Protein Processing (GO:0016485),0.2838331451429452,0.36340486502405994,0,0,3.0500295683027794,3.841111865662003,PCSK5
GO_Biological_Process_2023,Intracellular Calcium Ion Homeostasis (GO:0006874),0.28880621561625963,0.3634691861306904,0,0,2.9869106915324917,3.7097411373259916,SLC24A2
GO_Biological_Process_2023,Lysosomal Transport (GO:0007041),0.28880621561625963,0.3634691861306904,0,0,2.9869106915324917,3.7097411373259916,SPTBN5
GO_Biological_Process_2023,Protein Maturation (GO:0051604),0.28632396397231447,0.3634691861306904,0,0,3.01814138576779,3.7745822903040707,PCSK5
GO_Biological_Process_2023,Regulation Of G1/S Transition Of Mitotic Cell Cycle (GO:2000045),0.28632396397231447,0.3634691861306904,0,0,3.01814138576779,3.7745822903040707,DACT1
GO_Biological_Process_2023,Skeletal System Development (GO:0001501),0.28880621561625963,0.3634691861306904,0,0,2.9869106915324917,3.7097411373259916,PCSK5
GO_Biological_Process_2023,Enzyme-Linked Receptor Protein Signaling Pathway (GO:0007167),0.28880621561625963,0.3634691861306904,0,0,2.9869106915324917,3.7097411373259916,CD8B
GO_Biological_Process_2023,Regulation Of Proteasomal Ubiquitin-Dependent Protein Catabolic Process (GO:0032434),0.29127992930434926,0.3655439339428519,0,0,2.9563173584040356,3.64653030291631,FHIT
GO_Biological_Process_2023,Regulation Of Response To External Stimulus (GO:0032101),0.29374513404111635,0.3675963118085157,0,0,2.926342072409488,3.584894223598729,NLRP2
Reactome_2022,Cell Junction Organization R-HSA-446728,0.2104905249069677,0.3683584185871935,0,0,4.329364413885628,6.746511944551529,SDK2
Reactome_2022,Potassium Channels R-HSA-1296071,0.22680741700403928,0.3701390512626673,0,0,3.9726027397260273,5.893967964367674,KCNQ2
Reactome_2022,Opioid Signaling R-HSA-111885,0.23749961864847285,0.3701390512626673,0,0,3.765650080256822,5.413458116811756,GNAI1
Reactome_2022,EPH-Ephrin Signaling R-HSA-2682334,0.24014974159304006,0.3701390512626673,0,0,3.7172284644194757,5.302598996978733,EPHB3
Reactome_2022,Platelet Homeostasis R-HSA-418346,0.21596697230773196,0.3701390512626673,0,0,4.203549910438039,6.442485812167947,PRKG2
Reactome_2022,Transport Of Mature mRNA Derived From An Intron-Containing Transcript R-HSA-159236,0.21596697230773196,0.3701390512626673,0,0,4.203549910438039,6.442485812167947,U2AF1
Reactome_2022,Signaling By GPCR R-HSA-372790,0.23028186994156888,0.3701390512626673,0,0,1.8445009074410164,2.7085595689266597,ADGRE1;KISS1R;GNAI1
Reactome_2022,COPI-dependent Golgi-to-ER Retrograde Traffic R-HSA-6811434,0.22680741700403928,0.3701390512626673,0,0,3.9726027397260273,5.893967964367674,KIF26A
Reactome_2022,Phase II - Conjugation Of Compounds R-HSA-156580,0.21869109191904781,0.3701390512626673,0,0,4.143338683788122,6.298268764966678,TPST1
Reactome_2022,Phase I - Functionalization Of Compounds R-HSA-211945,0.22680741700403928,0.3701390512626673,0,0,3.9726027397260273,5.893967964367674,AHRR
Reactome_2022,Sphingolipid Metabolism R-HSA-428157,0.23217192226896963,0.3701390512626673,0,0,3.866367041198502,5.645967395409947,ASAH2
Reactome_2022,COPI-mediated Anterograde Transport R-HSA-6807878,0.23217192226896963,0.3701390512626673,0,0,3.866367041198502,5.645967395409947,SPTBN5
Reactome_2022,ADORA2B Mediated Anti-Inflammatory Cytokine Production R-HSA-9660821,0.24014974159304006,0.3701390512626673,0,0,3.7172284644194757,5.302598996978733,GNAI1
Reactome_2022,Transport Of Mature Transcript To Cytoplasm R-HSA-72202,0.24014974159304006,0.3701390512626673,0,0,3.7172284644194757,5.302598996978733,U2AF1
Reactome_2022,GPCR Ligand Binding R-HSA-500792,0.24422794238163759,0.37300267563741013,0,0,2.1479369339147936,3.027846386406656,ADGRE1;KISS1R
Reactome_2022,MAPK Family Signaling Cascades R-HSA-5683057,0.2467911969183192,0.37352181155205066,0,0,2.132034632034632,2.98316984118705,SPTBN5;PRKG2
GO_Biological_Process_2023,Positive Regulation Of Cysteine-Type Endopeptidase Activity Involved In Apoptotic Process (GO:0043280),0.3010899835194193,0.3757263738002894,0,0,2.839942718660498,3.4089141959324825,NLRP2
GO_Biological_Process_2023,Positive Regulation Of Peptidyl-Tyrosine Phosphorylation (GO:0050731),0.30352144094042116,0.37769662454102976,0,0,2.812261372313734,3.353067742355369,GPRC5B
GO_Biological_Process_2023,Regulation Of Protein Binding (GO:0043393),0.305944533124327,0.37964545707024333,0,0,2.7851123595505616,3.298551883058265,DACT1
GO_Biological_Process_2023,Plasma Membrane Bounded Cell Projection Organization (GO:0120036),0.30835928854002453,0.3815730860984103,0,0,2.7584804708400212,3.245323736447557,RAB25
GO_Biological_Process_2023,Protein Homooligomerization (GO:0051260),0.310765735568345,0.383479723835033,0,0,2.7323510705957177,3.193342174701374,CRYZ
GO_Biological_Process_2023,Regulation Of Protein Catabolic Process (GO:0042176),0.31316390243978637,0.38536557994673715,0,0,2.7067100703559803,3.1425677373619396,DACT1
GO_Biological_Process_2023,Organonitrogen Compound Biosynthetic Process (GO:1901566),0.31555381740550215,0.3872308618023198,0,0,2.6815439034540156,3.092962547949656,PCSK5
KEGG_2021_Human,cGMP-PKG signaling pathway,0.07991721171742107,0.38759847682949217,0,0,4.400205058099795,11.118279881584265,PRKG2;GNAI1
GO_Biological_Process_2023,Neuron Differentiation (GO:0030182),0.32030900362629733,0.3919803552664357,0,0,2.6325842696629214,2.997115877809704,SMARCA1
GO_Biological_Process_2023,Protein Dephosphorylation (GO:0006470),0.322674330807009,0.3927052982074313,0,0,2.6087660694402266,2.9508058971558655,PTPRO
GO_Biological_Process_2023,Response To Cytokine (GO:0034097),0.322674330807009,0.3927052982074313,0,0,2.6087660694402266,2.9508058971558655,ASAH2
KEGG_2021_Human,Circadian rhythm,0.08950589364524761,0.394639621981319,0,0,11.174157303370787,26.968278939961138,NPAS2
KEGG_2021_Human,Biosynthesis of unsaturated fatty acids,0.08633675870341095,0.394639621981319,0,0,11.621573033707865,28.467041177797125,SCD
GO_Biological_Process_2023,Cell-Cell Adhesion Via Plasma-Membrane Adhesion Molecules (GO:0098742),0.32738059213802434,0.39734137621135557,0,0,2.5623943521925026,2.8612512600724003,SDK2
Reactome_2022,Integration Of Energy Metabolism R-HSA-163685,0.26870667877098214,0.4013205526996756,0,0,3.256407019315743,4.2793581381020385,GNAI1
Reactome_2022,Developmental Biology R-HSA-1266738,0.2699358479468056,0.4013205526996756,0,0,1.545896394733604,2.0244610077982514,SPTBN5;ITGA2;KCNQ2;EPHB3
GO_Biological_Process_2023,Neuron Projection Morphogenesis (GO:0048812),0.33437941591808357,0.4014365345574824,0,0,2.495834947694692,2.734134660191038,EPHB3
GO_Biological_Process_2023,Antigen Receptor-Mediated Signaling Pathway (GO:0050851),0.33437941591808357,0.4014365345574824,0,0,2.495834947694692,2.734134660191038,CD8B
GO_Biological_Process_2023,Heart Development (GO:0007507),0.3320545137759236,0.4014365345574824,0,0,2.5176355642403516,2.775582749383173,PCSK5
GO_Biological_Process_2023,Generation Of Neurons (GO:0048699),0.33437941591808357,0.4014365345574824,0,0,2.495834947694692,2.734134660191038,SMARCA1
GO_Biological_Process_2023,Regulation Of DNA Repair (GO:0006282),0.33900523953369666,0.4058900570633179,0,0,2.453342220529423,2.6538777165661824,NPAS2
Reactome_2022,Signal Transduction R-HSA-162582,0.2801673953087642,0.4110686929656448,0,0,1.296568227552075,1.6497119407834884,ADGRE1;SPTBN5;SCD;ITGA2;KISS1R;PRKG2;PCSK5;GNAI1;DACT1
Reactome_2022,TNFR2 Non-Canonical NF-kB Pathway R-HSA-5668541,0.2838331451429452,0.4110686929656448,0,0,3.0500295683027794,3.841111865662003,EDAR
Reactome_2022,MHC Class II Antigen Presentation R-HSA-2132295,0.2838331451429452,0.4110686929656448,0,0,3.0500295683027794,3.841111865662003,KIF26A
GO_Biological_Process_2023,Brain Development (GO:0007420),0.34588443041989686,0.41301024980057766,0,0,2.3922369765066396,2.5397197636724105,SMARCA1
GO_Biological_Process_2023,Actin Filament Organization (GO:0007015),0.3481617234257615,0.4135003846584781,0,0,2.3725363787069442,2.503235100873195,CNN3
GO_Biological_Process_2023,Dephosphorylation (GO:0016311),0.3481617234257615,0.4135003846584781,0,0,2.3725363787069442,2.503235100873195,PTPRO
Reactome_2022,G Alpha (S) Signaling Events R-HSA-418555,0.28880621561625963,0.41469610447462923,0,0,2.9869106915324917,3.7097411373259916,GNAI1
GO_Biological_Process_2023,Regulation Of Cell Adhesion (GO:0030155),0.35269281444692646,0.4177618096256375,0,0,2.3340884378397972,2.4324885062470805,EPHB3
GO_Biological_Process_2023,Regulation Of Cold-Induced Thermogenesis (GO:0120161),0.3549466656690939,0.4193103277104229,0,0,2.315325842696629,2.398186118139308,SCD
GO_Biological_Process_2023,Positive Regulation Of Protein Kinase Activity (GO:0045860),0.3638847267180549,0.428725888127921,0,0,2.243184391603519,2.2676758070612033,GPRC5B
KEGG_2021_Human,Chemokine signaling pathway,0.10644188375289869,0.4302026135012989,0,0,3.700373993095512,8.289415503308126,CCL3L3;GNAI1
KEGG_2021_Human,Axon guidance,0.10205100869285147,0.4302026135012989,0,0,3.7970779220779223,8.666004513482955,GNAI1;EPHB3
KEGG_2021_Human,Primary immunodeficiency,0.11138751559456171,0.43218356050689943,0,0,8.801498127340825,19.317000229195504,CD8B
GO_Biological_Process_2023,Vesicle-Mediated Transport (GO:0016192),0.3689500382544522,0.4323938279013818,0,0,1.5714461690071446,1.5668796121156405,RAB25;MYCBPAP
GO_Biological_Process_2023,Positive Regulation Of Response To External Stimulus (GO:0032103),0.3683077186139208,0.4323938279013818,0,0,2.208765760356806,2.2061958577307648,GPRC5B
GO_Biological_Process_2023,Negative Regulation Of Cell Migration (GO:0030336),0.3727002961921467,0.434490082139792,0,0,2.1753822759145054,2.1470602731066784,ADTRP
GO_Biological_Process_2023,Negative Regulation Of DNA-binding Transcription Factor Activity (GO:0043433),0.3727002961921467,0.434490082139792,0,0,2.1753822759145054,2.1470602731066784,NLRP2
Reactome_2022,Golgi-to-ER Retrograde Transport R-HSA-8856688,0.30835928854002453,0.43533076029179935,0,0,2.7584804708400212,3.245323736447557,KIF26A
Reactome_2022,Metabolism Of Water-Soluble Vitamins And Cofactors R-HSA-196849,0.30835928854002453,0.43533076029179935,0,0,2.7584804708400212,3.245323736447557,MOCS1
KEGG_2021_Human,Non-small cell lung cancer,0.21596697230773196,0.4364332565385417,0,0,4.203549910438039,6.442485812167947,FHIT
KEGG_2021_Human,Cytokine-cytokine receptor interaction,0.15519258705371067,0.4364332565385417,0,0,2.918522727272727,5.437465943977257,EDAR;CCL3L3
KEGG_2021_Human,Human cytomegalovirus infection,0.14678145304322796,0.4364332565385417,0,0,3.0252001884126236,5.8047859237945465,CCL3L3;GNAI1
KEGG_2021_Human,Mineral absorption,0.14769546639844156,0.4364332565385417,0,0,6.45143570536829,12.339033894611811,ATP7B
KEGG_2021_Human,Amphetamine addiction,0.16819349706359069,0.4364332565385417,0,0,5.581460674157303,9.949736139649533,SLC18A2
KEGG_2021_Human,Sphingolipid metabolism,0.14472668810219186,0.4364332565385417,0,0,6.598314606741573,12.753936573711638,ASAH2
KEGG_2021_Human,PPAR signaling pathway,0.1768284168850916,0.4364332565385417,0,0,5.276404494382023,9.141768694457934,SCD
KEGG_2021_Human,GnRH secretion,0.1768284168850916,0.4364332565385417,0,0,5.276404494382023,9.141768694457934,KISS1R
KEGG_2021_Human,Arginine and proline metabolism,0.13875841979142922,0.4364332565385417,0,0,6.913055109684323,13.65342794436587,PRODH
KEGG_2021_Human,Glycosphingolipid biosynthesis,0.1357588600007051,0.4364332565385417,0,0,7.081940257604823,14.141749843236418,ABO
KEGG_2021_Human,ECM-receptor interaction,0.21596697230773196,0.4364332565385417,0,0,4.203549910438039,6.442485812167947,ITGA2
KEGG_2021_Human,Viral protein interaction with cytokine and cytokine receptor,0.2132334606388711,0.4364332565385417,0,0,4.265532055518837,6.5918152664231,CCL3L3
KEGG_2021_Human,Morphine addiction,0.2104905249069677,0.4364332565385417,0,0,4.329364413885628,6.746511944551529,GNAI1
KEGG_2021_Human,GABAergic synapse,0.2104905249069677,0.4364332565385417,0,0,4.329364413885628,6.746511944551529,GNAI1
KEGG_2021_Human,Antigen processing and presentation,0.20220485151882361,0.4364332565385417,0,0,4.532830056179775,7.245610896122198,CD8B
KEGG_2021_Human,Gastric acid secretion,0.19383319859174372,0.4364332565385417,0,0,4.7563087124700685,7.803948197438955,GNAI1
KEGG_2021_Human,Synaptic vesicle cycle,0.19383319859174372,0.4364332565385417,0,0,4.7563087124700685,7.803948197438955,SLC18A2
KEGG_2021_Human,Arrhythmogenic right ventricular cardiomyopathy,0.18537468404732413,0.4364332565385417,0,0,5.002905850445564,8.431778365746768,ITGA2
KEGG_2021_Human,Pathways in cancer,0.2103462367607848,0.4364332565385417,0,0,1.9357539773159778,3.0178411464909605,TXNRD3;ITGA2;GNAI1
KEGG_2021_Human,Hypertrophic cardiomyopathy,0.20773813298078248,0.4364332565385417,0,0,4.395131086142322,6.906847275458946,ITGA2
KEGG_2021_Human,Salivary secretion,0.20773813298078248,0.4364332565385417,0,0,4.395131086142322,6.906847275458946,PRKG2
KEGG_2021_Human,Thermogenesis,0.13143573230101374,0.4364332565385417,0,0,3.245328282828283,6.585541119762541,PRKG2;NDUFC2-KCTD14
KEGG_2021_Human,Pertussis,0.20220485151882361,0.4364332565385417,0,0,4.532830056179775,7.245610896122198,GNAI1
GO_Biological_Process_2023,Nitrogen Compound Transport (GO:0071705),0.37706266617123685,0.43842194518072947,0,0,2.1429879317519767,2.0901501686094255,SLC18A2
Reactome_2022,Factors Involved In Megakaryocyte Development And Platelet Production R-HSA-983231,0.31316390243978637,0.4384294634157009,0,0,2.7067100703559803,3.1425677373619396,KIF26A
KEGG_2021_Human,Rheumatoid arthritis,0.22680741700403928,0.4400063889878362,0,0,3.9726027397260273,5.893967964367674,CCL3L3
KEGG_2021_Human,Dilated cardiomyopathy,0.22411128252864912,0.4400063889878362,0,0,4.027933832709113,6.024228404814654,ITGA2
Reactome_2022,Anti-inflammatory Response Favoring Leishmania Infection R-HSA-9662851,0.3179355084841002,0.44143111921759365,0,0,2.6568395010823624,3.0444902389916337,GNAI1
Reactome_2022,Peptide Ligand-Binding Receptors R-HSA-375276,0.322674330807009,0.44433842275063534,0,0,2.6087660694402266,2.9508058971558655,KISS1R
Reactome_2022,Signaling By NTRKs R-HSA-166520,0.3366963153988222,0.4598778942032694,0,0,2.4744069912609237,2.693574859141235,PCSK5
GO_Biological_Process_2023,Negative Regulation Of Apoptotic Process (GO:0043066),0.39730063494950374,0.4607439300592412,0,0,1.4779104823747682,1.3642030322864422,FANK1;ASAH2
GO_Biological_Process_2023,Peptide Biosynthetic Process (GO:0043043),0.39842854479918355,0.46084554920636633,0,0,1.9944207671445175,1.8353200531807545,PCSK5
GO_Biological_Process_2023,Protein Autophosphorylation (GO:0046777),0.40052485214132727,0.4620638268192916,0,0,1.9806833923349239,1.812284623941614,EPHB3
GO_Biological_Process_2023,Neuron Projection Development (GO:0031175),0.4067705275531611,0.46805024339233864,0,0,1.9405776336626197,1.745561354786132,EPHB3
KEGG_2021_Human,Toll-like receptor signaling pathway,0.25065945539712936,0.47050641050813197,0,0,3.5353521512743216,4.891725401741898,CCL3L3
KEGG_2021_Human,Melanogenesis,0.2661550659946177,0.47050641050813197,0,0,3.293539325842697,4.35957957059033,GNAI1
KEGG_2021_Human,Oxidative phosphorylation,0.28133372999455314,0.47050641050813197,0,0,3.082596222806598,3.9093906476517133,NDUFC2-KCTD14
KEGG_2021_Human,Leukocyte transendothelial migration,0.278825689158343,0.47050641050813197,0,0,3.1158632354717892,3.9794822576603495,GNAI1
KEGG_2021_Human,Glutamatergic synapse,0.26870667877098214,0.47050641050813197,0,0,3.256407019315743,4.2793581381020385,GNAI1
KEGG_2021_Human,Progesterone-mediated oocyte maturation,0.26102539911554157,0.47050641050813197,0,0,3.370394564933368,4.526903538165229,GNAI1
KEGG_2021_Human,"Parathyroid hormone synthesis, secretion and action",0.27378361258930395,0.47050641050813197,0,0,3.1845906902086676,4.1253736177118006,GNAI1
KEGG_2021_Human,NF-kappa B signaling pathway,0.278825689158343,0.47050641050813197,0,0,3.1158632354717892,3.9794822576603495,EDAR
GO_Biological_Process_2023,Regulation Of Cell Differentiation (GO:0045595),0.4108985174140963,0.4715752414881986,0,0,1.9147257980504502,1.7029743788438847,HEMGN
GO_Biological_Process_2023,Organic Substance Transport (GO:0071702),0.41295184738230956,0.4727071534634706,0,0,1.9020549970431697,1.682223631005827,SLC18A2
Reactome_2022,ER To Golgi Anterograde Transport R-HSA-199977,0.3571927561559408,0.47625700820792105,0,0,2.296861066523988,2.364571863995691,SPTBN5
Reactome_2022,Host Interactions Of HIV Factors R-HSA-162909,0.35269281444692646,0.47625700820792105,0,0,2.3340884378397972,2.4324885062470805,CD8B
Reactome_2022,Metabolism Of Steroids R-HSA-8957322,0.3571927561559408,0.47625700820792105,0,0,2.296861066523988,2.364571863995691,SCD
KEGG_2021_Human,T cell receptor signaling pathway,0.29127992930434926,0.47799959002693604,0,0,2.9563173584040356,3.64653030291631,CD8B
KEGG_2021_Human,"Growth hormone synthesis, secretion and action",0.305944533124327,0.47799959002693604,0,0,2.7851123595505616,3.298551883058265,GNAI1
KEGG_2021_Human,Estrogen signaling pathway,0.30352144094042116,0.47799959002693604,0,0,2.812261372313734,3.353067742355369,GNAI1
KEGG_2021_Human,Toxoplasmosis,0.31555381740550215,0.47799959002693604,0,0,2.6815439034540156,3.092962547949656,GNAI1
KEGG_2021_Human,Relaxin signaling pathway,0.32030900362629733,0.47799959002693604,0,0,2.6325842696629214,2.997115877809704,GNAI1
KEGG_2021_Human,Purine metabolism,0.31316390243978637,0.47799959002693604,0,0,2.7067100703559803,3.1425677373619396,FHIT
KEGG_2021_Human,AMPK signaling pathway,0.310765735568345,0.47799959002693604,0,0,2.7323510705957177,3.193342174701374,SCD
KEGG_2021_Human,Adrenergic signaling in cardiomyocytes,0.34588443041989686,0.4792969964389999,0,0,2.3922369765066396,2.5397197636724105,GNAI1
KEGG_2021_Human,Lysosome,0.3413062153342886,0.4792969964389999,0,0,2.432631479558115,2.6150185415985163,LAPTM4B
KEGG_2021_Human,Osteoclast differentiation,0.33900523953369666,0.4792969964389999,0,0,2.453342220529423,2.6538777165661824,SIRPB1
KEGG_2021_Human,Cell adhesion molecules,0.3413062153342886,0.4792969964389999,0,0,2.432631479558115,2.6150185415985163,CD8B
KEGG_2021_Human,Apelin signaling pathway,0.33437941591808357,0.4792969964389999,0,0,2.495834947694692,2.734134660191038,GNAI1
KEGG_2021_Human,Phagosome,0.3727002961921467,0.48202571640850966,0,0,2.1753822759145054,2.1470602731066784,ITGA2
KEGG_2021_Human,Yersinia infection,0.3683077186139208,0.48202571640850966,0,0,2.208765760356806,2.2061958577307648,CD8B
KEGG_2021_Human,Olfactory transduction,0.3683077186139208,0.48202571640850966,0,0,2.208765760356806,2.2061958577307648,PRKG2
KEGG_2021_Human,Oxytocin signaling pathway,0.3571927561559408,0.48202571640850966,0,0,2.296861066523988,2.364571863995691,GNAI1
KEGG_2021_Human,Cushing syndrome,0.3727002961921467,0.48202571640850966,0,0,2.1753822759145054,2.1470602731066784,GNAI1
GO_Biological_Process_2023,Regulation Of Angiogenesis (GO:0045765),0.4271283262751842,0.4876748673708933,0,0,1.8178220620450851,1.5463681132118712,ECSCR
KEGG_2021_Human,Spliceosome,0.3878377779464055,0.4885748631272901,0,0,2.066051364365971,1.956897996656144,U2AF1
KEGG_2021_Human,Non-alcoholic fatty liver disease,0.3878377779464055,0.4885748631272901,0,0,2.066051364365971,1.956897996656144,NDUFC2-KCTD14
GO_Biological_Process_2023,Regulation Of Programmed Cell Death (GO:0043067),0.42912570540813805,0.48869585474500044,0,0,1.8063904494382022,1.5282160447047752,FANK1
GO_Biological_Process_2023,Endosomal Transport (GO:0016197),0.43309982630589944,0.49195698218849604,0,0,1.7839506172839505,1.4927867419328782,LAPTM4B
GO_Biological_Process_2023,RNA Processing (GO:0006396),0.43900976493902044,0.4973946953145424,0,0,1.751310861423221,1.4417379846737224,U2AF1
GO_Biological_Process_2023,Endocytosis (GO:0006897),0.4429158334891978,0.5005400873360066,0,0,1.7302025163156833,1.4090345723926054,MYCBPAP
Reactome_2022,Beta-catenin Independent WNT Signaling R-HSA-3858494,0.38139503410238723,0.5005809822593832,0,0,2.111539407856967,2.0353542342504314,PRKG2
Reactome_2022,Neurotransmitter Receptors And Postsynaptic Signal Transmission R-HSA-112314,0.37923258762630535,0.5005809822593832,0,0,2.1271480502313285,2.0624946072073573,GNAI1
Reactome_2022,Ion Channel Transport R-HSA-983712,0.38569760390007946,0.5023038562419639,0,0,2.080995877455339,1.9825681564178723,ATP7B
GO_Biological_Process_2023,Regulation Of Signal Transduction (GO:0009966),0.4467950048428286,0.5036391530416617,0,0,1.7095937770095073,1.3773434440645025,KIF26A
GO_Biological_Process_2023,"RNA Splicing, Via Transesterification Reactions With Bulged Adenosine As Nucleophile (GO:0000377)",0.45064746214564627,0.5066924510926937,0,0,1.6894671134765753,1.3466234263367745,U2AF1
Reactome_2022,ESR-mediated Signaling R-HSA-8939211,0.3942141586184275,0.5094459895991986,0,0,2.0224719101123596,1.8826401591119744,GNAI1
KEGG_2021_Human,Hepatocellular carcinoma,0.4108985174140963,0.5109891819124018,0,0,1.9147257980504502,1.7029743788438847,TXNRD3
Reactome_2022,G Alpha (Q) Signaling Events R-HSA-416476,0.4046958189315117,0.5125731222507787,0,0,1.953765563316125,1.7674145411674258,KISS1R
Reactome_2022,Transport To Golgi And Subsequent Modification R-HSA-948021,0.4088380856047877,0.5125731222507787,0,0,1.9275655430711611,1.7240841683587713,SPTBN5
Reactome_2022,Fatty Acid Metabolism R-HSA-8978868,0.4067705275531611,0.5125731222507787,0,0,1.9405776336626197,1.745561354786132,SCD
Reactome_2022,TCF Dependent Signaling In Response To WNT R-HSA-201681,0.4067705275531611,0.5125731222507787,0,0,1.9405776336626197,1.745561354786132,DACT1
GO_Biological_Process_2023,Positive Regulation Of Protein Metabolic Process (GO:0051247),0.4601629223309277,0.5160814546648126,0,0,1.6411516853932584,1.273820373123243,DACT1
GO_Biological_Process_2023,Inflammatory Response (GO:0006954),0.46392330510607355,0.5189849094999762,0,0,1.6225855321297815,1.2462041522781953,TPST1
KEGG_2021_Human,cAMP signaling pathway,0.42311281265123035,0.519518263635055,0,0,1.8411221641737636,1.5835794394622422,GNAI1
GO_Biological_Process_2023,Regulation Of GTPase Activity (GO:0043087),0.4676577828685956,0.521275944171,0,0,1.6044319600499375,1.2193979455293422,EPHB3
GO_Biological_Process_2023,Positive Regulation Of Intracellular Signal Transduction (GO:1902533),0.46832466316040183,0.521275944171,0,0,1.2787107803700724,0.9700216849346284,EDAR;GPRC5B
KEGG_2021_Human,Diabetic cardiomyopathy,0.43111619765304265,0.5227283896543142,0,0,1.7951008444413428,1.5103576852947316,NDUFC2-KCTD14
KEGG_2021_Human,Chemical carcinogenesis,0.4525637299315438,0.5228072195701321,0,0,1.6795793049385943,1.3316152944293533,GNAI1
KEGG_2021_Human,Focal adhesion,0.4582729610972035,0.5228072195701321,0,0,1.6505939004815409,1.287942389099743,ITGA2
KEGG_2021_Human,Lipid and atherosclerosis,0.46951536253982923,0.5228072195701321,0,0,1.595505617977528,1.2062888190139895,CCL3L3
KEGG_2021_Human,Neuroactive ligand-receptor interaction,0.4601629223309277,0.5228072195701321,0,0,1.6411516853932584,1.273820373123243,KISS1R
KEGG_2021_Human,Rap1 signaling pathway,0.4601629223309277,0.5228072195701321,0,0,1.6411516853932584,1.273820373123243,GNAI1
KEGG_2021_Human,Proteoglycans in cancer,0.4657937710589304,0.5228072195701321,0,0,1.6134580377879606,1.2327017770247353,ITGA2
KEGG_2021_Human,Human immunodeficiency virus 1 infection,0.4750497280266023,0.5228072195701321,0,0,1.5693087445041525,1.168092663850931,GNAI1
KEGG_2021_Human,Regulation of actin cytoskeleton,0.473211313302736,0.5228072195701321,0,0,1.577945600785903,1.1806397890642946,ITGA2
KEGG_2021_Human,Herpes simplex virus 1 infection,0.47968909836847173,0.5228072195701321,0,0,1.2505411255411256,0.9186688909094767,ZNF285;ZNF135
GO_Biological_Process_2023,Positive Regulation Of Protein Modification Process (GO:0031401),0.47136653206841983,0.5233468012689473,0,0,1.586677367576244,1.1933706518054619,ADTRP
GO_Biological_Process_2023,Negative Regulation Of Multicellular Organismal Process (GO:0051241),0.473211313302736,0.5240815294827801,0,0,1.577945600785903,1.1806397890642946,PTPRO
Reactome_2022,Adaptive Immune System R-HSA-1280218,0.42392353008781014,0.5275492818870526,0,0,1.276115246341587,1.095164903674199,TREML1;CD8B;KIF26A
GO_Biological_Process_2023,Regulation Of Cell Growth (GO:0001558),0.48234015536499897,0.5328595731339015,0,0,1.535680133875209,1.1196731348502886,KIF26A
GO_Biological_Process_2023,Positive Regulation Of Cellular Process (GO:0048522),0.4841940301530536,0.5335770033776188,0,0,1.2396117830667186,0.8990526972530172,RAB25;PRODH
GO_Biological_Process_2023,Positive Regulation Of Phosphorylation (GO:0042327),0.4859477313886974,0.5341807568367071,0,0,1.5193968066233,1.0964791013220607,ADTRP
Reactome_2022,GPCR Downstream Signaling R-HSA-388396,0.44282599238370207,0.5470203435328085,0,0,1.3452959830866809,1.0958490222769433,KISS1R;GNAI1
GO_Biological_Process_2023,Cilium Assembly (GO:0060271),0.5018765692259749,0.5503250499185814,0,0,1.4501722093614138,0.9997502692785505,RSPH9
GO_Biological_Process_2023,mRNA Processing (GO:0006397),0.5036160253152804,0.5508688869498005,0,0,1.442865168539326,0.9897206013751648,U2AF1
Reactome_2022,Signaling By Receptor Tyrosine Kinases R-HSA-9006934,0.45101146616912346,0.5509471494818795,0,0,1.3233825670896608,1.0537599324011953,ITGA2;PCSK5
Reactome_2022,Intra-Golgi And Retrograde Golgi-to-ER Traffic R-HSA-6811442,0.4525637299315438,0.5509471494818795,0,0,1.6795793049385943,1.3316152944293533,KIF26A
GO_Biological_Process_2023,"mRNA Splicing, Via Spliceosome (GO:0000398)",0.5053494744694418,0.5514034906156716,0,0,1.4356308345910895,0.9798253094687084,U2AF1
GO_Biological_Process_2023,Chromatin Remodeling (GO:0006338),0.5139273311118823,0.5566498965343859,0,0,1.4005127086287772,0.9322840602518957,SMARCA1
GO_Biological_Process_2023,Negative Regulation Of Intracellular Signal Transduction (GO:1902532),0.5139273311118823,0.5566498965343859,0,0,1.4005127086287772,0.9322840602518957,NLRP2
GO_Biological_Process_2023,Positive Regulation Of Cell Differentiation (GO:0045597),0.5139273311118823,0.5566498965343859,0,0,1.4005127086287772,0.9322840602518957,GPRC5B
KEGG_2021_Human,Shigellosis,0.517317137515658,0.557552914877987,0,0,1.386938202247191,0.9141298231375199,U2AF1
GO_Biological_Process_2023,Positive Regulation Of DNA-binding Transcription Factor Activity (GO:0051091),0.5206835646764677,0.5625922418333542,0,0,1.3736222578919208,0.8964434448061372,FANK1
Reactome_2022,mRNA Splicing - Major Pathway R-HSA-72163,0.4657937710589304,0.5629737664597144,0,0,1.6134580377879606,1.2327017770247353,U2AF1
Reactome_2022,Leishmania Infection R-HSA-9658195,0.4768817979828277,0.5681995890859224,0,0,1.5607652596416641,1.155725794492772,GNAI1
Reactome_2022,Class A/1 (Rhodopsin-like Receptors) R-HSA-373076,0.4768817979828277,0.5681995890859224,0,0,1.5607652596416641,1.155725794492772,KISS1R
Reactome_2022,mRNA Splicing R-HSA-72172,0.48052699006758187,0.5685108051503786,0,0,1.5439524124256445,1.1315193092140299,U2AF1
GO_Biological_Process_2023,Regulation Of Protein Phosphorylation (GO:0001932),0.5322842402176786,0.5723347534379409,0,0,1.3289494123129497,0.8380057923312507,ADTRP
GO_Biological_Process_2023,Positive Regulation Of Signal Transduction (GO:0009967),0.5322842402176786,0.5723347534379409,0,0,1.3289494123129497,0.8380057923312507,DACT1
GO_Biological_Process_2023,Cellular Component Assembly (GO:0022607),0.533918653335238,0.5727020906235121,0,0,1.3228017730130914,0.8300737033775787,RSPH9
GO_Biological_Process_2023,Positive Regulation Of Programmed Cell Death (GO:0043068),0.5355474183535992,0.5730616094943103,0,0,1.3167102765378893,0.8222405932657008,FANK1
KEGG_2021_Human,Prion disease,0.5387880808824009,0.57431256973179,0,0,1.3046926635822869,0.806864940988705,NDUFC2-KCTD14
GO_Biological_Process_2023,Positive Regulation Of Cell Migration (GO:0030335),0.5436071937938309,0.5802843056642581,0,0,1.2870686195826646,0.7845048289899212,RAB25
GO_Biological_Process_2023,Chromatin Organization (GO:0006325),0.5452024727461314,0.5805882101599429,0,0,1.281298377028714,0.7772330888831238,SMARCA1
GO_Biological_Process_2023,Supramolecular Fiber Organization (GO:0097435),0.5515286326346712,0.5859165090099745,0,0,1.258721358127668,0.749016649525797,CNN3
GO_Biological_Process_2023,Proteolysis (GO:0006508),0.5593140828694801,0.5927658820841619,0,0,1.231585518102372,0.7156054964954321,PCSK5
GO_Biological_Process_2023,Cellular Response To Cytokine Stimulus (GO:0071345),0.5623907046331333,0.5946040146837186,0,0,1.2210531327366216,0.7027874687849099,ASAH2
GO_Biological_Process_2023,Plasma Membrane Bounded Cell Projection Assembly (GO:0120031),0.5654460841112794,0.5964109887173733,0,0,1.2106977622509678,0.6902676216389886,PTPRO
GO_Biological_Process_2023,Positive Regulation Of Apoptotic Process (GO:0043065),0.5669658533329385,0.5965935226282464,0,0,1.2055850688731136,0.6841167225219824,FANK1
Reactome_2022,Extracellular Matrix Organization R-HSA-1474244,0.5240267720429398,0.6156398440784188,0,0,1.3605575577697688,0.879209306625158,ITGA2
Reactome_2022,G Alpha (I) Signaling Events R-HSA-418594,0.5289983920100002,0.6171647906783336,0,0,1.3414162529396394,0.8541734755455731,GNAI1
Reactome_2022,Infectious Disease R-HSA-5663205,0.545536031436044,0.6234697502126217,0,0,1.0552818828680897,0.6394864942600149,CD8B;HAVCR1;GNAI1
Reactome_2022,HIV Infection R-HSA-162906,0.5387880808824009,0.6234697502126217,0,0,1.3046926635822869,0.806864940988705,CD8B
Reactome_2022,"Platelet Activation, Signaling And Aggregation R-HSA-76002",0.5420063814510011,0.6234697502126217,0,0,1.2928906131909104,0.7918664153462671,GNAI1
KEGG_2021_Human,Huntington disease,0.5948629783217192,0.627192488013117,0,0,1.1159742182736696,0.5796640027046936,NDUFC2-KCTD14
Reactome_2022,Processing Of Capped Intron-Containing Pre-mRNA R-HSA-72203,0.5623907046331333,0.6383894485024757,0,0,1.2210531327366216,0.7027874687849099,U2AF1
Reactome_2022,Membrane Trafficking R-HSA-199991,0.567101539695509,0.6394165011331914,0,0,1.0586146390374331,0.6004641233053173,SPTBN5;KIF26A
Reactome_2022,Metabolism Of Carbohydrates R-HSA-71387,0.5729925469764431,0.6417516526136163,0,0,1.1855550931705738,0.6602149664191472,ABO
GO_Biological_Process_2023,Regulation Of Intracellular Signal Transduction (GO:1902531),0.6115586038916435,0.6419916149857774,0,0,1.0658759883478985,0.5241386465918483,GNAI1
Reactome_2022,SARS-CoV-2 Infection R-HSA-9694516,0.5847981929050662,0.6506364000533186,0,0,1.1474103585657371,0.615572417011076,HAVCR1
GO_Biological_Process_2023,Positive Regulation Of Macromolecule Metabolic Process (GO:0010604),0.622309139580302,0.6517327395604582,0,0,1.0348799611995796,0.49086250466550474,ADTRP
KEGG_2021_Human,PI3K-Akt signaling pathway,0.6249504711864257,0.6518300613449816,0,0,1.0274077046548957,0.48296677118450393,ITGA2
KEGG_2021_Human,Human papillomavirus infection,0.6353343620176629,0.6556109905926947,0,0,0.9985564918851436,0.4529490834529579,ITGA2
Reactome_2022,Vesicle-mediated Transport R-HSA-5653656,0.5973301527264224,0.6593786548259278,0,0,1.0003162055335968,0.5154482348691589,SPTBN5;KIF26A
Reactome_2022,Asparagine N-linked Glycosylation R-HSA-446203,0.6005055606450413,0.6593786548259278,0,0,1.098764902650313,0.560351836110007,SPTBN5
GO_Biological_Process_2023,Protein-Containing Complex Assembly (GO:0065003),0.632765356485701,0.6611204078376546,0,0,1.0056179775280898,0.46022670935020515,RSPH9
KEGG_2021_Human,Alzheimer disease,0.6612587690137344,0.6681468811909608,0,0,0.9299298207337915,0.38462830535638315,NDUFC2-KCTD14
KEGG_2021_Human,Amyotrophic lateral sclerosis,0.6612587690137344,0.6681468811909608,0,0,0.9299298207337915,0.38462830535638315,NDUFC2-KCTD14
GO_Biological_Process_2023,Positive Regulation Of Multicellular Organismal Process (GO:0051240),0.6552566759299562,0.6830087233811072,0,0,0.945409520993495,0.3996513108867405,SCD
GO_Biological_Process_2023,Positive Regulation Of Protein Phosphorylation (GO:0001934),0.65887043428934,0.6851633858924358,0,0,0.9360611938659738,0.39055128930640276,ADTRP
GO_Biological_Process_2023,Protein Localization (GO:0008104),0.6612587690137344,0.6860366151594481,0,0,0.9299298207337915,0.38462830535638315,PRRT1
GO_Biological_Process_2023,Negative Regulation Of Programmed Cell Death (GO:0043069),0.6786519125407047,0.7024364421858229,0,0,0.8863573311138854,0.343593698366766,FANK1
GO_Biological_Process_2023,Positive Regulation Of DNA-templated Transcription (GO:0045893),0.6998095395330556,0.7216531035303138,0,0,0.8320388349514564,0.29699382205082353,FANK1;SMARCA1;NPAS2
GO_Biological_Process_2023,Regulation Of Cell Migration (GO:0030334),0.7004759244199434,0.7216531035303138,0,0,0.8341716749412073,0.29696118143465516,KIF26A
Reactome_2022,Metabolism Of Amino Acids And Derivatives R-HSA-71291,0.667157504334096,0.7278081865462865,0,0,0.9149431045587919,0.37030411985545686,PRODH
GO_Biological_Process_2023,DNA Damage Response (GO:0006974),0.7138687136735932,0.7337444087178695,0,0,0.8033865231485853,0.27078641501562317,NPAS2
Reactome_2022,SARS-CoV Infections R-HSA-9679506,0.6897536292046845,0.7476039335895936,0,0,0.8594832806297518,0.3192299713526453,HAVCR1
GO_Biological_Process_2023,Positive Regulation Of Cell Population Proliferation (GO:0008284),0.7333252154801485,0.7519978482817264,0,0,0.7601704765594731,0.23577903463756256,RAB25
Reactome_2022,Immune System R-HSA-168256,0.6999214931849848,0.7537616080453682,0,0,0.8496069072020216,0.30312878695747547,EDAR;TREML1;CD8B;KIF26A;SIRPB1
KEGG_2021_Human,Pathways of neurodegeneration,0.7540870164473107,0.7540870164473107,0,0,0.715814606741573,0.20203689123641969,NDUFC2-KCTD14
GO_Biological_Process_2023,Positive Regulation Of Gene Expression (GO:0010628),0.7398210766604462,0.7569070137657682,0,0,0.7461083801498127,0.2248374551191103,ADTRP
GO_Biological_Process_2023,Negative Regulation Of Nucleic Acid-Templated Transcription (GO:1903507),0.7434624832974094,0.7588799080662497,0,0,0.7383007065909881,0.21885962732077208,ZNF541
GO_Biological_Process_2023,Regulation Of Nucleic Acid-Templated Transcription (GO:1903506),0.7523469794669438,0.7661832457559912,0,0,0.719468127152617,0.204730161370849,SMARCA1
Reactome_2022,Disease R-HSA-1643685,0.7527623758081062,0.8055036887628143,0,0,0.7791814208696207,0.22129194223432896,TPST1;CD8B;HAVCR1;GNAI1
GO_Biological_Process_2023,Regulation Of DNA-templated Transcription (GO:0006355),0.7945355371456236,0.8072918416410809,0,0,0.7296717796470394,0.16782273261339167,FANK1;SMARCA1;NPAS2;ZNF541
GO_Biological_Process_2023,Negative Regulation Of DNA-templated Transcription (GO:0045892),0.7964188309804193,0.8073536433050932,0,0,0.6734265734265734,0.15329213262317645,DACT1;ZNF541
GO_Biological_Process_2023,Regulation Of Transcription By RNA Polymerase II (GO:0006357),0.8091384156086137,0.8183751555128216,0,0,0.7120645945985551,0.1508048008718817,SMARCA1;NPAS2;DACT1;ZNF541
Reactome_2022,Neutrophil Degranulation R-HSA-6798695,0.7708359111996349,0.8196229941869535,0,0,0.6811931514178705,0.17730078588452577,SIRPB1
Reactome_2022,Post-translational Protein Modification R-HSA-597592,0.7789436997849591,0.8230348526029757,0,0,0.7277010512677051,0.1817917355996791,TPST1;SPTBN5;RAB25
Reactome_2022,RNA Polymerase II Transcription R-HSA-73857,0.7862776576745142,0.8255915405582399,0,0,0.7180612897598418,0.1726544585680028,ZNF285;U2AF1;ZNF135
GO_Biological_Process_2023,Regulation Of Gene Expression (GO:0010468),0.8346765481822402,0.8422818014686387,0,0,0.615287911654506,0.11118929172569354,ADTRP;SMARCA1
Reactome_2022,Gene Expression (Transcription) R-HSA-74160,0.83957745477143,0.8760808223701878,0,0,0.6468281126612266,0.11310212817435407,ZNF285;U2AF1;ZNF135
GO_Biological_Process_2023,Regulation Of Apoptotic Process (GO:0042981),0.8779791602705133,0.8832606258027333,0,0,0.47508549096238395,0.06182402516067664,FANK1
GO_Biological_Process_2023,Regulation Of Cell Population Proliferation (GO:0042127),0.879272993180599,0.8832606258027333,0,0,0.47265792966778214,0.06081210167309304,RAB25
GO_Biological_Process_2023,Negative Regulation Of Transcription By RNA Polymerase II (GO:0000122),0.8883554639949197,0.8903653179858584,0,0,0.4555701841398092,0.053931910342964996,DACT1
Reactome_2022,Cytokine Signaling In Immune System R-HSA-1280215,0.8855414238244008,0.9079372880291637,0,0,0.46087479935794545,0.056022116790857925,EDAR
Reactome_2022,Cellular Responses To Stimuli R-HSA-8953897,0.8971285107907214,0.9079372880291637,0,0,0.43895015132013776,0.0476507427972384,NPAS2
Reactome_2022,Metabolism Of RNA R-HSA-8953854,0.8930212268509358,0.9079372880291637,0,0,0.4467486508006724,0.05054734398180812,U2AF1
Reactome_2022,Generic Transcription Pathway R-HSA-212436,0.8897151783507711,0.9079372880291637,0,0,0.528584817244611,0.06176719304123422,ZNF285;ZNF135
Reactome_2022,Cellular Responses To Stress R-HSA-2262752,0.8941572107745516,0.9079372880291637,0,0,0.44459511817125147,0.04973848677379873,NPAS2
Reactome_2022,Metabolism Of Proteins R-HSA-392499,0.919633278580728,0.9251400646800138,0,0,0.5272021006488574,0.04416914943787838,TPST1;SPTBN5;RAB25
GO_Biological_Process_2023,Positive Regulation Of Transcription By RNA Polymerase II (GO:0045944),0.9317508148155486,0.9317508148155486,0,0,0.37091939937102275,0.026220242683948323,SMARCA1
Reactome_2022,Innate Immune System R-HSA-168249,0.953654661269606,0.953654661269606,0,0,0.32342483288294693,0.015347693139168625,SIRPB1
