Gene_set,Term,P-value,Adjusted P-value,Old P-value,Old adjusted P-value,Odds Ratio,Combined Score,Genes
Reactome_2022,Class A/1 (Rhodopsin-like Receptors) R-HSA-373076,3.5465758317399804e-09,1.8725920391587097e-06,0,0,6.483830146231721,126.15771972203817,CX3CR1;MRLN;EDN3;PTGDR2;F2R;GPBAR1;ADRB2;ADRA1A;CXCR1;P2RY2;CCL4;CXCR2;XCL2;NLRP3;PROK2;XCL1;NMUR1;CMKLR1
Reactome_2022,GPCR Ligand Binding R-HSA-500792,5.5808586967309714e-08,1.4733466959369764e-05,0,0,4.795156534286969,80.08553047885337,CX3CR1;MRLN;EDN3;PTGDR2;DHH;F2R;TAS2R13;GPBAR1;ADRB2;ADRA1A;CXCR1;P2RY2;CCL4;CXCR2;XCL2;NLRP3;PROK2;XCL1;NMUR1;CMKLR1
Reactome_2022,Peptide Ligand-Binding Receptors R-HSA-375276,5.056334270570338e-07,8.899148316203796e-05,0,0,7.125692307692308,103.3043956127793,CX3CR1;MRLN;EDN3;CXCR1;CXCR2;F2R;CCL4;XCL2;PROK2;NLRP3;XCL1;NMUR1
KEGG_2021_Human,Natural killer cell mediated cytotoxicity,1.1121237899117976e-05,0.0024244298620077188,0,0,6.339161126159403,72.30861732141821,FCGR3A;KLRK1;KLRC2;KLRC4-KLRK1;PLCG2;SH2D1B;GZMB;FASLG;TNF;CD244
Reactome_2022,Signal Transduction R-HSA-162582,2.098215818200688e-05,0.0027696448800249083,0,0,1.9247272107297113,20.73284988475628,GPR27;DOCK5;PTGDR2;FLT3;RGSL1;FASLG;TNF;ADRA1A;SPRED2;CCND1;EFHD2;PROK2;TNS4;TNS3;CMKLR1;PDGFRB;DUSP2;MEF2C;EDN3;F2R;MATK;SOX13;TAS2R13;ATP1B4;GPBAR1;MMP9;LATS2;GFOD1;CDC42EP4;XCL2;XCL1;CX3CR1;MRLN;DHH;ADRB2;HDAC9;CXCR1;P2RY2;PDGFD;CCL4;CXCR2;PLCG2;NLRP3;STOM;NCAM1;EVC2;LYN;NTRK1;JAG2;CENPU;JAG1;LAMB3;GZMB;ADCY10;DHRS9;DLG5;ID1;CENPM;NMUR1;PIK3AP1
Reactome_2022,Signaling By GPCR R-HSA-372790,2.8526343041696243e-05,0.003012381825203123,0,0,2.9107543859649123,30.460120718499834,GPR27;CX3CR1;MRLN;EDN3;PTGDR2;DHH;RGSL1;F2R;TAS2R13;GPBAR1;ADRB2;ADRA1A;CXCR1;P2RY2;CCL4;CXCR2;XCL2;NLRP3;PROK2;XCL1;NMUR1;CMKLR1
KEGG_2021_Human,MAPK signaling pathway,3.064337236628727e-05,0.0033401275879253126,0,0,3.784623755193563,39.33395102888037,NTRK1;PDGFRB;PLA2G4F;DUSP2;MEF2C;GADD45B;FLT3;PLA2G4C;FASLG;HSPA2;TNF;GADD45G;EFNA3;PDGFD;MAP3K8
KEGG_2021_Human,Transcriptional misregulation in cancer,4.7817504858588156e-05,0.0034747386863907396,0,0,4.773298399819698,47.485339430280945,NTRK1;CEBPA;MEF2C;ITGAM;GADD45B;FLT3;GZMB;DEFA1;MPO;MMP9;GADD45G
Reactome_2022,Chemokine Receptors Bind Chemokines R-HSA-380108,5.760309735266043e-05,0.00403508116149627,0,0,10.286377708978328,100.4149425388571,CX3CR1;CXCR1;CCL4;CXCR2;XCL2;XCL1
Reactome_2022,GPCR Downstream Signaling R-HSA-388396,6.113759335600408e-05,0.00403508116149627,0,0,2.9139697950377563,28.27245276517651,GPR27;CX3CR1;MRLN;EDN3;PTGDR2;RGSL1;F2R;TAS2R13;GPBAR1;ADRB2;ADRA1A;CXCR1;P2RY2;CCL4;CXCR2;XCL2;NLRP3;PROK2;XCL1;NMUR1
Reactome_2022,G Alpha (Q) Signaling Events R-HSA-416476,5.4113584237245424e-05,0.00403508116149627,0,0,4.703509356432894,46.209276360917585,MRLN;EDN3;RGSL1;P2RY2;F2R;XCL2;PROK2;NLRP3;XCL1;NMUR1;ADRA1A
GO_Biological_Process_2023,Positive Regulation Of Phosphatidylinositol 3-Kinase Signaling (GO:0014068),4.183973578905758e-06,0.006874268590142161,0,0,9.988394584139265,123.69876709868423,PDGFRB;FGR;NTRK1;FLT3;PDGFD;F2R;PIK3AP1;TNF
GO_Biological_Process_2023,Inflammatory Response (GO:0006954),1.3625932039871098e-05,0.007462468780502738,0,0,4.648299762757594,52.07739286235108,CIITA;F2R;PLA2G4C;TNF;HDAC9;CXCR2;CCL4;XCL2;PROK2;NLRP3;XCL1;TLR6;CMKLR1
GO_Biological_Process_2023,Cellular Response To Lipopolysaccharide (GO:0071222),1.0193961284578888e-05,0.007462468780502738,0,0,6.4084799203451706,73.65724206911254,LYN;CX3CR1;MEF2C;PLCG2;NLRP3;LILRB1;DEFA1;CD68;TNF;NUGGC
Reactome_2022,Immune System R-HSA-168256,0.0001484496691348101,0.00870904725590886,0,0,1.874992434454868,16.528554405635134,IFITM3;CIITA;ITGAM;FRMPD3;FLT3;FASLG;MPO;TNF;C4B;CCND1;GNLY;NAPRT;FCER1A;TNFSF11;MAP3K8;EDARADD;NANOS1;MEF2C;TNFRSF12A;CD300A;MMP9;FGR;SLC7A8;HECW2;FSCN1;KLRF1;TLR6;HLA-DQB2;PLD4;LILRA4;KLRK1;CXCR1;CCL4;CXCR2;PLCG2;NLRP3;STOM;NCAM1;HLA-DQA1;LYN;KLRC2;SIGLEC10;SH2D1B;LILRB1;P2RX1;SLCO4C1;TNFSF9;PIK3AP1;CD68
KEGG_2021_Human,Viral protein interaction with cytokine and cytokine receptor,0.00017922316022461244,0.009359968442100365,0,0,6.593974437005477,56.885418432970994,CX3CR1;CXCR1;CCL4;CXCR2;XCL2;XCL1;TNF
KEGG_2021_Human,NF-kappa B signaling pathway,0.0002146781752775313,0.009359968442100365,0,0,5.445031712473573,45.9907552845591,LYN;EDARADD;GADD45B;CCL4;PLCG2;TNFSF11;TNF;GADD45G
GO_Biological_Process_2023,Regulation Of Natural Killer Cell Chemotaxis (GO:2000501),4.908327578135115e-05,0.010080477763594992,0,0,86.63754646840148,859.6170599952995,KLRK1;CCL4;XCL1
GO_Biological_Process_2023,Positive Regulation Of I-kappaB Phosphorylation (GO:1903721),4.908327578135115e-05,0.010080477763594992,0,0,86.63754646840148,859.6170599952995,CX3CR1;PLCG2;TNF
GO_Biological_Process_2023,Regulation Of Phosphatidylinositol 3-Kinase Signaling (GO:0014066),3.1959631920556386e-05,0.010080477763594992,0,0,7.32717803030303,75.8438905602859,PDGFRB;FGR;NTRK1;FLT3;PDGFD;F2R;PIK3AP1;TNF
GO_Biological_Process_2023,Positive Regulation Of MAPK Cascade (GO:0043410),3.627166534145331e-05,0.010080477763594992,0,0,3.9419523127227305,40.30438771104176,NTRK1;PDGFRB;MEF2C;EDN3;FLT3;F2R;ADRB2;TNF;PDGFD;CCL4;XCL2;PLCG2;XCL1;TNFSF11
GO_Biological_Process_2023,Regulation Of MAP Kinase Activity (GO:0043405),4.7831817572108074e-05,0.010080477763594992,0,0,5.940530610501132,59.09532624940755,PDGFRB;LYN;MEF2C;EDN3;CD300A;FLT3;PDGFD;TNFSF11;TNF
GO_Biological_Process_2023,Positive Regulation Of MAP Kinase Activity (GO:0043406),7.516969344757308e-05,0.011424822668646315,0,0,6.420091324200913,60.96366193512628,PDGFRB;MEF2C;EDN3;FLT3;PDGFD;TNFSF11;TLR6;TNF
GO_Biological_Process_2023,Second-Messenger-Mediated Signaling (GO:0019932),7.317109631683109e-05,0.011424822668646315,0,0,7.718191527233891,73.4981002097145,LAT2;FCGR3A;EDN3;PTGDR2;PLCG2;TNFSF11;NMUR1
GO_Biological_Process_2023,Neutrophil Chemotaxis (GO:0030593),7.648998743463752e-05,0.011424822668646315,0,0,9.713659147869674,92.06946807027295,EDN3;CXCR1;CCL4;CXCR2;XCL2;XCL1
GO_Biological_Process_2023,Positive Regulation Of Protein Serine/Threonine Kinase Activity (GO:0071902),8.857699331897762e-05,0.012127666668590019,0,0,5.447767629649955,50.83659762432868,PDGFRB;MEF2C;CCND1;EDN3;FLT3;PDGFD;TNFSF11;ADRB2;TNF
GO_Biological_Process_2023,Regulation Of I-kappaB Phosphorylation (GO:1903719),9.691632129405049e-05,0.012248731991240382,0,0,57.7546468401487,533.7489607671338,CX3CR1;PLCG2;TNF
GO_Biological_Process_2023,Positive Regulation Of Intracellular Signal Transduction (GO:1902533),0.00011679238887114458,0.012792659661019369,0,0,2.768796510136002,25.071764313810124,LYN;CX3CR1;NTRK1;PDGFRB;FLT3;F2R;SECTM1;FASLG;ADRB2;TNF;FGR;C1QTNF4;PDGFD;DLG5;CCL4;PLCG2;NLRP3;TNFSF11;TLR6;PIK3AP1
GO_Biological_Process_2023,Granulocyte Chemotaxis (GO:0071621),0.00011374855253507192,0.012792659661019369,0,0,8.96471949103528,81.41328137090743,EDN3;CXCR1;CCL4;CXCR2;XCL2;XCL1
GO_Biological_Process_2023,Neutrophil Migration (GO:1990266),0.000128943612149511,0.01324089717260291,0,0,8.740037593984962,78.27695978067202,EDN3;CXCR1;CCL4;CXCR2;XCL2;XCL1
KEGG_2021_Human,Phospholipase D signaling pathway,0.0003924058596897132,0.01425741290205958,0,0,4.3970532319391635,34.48702901650331,PDGFRB;PLA2G4F;CXCR1;PDGFD;F2R;PLA2G4C;CXCR2;PLCG2;FCER1A
GO_Biological_Process_2023,Regulation Of T-helper 2 Cell Cytokine Production (GO:2000551),0.00016744503915541942,0.016183070548962005,0,0,43.3131970260223,376.6019844028002,TBX21;NLRP3;XCL1
GO_Biological_Process_2023,Positive Regulation Of ERK1 And ERK2 Cascade (GO:0070374),0.00021493393883338923,0.019618692305736582,0,0,4.799896301417214,40.535987470616526,PDGFRB;NTRK1;PDGFD;F2R;CCL4;XCL2;TNFSF11;XCL1;TNF
KEGG_2021_Human,Cytokine-cytokine receptor interaction,0.0007655866159175382,0.021727666603821517,0,0,3.3866522236264065,24.298783343078167,CX3CR1;TNFRSF12A;CXCR1;CCL4;CXCR2;XCL2;TNFSF9;XCL1;TNFSF11;FASLG;TNF
KEGG_2021_Human,Fc epsilon RI signaling pathway,0.0007973455634429915,0.021727666603821517,0,0,6.020611874513871,42.95238405419601,LYN;PLA2G4F;PLA2G4C;PLCG2;FCER1A;TNF
GO_Biological_Process_2023,Monocyte Chemotaxis (GO:0002548),0.00033399946377942553,0.026131481856647435,0,0,14.480410447761194,115.90657992419331,CCL4;XCL2;TNFSF11;XCL1
GO_Biological_Process_2023,Positive Regulation Of Phosphatase Activity (GO:0010922),0.00033399946377942553,0.026131481856647435,0,0,14.480410447761194,115.90657992419331,PDGFRB;MEF2C;CD300A;PLEK
GO_Biological_Process_2023,Natural Killer Cell Mediated Immunity (GO:0002228),0.00033399946377942553,0.026131481856647435,0,0,14.480410447761194,115.90657992419331,FCGR3A;KLRK1;KLRC2;GZMB
GO_Biological_Process_2023,Regulation Of Calcium-Mediated Signaling (GO:0050848),0.00040703981853593103,0.027865267577272278,0,0,13.62774363476734,106.38633723220238,PLEK;CCL4;PLCG2;CMKLR1
GO_Biological_Process_2023,Lymphocyte Migration (GO:0072676),0.00040703981853593103,0.027865267577272278,0,0,13.62774363476734,106.38633723220238,TBX21;CCL4;XCL2;XCL1
GO_Biological_Process_2023,Positive Regulation Of Natural Killer Cell Mediated Immunity (GO:0002717),0.00040703981853593103,0.027865267577272278,0,0,13.62774363476734,106.38633723220238,KLRK1;CADM1;KLRC2;SH2D1B
GO_Biological_Process_2023,Lymphocyte Chemotaxis (GO:0048247),0.0004908073536981217,0.03169895327805293,0,0,12.869817578772803,98.0610456048955,CCL4;XCL2;XCL1;DEFA1
GO_Biological_Process_2023,Cytokine-Mediated Signaling Pathway (GO:0019221),0.0005016267712899429,0.03169895327805293,0,0,3.5760885671344806,27.169884315509073,LYN;CEBPA;FLT3;CXCR2;CCL4;XCL2;TNFSF11;XCL1;LILRB1;TNF;LILRA4
GO_Biological_Process_2023,Eosinophil Chemotaxis (GO:0048245),0.0005524882598545168,0.032419221819320394,0,0,24.745618693574084,185.61882523189215,CCL4;XCL2;XCL1
GO_Biological_Process_2023,Eosinophil Migration (GO:0072677),0.0005524882598545168,0.032419221819320394,0,0,24.745618693574084,185.61882523189215,CCL4;XCL2;XCL1
KEGG_2021_Human,Melanoma,0.0031638764714647023,0.037552237466312074,0,0,5.471698113207547,31.494860543414134,PDGFRB;CCND1;GADD45B;PDGFD;GADD45G
KEGG_2021_Human,Staphylococcus aureus infection,0.0019506658162503692,0.037552237466312074,0,0,6.172603394692804,38.51448059242912,C4B;FCGR3A;ITGAM;DEFA1;HLA-DQA1
KEGG_2021_Human,Chemokine signaling pathway,0.0018207863702358884,0.037552237466312074,0,0,3.487321531992043,21.999721850711516,LYN;FGR;CX3CR1;CXCR1;CCL4;CXCR2;PLCG2;XCL2;XCL1
KEGG_2021_Human,Allograft rejection,0.0023670868459358847,0.037552237466312074,0,0,7.9825012866700975,48.262963182901686,GZMB;FASLG;TNF;HLA-DQA1
KEGG_2021_Human,Thyroid cancer,0.0032729014305501354,0.037552237466312074,0,0,7.232742537313433,41.38631984443705,NTRK1;CCND1;GADD45B;GADD45G
KEGG_2021_Human,Type I diabetes mellitus,0.002948557334439861,0.037552237466312074,0,0,7.466538276360135,43.50333180509402,GZMB;FASLG;TNF;HLA-DQA1
KEGG_2021_Human,Graft-versus-host disease,0.0026468896216495633,0.037552237466312074,0,0,7.71592039800995,45.789126964593535,GZMB;FASLG;TNF;HLA-DQA1
KEGG_2021_Human,Autoimmune thyroid disease,0.002948557334439861,0.037552237466312074,0,0,7.466538276360135,43.50333180509402,TPO;GZMB;FASLG;HLA-DQA1
KEGG_2021_Human,Calcium signaling pathway,0.003209339170221137,0.037552237466312074,0,0,3.1885240235050123,18.307517230716783,PDGFRB;NTRK1;PDGFD;P2RX1;F2R;PLCG2;ADRB2;ADRA1A;MCOLN2
KEGG_2021_Human,Pathways in cancer,0.0023457785045983325,0.037552237466312074,0,0,2.2984779299847795,13.917600934825732,GSTM4;NTRK1;PDGFRB;JAG2;CEBPA;GSTM1;JAG1;GADD45B;LAMB3;FLT3;F2R;FASLG;MMP9;GADD45G;CCND1;PLCG2;GSTM5
KEGG_2021_Human,alpha-Linolenic acid metabolism,0.002388509662852438,0.037552237466312074,0,0,13.319416642836718,80.41045947468102,FADS2;PLA2G4F;PLA2G4C
GO_Biological_Process_2023,Hematopoietic Progenitor Cell Differentiation (GO:0002244),0.0006939437930727577,0.03931550524201865,0,0,11.58134328358209,84.23249472065956,LYN;FLT3;PLEK;PLD4
GO_Biological_Process_2023,Regulation Of Leukocyte Chemotaxis (GO:0002688),0.0007500331942236733,0.04107681793698317,0,0,21.651022304832715,155.787616358291,LYN;EDN3;XCL1
Reactome_2022,TNFs Bind Their Physiological Receptors R-HSA-5669034,0.0008150397777458916,0.043034100264983076,0,0,11.029140014214642,78.44226178244182,EDARADD;TNFSF11;TNFSF9;FASLG
KEGG_2021_Human,Ras signaling pathway,0.0049687290488727295,0.04836101802784049,0,0,2.9700328671779337,15.754810199507007,PDGFRB;NTRK1;EFNA3;PLA2G4F;FLT3;PDGFD;PLA2G4C;PLCG2;FASLG
KEGG_2021_Human,Antigen processing and presentation,0.0048442901353117525,0.04836101802784049,0,0,4.913349838126071,26.187931371024774,CIITA;KLRC2;HSPA2;TNF;HLA-DQA1
KEGG_2021_Human,Systemic lupus erythematosus,0.005262203111128293,0.04836101802784049,0,0,6.2533279548204925,32.812496822221355,C4B;FCGR3A;TNF;HLA-DQA1
KEGG_2021_Human,Asthma,0.00532414877370721,0.04836101802784049,0,0,9.616480793060719,50.34710860692733,FCER1A;TNF;HLA-DQA1
KEGG_2021_Human,Acute myeloid leukemia,0.0048442901353117525,0.04836101802784049,0,0,4.913349838126071,26.187931371024774,CEBPA;ITGAM;CCND1;FLT3;MPO
GO_Biological_Process_2023,Positive Regulation Of Leukocyte Degranulation (GO:0043302),0.0009873667332559043,0.04885537985423234,0,0,19.244114002478316,133.17829484772474,FGR;ITGAM;KLRC2
GO_Biological_Process_2023,Peptidyl-Tyrosine Modification (GO:0018212),0.0010110060347193546,0.04885537985423234,0,0,7.256086142322097,50.043842895182514,PDGFRB;FGR;LYN;NTRK1;FLT3
GO_Biological_Process_2023,Regulation Of ERK1 And ERK2 Cascade (GO:0070372),0.0009970268268655253,0.04885537985423234,0,0,3.5132787859395713,24.2793312253259,LYN;PDGFRB;NTRK1;SPRED2;PDGFD;F2R;CCL4;XCL2;XCL1;TNF
GO_Biological_Process_2023,Fc Receptor Signaling Pathway (GO:0038093),0.0009503127723722206,0.04885537985423234,0,0,10.527137042062416,73.25539269241416,LYN;FCGR3A;PLCG2;LILRA4
GO_Biological_Process_2023,Cellular Response To Molecule Of Bacterial Origin (GO:0071219),0.0011097662099331354,0.05105052441278046,0,0,4.746423870118473,32.292797482349144,CX3CR1;MEF2C;NLRP3;LILRB1;DEFA1;CD68;NUGGC
GO_Biological_Process_2023,Positive Regulation Of Leukocyte Mediated Cytotoxicity (GO:0001912),0.0011185750936458288,0.05105052441278046,0,0,7.078651685393258,48.104390720538895,ITGAM;KLRK1;CADM1;KLRC2;XCL1
GO_Biological_Process_2023,Positive Regulation Of Lymphocyte Chemotaxis (GO:0140131),0.0012673182534555058,0.052055097260684906,0,0,17.318587360594794,115.52973698600472,CCL4;XCL2;XCL1
GO_Biological_Process_2023,Immune Response-Regulating Cell Surface Receptor Signaling Pathway (GO:0002768),0.0012673182534555058,0.052055097260684906,0,0,17.318587360594794,115.52973698600472,LYN;FGR;LILRB1
GO_Biological_Process_2023,Cellular Response To Lipid (GO:0071396),0.001181275287747503,0.052055097260684906,0,0,3.4302040087496093,23.12355635992561,LYN;CX3CR1;MEF2C;PLCG2;GPBAR1;NLRP3;LILRB1;DEFA1;CD68;NUGGC
GO_Biological_Process_2023,Negative Regulation Of Immune Effector Process (GO:0002698),0.0012673182534555058,0.052055097260684906,0,0,17.318587360594794,115.52973698600472,CD300A;SLAMF8;LILRB1
GO_Biological_Process_2023,Calcium-Mediated Signaling (GO:0019722),0.0013782157447386624,0.05522947484403956,0,0,5.369809138230191,35.370747830309384,LAT2;FCGR3A;PTGDR2;PLCG2;TNFSF11;NMUR1
GO_Biological_Process_2023,Endoderm Formation (GO:0001706),0.001449901473261042,0.05539972373413703,0,0,9.262089552238805,60.53942244036383,DUSP2;LAMB3;MMP15;MMP9
GO_Biological_Process_2023,Regulation Of Natural Killer Cell Mediated Cytotoxicity (GO:0042269),0.001449901473261042,0.05539972373413703,0,0,9.262089552238805,60.53942244036383,KLRK1;CADM1;KLRC2;LILRB1
GO_Biological_Process_2023,Phospholipase C-activating G Protein-Coupled Receptor Signaling Pathway (GO:0007200),0.0014923039429626964,0.055723985870175234,0,0,6.594739530132789,42.91483278574092,CX3CR1;F2R;CXCR2;NMUR1;CMKLR1
GO_Biological_Process_2023,Positive Regulation Of Podosome Assembly (GO:0071803),0.0017292197748566727,0.05682216180179026,0,0,57.544444444444444,365.98755618329363,FSCN1;TNF
GO_Biological_Process_2023,Synapse Pruning (GO:0098883),0.0017292197748566727,0.05682216180179026,0,0,57.544444444444444,365.98755618329363,CX3CR1;ITGAM
GO_Biological_Process_2023,Regulation Of Neuroinflammatory Response (GO:0150077),0.0015925368802904337,0.05682216180179026,0,0,15.743156471781008,101.4241365087004,PLCG2;MMP9;TNF
GO_Biological_Process_2023,Regulation Of Mast Cell Degranulation (GO:0043304),0.0015925368802904337,0.05682216180179026,0,0,15.743156471781008,101.4241365087004,LYN;FGR;CD300A
GO_Biological_Process_2023,Regulation Of Inositol Phosphate Biosynthetic Process (GO:0010919),0.0017292197748566727,0.05682216180179026,0,0,57.544444444444444,365.98755618329363,PLEK;CD244
GO_Biological_Process_2023,Negative Regulation Of Toll-Like Receptor 2 Signaling Pathway (GO:0034136),0.0017292197748566727,0.05682216180179026,0,0,57.544444444444444,365.98755618329363,LYN;TLR6
GO_Biological_Process_2023,Response To Amyloid-Beta (GO:1904645),0.0018697715810963357,0.05907759053348614,0,0,8.574903261470425,53.867019259955825,NTRK1;ADRB2;TLR6;MMP9
GO_Biological_Process_2023,Chemokine-Mediated Signaling Pathway (GO:0070098),0.0018697715810963357,0.05907759053348614,0,0,8.574903261470425,53.867019259955825,LYN;CCL4;XCL2;XCL1
GO_Biological_Process_2023,Regulation Of T Cell Activation (GO:0050863),0.0019506658162503692,0.05980209695959166,0,0,6.172603394692804,38.51448059242912,TBX21;TNFSF11;TNFSF9;HLA-DQB2;HLA-DQA1
GO_Biological_Process_2023,Negative Regulation Of Cytokine Production Involved In Immune Response (GO:0002719),0.0019654980132793364,0.05980209695959166,0,0,14.430297397769516,89.92975225863071,XCL1;LILRB1;TNF
KEGG_2021_Human,Glioma,0.00707738408307941,0.061714789204452454,0,0,4.458081244598098,22.071295628319948,PDGFRB;CCND1;GADD45B;PLCG2;GADD45G
GO_Biological_Process_2023,Response To Lipopolysaccharide (GO:0032496),0.0021293616904827788,0.062473951026128675,0,0,3.736727272727273,22.988095895833897,CX3CR1;MEF2C;F2R;NLRP3;LILRB1;DEFA1;CD68;NUGGC
GO_Biological_Process_2023,Negative Regulation Of Lymphocyte Proliferation (GO:0050672),0.002108325585603721,0.062473951026128675,0,0,8.268123667377399,50.94703048776788,LYN;CD300A;DLG5;LILRB1
GO_Biological_Process_2023,Regulation Of Collagen Biosynthetic Process (GO:0032965),0.002388509662852438,0.06766071338045786,0,0,13.319416642836718,80.41045947468102,CIITA;F2R;SCX
GO_Biological_Process_2023,Macrophage Activation (GO:0042116),0.0023670868459358847,0.06766071338045786,0,0,7.9825012866700975,48.262963182901686,FCGR3A;ITGAM;PLCG2;TNF
GO_Biological_Process_2023,Release Of Sequestered Calcium Ion Into Cytosol (GO:0051209),0.0026468896216495633,0.0723859947491272,0,0,7.71592039800995,45.789126964593535,F2R;PLCG2;XCL1;FASLG
GO_Biological_Process_2023,Peptidyl-Tyrosine Phosphorylation (GO:0018108),0.002711827712482131,0.0723859947491272,0,0,5.687008885951384,33.61097569642194,PDGFRB;FGR;LYN;NTRK1;FLT3
GO_Biological_Process_2023,Regulation Of T-helper 1 Cell Cytokine Production (GO:2000554),0.002849317767345726,0.0723859947491272,0,0,38.3604938271605,224.81841375337706,TBX21;XCL1
GO_Biological_Process_2023,Dendritic Cell Differentiation (GO:0097028),0.0028637185993263957,0.0723859947491272,0,0,12.367233138608603,72.41799442817756,LYN;FLT3;LILRB1
GO_Biological_Process_2023,Positive Regulation Of Fever Generation (GO:0031622),0.002849317767345726,0.0723859947491272,0,0,38.3604938271605,224.81841375337706,TNFSF11;TNF
GO_Biological_Process_2023,Negative Regulation Of Myeloid Leukocyte Mediated Immunity (GO:0002887),0.002849317767345726,0.0723859947491272,0,0,38.3604938271605,224.81841375337706,CX3CR1;CD300A
GO_Biological_Process_2023,Positive Regulation Of T-helper 1 Cell Cytokine Production (GO:2000556),0.002849317767345726,0.0723859947491272,0,0,38.3604938271605,224.81841375337706,TBX21;XCL1
GO_Biological_Process_2023,Cellular Response To Lectin (GO:1990858),0.0033931163258422025,0.07800605552564123,0,0,11.542007434944239,65.6279294100974,LYN;KLRC2;PLCG2
GO_Biological_Process_2023,Response To Type II Interferon (GO:0034341),0.0031638764714647023,0.07800605552564123,0,0,5.471698113207547,31.494860543414134,IFITM3;CIITA;CCL4;XCL2;XCL1
GO_Biological_Process_2023,Regulation Of Lymphocyte Differentiation (GO:0045619),0.0033931163258422025,0.07800605552564123,0,0,11.542007434944239,65.6279294100974,ZNF683;TBX21;SLAMF8
GO_Biological_Process_2023,Regulation Of Mononuclear Cell Migration (GO:0071675),0.0033931163258422025,0.07800605552564123,0,0,11.542007434944239,65.6279294100974,LYN;TNF;CMKLR1
GO_Biological_Process_2023,Lipopolysaccharide-Mediated Signaling Pathway (GO:0031663),0.00397854487329733,0.07800605552564123,0,0,10.819934944237918,59.8000399016187,LYN;PLCG2;TNF
GO_Biological_Process_2023,Microglial Cell Activation (GO:0001774),0.00397854487329733,0.07800605552564123,0,0,10.819934944237918,59.8000399016187,CX3CR1;ITGAM;TNF
GO_Biological_Process_2023,Positive Regulation Of Amyloid Precursor Protein Catabolic Process (GO:1902993),0.00397854487329733,0.07800605552564123,0,0,10.819934944237918,59.8000399016187,LYN;EFNA3;TNF
GO_Biological_Process_2023,Endochondral Ossification (GO:0001958),0.004225525831881966,0.07800605552564123,0,0,28.76851851851852,157.26631614674392,MEF2C;SCX
GO_Biological_Process_2023,Positive Regulation Of Aspartic-Type Endopeptidase Activity Involved In Amyloid Precursor Protein Catabolic Process (GO:1902961),0.004225525831881966,0.07800605552564123,0,0,28.76851851851852,157.26631614674392,LYN;EFNA3
GO_Biological_Process_2023,Stimulatory C-type Lectin Receptor Signaling Pathway (GO:0002223),0.0033931163258422025,0.07800605552564123,0,0,11.542007434944239,65.6279294100974,LYN;KLRC2;PLCG2
GO_Biological_Process_2023,Positive Regulation Of Protein-Containing Complex Assembly (GO:0031334),0.003870096711886369,0.07800605552564123,0,0,4.304650515176831,23.910077036959066,TPPP3;PLEK;FSCN1;PLCG2;TLR6;TNF
GO_Biological_Process_2023,Positive Regulation Of Interleukin-6 Production (GO:0032755),0.003940293126456454,0.07800605552564123,0,0,5.177568218298555,28.665607273483293,C1QTNF4;F2R;PLCG2;TLR6;TNF
GO_Biological_Process_2023,Negative Regulation Of T Cell Cytokine Production (GO:0002725),0.004225525831881966,0.07800605552564123,0,0,28.76851851851852,157.26631614674392,TBX21;XCL1
GO_Biological_Process_2023,Negative Regulation Of Leukocyte Migration (GO:0002686),0.004225525831881966,0.07800605552564123,0,0,28.76851851851852,157.26631614674392,CD300A;SLAMF8
GO_Biological_Process_2023,Regulation Of Myosin-Light-Chain-Phosphatase Activity (GO:0035507),0.004225525831881966,0.07800605552564123,0,0,28.76851851851852,157.26631614674392,NUAK1;TNF
GO_Biological_Process_2023,Regulation Of Dendritic Cell Apoptotic Process (GO:2000668),0.004225525831881966,0.07800605552564123,0,0,28.76851851851852,157.26631614674392,LYN;LILRB1
GO_Biological_Process_2023,Regulation Of GTPase Activity (GO:0043087),0.004162280201414901,0.07800605552564123,0,0,3.05736581483774,16.75953843004097,NTRK1;KLRK1;CHN2;F2R;CCL4;PLXNA2;XCL2;XCL1;RGS9
GO_Biological_Process_2023,Positive Regulation Of Natural Killer Cell Mediated Cytotoxicity (GO:0045954),0.00397854487329733,0.07800605552564123,0,0,10.819934944237918,59.8000399016187,KLRK1;CADM1;KLRC2
GO_Biological_Process_2023,Positive Regulation Of Biosynthetic Process (GO:0009891),0.003992798424881081,0.07800605552564123,0,0,6.806409130816506,37.59358726791147,F2R;PLCG2;SCX;TLR6
GO_Biological_Process_2023,Positive Regulation Of Leukocyte Cell-Cell Adhesion (GO:1903039),0.003992798424881081,0.07800605552564123,0,0,6.806409130816506,37.59358726791147,TNFSF11;TNF;HLA-DQA1;HLA-DQB2
GO_Biological_Process_2023,Negative Regulation Of Leukocyte Proliferation (GO:0070664),0.004225525831881966,0.07800605552564123,0,0,28.76851851851852,157.26631614674392,LYN;LILRB1
GO_Biological_Process_2023,Positive Regulation Of T-helper 2 Cell Cytokine Production (GO:2000553),0.004225525831881966,0.07800605552564123,0,0,28.76851851851852,157.26631614674392,NLRP3;XCL1
GO_Biological_Process_2023,Regulation Of Antigen Receptor-Mediated Signaling Pathway (GO:0050854),0.004225525831881966,0.07800605552564123,0,0,28.76851851851852,157.26631614674392,LYN;CD300A
GO_Biological_Process_2023,Positive Regulation Of Epidermis Development (GO:0045684),0.004225525831881966,0.07800605552564123,0,0,28.76851851851852,157.26631614674392,SULT2B1;SFN
KEGG_2021_Human,PI3K-Akt signaling pathway,0.009591782380524704,0.08042340611363022,0,0,2.383411380729388,11.075351716488848,NTRK1;PDGFRB;EFNA3;CCND1;LAMB3;PPP2R2B;FLT3;PDGFD;F2R;FASLG;PIK3AP1
GO_Biological_Process_2023,Positive Regulation Of Phosphatidylinositol 3-Kinase Activity (GO:0043552),0.004621702424473667,0.08078145833415144,0,0,10.182812158320578,54.75290105669513,PDGFRB;FGR;FLT3
GO_Biological_Process_2023,Positive Regulation Of T Cell Cytokine Production (GO:0002726),0.004621702424473667,0.08078145833415144,0,0,10.182812158320578,54.75290105669513,TBX21;NLRP3;XCL1
GO_Biological_Process_2023,Negative Regulation Of Interleukin-2 Production (GO:0032703),0.004621702424473667,0.08078145833415144,0,0,10.182812158320578,54.75290105669513,TBX21;XCL1;HDAC9
GO_Biological_Process_2023,Hemopoiesis (GO:0030097),0.004572845953015345,0.08078145833415144,0,0,4.150107411385607,22.35919970412616,LYN;CEBPA;JAG1;FLT3;PLEK;PLD4
GO_Biological_Process_2023,Long-Chain Fatty Acid Biosynthetic Process (GO:0042759),0.004621702424473667,0.08078145833415144,0,0,10.182812158320578,54.75290105669513,GSTM4;GSTM1;FADS1
GO_Biological_Process_2023,Positive Regulation Of Reactive Oxygen Species Metabolic Process (GO:2000379),0.00481279437751436,0.08236897044016762,0,0,6.427446102819237,34.29992094380551,PDGFRB;ITGAM;PLCG2;TLR6
GO_Biological_Process_2023,Cellular Defense Response (GO:0006968),0.00481279437751436,0.08236897044016762,0,0,6.427446102819237,34.29992094380551,CX3CR1;KLRC2;GNLY;CXCR2
GO_Biological_Process_2023,Regulation Of Cell Development (GO:0060284),0.005262203111128293,0.08913195578952357,0,0,6.2533279548204925,32.812496822221355,CX3CR1;SLAMF8;ASCL2;HDAC9
GO_Biological_Process_2023,Natural Killer Cell Mediated Cytotoxicity (GO:0042267),0.00532414877370721,0.08926098403266272,0,0,9.616480793060719,50.34710860692733,FCGR3A;KLRK1;GZMB
KEGG_2021_Human,B cell receptor signaling pathway,0.011055836371817567,0.0892656418168974,0,0,3.9674721666410138,17.872655968024773,LYN;PLCG2;LILRB1;PIK3AP1;LILRA4
GO_Biological_Process_2023,Regulation Of Podosome Assembly (GO:0071801),0.005848765758147149,0.09151925848224539,0,0,23.013333333333332,118.32361995638257,FSCN1;TNF
GO_Biological_Process_2023,Positive Regulation Of Calcium-Mediated Signaling (GO:0050850),0.005848765758147149,0.09151925848224539,0,0,23.013333333333332,118.32361995638257,CCL4;PLCG2
GO_Biological_Process_2023,Positive Regulation Of Aspartic-Type Peptidase Activity (GO:1905247),0.005848765758147149,0.09151925848224539,0,0,23.013333333333332,118.32361995638257,LYN;EFNA3
GO_Biological_Process_2023,Negative Regulation Of Production Of Molecular Mediator Of Immune Response (GO:0002701),0.005848765758147149,0.09151925848224539,0,0,23.013333333333332,118.32361995638257,LILRB1;TNF
GO_Biological_Process_2023,Immune Response-Inhibiting Cell Surface Receptor Signaling Pathway (GO:0002767),0.005848765758147149,0.09151925848224539,0,0,23.013333333333332,118.32361995638257,LYN;LILRB1
GO_Biological_Process_2023,Response To UV-A (GO:0070141),0.005848765758147149,0.09151925848224539,0,0,23.013333333333332,118.32361995638257,CCND1;MMP9
GO_Biological_Process_2023,Positive Regulation Of Neuroinflammatory Response (GO:0150078),0.005848765758147149,0.09151925848224539,0,0,23.013333333333332,118.32361995638257,PLCG2;TNF
GO_Biological_Process_2023,Fc-epsilon Receptor Signaling Pathway (GO:0038095),0.006087310623800215,0.09260603106392365,0,0,9.109763255722951,46.47390271725891,LYN;PLCG2;LILRA4
GO_Biological_Process_2023,Mononuclear Cell Differentiation (GO:1903131),0.006087310623800215,0.09260603106392365,0,0,9.109763255722951,46.47390271725891,LYN;FLT3;LILRB1
GO_Biological_Process_2023,Positive Regulation Of Calcium Ion Transport (GO:0051928),0.006087310623800215,0.09260603106392365,0,0,9.109763255722951,46.47390271725891,PDGFRB;CCL4;F2R
GO_Biological_Process_2023,Regulation Of Interleukin-1 Beta Production (GO:0032651),0.006663275566638066,0.10043818124758112,0,0,4.528031367041199,22.690617617556626,CX3CR1;F2R;NLRP3;TLR6;TNF
GO_Biological_Process_2023,Regulation Of Interleukin-2 Production (GO:0032663),0.00677665557873826,0.10050633350114796,0,0,5.783208955223881,28.882916104319712,TBX21;PLCG2;XCL1;HDAC9
GO_Biological_Process_2023,Fc-gamma Receptor Signaling Pathway (GO:0038094),0.00691248672284219,0.10050633350114796,0,0,8.65371747211896,43.04727574376815,LYN;FGR;FCGR3A
GO_Biological_Process_2023,Positive Regulation Of Leukocyte Migration (GO:0002687),0.00691248672284219,0.10050633350114796,0,0,8.65371747211896,43.04727574376815,EDN3;XCL1;TNF
GO_Biological_Process_2023,Positive Regulation Of Lipid Kinase Activity (GO:0090218),0.00691248672284219,0.10050633350114796,0,0,8.65371747211896,43.04727574376815,PDGFRB;FGR;FLT3
GO_Biological_Process_2023,Positive Regulation Of Cytokine Production (GO:0001819),0.007032791249121818,0.10135856159918549,0,0,2.496227984199115,12.374230479690864,FGR;C1QTNF4;CADM1;F2R;PLCG2;NLRP3;XCL1;LILRB1;TLR6;TNF;CD244
Reactome_2022,Adrenoceptors R-HSA-390696,0.002849317767345726,0.10258276506760412,0,0,38.3604938271605,224.81841375337706,ADRB2;ADRA1A
Reactome_2022,Immunoregulatory Interactions Between A Lymphoid And A non-Lymphoid Cell R-HSA-198933,0.002628469015206609,0.10258276506760412,0,0,4.037586400149449,23.988729001717733,KLRK1;CD300A;SIGLEC10;KLRF1;SH2D1B;LILRB1;LILRA4
Reactome_2022,Innate Immune System R-HSA-168249,0.0021464728446029227,0.10258276506760412,0,0,1.926016161518115,11.833307168225247,ITGAM;FRMPD3;PLD4;MPO;C4B;KLRK1;CXCR1;GNLY;NAPRT;CXCR2;PLCG2;NLRP3;STOM;FCER1A;MAP3K8;LYN;NANOS1;MEF2C;KLRC2;CD300A;MMP9;FGR;SLC7A8;P2RX1;SLCO4C1;TLR6;CD68
Reactome_2022,MET Interacts With TNS Proteins R-HSA-8875513,0.002849317767345726,0.10258276506760412,0,0,38.3604938271605,224.81841375337706,TNS4;TNS3
Reactome_2022,Anti-inflammatory Response Favoring Leishmania Infection R-HSA-9662851,0.0029142830985114804,0.10258276506760412,0,0,3.9586737497710205,23.111257618899902,LYN;GPR27;FGR;PLCG2;NLRP3;GPBAR1;ADRB2
GO_Biological_Process_2023,Cellular Response To Oxidised Low-Density Lipoprotein Particle Stimulus (GO:0140052),0.007710193837447793,0.10299063800753434,0,0,19.17654320987654,93.29794719740583,TLR6;CD68
GO_Biological_Process_2023,Negative Regulation Of Alpha-Beta T Cell Activation (GO:0046636),0.007710193837447793,0.10299063800753434,0,0,19.17654320987654,93.29794719740583,CD300A;LILRB1
GO_Biological_Process_2023,Regulation Of Aspartic-Type Endopeptidase Activity Involved In Amyloid Precursor Protein Catabolic Process (GO:1902959),0.007710193837447793,0.10299063800753434,0,0,19.17654320987654,93.29794719740583,LYN;EFNA3
GO_Biological_Process_2023,Regulation Of MAPK Cascade (GO:0043408),0.007543046976725337,0.10299063800753434,0,0,2.988150738150738,14.603478338774307,LYN;SPRED2;DUSP2;FLT3;F2R;PLCG2;ADRB2;TNF
GO_Biological_Process_2023,DNA Cytosine Deamination (GO:0070383),0.007710193837447793,0.10299063800753434,0,0,19.17654320987654,93.29794719740583,APOBEC3G;APOBEC3H
GO_Biological_Process_2023,Alpha-Linolenic Acid Metabolic Process (GO:0036109),0.007710193837447793,0.10299063800753434,0,0,19.17654320987654,93.29794719740583,FADS1;RAPSN
GO_Biological_Process_2023,Regulation Of Kinase Activity (GO:0043549),0.007509140338286886,0.10299063800753434,0,0,4.3902508228350925,21.475501460950095,PDGFRB;FGR;NTRK1;FLT3;SLAMF8
GO_Biological_Process_2023,Positive Regulation Of Smooth Muscle Contraction (GO:0045987),0.007710193837447793,0.10299063800753434,0,0,19.17654320987654,93.29794719740583,F2R;PROK2
GO_Biological_Process_2023,Positive Regulation Of Macrophage Cytokine Production (GO:0060907),0.007710193837447793,0.10299063800753434,0,0,19.17654320987654,93.29794719740583,PLCG2;LILRB1
GO_Biological_Process_2023,Innate Immune Response Activating Cell Surface Receptor Signaling Pathway (GO:0002220),0.007800852851146457,0.10336130027769055,0,0,8.241104620286777,39.998384320812086,LYN;KLRC2;PLCG2
KEGG_2021_Human,Platelet activation,0.013411336212134637,0.10441683193733396,0,0,3.253179678167381,14.02658824208067,LYN;PLA2G4F;P2RX1;F2R;PLA2G4C;PLCG2
GO_Biological_Process_2023,B Cell Activation (GO:0042113),0.00795891198728357,0.10461193916085525,0,0,4.3244451897814296,20.902045705663994,LAT2;MEF2C;FLT3;PLCG2;HDAC9
KEGG_2021_Human,Hepatocellular carcinoma,0.0156725000728171,0.10691884867279963,0,0,2.824030398322851,11.736240207839831,GSTM4;GSTM1;CCND1;GADD45B;PLCG2;GADD45G;GSTM5
KEGG_2021_Human,Fluid shear stress and atherosclerosis,0.015694509896924717,0.10691884867279963,0,0,3.135135135135135,13.02474434166837,GSTM4;MEF2C;GSTM1;TNF;MMP9;GSTM5
KEGG_2021_Human,Inflammatory mediator regulation of TRP channels,0.014888124223532551,0.10691884867279963,0,0,3.6647228938510406,15.418190700322462,NTRK1;PLA2G4F;P2RY2;PLA2G4C;PLCG2
KEGG_2021_Human,MicroRNAs in cancer,0.0156725000728171,0.10691884867279963,0,0,2.824030398322851,11.736240207839831,PDGFRB;ZEB2;EFNA3;CCND1;FSCN1;PLCG2;MMP9
KEGG_2021_Human,Osteoclast differentiation,0.016304830928261124,0.1077107012836644,0,0,3.1069414607948445,12.789083993555062,FCGR3A;PLCG2;TNFSF11;LILRB1;TNF;LILRA4
GO_Biological_Process_2023,Negative Regulation Of Viral Genome Replication (GO:0045071),0.008554595195040812,0.11154920559882582,0,0,5.378687955570983,25.609475376264104,IFITM3;APOBEC3G;APOBEC3H;TNF
GO_Biological_Process_2023,Negative Regulation Of Intracellular Signal Transduction (GO:1902532),0.00946633561885972,0.1166910456358781,0,0,2.665032522051302,12.419087245361897,LYN;SPRED2;NUAK1;DUSP2;DLG5;PLEK;NLRP3;MMP9;HDAC9
GO_Biological_Process_2023,Endodermal Cell Differentiation (GO:0035987),0.009771272334357189,0.1166910456358781,0,0,7.523517051882981,34.82115861863582,LAMB3;MMP15;MMP9
GO_Biological_Process_2023,Positive Regulation Of Muscle Contraction (GO:0045933),0.009801195555539365,0.1166910456358781,0,0,16.435978835978837,76.02052599032747,F2R;PROK2
GO_Biological_Process_2023,Positive Regulation Of Reactive Oxygen Species Biosynthetic Process (GO:1903428),0.009801195555539365,0.1166910456358781,0,0,16.435978835978837,76.02052599032747,PLCG2;TLR6
GO_Biological_Process_2023,Antifungal Innate Immune Response (GO:0061760),0.009801195555539365,0.1166910456358781,0,0,16.435978835978837,76.02052599032747,CX3CR1;PLCG2
GO_Biological_Process_2023,"Regulation Of Phagocytosis, Engulfment (GO:0060099)",0.009801195555539365,0.1166910456358781,0,0,16.435978835978837,76.02052599032747,CD300A;PLCG2
GO_Biological_Process_2023,Regulation Of Toll-Like Receptor 2 Signaling Pathway (GO:0034135),0.009801195555539365,0.1166910456358781,0,0,16.435978835978837,76.02052599032747,LYN;TLR6
GO_Biological_Process_2023,Endochondral Bone Morphogenesis (GO:0060350),0.009801195555539365,0.1166910456358781,0,0,16.435978835978837,76.02052599032747,MEF2C;SCX
GO_Biological_Process_2023,B Cell Homeostasis (GO:0001782),0.009801195555539365,0.1166910456358781,0,0,16.435978835978837,76.02052599032747,LYN;MEF2C
GO_Biological_Process_2023,Regulation Of Mast Cell Activation Involved In Immune Response (GO:0033006),0.009801195555539365,0.1166910456358781,0,0,16.435978835978837,76.02052599032747,LYN;CD300A
GO_Biological_Process_2023,Positive Regulation Of T Cell Chemotaxis (GO:0010820),0.009801195555539365,0.1166910456358781,0,0,16.435978835978837,76.02052599032747,XCL2;XCL1
GO_Biological_Process_2023,Positive Regulation Of Leukocyte Apoptotic Process (GO:2000108),0.009801195555539365,0.1166910456358781,0,0,16.435978835978837,76.02052599032747,LYN;MEF2C
GO_Biological_Process_2023,Positive Regulation Of NF-kappaB Transcription Factor Activity (GO:0051092),0.010293864185484615,0.12167495580396563,0,0,3.0831618067467126,14.109187478935402,CX3CR1;NTRK1;PLCG2;TNFSF11;NLRP3;TLR6;TNF
GO_Biological_Process_2023,Cellular Response To Oxygen-Containing Compound (GO:1901701),0.010803488706888994,0.1264889208593996,0,0,2.2451708036372575,10.165877827930904,LYN;CX3CR1;MEF2C;P2RY2;PLCG2;NLRP3;GPBAR1;LILRB1;DEFA1;CD68;MMP9;NUGGC
GO_Biological_Process_2023,Cellular Response To Amyloid-Beta (GO:1904646),0.010855105198524253,0.1264889208593996,0,0,7.20957249070632,32.609759970128216,NTRK1;ADRB2;TLR6
GO_Biological_Process_2023,Regulation Of Phosphatidylinositol 3-Kinase Activity (GO:0043551),0.012005696063673636,0.13045631614429362,0,0,6.9207434944237916,30.606116573770514,PDGFRB;FGR;FLT3
GO_Biological_Process_2023,Immunoglobulin Mediated Immune Response (GO:0016064),0.012005696063673636,0.13045631614429362,0,0,6.9207434944237916,30.606116573770514,FCER1A;HLA-DQA1;HLA-DQB2
GO_Biological_Process_2023,Regulation Of Tumor Necrosis Factor Production (GO:0032680),0.011371396040322206,0.13045631614429362,0,0,3.380392729396306,15.132849296067944,C1QTNF4;CX3CR1;FCGR3A;PLCG2;LILRB1;LILRA4
GO_Biological_Process_2023,Glycerophospholipid Metabolic Process (GO:0006650),0.01214839706030245,0.13045631614429362,0,0,4.816853233830845,21.245010792134796,PDGFRB;PLA2G4F;PLEK;PLA2G4C
GO_Biological_Process_2023,Negative Regulation Of B Cell Proliferation (GO:0030889),0.01211338038703861,0.13045631614429362,0,0,14.380555555555556,63.467785552645495,LYN;CD300A
GO_Biological_Process_2023,Regulation Of Homotypic Cell-Cell Adhesion (GO:0034110),0.01211338038703861,0.13045631614429362,0,0,14.380555555555556,63.467785552645495,LYN;TNFSF11
GO_Biological_Process_2023,Aorta Development (GO:0035904),0.01211338038703861,0.13045631614429362,0,0,14.380555555555556,63.467785552645495,PDGFRB;JAG1
GO_Biological_Process_2023,Cytidine To Uridine Editing (GO:0016554),0.01211338038703861,0.13045631614429362,0,0,14.380555555555556,63.467785552645495,APOBEC3G;APOBEC3H
GO_Biological_Process_2023,Regulation Of T Cell Chemotaxis (GO:0010819),0.01211338038703861,0.13045631614429362,0,0,14.380555555555556,63.467785552645495,XCL2;XCL1
GO_Biological_Process_2023,Positive Regulation Of T-helper 1 Type Immune Response (GO:0002827),0.01211338038703861,0.13045631614429362,0,0,14.380555555555556,63.467785552645495,TBX21;XCL1
GO_Biological_Process_2023,Positive Regulation Of Chemotaxis (GO:0050921),0.012005696063673636,0.13045631614429362,0,0,6.9207434944237916,30.606116573770514,PDGFRB;EDN3;XCL1
GO_Biological_Process_2023,Positive Regulation Of Extrinsic Apoptotic Signaling Pathway (GO:2001238),0.012005696063673636,0.13045631614429362,0,0,6.9207434944237916,30.606116573770514,TNFRSF12A;TLR6;TNF
KEGG_2021_Human,Chagas disease,0.021254836280074886,0.13238726597303788,0,0,3.326014895174136,12.809051510700128,ACE;PPP2R2B;FASLG;TLR6;TNF
KEGG_2021_Human,Epithelial cell signaling in Helicobacter pylori infection,0.020785097258766226,0.13238726597303788,0,0,4.0539408222047655,15.703016909189952,LYN;CXCR1;CXCR2;PLCG2
KEGG_2021_Human,Breast cancer,0.02254898449115095,0.135792176415276,0,0,2.8741688933076492,10.899035976330401,JAG2;JAG1;CCND1;GADD45B;TNFSF11;GADD45G
KEGG_2021_Human,Ether lipid metabolism,0.023670195888901322,0.135792176415276,0,0,5.240283879689084,19.617204871987873,PLA2G4F;PLA2G4C;PLD4
KEGG_2021_Human,Fc gamma R-mediated phagocytosis,0.02308500771435825,0.135792176415276,0,0,3.250852165130665,12.25107008432295,LYN;FCGR3A;PLA2G4F;PLA2G4C;PLCG2
KEGG_2021_Human,Central carbon metabolism in cancer,0.024324123930815185,0.13596561581840283,0,0,3.850497512437811,14.309552565772028,PDGFRB;LDHC;NTRK1;FLT3
GO_Biological_Process_2023,Defense Response To Bacterium (GO:0042742),0.012879065790348905,0.1374045785295016,0,0,3.2840828486310114,14.29282804240657,FGR;GNLY;SLAMF8;TLR6;DEFA1;MPO
GO_Biological_Process_2023,Natural Killer Cell Activation (GO:0030101),0.013223675538833442,0.13848623500725576,0,0,6.65413211323992,28.78408839692372,FCGR3A;KLRK1;CD244
GO_Biological_Process_2023,Cardiac Ventricle Morphogenesis (GO:0003208),0.013223675538833442,0.13848623500725576,0,0,6.65413211323992,28.78408839692372,MEF2C;JAG1;TNNT2
GO_Biological_Process_2023,Negative Regulation Of Cytokine Production (GO:0001818),0.013233316431003748,0.13848623500725576,0,0,2.9265644088502785,12.65744274324578,TBX21;XCL1;LILRB1;TLR6;TNF;HDAC9;CMKLR1
KEGG_2021_Human,Pertussis,0.0255797526004741,0.13940965167258385,0,0,3.787129924149743,13.88344467898519,C4B;ITGAM;NLRP3;TNF
Reactome_2022,Erythropoietin Activates Phospholipase C Gamma (PLCG) R-HSA-9027277,0.004225525831881966,0.13944235245210487,0,0,28.76851851851852,157.26631614674392,LYN;PLCG2
KEGG_2021_Human,Apoptosis,0.026632578616410527,0.1416073692287194,0,0,2.75921947726459,10.00388146625571,NTRK1;GADD45B;GZMB;FASLG;TNF;GADD45G
GO_Biological_Process_2023,"Regulation Of Synaptic Transmission, Glutamatergic (GO:0051966)",0.01450957816158801,0.14644437136593966,0,0,6.407269723254854,27.121628570526674,MEF2C;TSHZ3;TNF
GO_Biological_Process_2023,Negative Regulation Of Sequestering Of Calcium Ion (GO:0051283),0.01450957816158801,0.14644437136593966,0,0,6.407269723254854,27.121628570526674,F2R;PLCG2;XCL1
GO_Biological_Process_2023,Regulation Of Vascular Associated Smooth Muscle Cell Migration (GO:1904752),0.014638576683635926,0.14644437136593966,0,0,12.781893004115226,53.99193028113729,DOCK5;MEF2C
GO_Biological_Process_2023,Positive Regulation Of Macrophage Activation (GO:0043032),0.014638576683635926,0.14644437136593966,0,0,12.781893004115226,53.99193028113729,CEBPA;TLR6
GO_Biological_Process_2023,Sulfation (GO:0051923),0.014638576683635926,0.14644437136593966,0,0,12.781893004115226,53.99193028113729,SULT2B1;UST
GO_Biological_Process_2023,Negative Regulation Of Viral Process (GO:0048525),0.01470682974764458,0.14644437136593966,0,0,4.5326309628328945,19.12517927684015,IFITM3;APOBEC3G;APOBEC3H;TNF
GO_Biological_Process_2023,Negative Regulation Of Neuron Apoptotic Process (GO:0043524),0.01470682974764458,0.14644437136593966,0,0,4.5326309628328945,19.12517927684015,CX3CR1;NTRK1;MEF2C;F2R
GO_Biological_Process_2023,Granulocyte Differentiation (GO:0030851),0.014638576683635926,0.14644437136593966,0,0,12.781893004115226,53.99193028113729,LYN;CEBPA
Reactome_2022,Interleukin-4 And Interleukin-13 Signaling R-HSA-6785807,0.005365398644476067,0.14705468191912832,0,0,4.006222452683433,20.943668046337162,ITGAM;CCND1;FSCN1;FASLG;TNF;MMP9
Reactome_2022,Chondroitin Sulfate/Dermatan Sulfate Metabolism R-HSA-1793185,0.00481279437751436,0.14705468191912832,0,0,6.427446102819237,34.29992094380551,HYAL3;B3GAT1;UST;CHST13
Reactome_2022,Cytokine Signaling In Immune System R-HSA-1280215,0.0050920501612924576,0.14705468191912832,0,0,1.9863869612613332,10.488271632592282,EDARADD;LYN;IFITM3;CIITA;MEF2C;ITGAM;TNFRSF12A;FLT3;FASLG;MMP9;TNF;CCND1;CCL4;FSCN1;TNFSF9;TNFSF11;MAP3K8;NCAM1;HLA-DQB2;HLA-DQA1
Reactome_2022,Constitutive Signaling By NOTCH1 t(7;9)(NOTCH1:M1580 K2555) Translocation Mutant R-HSA-2660826,0.005848765758147149,0.14705468191912832,0,0,23.013333333333332,118.32361995638257,JAG2;JAG1
Reactome_2022,Transport Of Organic Anions R-HSA-879518,0.005848765758147149,0.14705468191912832,0,0,23.013333333333332,118.32361995638257,SLCO4C1;NLRP3
KEGG_2021_Human,Malaria,0.033205608219410425,0.14791268153671966,0,0,4.549305419683036,15.49055098116795,KLRK1;KLRC4-KLRK1;TNF
KEGG_2021_Human,Chemical carcinogenesis,0.030238857943612852,0.14791268153671966,0,0,2.446260513753126,8.558554292857552,GSTM4;GSTM1;JAG1;CCND1;TNFSF11;ADRB2;GSTM5
KEGG_2021_Human,Drug metabolism,0.030987605229425487,0.14791268153671966,0,0,3.553157290470723,12.344265306922054,GSTM4;GSTM1;MPO;GSTM5
KEGG_2021_Human,Neuroactive ligand-receptor interaction,0.033625145132092596,0.14791268153671966,0,0,2.388079911209767,8.101516023468447,EDN3;P2RY2;P2RX1;F2R;NMUR1;ADRB2;ADRA1A
KEGG_2021_Human,Leishmaniasis,0.033924926957963224,0.14791268153671966,0,0,3.446647360213856,11.662094021260566,FCGR3A;ITGAM;TNF;HLA-DQA1
KEGG_2021_Human,p53 signaling pathway,0.03243671164269075,0.14791268153671966,0,0,3.4990954319312526,11.996524198390386,CCND1;GADD45B;SFN;GADD45G
KEGG_2021_Human,Non-small cell lung cancer,0.03243671164269075,0.14791268153671966,0,0,3.4990954319312526,11.996524198390386,CCND1;GADD45B;PLCG2;GADD45G
KEGG_2021_Human,Metabolism of xenobiotics by cytochrome P450,0.031160965673539775,0.14791268153671966,0,0,4.672561036873304,16.2071941304401,GSTM4;GSTM1;GSTM5
KEGG_2021_Human,Neutrophil extracellular trap formation,0.030280646638754263,0.14791268153671966,0,0,3.0124453807740323,10.535264050291012,FCGR3A;ITGAM;PLCG2;MPO;HDAC9
Reactome_2022,TNFR2 Non-Canonical NF-kB Pathway R-HSA-5668541,0.006254155421682225,0.1500997301203734,0,0,3.8719298245614033,19.64814339526547,EDARADD;TNFRSF12A;TNFSF11;TNFSF9;FASLG;TNF
GO_Biological_Process_2023,Negative Regulation Of Inflammatory Response (GO:0050728),0.015603112562587286,0.15443321650801753,0,0,3.618679775280899,15.054738687304763,LYN;FGR;SIGLEC10;SLAMF8;NLRP3
GO_Biological_Process_2023,B Cell Receptor Signaling Pathway (GO:0050853),0.01586384641576736,0.15607365066530401,0,0,6.178040361125863,25.60002349691026,LAT2;MEF2C;PLCG2
KEGG_2021_Human,Linoleic acid metabolism,0.03763655878253598,0.15713142665457555,0,0,7.186574074074074,23.57037755388015,PLA2G4F;PLA2G4C
KEGG_2021_Human,Epstein-Barr virus infection,0.03820167712244268,0.15713142665457555,0,0,2.3190943396226413,7.5715551278984545,LYN;GADD45B;CCND1;PLCG2;TNF;HLA-DQA1;GADD45G
KEGG_2021_Human,Lipid and atherosclerosis,0.03820167712244268,0.15713142665457555,0,0,2.3190943396226413,7.5715551278984545,LYN;NLRP3;FASLG;TLR6;HSPA2;TNF;MMP9
GO_Biological_Process_2023,Positive Regulation Of Cell Migration (GO:0030335),0.01609940561662386,0.15744835373876787,0,0,2.427598225602028,10.023487348462329,PDGFRB;FGR;SHTN1;SH3RF2;DOCK5;CD151;PDGFD;F2R;PLCG2
GO_Biological_Process_2023,Cellular Response To Tumor Necrosis Factor (GO:0071356),0.016340670350974598,0.1579277728626545,0,0,3.573773523835946,14.702855097397984,CCL4;XCL2;TNFSF11;XCL1;TNF
GO_Biological_Process_2023,Regulation Of Cell Population Proliferation (GO:0042127),0.01628731411927077,0.1579277728626545,0,0,1.8179657216947367,7.485235249393517,KLF10;LYN;NTRK1;PDGFRB;JAG2;CEBPA;JAG1;EDN3;FLT3;F2R;MATK;SCX;SULT2B1;NUAK1;ADGRG1;PDGFD;DLG5;CXCR2
GO_Biological_Process_2023,Positive Regulation Of Type 2 Immune Response (GO:0002830),0.01736882669293926,0.16058634509339575,0,0,11.502962962962963,46.62240898323424,NLRP3;XCL1
GO_Biological_Process_2023,Transmembrane Receptor Protein Tyrosine Kinase Signaling Pathway (GO:0007169),0.017397668549375803,0.16058634509339575,0,0,2.393874680972967,9.698589541235496,FGR;LYN;NTRK1;PDGFRB;EFNA3;FLT3;PDGFD;ADRB2;MMP9
GO_Biological_Process_2023,DNA Deamination (GO:0045006),0.01736882669293926,0.16058634509339575,0,0,11.502962962962963,46.62240898323424,APOBEC3G;APOBEC3H
GO_Biological_Process_2023,MHC Class II Protein Complex Assembly (GO:0002399),0.01736882669293926,0.16058634509339575,0,0,11.502962962962963,46.62240898323424,HLA-DQA1;HLA-DQB2
GO_Biological_Process_2023,Regulation Of Transposition (GO:0010528),0.01736882669293926,0.16058634509339575,0,0,11.502962962962963,46.62240898323424,APOBEC3G;APOBEC3H
GO_Biological_Process_2023,Negative Regulation Of Interleukin-12 Production (GO:0032695),0.01736882669293926,0.16058634509339575,0,0,11.502962962962963,46.62240898323424,LILRB1;CMKLR1
GO_Biological_Process_2023,Negative Regulation Of Single Stranded Viral RNA Replication Via Double Stranded DNA Intermediate (GO:0045869),0.01736882669293926,0.16058634509339575,0,0,11.502962962962963,46.62240898323424,APOBEC3G;APOBEC3H
GO_Biological_Process_2023,Peptide Antigen Assembly With MHC Class II Protein Complex (GO:0002503),0.01736882669293926,0.16058634509339575,0,0,11.502962962962963,46.62240898323424,HLA-DQA1;HLA-DQB2
KEGG_2021_Human,Toxoplasmosis,0.0400650458993352,0.16174407418620507,0,0,2.7792783059636994,8.941635903945587,CIITA;LAMB3;HSPA2;TNF;HLA-DQA1
KEGG_2021_Human,Glutathione metabolism,0.0420619047796761,0.16671809530853438,0,0,4.11497610196495,13.038766041098759,GSTM4;GSTM1;GSTM5
GO_Biological_Process_2023,Regulation Of Phosphoprotein Phosphatase Activity (GO:0043666),0.018778812736508742,0.17236642081611095,0,0,5.76542750929368,22.91772440489054,PDGFRB;NUAK1;CD300A
GO_Biological_Process_2023,Cellular Response To Chemokine (GO:1990869),0.020339969939870313,0.17256883732468864,0,0,5.579086221369469,21.731474582947143,CCL4;XCL2;XCL1
GO_Biological_Process_2023,Regulation Of Interleukin-6 Production (GO:0032675),0.020376356933042968,0.17256883732468864,0,0,3.3649072380454665,13.100862623663387,C1QTNF4;F2R;PLCG2;TLR6;TNF
GO_Biological_Process_2023,Negative Regulation Of Calcium Ion Transport (GO:0051926),0.0202963816561453,0.17256883732468864,0,0,10.456565656565656,40.752505633580014,MRLN;LILRB1
GO_Biological_Process_2023,Negative Regulation Of RNA Biosynthetic Process (GO:1902679),0.0202963816561453,0.17256883732468864,0,0,10.456565656565656,40.752505633580014,APOBEC3G;APOBEC3H
GO_Biological_Process_2023,Positive Regulation Of Smooth Muscle Cell Migration (GO:0014911),0.0202963816561453,0.17256883732468864,0,0,10.456565656565656,40.752505633580014,PDGFRB;DOCK5
GO_Biological_Process_2023,Negative Regulation Of Immune Response (GO:0050777),0.01968051804920437,0.17256883732468864,0,0,4.126599147121535,16.209801665760864,FGR;LYN;CD300A;LILRB1
GO_Biological_Process_2023,Aorta Morphogenesis (GO:0035909),0.0202963816561453,0.17256883732468864,0,0,10.456565656565656,40.752505633580014,PDGFRB;JAG1
GO_Biological_Process_2023,Regulation Of Macrophage Cytokine Production (GO:0010935),0.0202963816561453,0.17256883732468864,0,0,10.456565656565656,40.752505633580014,PLCG2;LILRB1
GO_Biological_Process_2023,T Cell Proliferation (GO:0042098),0.0202963816561453,0.17256883732468864,0,0,10.456565656565656,40.752505633580014,CADM1;LILRB1
GO_Biological_Process_2023,Platelet-Derived Growth Factor Receptor Signaling Pathway (GO:0048008),0.0202963816561453,0.17256883732468864,0,0,10.456565656565656,40.752505633580014,PDGFRB;PDGFD
GO_Biological_Process_2023,Positive Regulation Of Osteoclast Differentiation (GO:0045672),0.0202963816561453,0.17256883732468864,0,0,10.456565656565656,40.752505633580014,TNFSF11;TNF
GO_Biological_Process_2023,Regulation Of Natural Killer Cell Activation (GO:0032814),0.0202963816561453,0.17256883732468864,0,0,10.456565656565656,40.752505633580014,ZNF683;KLRC2
GO_Biological_Process_2023,Negative Regulation Of Leukocyte Mediated Cytotoxicity (GO:0001911),0.0202963816561453,0.17256883732468864,0,0,10.456565656565656,40.752505633580014,CX3CR1;LILRB1
GO_Biological_Process_2023,Positive Regulation Of Epithelial Cell Differentiation (GO:0030858),0.0202963816561453,0.17256883732468864,0,0,10.456565656565656,40.752505633580014,SULT2B1;SFN
GO_Biological_Process_2023,Positive Regulation Of Epidermal Cell Differentiation (GO:0045606),0.0202963816561453,0.17256883732468864,0,0,10.456565656565656,40.752505633580014,SULT2B1;SFN
KEGG_2021_Human,Renin secretion,0.04444309229081127,0.17301060927494386,0,0,4.019019624794675,12.513401404144886,ACE;EDN3;ADRB2
Reactome_2022,Hydrolysis Of LPC R-HSA-1483115,0.007710193837447793,0.17699923244227977,0,0,19.17654320987654,93.29794719740583,PLA2G4F;PLA2G4C
GO_Biological_Process_2023,Regulation Of Cell Adhesion (GO:0030155),0.02104118164137885,0.17728544326556642,0,0,2.9228533518670625,11.285936867208921,LYN;ADGRG1;NUAK1;PLXNA2;TGFBI;TNF
KEGG_2021_Human,Hedgehog signaling pathway,0.04689003856056402,0.17933383168777117,0,0,3.9274248056775938,12.017723626501354,EVC2;CCND1;DHH
GO_Biological_Process_2023,Regulation Of Nitric Oxide Biosynthetic Process (GO:0045428),0.021970418244526932,0.18323551865866877,0,0,5.4043912639405205,20.63428122271865,CX3CR1;TLR6;TNF
GO_Biological_Process_2023,Ephrin Receptor Signaling Pathway (GO:0048013),0.021970418244526932,0.18323551865866877,0,0,5.4043912639405205,20.63428122271865,LYN;EFNA3;MMP9
KEGG_2021_Human,Tuberculosis,0.04901661943868795,0.18423487995920645,0,0,2.3618229246585853,7.122303448200658,CIITA;FCGR3A;ITGAM;TLR6;TNF;HLA-DQA1
KEGG_2021_Human,Necroptosis,0.05003558851336912,0.18487725925278758,0,0,2.6028275466477715,7.795522527734798,PLA2G4F;PLA2G4C;NLRP3;FASLG;TNF
GO_Biological_Process_2023,Negative Regulation Of Epithelial Cell Differentiation (GO:0030857),0.02341369701746402,0.18857207941026172,0,0,9.584567901234568,35.984628420672976,SPRED2;MMP9
GO_Biological_Process_2023,Positive Regulation Of Collagen Biosynthetic Process (GO:0032967),0.02341369701746402,0.18857207941026172,0,0,9.584567901234568,35.984628420672976,F2R;SCX
GO_Biological_Process_2023,Base Conversion Or Substitution Editing (GO:0016553),0.02341369701746402,0.18857207941026172,0,0,9.584567901234568,35.984628420672976,APOBEC3G;APOBEC3H
GO_Biological_Process_2023,Dendritic Cell Chemotaxis (GO:0002407),0.02341369701746402,0.18857207941026172,0,0,9.584567901234568,35.984628420672976,CXCR1;CXCR2
GO_Biological_Process_2023,Negative Regulation Of T Cell Mediated Immunity (GO:0002710),0.02341369701746402,0.18857207941026172,0,0,9.584567901234568,35.984628420672976,XCL1;LILRB1
GO_Biological_Process_2023,Negative Regulation Of Viral Entry Into Host Cell (GO:0046597),0.02341369701746402,0.18857207941026172,0,0,9.584567901234568,35.984628420672976,IFITM3;CIITA
GO_Biological_Process_2023,Negative Regulation Of Inflammatory Response To Antigenic Stimulus (GO:0002862),0.02341369701746402,0.18857207941026172,0,0,9.584567901234568,35.984628420672976,LYN;FGR
GO_Biological_Process_2023,Positive Regulation Of Immune Response (GO:0050778),0.024324123930815185,0.1949489542357529,0,0,3.850497512437811,14.309552565772028,ITGAM;SH2D1B;NLRP3;LILRB1
GO_Biological_Process_2023,Regulation Of Smooth Muscle Contraction (GO:0006940),0.02671342773924006,0.19859801708403357,0,0,8.846723646723646,32.048043135337785,F2R;PROK2
GO_Biological_Process_2023,Lymphocyte Mediated Immunity (GO:0002449),0.02671342773924006,0.19859801708403357,0,0,8.846723646723646,32.048043135337785,JAG1;KLRC2
GO_Biological_Process_2023,Leukocyte Tethering Or Rolling (GO:0050901),0.02671342773924006,0.19859801708403357,0,0,8.846723646723646,32.048043135337785,CX3CR1;TNF
GO_Biological_Process_2023,Inositol Phosphate-Mediated Signaling (GO:0048016),0.02671342773924006,0.19859801708403357,0,0,8.846723646723646,32.048043135337785,EDN3;NMUR1
GO_Biological_Process_2023,Positive Regulation Of Collagen Metabolic Process (GO:0010714),0.02671342773924006,0.19859801708403357,0,0,8.846723646723646,32.048043135337785,F2R;SCX
GO_Biological_Process_2023,Negative Regulation Of Viral Life Cycle (GO:1903901),0.02671342773924006,0.19859801708403357,0,0,8.846723646723646,32.048043135337785,IFITM3;CIITA
GO_Biological_Process_2023,Immunoglobulin Production Involved In Immunoglobulin-Mediated Immune Response (GO:0002381),0.02671342773924006,0.19859801708403357,0,0,8.846723646723646,32.048043135337785,HLA-DQA1;HLA-DQB2
GO_Biological_Process_2023,Long-Chain Fatty Acid Metabolic Process (GO:0001676),0.0255797526004741,0.19859801708403357,0,0,3.787129924149743,13.88344467898519,GSTM4;PLA2G4C;FADS1;RAPSN
GO_Biological_Process_2023,Regulation Of Single Stranded Viral RNA Replication Via Double Stranded DNA Intermediate (GO:0045091),0.02671342773924006,0.19859801708403357,0,0,8.846723646723646,32.048043135337785,APOBEC3G;APOBEC3H
GO_Biological_Process_2023,T Cell Migration (GO:0072678),0.02671342773924006,0.19859801708403357,0,0,8.846723646723646,32.048043135337785,DEFA1;XG
GO_Biological_Process_2023,Regulation Of Cytokine Production Involved In Inflammatory Response (GO:1900015),0.02543927066225204,0.19859801708403357,0,0,5.08582987098185,18.672427091246018,PLD4;TLR6;TNF
GO_Biological_Process_2023,Regulation Of Inflammatory Response To Antigenic Stimulus (GO:0002861),0.02671342773924006,0.19859801708403357,0,0,8.846723646723646,32.048043135337785,LYN;FGR
GO_Biological_Process_2023,Positive Regulation Of Myeloid Leukocyte Cytokine Production Involved In Immune Response (GO:0061081),0.02671342773924006,0.19859801708403357,0,0,8.846723646723646,32.048043135337785,PLCG2;LILRB1
GO_Biological_Process_2023,Positive Regulation Of Smooth Muscle Cell Proliferation (GO:0048661),0.02543927066225204,0.19859801708403357,0,0,5.08582987098185,18.672427091246018,PDGFRB;TNF;MMP9
GO_Biological_Process_2023,Regulation Of Epidermal Cell Differentiation (GO:0045604),0.02671342773924006,0.19859801708403357,0,0,8.846723646723646,32.048043135337785,SULT2B1;SFN
GO_Biological_Process_2023,Regulation Of Transforming Growth Factor Beta Production (GO:0071634),0.02671342773924006,0.19859801708403357,0,0,8.846723646723646,32.048043135337785,XCL1;LILRB1
KEGG_2021_Human,Toll-like receptor signaling pathway,0.05484779597457639,0.19928032537429421,0,0,2.920838843755904,8.479759691025349,CCL4;MAP3K8;TLR6;TNF
GO_Biological_Process_2023,Enzyme-Linked Receptor Protein Signaling Pathway (GO:0007167),0.02704405959474294,0.20015040501875067,0,0,3.110225121823527,11.228808142675241,PDGFRB;LYN;FGR;NTRK1;FLT3
KEGG_2021_Human,Cell adhesion molecules,0.056331527961295084,0.20131595238626768,0,0,2.5116430548770556,7.224743511010003,NLGN4Y;ITGAM;CADM1;NCAM1;HLA-DQA1
KEGG_2021_Human,Long-term depression,0.05732252725792226,0.20155340229398472,0,0,3.5992100371747213,10.290363159609194,LYN;PLA2G4F;PLA2G4C
KEGG_2021_Human,Adrenergic signaling in cardiomyocytes,0.05964306226784357,0.2044426462459077,0,0,2.468388872883255,6.959319912538656,PPP2R2B;TNNT2;ATP1B4;ADRB2;ADRA1A
KEGG_2021_Human,Th1 and Th2 cell differentiation,0.06095766975222018,0.2044426462459077,0,0,2.8134328358208953,7.8707910373677965,JAG2;JAG1;TBX21;HLA-DQA1
KEGG_2021_Human,Hematopoietic cell lineage,0.06095766975222018,0.2044426462459077,0,0,2.8134328358208953,7.8707910373677965,ITGAM;FLT3;TNF;HLA-DQA1
Reactome_2022,DAP12 Signaling R-HSA-2424491,0.009771272334357189,0.2070012501329914,0,0,7.523517051882981,34.82115861863582,KLRK1;KLRC2;PLCG2
Reactome_2022,Type I Hemidesmosome Assembly R-HSA-446107,0.009801195555539365,0.2070012501329914,0,0,16.435978835978837,76.02052599032747,CD151;LAMB3
GO_Biological_Process_2023,Regulation Of Interleukin-8 Production (GO:0032677),0.02820625672084712,0.20781560445000816,0,0,3.6664297559819947,13.082596658331802,F2R;TLR6;TNF;CD244
GO_Biological_Process_2023,Retrotransposon Silencing (GO:0010526),0.030188423716182647,0.21379129381762108,0,0,8.214285714285714,28.75243757896577,APOBEC3G;APOBEC3H
GO_Biological_Process_2023,Positive Regulation Of Smoothened Signaling Pathway (GO:0045880),0.030188423716182647,0.21379129381762108,0,0,8.214285714285714,28.75243757896577,DHH;DLG5
GO_Biological_Process_2023,Regulation Of B Cell Receptor Signaling Pathway (GO:0050855),0.030188423716182647,0.21379129381762108,0,0,8.214285714285714,28.75243757896577,LYN;CD300A
GO_Biological_Process_2023,Positive Regulation Of Cytokine Production Involved In Inflammatory Response (GO:1900017),0.030188423716182647,0.21379129381762108,0,0,8.214285714285714,28.75243757896577,TLR6;TNF
GO_Biological_Process_2023,Peptide Antigen Assembly With MHC Protein Complex (GO:0002501),0.030188423716182647,0.21379129381762108,0,0,8.214285714285714,28.75243757896577,HLA-DQA1;HLA-DQB2
GO_Biological_Process_2023,Xenobiotic Catabolic Process (GO:0042178),0.030188423716182647,0.21379129381762108,0,0,8.214285714285714,28.75243757896577,GSTM4;GSTM1
GO_Biological_Process_2023,Dendritic Cell Migration (GO:0036336),0.030188423716182647,0.21379129381762108,0,0,8.214285714285714,28.75243757896577,CXCR1;CXCR2
GO_Biological_Process_2023,Positive Regulation Of Phosphoprotein Phosphatase Activity (GO:0032516),0.030188423716182647,0.21379129381762108,0,0,8.214285714285714,28.75243757896577,PDGFRB;CD300A
GO_Biological_Process_2023,Regulation Of Apoptotic Process (GO:0042981),0.029864403603524044,0.21379129381762108,0,0,1.7163511187607574,6.02625985590357,NTRK1;MEF2C;TNFRSF12A;GADD45B;FLT3;SCX;FASLG;LILRB1;MMP9;MPO;TNF;NUGGC;GADD45G;SH3RF2;LATS2;TNFSF9;PROK2
KEGG_2021_Human,Small cell lung cancer,0.06522299014352291,0.21410726060995833,0,0,2.746090973702914,7.496672552252496,CCND1;GADD45B;LAMB3;GADD45G
KEGG_2021_Human,Legionellosis,0.06580360761865692,0.21410726060995833,0,0,3.3868357752022744,9.21585317450647,ITGAM;HSPA2;TNF
GO_Biological_Process_2023,Negative Regulation Of Protein Serine/Threonine Kinase Activity (GO:0071901),0.030987605229425487,0.21615246223574805,0,0,3.553157290470723,12.344265306922054,LYN;CEBPA;LATS2;CD300A
GO_Biological_Process_2023,Positive Regulation Of Lymphocyte Activation (GO:0051251),0.031160965673539775,0.21615246223574805,0,0,4.672561036873304,16.2071941304401,TNFSF11;HLA-DQA1;HLA-DQB2
GO_Biological_Process_2023,Regulation Of Cytokine Production (GO:0001817),0.03117963088854065,0.21615246223574805,0,0,2.6530448258049706,9.200733598007712,LYN;FGR;CADM1;PLD4;TNF;HDAC9
GO_Biological_Process_2023,Positive Regulation Of Ras Protein Signal Transduction (GO:0046579),0.031160965673539775,0.21615246223574805,0,0,4.672561036873304,16.2071941304401,NTRK1;ADGRG1;F2R
GO_Biological_Process_2023,Microtubule Bundle Formation (GO:0001578),0.031160965673539775,0.21615246223574805,0,0,4.672561036873304,16.2071941304401,RSPH6A;LRGUK;TPPP3
GO_Biological_Process_2023,Unsaturated Fatty Acid Metabolic Process (GO:0033559),0.033205608219410425,0.2163897641111957,0,0,4.549305419683036,15.49055098116795,PLA2G4C;FADS1;RAPSN
GO_Biological_Process_2023,Positive Regulation Of Cell Death (GO:0010942),0.033205608219410425,0.2163897641111957,0,0,4.549305419683036,15.49055098116795,NTRK1;ITGAM;TNF
GO_Biological_Process_2023,Defense Response To Fungus (GO:0050832),0.03383172527141561,0.2163897641111957,0,0,7.666172839506173,25.96039268598339,CX3CR1;PLCG2
GO_Biological_Process_2023,Cell Migration Involved In Heart Development (GO:0060973),0.03411135052026761,0.2163897641111957,0,0,57.33579335793358,193.68748211161346,PDGFRB
GO_Biological_Process_2023,Linoleic Acid Metabolic Process (GO:0043651),0.03383172527141561,0.2163897641111957,0,0,7.666172839506173,25.96039268598339,FADS1;RAPSN
GO_Biological_Process_2023,Glucocorticoid Biosynthetic Process (GO:0006704),0.03411135052026761,0.2163897641111957,0,0,57.33579335793358,193.68748211161346,CYP21A2
GO_Biological_Process_2023,Regulation Of Skeletal Muscle Fiber Development (GO:0048742),0.03411135052026761,0.2163897641111957,0,0,57.33579335793358,193.68748211161346,HDAC9
GO_Biological_Process_2023,Positive Regulation Of Peptidyl-Tyrosine Phosphorylation (GO:0050731),0.033751223621948045,0.2163897641111957,0,0,2.9205916846366287,9.897121796589825,LYN;ACE;FLT3;PLCG2;TNF
GO_Biological_Process_2023,Regulation Of Interleukin-10 Production (GO:0032653),0.033205608219410425,0.2163897641111957,0,0,4.549305419683036,15.49055098116795,PLCG2;XCL1;LILRB1
GO_Biological_Process_2023,Negative Regulation Of Cyclin-Dependent Protein Serine/Threonine Kinase Activity (GO:0045736),0.03383172527141561,0.2163897641111957,0,0,7.666172839506173,25.96039268598339,CEBPA;LATS2
GO_Biological_Process_2023,Positive Regulation Of Leukocyte Chemotaxis (GO:0002690),0.033205608219410425,0.2163897641111957,0,0,4.549305419683036,15.49055098116795,EDN3;XCL1;CMKLR1
GO_Biological_Process_2023,Leukocyte Adhesion To Vascular Endothelial Cell (GO:0061756),0.03383172527141561,0.2163897641111957,0,0,7.666172839506173,25.96039268598339,CX3CR1;TNF
GO_Biological_Process_2023,Regulation Of Dendritic Spine Development (GO:0060998),0.03383172527141561,0.2163897641111957,0,0,7.666172839506173,25.96039268598339,MEF2C;DLG5
GO_Biological_Process_2023,Regulation Of Monocyte Chemotaxis (GO:0090025),0.03383172527141561,0.2163897641111957,0,0,7.666172839506173,25.96039268598339,LYN;SLAMF8
GO_Biological_Process_2023,Positive Regulation Of Leukocyte Activation (GO:0002696),0.03383172527141561,0.2163897641111957,0,0,7.666172839506173,25.96039268598339,CEBPA;TLR6
GO_Biological_Process_2023,Muscle Cell Fate Commitment (GO:0042693),0.03411135052026761,0.2163897641111957,0,0,57.33579335793358,193.68748211161346,MEF2C
GO_Biological_Process_2023,Positive Regulation Of Oxidoreductase Activity (GO:0051353),0.03383172527141561,0.2163897641111957,0,0,7.666172839506173,25.96039268598339,EDN3;TNF
GO_Biological_Process_2023,Cell Junction Disassembly (GO:0150146),0.03411135052026761,0.2163897641111957,0,0,57.33579335793358,193.68748211161346,CX3CR1
GO_Biological_Process_2023,Positive Regulation Of Natural Killer Cell Activation (GO:0032816),0.03383172527141561,0.2163897641111957,0,0,7.666172839506173,25.96039268598339,FCGR3A;KLRC2
GO_Biological_Process_2023,Glycerolipid Catabolic Process (GO:0046503),0.03383172527141561,0.2163897641111957,0,0,7.666172839506173,25.96039268598339,PLA2G4F;PLA2G4C
GO_Biological_Process_2023,Positive Regulation Of NLRP3 Inflammasome Complex Assembly (GO:1900227),0.03383172527141561,0.2163897641111957,0,0,7.666172839506173,25.96039268598339,PLCG2;TLR6
GO_Biological_Process_2023,Negative Regulation Of B Cell Activation (GO:0050869),0.03383172527141561,0.2163897641111957,0,0,7.666172839506173,25.96039268598339,LYN;CD300A
GO_Biological_Process_2023,Negative Regulation Of Cellular Process (GO:0048523),0.0344371667679637,0.21761640384524752,0,0,1.8292040749872076,6.161891361421652,KLF10;LYN;NTRK1;CEBPA;APOBEC3G;APOBEC3H;F2R;LILRB1;SULT2B1;ADGRG1;DLG5;PLXNA2;TGFBI
KEGG_2021_Human,VEGF signaling pathway,0.07175840893471908,0.220328635884067,0,0,3.258609805709476,8.584645363579364,PLA2G4F;PLA2G4C;PLCG2
KEGG_2021_Human,Endometrial cancer,0.07175840893471908,0.220328635884067,0,0,3.258609805709476,8.584645363579364,CCND1;GADD45B;GADD45G
KEGG_2021_Human,Prostate cancer,0.0696401882863506,0.220328635884067,0,0,2.681881291218327,7.1456406114526825,PDGFRB;CCND1;PDGFD;MMP9
KEGG_2021_Human,Inflammatory bowel disease,0.07175840893471908,0.220328635884067,0,0,3.258609805709476,8.584645363579364,TBX21;TNF;HLA-DQA1
Reactome_2022,MET Promotes Cell Motility R-HSA-8875878,0.010855105198524253,0.22044213633926174,0,0,7.20957249070632,32.609759970128216,LAMB3;TNS4;TNS3
KEGG_2021_Human,Biosynthesis of unsaturated fatty acids,0.07313561137705159,0.2214383788916284,0,0,4.78858024691358,12.524243703784666,FADS2;FADS1
GO_Biological_Process_2023,Positive Regulation Of Tyrosine Phosphorylation Of STAT Protein (GO:0042531),0.0353184390620967,0.22147603583055217,0,0,4.432370603374321,14.81896669288291,LYN;FLT3;TNF
GO_Biological_Process_2023,Regulation Of Cysteine-Type Endopeptidase Activity Involved In Apoptotic Process (GO:0043281),0.035452341706290455,0.22147603583055217,0,0,3.3957418788410885,11.340304026883189,F2R;NLRP3;SFN;TNF
GO_Biological_Process_2023,Lymphocyte Differentiation (GO:0030098),0.035452341706290455,0.22147603583055217,0,0,3.3957418788410885,11.340304026883189,JAG2;FLT3;PLCG2;HDAC9
KEGG_2021_Human,Choline metabolism in cancer,0.0742074847751951,0.22160591343825387,0,0,2.6205902306648574,6.815867608785413,PDGFRB;PLA2G4F;PDGFD;PLA2G4C
GO_Biological_Process_2023,Negative Regulation Of Cysteine-Type Endopeptidase Activity Involved In Apoptotic Process (GO:0043154),0.03749906728660698,0.22734141941068609,0,0,4.321282527881041,14.188668527007733,SFN;TNF;MMP9
GO_Biological_Process_2023,Regulation Of NIK/NF-kappaB Signaling (GO:1901222),0.037019026687857455,0.22734141941068609,0,0,3.346311918667532,11.030525825114966,C1QTNF4;NLRP3;TNF;HDAC9
GO_Biological_Process_2023,Positive Regulation Of Programmed Cell Death (GO:0043068),0.036838298956095736,0.22734141941068609,0,0,2.1908233276157802,7.232383744377308,NTRK1;LATS2;GADD45B;TNFRSF12A;LILRB1;FASLG;TNF;GADD45G
GO_Biological_Process_2023,Positive Regulation Of Defense Response (GO:0031349),0.037459423417550326,0.22734141941068609,0,0,2.834141147095542,9.308728021622608,CEBPA;MEF2C;SH2D1B;NLRP3;TNF
GO_Biological_Process_2023,Regulation Of Reactive Oxygen Species Biosynthetic Process (GO:1903426),0.03763655878253598,0.22734141941068609,0,0,7.186574074074074,23.57037755388015,PLCG2;TLR6
GO_Biological_Process_2023,Regulation Of Macrophage Chemotaxis (GO:0010758),0.03763655878253598,0.22734141941068609,0,0,7.186574074074074,23.57037755388015,SLAMF8;CMKLR1
GO_Biological_Process_2023,Receptor Internalization (GO:0031623),0.03749906728660698,0.22734141941068609,0,0,4.321282527881041,14.188668527007733,CXCR1;CXCR2;LILRB1
GO_Biological_Process_2023,Negative Regulation Of Interleukin-1 Beta Production (GO:0032691),0.03763655878253598,0.22734141941068609,0,0,7.186574074074074,23.57037755388015,CX3CR1;NLRP3
GO_Biological_Process_2023,Negative Regulation Of Cyclin-Dependent Protein Kinase Activity (GO:1904030),0.03763655878253598,0.22734141941068609,0,0,7.186574074074074,23.57037755388015,CEBPA;LATS2
Reactome_2022,Metabolism Of Angiotensinogen To Angiotensins R-HSA-2022377,0.01211338038703861,0.2284237444412995,0,0,14.380555555555556,63.467785552645495,ACE;GZMH
Reactome_2022,Acyl Chain Remodelling Of PI R-HSA-1482922,0.01211338038703861,0.2284237444412995,0,0,14.380555555555556,63.467785552645495,PLA2G4F;PLA2G4C
KEGG_2021_Human,Complement and coagulation cascades,0.0779456926912756,0.2296237973878119,0,0,3.1397093612706994,8.011731203599927,C4B;ITGAM;F2R
GO_Biological_Process_2023,Positive Regulation Of Hydrolase Activity (GO:0051345),0.038354562963128114,0.2308298423019029,0,0,2.5173259235044134,8.20870222860386,NTRK1;F2R;CCL4;XCL2;XCL1;RGS9
KEGG_2021_Human,Phagosome,0.07979150922880746,0.23192732015840034,0,0,2.2546523876404496,5.7005237161682425,FCGR3A;ITGAM;TLR6;MPO;HLA-DQA1
Reactome_2022,Generation Of Second Messenger Molecules R-HSA-202433,0.013223675538833442,0.2327366894834686,0,0,6.65413211323992,28.78408839692372,PLCG2;HLA-DQA1;HLA-DQB2
Reactome_2022,Glutathione Conjugation R-HSA-156590,0.013223675538833442,0.2327366894834686,0,0,6.65413211323992,28.78408839692372,GSTM4;GSTM1;GSTM5
GO_Biological_Process_2023,Negative Regulation Of Apoptotic Process (GO:0043066),0.03916362273122455,0.23398510161657046,0,0,1.841174089068826,5.965416853188094,CX3CR1;NTRK1;SH3RF2;MEF2C;F2R;SCX;PROK2;SFN;MMP9;MPO;TNF;NUGGC
GO_Biological_Process_2023,Negative Regulation Of Multicellular Organismal Process (GO:0051241),0.03916366582139798,0.23398510161657046,0,0,2.305767581475129,7.470700462697516,SPRED2;MEF2C;ID1;F2R;SLAMF8;TNF;HDAC9
GO_Biological_Process_2023,Icosanoid Metabolic Process (GO:0006690),0.039747051985032825,0.2349079367316868,0,0,4.215613382899628,13.596278927649525,PLA2G4C;CYP4F22;FADS1
GO_Biological_Process_2023,Regulated Exocytosis (GO:0045055),0.039747051985032825,0.2349079367316868,0,0,4.215613382899628,13.596278927649525,LYN;PLEK;SYNGR3
GO_Biological_Process_2023,Regulation Of B Cell Proliferation (GO:0030888),0.039747051985032825,0.2349079367316868,0,0,4.215613382899628,13.596278927649525,LYN;MEF2C;CD300A
GO_Biological_Process_2023,Receptor-Mediated Endocytosis (GO:0006898),0.0400650458993352,0.2359386036294184,0,0,2.7792783059636994,8.941635903945587,ITGAM;CXCR1;CXCR2;LILRB1;ADRB2
KEGG_2021_Human,African trypanosomiasis,0.08320362928920876,0.23866304190851984,0,0,4.41965811965812,10.989322180652206,FASLG;TNF
GO_Biological_Process_2023,Cortical Actin Cytoskeleton Organization (GO:0030866),0.041596332347866034,0.23887305573524206,0,0,6.7633986928104575,21.50587154556488,PLEK;TNF
GO_Biological_Process_2023,Myotube Differentiation (GO:0014902),0.041596332347866034,0.23887305573524206,0,0,6.7633986928104575,21.50587154556488,DOCK5;MEF2C
GO_Biological_Process_2023,Protein Autophosphorylation (GO:0046777),0.04172645587097655,0.23887305573524206,0,0,2.4632858742601185,7.82492297187414,PDGFRB;LYN;FGR;NTRK1;FLT3;AATK
GO_Biological_Process_2023,Immune Response-Activating Cell Surface Receptor Signaling Pathway (GO:0002429),0.041596332347866034,0.23887305573524206,0,0,6.7633986928104575,21.50587154556488,LYN;CMKLR1
GO_Biological_Process_2023,Fc-gamma Receptor Signaling Pathway Involved In Phagocytosis (GO:0038096),0.041596332347866034,0.23887305573524206,0,0,6.7633986928104575,21.50587154556488,LYN;FGR
GO_Biological_Process_2023,T Cell Mediated Immunity (GO:0002456),0.041596332347866034,0.23887305573524206,0,0,6.7633986928104575,21.50587154556488,JAG1;CADM1
GO_Biological_Process_2023,Negative Regulation Of Ion Transmembrane Transporter Activity (GO:0032413),0.041596332347866034,0.23887305573524206,0,0,6.7633986928104575,21.50587154556488,HECW2;MMP9
GO_Biological_Process_2023,Regulation Of Synapse Organization (GO:0050807),0.041596332347866034,0.23887305573524206,0,0,6.7633986928104575,21.50587154556488,MEF2C;TNF
GO_Biological_Process_2023,Positive Regulation Of Transport (GO:0051050),0.0420619047796761,0.2391270226747676,0,0,4.11497610196495,13.038766041098759,CD151;SYNGR3;TNF
GO_Biological_Process_2023,Regulation Of Interleukin-12 Production (GO:0032655),0.0420619047796761,0.2391270226747676,0,0,4.11497610196495,13.038766041098759,PLCG2;LILRB1;CMKLR1
Reactome_2022,Signaling By NOTCH2 R-HSA-1980145,0.01450957816158801,0.2415365152799928,0,0,6.407269723254854,27.121628570526674,JAG2;JAG1;GZMB
Reactome_2022,FCGR Activation R-HSA-2029481,0.014638576683635926,0.2415365152799928,0,0,12.781893004115226,53.99193028113729,LYN;FGR
KEGG_2021_Human,Rap1 signaling pathway,0.08560890775005994,0.24237327129237748,0,0,2.0271731961482655,4.982722668075085,PDGFRB;EFNA3;ITGAM;PDGFD;ID1;F2R
GO_Biological_Process_2023,Cellular Response To Type II Interferon (GO:0071346),0.04444309229081127,0.2509278372295633,0,0,4.019019624794675,12.513401404144886,CCL4;XCL2;XCL1
GO_Biological_Process_2023,Cellular Response To Peptide (GO:1901653),0.04444309229081127,0.2509278372295633,0,0,4.019019624794675,12.513401404144886,NTRK1;TLR6;ADRB2
Reactome_2022,Antigen Activates B Cell Receptor Leading To Second Messenger Generation R-HSA-983695,0.01586384641576736,0.25382154265227774,0,0,6.178040361125863,25.60002349691026,LYN;PLCG2;PIK3AP1
GO_Biological_Process_2023,Positive Regulation Of p38MAPK Cascade (GO:1900745),0.045704631613947624,0.2554173800738638,0,0,6.38724279835391,19.708193027677922,GADD45B;GADD45G
GO_Biological_Process_2023,Positive Regulation Of Neuron Apoptotic Process (GO:0043525),0.045704631613947624,0.2554173800738638,0,0,6.38724279835391,19.708193027677922,ITGAM;TNF
GO_Biological_Process_2023,Organic Cyclic Compound Biosynthetic Process (GO:1901362),0.045704631613947624,0.2554173800738638,0,0,6.38724279835391,19.708193027677922,CYP21A2;HDC
KEGG_2021_Human,Steroid hormone biosynthesis,0.09366432251837226,0.25921261159279685,0,0,4.103439153439154,9.71709953878229,SULT2B1;CYP21A2
KEGG_2021_Human,Vascular smooth muscle contraction,0.09393484548546308,0.25921261159279685,0,0,2.400963930348259,5.678649132009764,PLA2G4F;EDN3;PLA2G4C;ADRA1A
GO_Biological_Process_2023,Regulation Of Calcium Ion Transport (GO:0051924),0.04689003856056402,0.26027139646961717,0,0,3.9274248056775938,12.017723626501354,F2R;CCL4;LILRB1
GO_Biological_Process_2023,Positive Regulation Of NIK/NF-kappaB Signaling (GO:1901224),0.04689003856056402,0.26027139646961717,0,0,3.9274248056775938,12.017723626501354,C1QTNF4;NLRP3;TNF
GO_Biological_Process_2023,Positive Regulation Of Phosphorylation (GO:0042327),0.04743222317832224,0.26239441980465805,0,0,2.204368334700574,6.719914293259291,LYN;PDGFRB;NTRK1;CCND1;FLT3;TNF;MMP9
GO_Biological_Process_2023,Positive Regulation Of Gastrulation (GO:2000543),0.050729796987756016,0.2646001792091528,0,0,28.666051660516604,85.4604322891967,SCX
GO_Biological_Process_2023,Regulation Of NAD(P)H Oxidase Activity (GO:0033860),0.050729796987756016,0.2646001792091528,0,0,28.666051660516604,85.4604322891967,SLAMF8
GO_Biological_Process_2023,Epithelial Cell Differentiation Involved In Kidney Development (GO:0035850),0.050729796987756016,0.2646001792091528,0,0,28.666051660516604,85.4604322891967,MEF2C
GO_Biological_Process_2023,Positive Regulation Of Nuclear Division (GO:0051785),0.049955215621970805,0.2646001792091528,0,0,6.050682261208577,18.131646076306538,PDGFRB;EDN3
GO_Biological_Process_2023,Positive Regulation Of Neutrophil Migration (GO:1902624),0.049955215621970805,0.2646001792091528,0,0,6.050682261208577,18.131646076306538,XCL1;XG
GO_Biological_Process_2023,Positive Regulation Of T Cell Migration (GO:2000406),0.049955215621970805,0.2646001792091528,0,0,6.050682261208577,18.131646076306538,XCL2;XCL1
GO_Biological_Process_2023,Negative Regulation Of Transposition (GO:0010529),0.049955215621970805,0.2646001792091528,0,0,6.050682261208577,18.131646076306538,APOBEC3G;APOBEC3H
GO_Biological_Process_2023,Cellular Response To Low-Density Lipoprotein Particle Stimulus (GO:0071404),0.049955215621970805,0.2646001792091528,0,0,6.050682261208577,18.131646076306538,TLR6;CD68
GO_Biological_Process_2023,Fc Receptor Mediated Stimulatory Signaling Pathway (GO:0002431),0.049955215621970805,0.2646001792091528,0,0,6.050682261208577,18.131646076306538,LYN;FGR
GO_Biological_Process_2023,Regulation Of Cytokine Production Involved In Immune Response (GO:0002718),0.049955215621970805,0.2646001792091528,0,0,6.050682261208577,18.131646076306538,LILRB1;TNF
GO_Biological_Process_2023,Regulation Of Neuron Apoptotic Process (GO:0043523),0.04908732550896635,0.2646001792091528,0,0,3.036724273369992,9.153155872005444,NTRK1;MEF2C;F2R;TNF
GO_Biological_Process_2023,Positive Regulation Of GTPase Activity (GO:0043547),0.048538334889431725,0.2646001792091528,0,0,2.1923100458949514,6.632617845159298,NTRK1;F2R;CCL4;XCL2;XCL1;TBC1D3C;RGS9
GO_Biological_Process_2023,Positive Regulation Of Phagocytosis (GO:0050766),0.04940212729481142,0.2646001792091528,0,0,3.839900867410161,11.549507118162747,C4B;PLCG2;TNF
GO_Biological_Process_2023,Pattern Recognition Receptor Signaling Pathway (GO:0002221),0.04940212729481142,0.2646001792091528,0,0,3.839900867410161,11.549507118162747,PLCG2;NLRP3;TLR6
GO_Biological_Process_2023,Nephron Tubule Development (GO:0072080),0.050729796987756016,0.2646001792091528,0,0,28.666051660516604,85.4604322891967,MEF2C
GO_Biological_Process_2023,Negative Regulation Of Type 2 Immune Response (GO:0002829),0.050729796987756016,0.2646001792091528,0,0,28.666051660516604,85.4604322891967,TBX21
GO_Biological_Process_2023,Negative Regulation Of Lipoprotein Lipase Activity (GO:0051005),0.050729796987756016,0.2646001792091528,0,0,28.666051660516604,85.4604322891967,HDAC9
GO_Biological_Process_2023,Negative Regulation Of Dendritic Cell Apoptotic Process (GO:2000669),0.050729796987756016,0.2646001792091528,0,0,28.666051660516604,85.4604322891967,LILRB1
KEGG_2021_Human,Influenza A,0.09865732047721328,0.2688411983004062,0,0,2.1053063233002542,4.876105960162596,CIITA;NLRP3;FASLG;TNF;HLA-DQA1
GO_Biological_Process_2023,Positive Regulation Of Interleukin-1 Beta Production (GO:0032731),0.051978704143983,0.2702563636346964,0,0,3.756182317763052,11.106735051244867,NLRP3;TLR6;TNF
GO_Biological_Process_2023,Cellular Response To Cytokine Stimulus (GO:0071345),0.05289275658970819,0.27414132200911845,0,0,2.025936218075956,5.955216976446268,CEBPA;FLT3;CCL4;XCL2;XCL1;TNFSF11;LILRB1;LILRA4
KEGG_2021_Human,TNF signaling pathway,0.10191184606150776,0.27428126470874925,0,0,2.327755163576059,5.315771314098793,JAG1;MAP3K8;TNF;MMP9
GO_Biological_Process_2023,Artery Morphogenesis (GO:0048844),0.05434201279961036,0.27901227196799944,0,0,5.747777777777777,16.740159272156117,PDGFRB;JAG1
GO_Biological_Process_2023,Negative Regulation Of Interleukin-1 Production (GO:0032692),0.05434201279961036,0.27901227196799944,0,0,5.747777777777777,16.740159272156117,CX3CR1;NLRP3
GO_Biological_Process_2023,Regulation Of Myeloid Cell Differentiation (GO:0045637),0.05434201279961036,0.27901227196799944,0,0,5.747777777777777,16.740159272156117,LYN;MEF2C
GO_Biological_Process_2023,Positive Regulation Of Interleukin-8 Production (GO:0032757),0.05461907884187151,0.27956120416571617,0,0,3.6760262595902873,10.68757592106595,F2R;TNF;CD244
KEGG_2021_Human,Hypertrophic cardiomyopathy,0.10846223747815777,0.2814853305980761,0,0,2.6966194237918217,5.990144208491205,ACE;TNNT2;TNF
KEGG_2021_Human,Hippo signaling pathway,0.10770331916464852,0.2814853305980761,0,0,2.045050070390735,4.55713819841427,LATS2;CCND1;PPP2R2B;DLG5;ID1
KEGG_2021_Human,Salivary secretion,0.10846223747815777,0.2814853305980761,0,0,2.6966194237918217,5.990144208491205,ATP1B4;ADRB2;ADRA1A
KEGG_2021_Human,Aldosterone-regulated sodium reabsorption,0.1100084940857487,0.28213943189050844,0,0,3.705615292712067,8.17902554081875,ATP1B4;SFN
GO_Biological_Process_2023,B Cell Differentiation (GO:0030183),0.05732252725792226,0.29158177177946215,0,0,3.5992100371747213,10.290363159609194,FLT3;PLCG2;HDAC9
GO_Biological_Process_2023,Regulation Of Tyrosine Phosphorylation Of STAT Protein (GO:0042509),0.05732252725792226,0.29158177177946215,0,0,3.5992100371747213,10.290363159609194,LYN;FLT3;TNF
GO_Biological_Process_2023,Antigen Processing And Presentation Of Exogenous Peptide Antigen Via MHC Class II (GO:0019886),0.05885911700621498,0.2939377788486663,0,0,5.473721340388007,15.504909802773765,HLA-DQA1;HLA-DQB2
GO_Biological_Process_2023,Positive Regulation Of Neuron Differentiation (GO:0045666),0.05885911700621498,0.2939377788486663,0,0,5.473721340388007,15.504909802773765,MEF2C;GDPD5
GO_Biological_Process_2023,Antigen Processing And Presentation Of Peptide Antigen Via MHC Class II (GO:0002495),0.05885911700621498,0.2939377788486663,0,0,5.473721340388007,15.504909802773765,HLA-DQA1;HLA-DQB2
GO_Biological_Process_2023,Positive Regulation Of Endopeptidase Activity (GO:0010950),0.05885911700621498,0.2939377788486663,0,0,5.473721340388007,15.504909802773765,LYN;EFNA3
GO_Biological_Process_2023,Negative Regulation Of NIK/NF-kappaB Signaling (GO:1901223),0.05885911700621498,0.2939377788486663,0,0,5.473721340388007,15.504909802773765,NLRP3;HDAC9
GO_Biological_Process_2023,Positive Regulation Of Nitric Oxide Biosynthetic Process (GO:0045429),0.05885911700621498,0.2939377788486663,0,0,5.473721340388007,15.504909802773765,TLR6;TNF
GO_Biological_Process_2023,Natural Killer Cell Degranulation (GO:0043320),0.0670633581721261,0.29436620198855595,0,0,19.109471094710948,51.63603553596003,FCGR3A
GO_Biological_Process_2023,Leukocyte Chemotaxis Involved In Inflammatory Response (GO:0002232),0.0670633581721261,0.29436620198855595,0,0,19.109471094710948,51.63603553596003,SLAMF8
GO_Biological_Process_2023,Positive Regulation Of Cell Communication (GO:0010647),0.06826142602412649,0.29436620198855595,0,0,4.9971014492753625,13.414271323442206,EDN3;TNF
GO_Biological_Process_2023,Establishment Or Maintenance Of Apical/Basal Cell Polarity (GO:0035088),0.06826142602412649,0.29436620198855595,0,0,4.9971014492753625,13.414271323442206,DLG5;FSCN1
GO_Biological_Process_2023,Positive Regulation Of Skeletal Muscle Tissue Development (GO:0048643),0.0670633581721261,0.29436620198855595,0,0,19.109471094710948,51.63603553596003,MEF2C
GO_Biological_Process_2023,Positive Regulation Of Steroid Biosynthetic Process (GO:0010893),0.0670633581721261,0.29436620198855595,0,0,19.109471094710948,51.63603553596003,TNF
GO_Biological_Process_2023,Positive Regulation Of Receptor Binding (GO:1900122),0.0670633581721261,0.29436620198855595,0,0,19.109471094710948,51.63603553596003,MMP9
GO_Biological_Process_2023,Protein Sulfation (GO:0006477),0.0670633581721261,0.29436620198855595,0,0,19.109471094710948,51.63603553596003,UST
GO_Biological_Process_2023,Positive Regulation Of Inflammatory Response (GO:0050729),0.0674127105811686,0.29436620198855595,0,0,2.713608428446005,7.318389441198779,CEBPA;PLCG2;NLRP3;TNF
GO_Biological_Process_2023,Regulation Of Macrophage Activation (GO:0043030),0.06826142602412649,0.29436620198855595,0,0,4.9971014492753625,13.414271323442206,CEBPA;TLR6
GO_Biological_Process_2023,Regulation Of Platelet Activation (GO:0010543),0.06826142602412649,0.29436620198855595,0,0,4.9971014492753625,13.414271323442206,LYN;PLEK
GO_Biological_Process_2023,Regulation Of Trans-Synaptic Signaling (GO:0099177),0.06826142602412649,0.29436620198855595,0,0,4.9971014492753625,13.414271323442206,CX3CR1;NLGN4Y
GO_Biological_Process_2023,Positive Regulation Of Rho Protein Signal Transduction (GO:0035025),0.06826142602412649,0.29436620198855595,0,0,4.9971014492753625,13.414271323442206,ADGRG1;F2R
GO_Biological_Process_2023,Aromatic Compound Biosynthetic Process (GO:0019438),0.0670633581721261,0.29436620198855595,0,0,19.109471094710948,51.63603553596003,HDC
GO_Biological_Process_2023,Regulation Of Natural Killer Cell Mediated Immunity (GO:0002715),0.0670633581721261,0.29436620198855595,0,0,19.109471094710948,51.63603553596003,SH2D1B
GO_Biological_Process_2023,Autocrine Signaling (GO:0035425),0.0670633581721261,0.29436620198855595,0,0,19.109471094710948,51.63603553596003,CX3CR1
GO_Biological_Process_2023,Regulation Of Toll-Like Receptor 7 Signaling Pathway (GO:0034155),0.0670633581721261,0.29436620198855595,0,0,19.109471094710948,51.63603553596003,LILRA4
GO_Biological_Process_2023,Regulation Of Type 2 Immune Response (GO:0002828),0.0670633581721261,0.29436620198855595,0,0,19.109471094710948,51.63603553596003,NLRP3
GO_Biological_Process_2023,Regulation Of Vitamin D Biosynthetic Process (GO:0060556),0.0670633581721261,0.29436620198855595,0,0,19.109471094710948,51.63603553596003,TNF
GO_Biological_Process_2023,Regulation Of Neurogenesis (GO:0050767),0.06291559151383608,0.29436620198855595,0,0,3.4547955390334573,9.555830650478452,CX3CR1;TNF;ASCL2
GO_Biological_Process_2023,Glycerophospholipid Catabolic Process (GO:0046475),0.06350078367701666,0.29436620198855595,0,0,5.224579124579124,14.40261311255038,PLA2G4F;PLA2G4C
GO_Biological_Process_2023,Pyroptosis (GO:0070269),0.06350078367701666,0.29436620198855595,0,0,5.224579124579124,14.40261311255038,NLRP3;GZMB
GO_Biological_Process_2023,Positive Regulation Of Release Of Sequestered Calcium Ion Into Cytosol (GO:0051281),0.06350078367701666,0.29436620198855595,0,0,5.224579124579124,14.40261311255038,F2R;XCL1
GO_Biological_Process_2023,Positive Regulation Of Nitric Oxide Metabolic Process (GO:1904407),0.06350078367701666,0.29436620198855595,0,0,5.224579124579124,14.40261311255038,TLR6;TNF
GO_Biological_Process_2023,Positive Regulation Of Defense Response To Virus By Host (GO:0002230),0.06350078367701666,0.29436620198855595,0,0,5.224579124579124,14.40261311255038,APOBEC3G;LILRB1
GO_Biological_Process_2023,Phospholipid Catabolic Process (GO:0009395),0.06350078367701666,0.29436620198855595,0,0,5.224579124579124,14.40261311255038,PLA2G4F;PLA2G4C
GO_Biological_Process_2023,Negative Regulation Of Type II Interferon Production (GO:0032689),0.06350078367701666,0.29436620198855595,0,0,5.224579124579124,14.40261311255038,XCL1;LILRB1
GO_Biological_Process_2023,Lymphocyte Proliferation (GO:0046651),0.06350078367701666,0.29436620198855595,0,0,5.224579124579124,14.40261311255038,MEF2C;FLT3
GO_Biological_Process_2023,Response To Bile Acid (GO:1903412),0.0670633581721261,0.29436620198855595,0,0,19.109471094710948,51.63603553596003,GPBAR1
GO_Biological_Process_2023,DNA Methylation Involved In Embryo Development (GO:0043045),0.0670633581721261,0.29436620198855595,0,0,19.109471094710948,51.63603553596003,ZFP57
GO_Biological_Process_2023,Interleukin-5-Mediated Signaling Pathway (GO:0038043),0.0670633581721261,0.29436620198855595,0,0,19.109471094710948,51.63603553596003,LYN
GO_Biological_Process_2023,Inflammatory Response To Wounding (GO:0090594),0.0670633581721261,0.29436620198855595,0,0,19.109471094710948,51.63603553596003,TNF
GO_Biological_Process_2023,Host-Mediated Regulation Of Intestinal Microbiota Composition (GO:0048874),0.0670633581721261,0.29436620198855595,0,0,19.109471094710948,51.63603553596003,CX3CR1
GO_Biological_Process_2023,Negative Regulation Of Morphogenesis Of An Epithelium (GO:1905331),0.0670633581721261,0.29436620198855595,0,0,19.109471094710948,51.63603553596003,TNF
GO_Biological_Process_2023,Negative Regulation Of Monocyte Chemotaxis (GO:0090027),0.0670633581721261,0.29436620198855595,0,0,19.109471094710948,51.63603553596003,SLAMF8
GO_Biological_Process_2023,Negative Regulation Of Acute Inflammatory Response (GO:0002674),0.0670633581721261,0.29436620198855595,0,0,19.109471094710948,51.63603553596003,NLRP3
GO_Biological_Process_2023,Glucocorticoid Metabolic Process (GO:0008211),0.0670633581721261,0.29436620198855595,0,0,19.109471094710948,51.63603553596003,CYP21A2
GO_Biological_Process_2023,Vascular Associated Smooth Muscle Contraction (GO:0014829),0.0670633581721261,0.29436620198855595,0,0,19.109471094710948,51.63603553596003,EDN3
GO_Biological_Process_2023,Dendrite Arborization (GO:0140059),0.0670633581721261,0.29436620198855595,0,0,19.109471094710948,51.63603553596003,ZNF365
GO_Biological_Process_2023,Neuron Projection Arborization (GO:0140058),0.0670633581721261,0.29436620198855595,0,0,19.109471094710948,51.63603553596003,ZNF365
GO_Biological_Process_2023,Parallel Actin Filament Bundle Assembly (GO:0030046),0.0670633581721261,0.29436620198855595,0,0,19.109471094710948,51.63603553596003,FSCN1
GO_Biological_Process_2023,Positive Regulation Of Cardiac Muscle Cell Differentiation (GO:2000727),0.0670633581721261,0.29436620198855595,0,0,19.109471094710948,51.63603553596003,MEF2C
GO_Biological_Process_2023,Positive Regulation Of Gliogenesis (GO:0014015),0.0670633581721261,0.29436620198855595,0,0,19.109471094710948,51.63603553596003,TNF
GO_Biological_Process_2023,Positive Regulation Of Oligodendrocyte Differentiation (GO:0048714),0.0670633581721261,0.29436620198855595,0,0,19.109471094710948,51.63603553596003,ZNF365
GO_Biological_Process_2023,Regulation Of Macrophage Apoptotic Process (GO:2000109),0.0670633581721261,0.29436620198855595,0,0,19.109471094710948,51.63603553596003,MEF2C
GO_Biological_Process_2023,Positive Regulation Of Interleukin-1 Production (GO:0032732),0.06291559151383608,0.29436620198855595,0,0,3.4547955390334573,9.555830650478452,NLRP3;TLR6;TNF
GO_Biological_Process_2023,Positive Regulation Of Synaptic Transmission (GO:0050806),0.06291559151383608,0.29436620198855595,0,0,3.4547955390334573,9.555830650478452,TSHZ3;TNF;RAPSN
GO_Biological_Process_2023,Negative Regulation Of MAPK Cascade (GO:0043409),0.06307124266715691,0.29436620198855595,0,0,2.779356230893724,7.6807241386219305,LYN;SPRED2;DUSP2;CD300A
GO_Biological_Process_2023,Axoneme Assembly (GO:0035082),0.06350078367701666,0.29436620198855595,0,0,5.224579124579124,14.40261311255038,RSPH6A;LRGUK
GO_Biological_Process_2023,Cell Surface Receptor Signaling Pathway Involved In Cell-Cell Signaling (GO:1905114),0.06350078367701666,0.29436620198855595,0,0,5.224579124579124,14.40261311255038,ITGAM;PLCG2
GO_Biological_Process_2023,Chondrocyte Differentiation (GO:0002062),0.06350078367701666,0.29436620198855595,0,0,5.224579124579124,14.40261311255038,MEF2C;SCX
GO_Biological_Process_2023,Positive Regulation Of Cell Population Proliferation (GO:0008284),0.06203334303464114,0.29436620198855595,0,0,1.7471997152607668,4.857360658631408,LYN;PDGFRB;MEF2C;EDN3;FLT3;PDGFD;CXCR2;F2R;MATK;SCX;TNF
GO_Biological_Process_2023,Modulation Of Chemical Synaptic Transmission (GO:0050804),0.07654680519002197,0.29782911312019605,0,0,2.5909776957907096,6.658431526432262,CX3CR1;NLGN4Y;MEF2C;TNF
GO_Biological_Process_2023,Positive Regulation Of Notch Signaling Pathway (GO:0045747),0.07313561137705159,0.29782911312019605,0,0,4.78858024691358,12.524243703784666,JAG2;JAG1
GO_Biological_Process_2023,Positive Regulation Of Interleukin-10 Production (GO:0032733),0.07313561137705159,0.29782911312019605,0,0,4.78858024691358,12.524243703784666,PLCG2;XCL1
GO_Biological_Process_2023,Positive Regulation Of Phospholipase C Activity (GO:0010863),0.07313561137705159,0.29782911312019605,0,0,4.78858024691358,12.524243703784666,PDGFRB;NMUR1
GO_Biological_Process_2023,Cellular Response To Interleukin-1 (GO:0071347),0.07482344215126664,0.29782911312019605,0,0,3.198058653448988,8.291363763391681,CCL4;XCL2;XCL1
GO_Biological_Process_2023,Phosphatidylinositol-Mediated Signaling (GO:0048015),0.07482344215126664,0.29782911312019605,0,0,3.198058653448988,8.291363763391681,PDGFRB;FCGR3A;PLCG2
GO_Biological_Process_2023,Regulation Of Cell Migration (GO:0030334),0.07551792912897563,0.29782911312019605,0,0,1.7322547567505981,4.4750812648628555,FGR;PDGFRB;SH3RF2;ACE;CD151;JAG1;PDGFD;DLG5;F2R;PLXNA2
GO_Biological_Process_2023,Positive Regulation Of Response To External Stimulus (GO:0032103),0.07588668598601499,0.29782911312019605,0,0,2.290737768265858,5.9066994634638466,PDGFRB;CEBPA;SH2D1B;NLRP3;TNF
GO_Biological_Process_2023,Response To Interleukin-1 (GO:0070555),0.08112423233374848,0.29782911312019605,0,0,3.083443972384493,7.744913064423175,CCL4;XCL2;XCL1
GO_Biological_Process_2023,Desensitization Of G Protein-Coupled Receptor Signaling Pathway (GO:0002029),0.0831168967950718,0.29782911312019605,0,0,14.331180811808117,35.64891641295103,ADRB2
GO_Biological_Process_2023,"Substrate-Dependent Cell Migration, Cell Extension (GO:0006930)",0.0831168967950718,0.29782911312019605,0,0,14.331180811808117,35.64891641295103,SHTN1
GO_Biological_Process_2023,Smooth Muscle Cell Migration (GO:0014909),0.0831168967950718,0.29782911312019605,0,0,14.331180811808117,35.64891641295103,PDGFRB
GO_Biological_Process_2023,Toll-Like Receptor 9 Signaling Pathway (GO:0034162),0.0831168967950718,0.29782911312019605,0,0,14.331180811808117,35.64891641295103,PIK3AP1
GO_Biological_Process_2023,Histidine Catabolic Process (GO:0006548),0.0831168967950718,0.29782911312019605,0,0,14.331180811808117,35.64891641295103,HDC
GO_Biological_Process_2023,Histidine Metabolic Process (GO:0006547),0.0831168967950718,0.29782911312019605,0,0,14.331180811808117,35.64891641295103,HDC
GO_Biological_Process_2023,Thyroid Hormone Transport (GO:0070327),0.0831168967950718,0.29782911312019605,0,0,14.331180811808117,35.64891641295103,SLC7A8
GO_Biological_Process_2023,Lymphoid Progenitor Cell Differentiation (GO:0002320),0.0831168967950718,0.29782911312019605,0,0,14.331180811808117,35.64891641295103,FLT3
GO_Biological_Process_2023,Regulation Of Extrinsic Apoptotic Signaling Pathway (GO:2001236),0.0779456926912756,0.29782911312019605,0,0,3.1397093612706994,8.011731203599927,TNFRSF12A;TLR6;TNF
GO_Biological_Process_2023,Positive Regulation Of Apoptotic Signaling Pathway (GO:2001235),0.0779456926912756,0.29782911312019605,0,0,3.1397093612706994,8.011731203599927,TNFRSF12A;TLR6;TNF
GO_Biological_Process_2023,Positive Regulation Of Cysteine-Type Endopeptidase Activity (GO:2001056),0.0779456926912756,0.29782911312019605,0,0,3.1397093612706994,8.011731203599927,F2R;NLRP3;TNF
GO_Biological_Process_2023,Regulation Of Dendrite Morphogenesis (GO:0048814),0.07811805755152038,0.29782911312019605,0,0,4.59674074074074,11.719546983366731,HECW2;LZTS1
GO_Biological_Process_2023,Positive Regulation Of JUN Kinase Activity (GO:0043507),0.07811805755152038,0.29782911312019605,0,0,4.59674074074074,11.719546983366731,TLR6;TNF
GO_Biological_Process_2023,Positive Regulation Of Receptor Signaling Pathway Via JAK-STAT (GO:0046427),0.07811805755152038,0.29782911312019605,0,0,4.59674074074074,11.719546983366731,F2R;TNF
GO_Biological_Process_2023,Positive Regulation Of Receptor Signaling Pathway Via STAT (GO:1904894),0.07811805755152038,0.29782911312019605,0,0,4.59674074074074,11.719546983366731,F2R;TNF
GO_Biological_Process_2023,Negative Regulation Of Osteoblast Differentiation (GO:0045668),0.07313561137705159,0.29782911312019605,0,0,4.78858024691358,12.524243703784666,CRIM1;HDAC9
GO_Biological_Process_2023,Low-Density Lipoprotein Particle Remodeling (GO:0034374),0.0831168967950718,0.29782911312019605,0,0,14.331180811808117,35.64891641295103,MPO
GO_Biological_Process_2023,Negative Regulation Of Lens Fiber Cell Differentiation (GO:1902747),0.0831168967950718,0.29782911312019605,0,0,14.331180811808117,35.64891641295103,SPRED2
GO_Biological_Process_2023,Negative Regulation Of Intracellular Transport (GO:0032387),0.0831168967950718,0.29782911312019605,0,0,14.331180811808117,35.64891641295103,MRLN
GO_Biological_Process_2023,Negative Regulation Of Inflammatory Response To Wounding (GO:0106015),0.0831168967950718,0.29782911312019605,0,0,14.331180811808117,35.64891641295103,SIGLEC10
GO_Biological_Process_2023,Negative Regulation Of Lipase Activity (GO:0060192),0.0831168967950718,0.29782911312019605,0,0,14.331180811808117,35.64891641295103,HDAC9
GO_Biological_Process_2023,Regulation Of NLRP3 Inflammasome Complex Assembly (GO:1900225),0.08320362928920876,0.29782911312019605,0,0,4.41965811965812,10.989322180652206,PLCG2;TLR6
GO_Biological_Process_2023,Regulation Of T Cell Activation Via T Cell Receptor Contact With Antigen Bound To MHC Molecule On Antigen Presenting Cell (GO:2001188),0.0831168967950718,0.29782911312019605,0,0,14.331180811808117,35.64891641295103,LILRB1
GO_Biological_Process_2023,Regulation Of Calcidiol 1-Monooxygenase Activity (GO:0060558),0.0831168967950718,0.29782911312019605,0,0,14.331180811808117,35.64891641295103,TNF
GO_Biological_Process_2023,Regulation Of calcineurin-NFAT Signaling Cascade (GO:0070884),0.08320362928920876,0.29782911312019605,0,0,4.41965811965812,10.989322180652206,PLCG2;TNF
GO_Biological_Process_2023,Negative Regulation Of Endothelial Cell Migration (GO:0010596),0.08320362928920876,0.29782911312019605,0,0,4.41965811965812,10.989322180652206,MEF2C;TNF
GO_Biological_Process_2023,Regulation Of T-helper 1 Type Immune Response (GO:0002825),0.0831168967950718,0.29782911312019605,0,0,14.331180811808117,35.64891641295103,XCL1
GO_Biological_Process_2023,Regulation Of T-helper 17 Cell Lineage Commitment (GO:2000328),0.0831168967950718,0.29782911312019605,0,0,14.331180811808117,35.64891641295103,TBX21
GO_Biological_Process_2023,Antigen Processing And Presentation Of Exogenous Peptide Antigen (GO:0002478),0.08320362928920876,0.29782911312019605,0,0,4.41965811965812,10.989322180652206,HLA-DQA1;HLA-DQB2
GO_Biological_Process_2023,Extrinsic Apoptotic Signaling Pathway Via Death Domain Receptors (GO:0008625),0.08320362928920876,0.29782911312019605,0,0,4.41965811965812,10.989322180652206,FASLG;TNF
GO_Biological_Process_2023,Negative Regulation Of Systemic Arterial Blood Pressure (GO:0003085),0.0831168967950718,0.29782911312019605,0,0,14.331180811808117,35.64891641295103,ADRB2
GO_Biological_Process_2023,Osmosensory Signaling Pathway (GO:0007231),0.0831168967950718,0.29782911312019605,0,0,14.331180811808117,35.64891641295103,NLRP3
GO_Biological_Process_2023,Phagosome Acidification (GO:0090383),0.0831168967950718,0.29782911312019605,0,0,14.331180811808117,35.64891641295103,SLAMF8
GO_Biological_Process_2023,Phosphatidylethanolamine Acyl-Chain Remodeling (GO:0036152),0.0831168967950718,0.29782911312019605,0,0,14.331180811808117,35.64891641295103,PLA2G4C
GO_Biological_Process_2023,Podocyte Development (GO:0072015),0.0831168967950718,0.29782911312019605,0,0,14.331180811808117,35.64891641295103,JAG1
GO_Biological_Process_2023,Positive Regulation Of T-helper 2 Cell Differentiation (GO:0045630),0.0831168967950718,0.29782911312019605,0,0,14.331180811808117,35.64891641295103,NLRP3
GO_Biological_Process_2023,Positive Regulation Of Apoptotic Cell Clearance (GO:2000427),0.0831168967950718,0.29782911312019605,0,0,14.331180811808117,35.64891641295103,C4B
GO_Biological_Process_2023,Positive Regulation Of Calcium Ion Import (GO:0090280),0.0831168967950718,0.29782911312019605,0,0,14.331180811808117,35.64891641295103,PDGFRB
GO_Biological_Process_2023,Positive Regulation Of Chemokine (C-X-C Motif) Ligand 2 Production (GO:2000343),0.0831168967950718,0.29782911312019605,0,0,14.331180811808117,35.64891641295103,TNF
GO_Biological_Process_2023,Positive Regulation Of Extracellular Matrix Disassembly (GO:0090091),0.0831168967950718,0.29782911312019605,0,0,14.331180811808117,35.64891641295103,FSCN1
GO_Biological_Process_2023,Positive Regulation Of Inositol Phosphate Biosynthetic Process (GO:0060732),0.0831168967950718,0.29782911312019605,0,0,14.331180811808117,35.64891641295103,CD244
GO_Biological_Process_2023,Positive Regulation Of Interleukin-23 Production (GO:0032747),0.0831168967950718,0.29782911312019605,0,0,14.331180811808117,35.64891641295103,PLCG2
GO_Biological_Process_2023,Positive Regulation Of Melanin Biosynthetic Process (GO:0048023),0.0831168967950718,0.29782911312019605,0,0,14.331180811808117,35.64891641295103,ZEB2
GO_Biological_Process_2023,Positive Regulation Of Secondary Metabolite Biosynthetic Process (GO:1900378),0.0831168967950718,0.29782911312019605,0,0,14.331180811808117,35.64891641295103,ZEB2
GO_Biological_Process_2023,Postsynaptic Membrane Assembly (GO:0097104),0.0831168967950718,0.29782911312019605,0,0,14.331180811808117,35.64891641295103,NLGN4Y
GO_Biological_Process_2023,Presynaptic Membrane Assembly (GO:0097105),0.0831168967950718,0.29782911312019605,0,0,14.331180811808117,35.64891641295103,NLGN4Y
GO_Biological_Process_2023,Presynaptic Membrane Organization (GO:0097090),0.0831168967950718,0.29782911312019605,0,0,14.331180811808117,35.64891641295103,NLGN4Y
GO_Biological_Process_2023,Cellular Response To UV-A (GO:0071492),0.0831168967950718,0.29782911312019605,0,0,14.331180811808117,35.64891641295103,MMP9
GO_Biological_Process_2023,Regulation Of Striated Muscle Cell Differentiation (GO:0051153),0.0831168967950718,0.29782911312019605,0,0,14.331180811808117,35.64891641295103,HDAC9
GO_Biological_Process_2023,Regulation Of Vascular Wound Healing (GO:0061043),0.0831168967950718,0.29782911312019605,0,0,14.331180811808117,35.64891641295103,TNF
GO_Biological_Process_2023,Regulation Of Respiratory System Process (GO:0044065),0.0831168967950718,0.29782911312019605,0,0,14.331180811808117,35.64891641295103,TSHZ3
GO_Biological_Process_2023,Dermatan Sulfate Metabolic Process (GO:0030205),0.0831168967950718,0.29782911312019605,0,0,14.331180811808117,35.64891641295103,UST
GO_Biological_Process_2023,Negative Regulation Of B Cell Receptor Signaling Pathway (GO:0050859),0.0831168967950718,0.29782911312019605,0,0,14.331180811808117,35.64891641295103,CD300A
GO_Biological_Process_2023,Muscle Filament Sliding (GO:0030049),0.0831168967950718,0.29782911312019605,0,0,14.331180811808117,35.64891641295103,TNNT2
GO_Biological_Process_2023,Phosphatidylinositol Metabolic Process (GO:0046488),0.07175840893471908,0.29782911312019605,0,0,3.258609805709476,8.584645363579364,PDGFRB;PLEK;PLCG2
GO_Biological_Process_2023,Actin-Myosin Filament Sliding (GO:0033275),0.0831168967950718,0.29782911312019605,0,0,14.331180811808117,35.64891641295103,TNNT2
GO_Biological_Process_2023,T-helper 1 Cell Differentiation (GO:0045063),0.0831168967950718,0.29782911312019605,0,0,14.331180811808117,35.64891641295103,TBX21
GO_Biological_Process_2023,Regulation Of Glomerular Filtration (GO:0003093),0.0831168967950718,0.29782911312019605,0,0,14.331180811808117,35.64891641295103,F2R
GO_Biological_Process_2023,Regulation Of Dopamine Metabolic Process (GO:0042053),0.0831168967950718,0.29782911312019605,0,0,14.331180811808117,35.64891641295103,ITGAM
GO_Biological_Process_2023,Negative Regulation Of Cell Population Proliferation (GO:0008285),0.08289401350929655,0.29782911312019605,0,0,1.7561931098052772,4.373258792654285,KLF10;LYN;NTRK1;SULT2B1;CEBPA;ADGRG1;CD300A;DLG5;F2R
GO_Biological_Process_2023,Positive Regulation Of Cell Motility (GO:2000147),0.0821050120683909,0.29782911312019605,0,0,2.0514303510254925,5.12807577177179,PDGFRB;FGR;SH3RF2;CD151;PDGFD;F2R
GO_Biological_Process_2023,Positive Regulation Of Multicellular Organismal Process (GO:0051240),0.08161603382090739,0.29782911312019605,0,0,1.7622418045421848,4.415701352275268,FGR;CADM1;F2R;SCX;TNFSF11;ADRB2;TNF;CMKLR1;GADD45G
GO_Biological_Process_2023,Regulation Of Microglial Cell Migration (GO:1904139),0.0831168967950718,0.29782911312019605,0,0,14.331180811808117,35.64891641295103,CX3CR1
GO_Biological_Process_2023,Positive Regulation Of Metabolic Process (GO:0009893),0.07190519392205688,0.29782911312019605,0,0,2.650883513467147,6.978203730466811,ADRB2;TNF;CMKLR1;GADD45G
GO_Biological_Process_2023,Cortical Cytoskeleton Organization (GO:0030865),0.07313561137705159,0.29782911312019605,0,0,4.78858024691358,12.524243703784666,PLEK;TNF
GO_Biological_Process_2023,Positive Regulation Of DNA-binding Transcription Factor Activity (GO:0051091),0.07269513081131079,0.29782911312019605,0,0,1.9856640769515352,5.205380398222224,CX3CR1;NTRK1;PLCG2;TNFSF11;NLRP3;TLR6;TNF
GO_Biological_Process_2023,Antimicrobial Humoral Immune Response Mediated By Antimicrobial Peptide (GO:0061844),0.07313561137705159,0.29782911312019605,0,0,4.78858024691358,12.524243703784666,GNLY;DEFA1
GO_Biological_Process_2023,Regulation Of Microvillus Organization (GO:0032530),0.0831168967950718,0.29782911312019605,0,0,14.331180811808117,35.64891641295103,FSCN1
GO_Biological_Process_2023,Regulation Of Neutrophil Extravasation (GO:2000389),0.0831168967950718,0.29782911312019605,0,0,14.331180811808117,35.64891641295103,XG
GO_Biological_Process_2023,Cellular Response To Organic Substance (GO:0071310),0.08435811474838159,0.3006515890056203,0,0,3.029152807669732,7.490138502940934,FLT3;PLCG2;TNF
GO_Biological_Process_2023,Regulation Of Endocytosis (GO:0030100),0.08435811474838159,0.3006515890056203,0,0,3.029152807669732,7.490138502940934,FGR;CD151;LILRB1
GO_Biological_Process_2023,Myeloid Leukocyte Differentiation (GO:0002573),0.08764637694174016,0.30508485533264623,0,0,2.9767337520830663,7.24669461096242,CEBPA;TNFSF11;MMP9
GO_Biological_Process_2023,Regulation Of Sodium Ion Transmembrane Transporter Activity (GO:2000649),0.08838733483769909,0.30508485533264623,0,0,4.255692729766804,10.32442372413344,HECW2;FGF11
GO_Biological_Process_2023,Blood Circulation (GO:0008015),0.08838733483769909,0.30508485533264623,0,0,4.255692729766804,10.32442372413344,EDN3;XCL2
GO_Biological_Process_2023,Cellular Component Disassembly (GO:0022411),0.08838733483769909,0.30508485533264623,0,0,4.255692729766804,10.32442372413344,MMP15;MMP9
GO_Biological_Process_2023,Sulfur Compound Biosynthetic Process (GO:0044272),0.08764637694174016,0.30508485533264623,0,0,2.9767337520830663,7.24669461096242,GSTM1;UST;CHST13
GO_Biological_Process_2023,Negative Regulation Of Cellular Component Organization (GO:0051129),0.08764637694174016,0.30508485533264623,0,0,2.9767337520830663,7.24669461096242,LILRB1;HSPA2;TNF
GO_Biological_Process_2023,Positive Regulation Of Calcium Ion Transmembrane Transport (GO:1904427),0.08838733483769909,0.30508485533264623,0,0,4.255692729766804,10.32442372413344,F2R;XCL1
GO_Biological_Process_2023,Positive Regulation Of Protein Dephosphorylation (GO:0035307),0.08838733483769909,0.30508485533264623,0,0,4.255692729766804,10.32442372413344,PDGFRB;CD300A
GO_Biological_Process_2023,Regulation Of T Cell Proliferation (GO:0042129),0.08764637694174016,0.30508485533264623,0,0,2.9767337520830663,7.24669461096242,DLG5;TNFSF9;LILRB1
GO_Biological_Process_2023,Response To Transforming Growth Factor Beta (GO:0071559),0.08838733483769909,0.30508485533264623,0,0,4.255692729766804,10.32442372413344,MEF2C;XCL1
GO_Biological_Process_2023,Positive Regulation Of Cytokine Production Involved In Immune Response (GO:0002720),0.08838733483769909,0.30508485533264623,0,0,4.255692729766804,10.32442372413344,PLCG2;XCL1
GO_Biological_Process_2023,Proteoglycan Biosynthetic Process (GO:0030166),0.08838733483769909,0.30508485533264623,0,0,4.255692729766804,10.32442372413344,B3GAT1;CHST13
GO_Biological_Process_2023,Negative Regulation Of Blood Vessel Endothelial Cell Migration (GO:0043537),0.08838733483769909,0.30508485533264623,0,0,4.255692729766804,10.32442372413344,MEF2C;TNF
GO_Biological_Process_2023,Inositol Lipid-Mediated Signaling (GO:0048017),0.08838733483769909,0.30508485533264623,0,0,4.255692729766804,10.32442372413344,PDGFRB;PLCG2
GO_Biological_Process_2023,Extracellular Matrix Disassembly (GO:0022617),0.08838733483769909,0.30508485533264623,0,0,4.255692729766804,10.32442372413344,MMP15;MMP9
GO_Biological_Process_2023,Regulation Of Immune Response (GO:0050776),0.09098804062701561,0.30874020616718106,0,0,2.9260916136349318,7.013921195718194,FGR;LYN;FCGR3A
GO_Biological_Process_2023,Regulation Of Vascular Associated Smooth Muscle Cell Proliferation (GO:1904705),0.09366432251837226,0.30874020616718106,0,0,4.103439153439154,9.71709953878229,MEF2C;MMP9
GO_Biological_Process_2023,Smoothened Signaling Pathway (GO:0007224),0.09366432251837226,0.30874020616718106,0,0,4.103439153439154,9.71709953878229,EVC2;DHH
GO_Biological_Process_2023,Toll-Like Receptor Signaling Pathway (GO:0002224),0.09366432251837226,0.30874020616718106,0,0,4.103439153439154,9.71709953878229,PLCG2;TLR6
GO_Biological_Process_2023,Negative Regulation Of T Cell Proliferation (GO:0042130),0.09366432251837226,0.30874020616718106,0,0,4.103439153439154,9.71709953878229,DLG5;LILRB1
GO_Biological_Process_2023,Positive Regulation Of Mitotic Nuclear Division (GO:0045840),0.09366432251837226,0.30874020616718106,0,0,4.103439153439154,9.71709953878229,PDGFRB;EDN3
GO_Biological_Process_2023,Smooth Muscle Cell Differentiation (GO:0051145),0.09889519448140222,0.30874020616718106,0,0,11.46420664206642,26.52467335878938,MEF2C
GO_Biological_Process_2023,Ectoderm Development (GO:0007398),0.09889519448140222,0.30874020616718106,0,0,11.46420664206642,26.52467335878938,ITGAM
GO_Biological_Process_2023,Commissural Neuron Axon Guidance (GO:0071679),0.09889519448140222,0.30874020616718106,0,0,11.46420664206642,26.52467335878938,NCAM1
GO_Biological_Process_2023,Release Of Sequestered Calcium Ion Into Cytosol By Endoplasmic Reticulum (GO:1903514),0.09889519448140222,0.30874020616718106,0,0,11.46420664206642,26.52467335878938,FASLG
GO_Biological_Process_2023,Cellular Response To Bacterial Lipopeptide (GO:0071221),0.09889519448140222,0.30874020616718106,0,0,11.46420664206642,26.52467335878938,TLR6
GO_Biological_Process_2023,Cell Differentiation In Spinal Cord (GO:0021515),0.09889519448140222,0.30874020616718106,0,0,11.46420664206642,26.52467335878938,SOX13
GO_Biological_Process_2023,Regulation Of Osteoclast Development (GO:2001204),0.09889519448140222,0.30874020616718106,0,0,11.46420664206642,26.52467335878938,LILRB1
GO_Biological_Process_2023,Regulation Of Nitric Oxide Metabolic Process (GO:0080164),0.09889519448140222,0.30874020616718106,0,0,11.46420664206642,26.52467335878938,CX3CR1
GO_Biological_Process_2023,Aromatic Amino Acid Transport (GO:0015801),0.09889519448140222,0.30874020616718106,0,0,11.46420664206642,26.52467335878938,SLC7A8
GO_Biological_Process_2023,Regulation Of Lens Fiber Cell Differentiation (GO:1902746),0.09889519448140222,0.30874020616718106,0,0,11.46420664206642,26.52467335878938,SPRED2
GO_Biological_Process_2023,Positive Regulation Of Cardiocyte Differentiation (GO:1905209),0.09889519448140222,0.30874020616718106,0,0,11.46420664206642,26.52467335878938,MEF2C
GO_Biological_Process_2023,Positive Regulation Of Behavior (GO:0048520),0.09889519448140222,0.30874020616718106,0,0,11.46420664206642,26.52467335878938,MEF2C
GO_Biological_Process_2023,Phosphatidylglycerol Acyl-Chain Remodeling (GO:0036148),0.09889519448140222,0.30874020616718106,0,0,11.46420664206642,26.52467335878938,PLA2G4F
GO_Biological_Process_2023,Neurotrophin TRK Receptor Signaling Pathway (GO:0048011),0.09889519448140222,0.30874020616718106,0,0,11.46420664206642,26.52467335878938,NTRK1
GO_Biological_Process_2023,Nerve Growth Factor Signaling Pathway (GO:0038180),0.09889519448140222,0.30874020616718106,0,0,11.46420664206642,26.52467335878938,NTRK1
GO_Biological_Process_2023,Negative Regulation Of Amyloid-Beta Clearance (GO:1900222),0.09889519448140222,0.30874020616718106,0,0,11.46420664206642,26.52467335878938,TNF
GO_Biological_Process_2023,Negative Regulation Of T-helper 17 Type Immune Response (GO:2000317),0.09889519448140222,0.30874020616718106,0,0,11.46420664206642,26.52467335878938,TBX21
GO_Biological_Process_2023,"Negative Regulation Of CD8-positive, Alpha-Beta T Cell Activation (GO:2001186)",0.09889519448140222,0.30874020616718106,0,0,11.46420664206642,26.52467335878938,LILRB1
GO_Biological_Process_2023,"Negative Regulation Of CD4-positive, Alpha-Beta T Cell Proliferation (GO:2000562)",0.09889519448140222,0.30874020616718106,0,0,11.46420664206642,26.52467335878938,XCL1
GO_Biological_Process_2023,Monosaccharide Biosynthetic Process (GO:0046364),0.09889519448140222,0.30874020616718106,0,0,11.46420664206642,26.52467335878938,UST
GO_Biological_Process_2023,Lactate Metabolic Process (GO:0006089),0.09889519448140222,0.30874020616718106,0,0,11.46420664206642,26.52467335878938,LDHC
GO_Biological_Process_2023,Killing By Host Of Symbiont Cells (GO:0051873),0.09889519448140222,0.30874020616718106,0,0,11.46420664206642,26.52467335878938,DEFA1
GO_Biological_Process_2023,Icosanoid Secretion (GO:0032309),0.09889519448140222,0.30874020616718106,0,0,11.46420664206642,26.52467335878938,ACE
GO_Biological_Process_2023,Hormone Transport (GO:0009914),0.09889519448140222,0.30874020616718106,0,0,11.46420664206642,26.52467335878938,SLC7A8
GO_Biological_Process_2023,Glomerular Epithelial Cell Development (GO:0072310),0.09889519448140222,0.30874020616718106,0,0,11.46420664206642,26.52467335878938,JAG1
GO_Biological_Process_2023,Sodium-Independent Organic Anion Transport (GO:0043252),0.09889519448140222,0.30874020616718106,0,0,11.46420664206642,26.52467335878938,SLCO4C1
GO_Biological_Process_2023,Regulation Of Alpha-Beta T Cell Differentiation (GO:0046637),0.09889519448140222,0.30874020616718106,0,0,11.46420664206642,26.52467335878938,ZNF683
GO_Biological_Process_2023,Regulation Of Apoptotic Cell Clearance (GO:2000425),0.09889519448140222,0.30874020616718106,0,0,11.46420664206642,26.52467335878938,C4B
GO_Biological_Process_2023,Positive Regulation Of Vascular Associated Smooth Muscle Cell Migration (GO:1904754),0.09889519448140222,0.30874020616718106,0,0,11.46420664206642,26.52467335878938,DOCK5
GO_Biological_Process_2023,Regulation Of Activation Of Janus Kinase Activity (GO:0010533),0.09889519448140222,0.30874020616718106,0,0,11.46420664206642,26.52467335878938,CD300A
GO_Biological_Process_2023,Regulation Of Calcium Ion Transmembrane Transport Via High Voltage-Gated Calcium Channel (GO:1902514),0.09889519448140222,0.30874020616718106,0,0,11.46420664206642,26.52467335878938,SESTD1
GO_Biological_Process_2023,Regulation Of Amyloid-Beta Formation (GO:1902003),0.09902987744985052,0.30874020616718106,0,0,3.9616858237547894,9.160739567591792,RTN1;TNF
GO_Biological_Process_2023,Cdc42 Protein Signal Transduction (GO:0032488),0.09889519448140222,0.30874020616718106,0,0,11.46420664206642,26.52467335878938,SHTN1
GO_Biological_Process_2023,Regulation Of Coagulation (GO:0050818),0.09889519448140222,0.30874020616718106,0,0,11.46420664206642,26.52467335878938,F2R
GO_Biological_Process_2023,Regulation Of Glial Cell Proliferation (GO:0060251),0.09889519448140222,0.30874020616718106,0,0,11.46420664206642,26.52467335878938,TNF
GO_Biological_Process_2023,Positive Regulation Of Neuron Death (GO:1901216),0.09366432251837226,0.30874020616718106,0,0,4.103439153439154,9.71709953878229,ITGAM;TNF
GO_Biological_Process_2023,Negative Regulation Of Cell Adhesion (GO:0007162),0.09782759098191385,0.30874020616718106,0,0,2.8297885306843806,6.577981039031369,JAG1;PLXNA2;TGFBI
GO_Biological_Process_2023,External Encapsulating Structure Organization (GO:0045229),0.09782759098191385,0.30874020616718106,0,0,2.8297885306843806,6.577981039031369,MMP15;TGFBI;MMP9
GO_Biological_Process_2023,Calcium Ion Transmembrane Import Into Cytosol (GO:0097553),0.09782759098191385,0.30874020616718106,0,0,2.8297885306843806,6.577981039031369,F2R;PLCG2;XCL1
GO_Biological_Process_2023,Activation Of Cysteine-Type Endopeptidase Activity Involved In Apoptotic Process (GO:0006919),0.09782759098191385,0.30874020616718106,0,0,2.8297885306843806,6.577981039031369,F2R;FASLG;TNF
GO_Biological_Process_2023,Positive Regulation Of Protein Modification Process (GO:0031401),0.09660743021991287,0.30874020616718106,0,0,1.9576908372626483,4.575318518365581,LYN;NTRK1;ACE;CCND1;TNF;MMP9
GO_Biological_Process_2023,Regulation Of Intracellular Signal Transduction (GO:1902531),0.09689094762742743,0.30874020616718106,0,0,1.7601106118216385,4.108395950874424,LYN;NTRK1;NUAK1;CHN2;PLCG2;TNFSF11;TNF;CMKLR1
GO_Biological_Process_2023,Regulation Of Viral Genome Replication (GO:0045069),0.094382113594302,0.30874020616718106,0,0,2.8771375464684015,6.791206105546771,IFITM3;APOBEC3G;TNF
GO_Biological_Process_2023,Regulation Of Response To External Stimulus (GO:0032101),0.09393484548546308,0.30874020616718106,0,0,2.400963930348259,5.678649132009764,FGR;F2R;XCL1;PIK3AP1
GO_Biological_Process_2023,Steroid Metabolic Process (GO:0008202),0.094382113594302,0.30874020616718106,0,0,2.8771375464684015,6.791206105546771,SULT2B1;DHRS9;CYP21A2
GO_Biological_Process_2023,Positive Regulation Of Cysteine-Type Endopeptidase Activity Involved In Apoptotic Process (GO:0043280),0.09921888456697509,0.3087436123930683,0,0,2.3516600670118795,5.433338711851082,F2R;NLRP3;FASLG;TNF
GO_Biological_Process_2023,Positive Regulation Of Monoatomic Ion Transport (GO:0043270),0.1100084940857487,0.31327341760649513,0,0,3.705615292712067,8.17902554081875,CCL4;F2R
GO_Biological_Process_2023,Positive Regulation Of Tumor Necrosis Factor Production (GO:0032760),0.11210307389855456,0.31327341760649513,0,0,2.6549613954818416,5.809949002800583,C1QTNF4;FCGR3A;PLCG2
GO_Biological_Process_2023,Regulation Of Dendritic Cell Antigen Processing And Presentation (GO:0002604),0.11440295226043645,0.31327341760649513,0,0,9.552890528905289,20.710937910457105,CD68
GO_Biological_Process_2023,Positive Regulation Of Signaling (GO:0023056),0.1100084940857487,0.31327341760649513,0,0,3.705615292712067,8.17902554081875,EDN3;TNF
GO_Biological_Process_2023,Adenylate Cyclase-Activating G Protein-Coupled Receptor Signaling Pathway (GO:0007189),0.10132345655761182,0.31327341760649513,0,0,2.783966902506296,6.3737177776275615,ADGRG1;ADGRG5;ADRB2
GO_Biological_Process_2023,Extracellular Structure Organization (GO:0043062),0.10132345655761182,0.31327341760649513,0,0,2.783966902506296,6.3737177776275615,MMP15;TGFBI;MMP9
GO_Biological_Process_2023,Regulation Of Inflammatory Response (GO:0050727),0.10433965158286951,0.31327341760649513,0,0,1.9139284675777843,4.325677042006909,CEBPA;NLRP3;XCL1;PIK3AP1;TNF;MMP9
GO_Biological_Process_2023,Regulation Of p38MAPK Cascade (GO:1900744),0.10447941829853637,0.31327341760649513,0,0,3.8293827160493827,8.649676343951016,GADD45B;GADD45G
GO_Biological_Process_2023,Negative Regulation Of Angiogenesis (GO:0016525),0.10486868389278921,0.31327341760649513,0,0,2.7395999291910074,6.17792479641897,EFNA3;FASLG;TNF
GO_Biological_Process_2023,Positive Regulation Of Axonogenesis (GO:0050772),0.1100084940857487,0.31327341760649513,0,0,3.705615292712067,8.17902554081875,SHTN1;PLXNA2
GO_Biological_Process_2023,Cellular Response To Nutrient Levels (GO:0031669),0.11210307389855456,0.31327341760649513,0,0,2.6549613954818416,5.809949002800583,KLF10;CD68;FADS1
GO_Biological_Process_2023,Positive Regulation Of Cellular Biosynthetic Process (GO:0031328),0.10770331916464852,0.31327341760649513,0,0,2.045050070390735,4.55713819841427,PDGFRB;ZEB2;TLR6;TNF;CD244
GO_Biological_Process_2023,Glycine Transport (GO:0015816),0.11440295226043645,0.31327341760649513,0,0,9.552890528905289,20.710937910457105,SLC7A8
GO_Biological_Process_2023,Growth Hormone Receptor Signaling Pathway Via JAK-STAT (GO:0060397),0.11440295226043645,0.31327341760649513,0,0,9.552890528905289,20.710937910457105,LYN
GO_Biological_Process_2023,Negative Regulation Of Neuron Death (GO:1901215),0.10846223747815777,0.31327341760649513,0,0,2.6966194237918217,5.990144208491205,NTRK1;MEF2C;F2R
GO_Biological_Process_2023,Regulation Of Defense Response To Virus By Host (GO:0050691),0.1100084940857487,0.31327341760649513,0,0,3.705615292712067,8.17902554081875,APOBEC3G;LILRB1
GO_Biological_Process_2023,Regulation Of Dendrite Development (GO:0050773),0.1100084940857487,0.31327341760649513,0,0,3.705615292712067,8.17902554081875,HECW2;LZTS1
GO_Biological_Process_2023,Notch Signaling Pathway (GO:0007219),0.1100084940857487,0.31327341760649513,0,0,3.705615292712067,8.17902554081875,JAG2;JAG1
GO_Biological_Process_2023,Regulation Of Nervous System Development (GO:0051960),0.1100084940857487,0.31327341760649513,0,0,3.705615292712067,8.17902554081875,CX3CR1;ASCL2
GO_Biological_Process_2023,Regulation Of Osteoclast Differentiation (GO:0045670),0.1100084940857487,0.31327341760649513,0,0,3.705615292712067,8.17902554081875,TNFSF11;TNF
GO_Biological_Process_2023,Regulation Of Synapse Assembly (GO:0051963),0.1100084940857487,0.31327341760649513,0,0,3.705615292712067,8.17902554081875,MEF2C;DLG5
GO_Biological_Process_2023,Myofibril Assembly (GO:0030239),0.1100084940857487,0.31327341760649513,0,0,3.705615292712067,8.17902554081875,PDGFRB;TNNT2
GO_Biological_Process_2023,Dermatan Sulfate Proteoglycan Biosynthetic Process (GO:0050651),0.11440295226043645,0.31327341760649513,0,0,9.552890528905289,20.710937910457105,UST
GO_Biological_Process_2023,Response To Corticosteroid (GO:0031960),0.11440295226043645,0.31327341760649513,0,0,9.552890528905289,20.710937910457105,TNF
GO_Biological_Process_2023,Regulation Of Sensory Perception Of Pain (GO:0051930),0.11440295226043645,0.31327341760649513,0,0,9.552890528905289,20.710937910457105,F2R
GO_Biological_Process_2023,Regulation Of Sensory Perception (GO:0051931),0.11440295226043645,0.31327341760649513,0,0,9.552890528905289,20.710937910457105,F2R
GO_Biological_Process_2023,Complement Receptor Mediated Signaling Pathway (GO:0002430),0.11440295226043645,0.31327341760649513,0,0,9.552890528905289,20.710937910457105,CMKLR1
GO_Biological_Process_2023,Regulation Of Skeletal Muscle Cell Differentiation (GO:2001014),0.11440295226043645,0.31327341760649513,0,0,9.552890528905289,20.710937910457105,MEF2C
GO_Biological_Process_2023,Negative Regulation Of Protein-Containing Complex Disassembly (GO:0043242),0.11440295226043645,0.31327341760649513,0,0,9.552890528905289,20.710937910457105,TNF
GO_Biological_Process_2023,Negative Regulation Of Macrophage Migration (GO:1905522),0.11440295226043645,0.31327341760649513,0,0,9.552890528905289,20.710937910457105,SLAMF8
GO_Biological_Process_2023,Negative Regulation Of Leukocyte Apoptotic Process (GO:2000107),0.11440295226043645,0.31327341760649513,0,0,9.552890528905289,20.710937910457105,LILRB1
GO_Biological_Process_2023,Negative Regulation Of T-helper 17 Cell Differentiation (GO:2000320),0.11440295226043645,0.31327341760649513,0,0,9.552890528905289,20.710937910457105,TBX21
GO_Biological_Process_2023,Negative Regulation Of T Cell Mediated Cytotoxicity (GO:0001915),0.11440295226043645,0.31327341760649513,0,0,9.552890528905289,20.710937910457105,LILRB1
GO_Biological_Process_2023,Natural Killer Cell Activation Involved In Immune Response (GO:0002323),0.11440295226043645,0.31327341760649513,0,0,9.552890528905289,20.710937910457105,FCGR3A
GO_Biological_Process_2023,Regulation Of Response To Wounding (GO:1903034),0.11440295226043645,0.31327341760649513,0,0,9.552890528905289,20.710937910457105,TNFRSF12A
GO_Biological_Process_2023,Adenylate Cyclase-Activating Adrenergic Receptor Signaling Pathway (GO:0071880),0.11440295226043645,0.31327341760649513,0,0,9.552890528905289,20.710937910457105,ADRB2
GO_Biological_Process_2023,Regulation Of Lymphocyte Apoptotic Process (GO:0070228),0.11440295226043645,0.31327341760649513,0,0,9.552890528905289,20.710937910457105,LYN
GO_Biological_Process_2023,Regulation Of Leukocyte Degranulation (GO:0043300),0.11440295226043645,0.31327341760649513,0,0,9.552890528905289,20.710937910457105,LYN
GO_Biological_Process_2023,Regulation Of Interleukin-23 Production (GO:0032667),0.11440295226043645,0.31327341760649513,0,0,9.552890528905289,20.710937910457105,PLCG2
GO_Biological_Process_2023,TRIF-dependent Toll-Like Receptor Signaling Pathway (GO:0035666),0.11440295226043645,0.31327341760649513,0,0,9.552890528905289,20.710937910457105,TLR6
GO_Biological_Process_2023,Regulation Of Inflammatory Response To Wounding (GO:0106014),0.11440295226043645,0.31327341760649513,0,0,9.552890528905289,20.710937910457105,SIGLEC10
GO_Biological_Process_2023,T Cell Apoptotic Process (GO:0070231),0.11440295226043645,0.31327341760649513,0,0,9.552890528905289,20.710937910457105,FASLG
GO_Biological_Process_2023,Peptidyl-Lysine Deacetylation (GO:0034983),0.11440295226043645,0.31327341760649513,0,0,9.552890528905289,20.710937910457105,HDAC9
GO_Biological_Process_2023,Negative Regulation Of Toll-Like Receptor 4 Signaling Pathway (GO:0034144),0.11440295226043645,0.31327341760649513,0,0,9.552890528905289,20.710937910457105,LYN
GO_Biological_Process_2023,Regulation Of Cardiac Muscle Cell Differentiation (GO:2000725),0.11440295226043645,0.31327341760649513,0,0,9.552890528905289,20.710937910457105,MEF2C
GO_Biological_Process_2023,Positive Regulation Of Isomerase Activity (GO:0010912),0.11440295226043645,0.31327341760649513,0,0,9.552890528905289,20.710937910457105,ITGAM
GO_Biological_Process_2023,Vasoconstriction (GO:0042310),0.11440295226043645,0.31327341760649513,0,0,9.552890528905289,20.710937910457105,EDN3
GO_Biological_Process_2023,Hepoxilin Biosynthetic Process (GO:0051122),0.11440295226043645,0.31327341760649513,0,0,9.552890528905289,20.710937910457105,GSTM1
GO_Biological_Process_2023,Hepoxilin Metabolic Process (GO:0051121),0.11440295226043645,0.31327341760649513,0,0,9.552890528905289,20.710937910457105,GSTM1
GO_Biological_Process_2023,Leucine Transport (GO:0015820),0.11440295226043645,0.31327341760649513,0,0,9.552890528905289,20.710937910457105,SLC7A8
GO_Biological_Process_2023,Lymphocyte Apoptotic Process (GO:0070227),0.11440295226043645,0.31327341760649513,0,0,9.552890528905289,20.710937910457105,FASLG
GO_Biological_Process_2023,Mast Cell Activation Involved In Immune Response (GO:0002279),0.11440295226043645,0.31327341760649513,0,0,9.552890528905289,20.710937910457105,FCER1A
GO_Biological_Process_2023,Mast Cell Degranulation (GO:0043303),0.11440295226043645,0.31327341760649513,0,0,9.552890528905289,20.710937910457105,FCER1A
GO_Biological_Process_2023,Melanocyte Differentiation (GO:0030318),0.11440295226043645,0.31327341760649513,0,0,9.552890528905289,20.710937910457105,MEF2C
GO_Biological_Process_2023,Positive Regulation Of Hippo Signaling (GO:0035332),0.11440295226043645,0.31327341760649513,0,0,9.552890528905289,20.710937910457105,DLG5
GO_Biological_Process_2023,Positive Regulation Of Dendritic Cell Cytokine Production (GO:0002732),0.11440295226043645,0.31327341760649513,0,0,9.552890528905289,20.710937910457105,PLCG2
GO_Biological_Process_2023,Positive Regulation Of Actin Filament Depolymerization (GO:0030836),0.11440295226043645,0.31327341760649513,0,0,9.552890528905289,20.710937910457105,PLEK
GO_Biological_Process_2023,Platelet Activating Factor Metabolic Process (GO:0046469),0.11440295226043645,0.31327341760649513,0,0,9.552890528905289,20.710937910457105,PLA2G4C
GO_Biological_Process_2023,Positive Regulation Of Cardiac Epithelial To Mesenchymal Transition (GO:0062043),0.11440295226043645,0.31327341760649513,0,0,9.552890528905289,20.710937910457105,JAG1
GO_Biological_Process_2023,Positive Regulation Of Bone Resorption (GO:0045780),0.11440295226043645,0.31327341760649513,0,0,9.552890528905289,20.710937910457105,TNFSF11
GO_Biological_Process_2023,Positive Regulation Of Keratinocyte Migration (GO:0051549),0.11440295226043645,0.31327341760649513,0,0,9.552890528905289,20.710937910457105,MMP9
GO_Biological_Process_2023,Positive Regulation Of Membrane Invagination (GO:1905155),0.11440295226043645,0.31327341760649513,0,0,9.552890528905289,20.710937910457105,PLCG2
GO_Biological_Process_2023,Positive Regulation Of Protein Depolymerization (GO:1901881),0.11440295226043645,0.31327341760649513,0,0,9.552890528905289,20.710937910457105,PLEK
GO_Biological_Process_2023,Positive Regulation Of Myeloid Cell Apoptotic Process (GO:0033034),0.11440295226043645,0.31327341760649513,0,0,9.552890528905289,20.710937910457105,MEF2C
GO_Biological_Process_2023,Postsynapse Assembly (GO:0099068),0.11440295226043645,0.31327341760649513,0,0,9.552890528905289,20.710937910457105,NLGN4Y
GO_Biological_Process_2023,Protein Kinase C Signaling (GO:0070528),0.11440295226043645,0.31327341760649513,0,0,9.552890528905289,20.710937910457105,PLEK
GO_Biological_Process_2023,Regulation Of T-helper 2 Cell Differentiation (GO:0045628),0.11440295226043645,0.31327341760649513,0,0,9.552890528905289,20.710937910457105,NLRP3
GO_Biological_Process_2023,Positive Regulation Of Protein Kinase A Signaling (GO:0010739),0.11440295226043645,0.31327341760649513,0,0,9.552890528905289,20.710937910457105,ADRB2
GO_Biological_Process_2023,Phasic Smooth Muscle Contraction (GO:0014821),0.11440295226043645,0.31327341760649513,0,0,9.552890528905289,20.710937910457105,EDN3
GO_Biological_Process_2023,Regulation Of T Cell Mediated Cytotoxicity (GO:0001914),0.10447941829853637,0.31327341760649513,0,0,3.8293827160493827,8.649676343951016,XCL1;LILRB1
GO_Biological_Process_2023,Regulation Of Gene Expression By Genomic Imprinting (GO:0006349),0.11440295226043645,0.31327341760649513,0,0,9.552890528905289,20.710937910457105,ZFP57
GO_Biological_Process_2023,Regulation Of Dendritic Cell Chemotaxis (GO:2000508),0.11440295226043645,0.31327341760649513,0,0,9.552890528905289,20.710937910457105,SLAMF8
GO_Biological_Process_2023,Positive Regulation Of Nervous System Development (GO:0051962),0.11561278110327244,0.3139326810211148,0,0,3.589583333333333,7.744557506799829,CX3CR1;DLG5
GO_Biological_Process_2023,Negative Regulation Of Cell Cycle (GO:0045786),0.1157901428477149,0.3139326810211148,0,0,2.6145657316661035,5.63694054872611,CEBPA;LATS2;LILRB1
GO_Biological_Process_2023,Regulation Of Endothelial Cell Apoptotic Process (GO:2000351),0.11561278110327244,0.3139326810211148,0,0,3.589583333333333,7.744557506799829,FASLG;TNF
GO_Biological_Process_2023,Positive Regulation Of Cell-Cell Adhesion (GO:0022409),0.11561278110327244,0.3139326810211148,0,0,3.589583333333333,7.744557506799829,TNFSF11;TNF
GO_Biological_Process_2023,Neuropeptide Signaling Pathway (GO:0007218),0.11561278110327244,0.3139326810211148,0,0,3.589583333333333,7.744557506799829,PTGDR2;NMUR1
GO_Biological_Process_2023,Positive Regulation Of Myeloid Leukocyte Differentiation (GO:0002763),0.11561278110327244,0.3139326810211148,0,0,3.589583333333333,7.744557506799829,TNFSF11;TNF
Reactome_2022,FCGR3A-mediated IL10 Synthesis R-HSA-9664323,0.020339969939870313,0.31586776847798603,0,0,5.579086221369469,21.731474582947143,LYN;FGR;PLCG2
GO_Biological_Process_2023,"Positive Regulation Of CD8-positive, Alpha-Beta T Cell Activation (GO:2001187)",0.12964479144370264,0.3232266955113861,0,0,8.187664733790195,16.727046504887248,XCL1
GO_Biological_Process_2023,Peptidyl-Lysine Dimethylation (GO:0018027),0.12964479144370264,0.3232266955113861,0,0,8.187664733790195,16.727046504887248,SETBP1
GO_Biological_Process_2023,Oogenesis (GO:0048477),0.12964479144370264,0.3232266955113861,0,0,8.187664733790195,16.727046504887248,NANOS1
GO_Biological_Process_2023,Negative Regulation Of Lipid Localization (GO:1905953),0.12964479144370264,0.3232266955113861,0,0,8.187664733790195,16.727046504887248,TNF
GO_Biological_Process_2023,Regulation Of Inclusion Body Assembly (GO:0090083),0.12964479144370264,0.3232266955113861,0,0,8.187664733790195,16.727046504887248,HSPA2
GO_Biological_Process_2023,Notch Signaling Involved In Heart Development (GO:0061314),0.12964479144370264,0.3232266955113861,0,0,8.187664733790195,16.727046504887248,JAG1
GO_Biological_Process_2023,"Positive Regulation Of Phagocytosis, Engulfment (GO:0060100)",0.12964479144370264,0.3232266955113861,0,0,8.187664733790195,16.727046504887248,PLCG2
GO_Biological_Process_2023,Positive Regulation Of Alcohol Biosynthetic Process (GO:1902932),0.12964479144370264,0.3232266955113861,0,0,8.187664733790195,16.727046504887248,CD244
GO_Biological_Process_2023,Regulation Of Macrophage Migration (GO:1905521),0.12964479144370264,0.3232266955113861,0,0,8.187664733790195,16.727046504887248,CX3CR1
GO_Biological_Process_2023,Regulation Of Melanin Biosynthetic Process (GO:0048021),0.12964479144370264,0.3232266955113861,0,0,8.187664733790195,16.727046504887248,ZEB2
GO_Biological_Process_2023,Regulation Of Neutrophil Migration (GO:1902622),0.12964479144370264,0.3232266955113861,0,0,8.187664733790195,16.727046504887248,SLAMF8
GO_Biological_Process_2023,Regulation Of Nuclear Cell Cycle DNA Replication (GO:0033262),0.12964479144370264,0.3232266955113861,0,0,8.187664733790195,16.727046504887248,NUGGC
GO_Biological_Process_2023,Cognition (GO:0050890),0.12703031220663064,0.3232266955113861,0,0,3.377995642701525,6.969918203044164,TUSC3;TNF
GO_Biological_Process_2023,Branched-Chain Amino Acid Transport (GO:0015803),0.12964479144370264,0.3232266955113861,0,0,8.187664733790195,16.727046504887248,SLC7A8
GO_Biological_Process_2023,Biogenic Amine Biosynthetic Process (GO:0042401),0.12964479144370264,0.3232266955113861,0,0,8.187664733790195,16.727046504887248,HDC
GO_Biological_Process_2023,Regulation Of Organ Growth (GO:0046620),0.12964479144370264,0.3232266955113861,0,0,8.187664733790195,16.727046504887248,LATS2
GO_Biological_Process_2023,MyD88-independent Toll-Like Receptor Signaling Pathway (GO:0002756),0.12964479144370264,0.3232266955113861,0,0,8.187664733790195,16.727046504887248,TLR6
GO_Biological_Process_2023,Negative Regulation Of Type I Interferon Production (GO:0032480),0.12703031220663064,0.3232266955113861,0,0,3.377995642701525,6.969918203044164,LILRB1;LILRA4
GO_Biological_Process_2023,Regulation Of Endothelial Cell Development (GO:1901550),0.12964479144370264,0.3232266955113861,0,0,8.187664733790195,16.727046504887248,TNF
GO_Biological_Process_2023,Regulation Of Epithelial Cell Apoptotic Process (GO:1904035),0.12964479144370264,0.3232266955113861,0,0,8.187664733790195,16.727046504887248,TNF
GO_Biological_Process_2023,Negative Regulation Of Immune System Process (GO:0002683),0.12703031220663064,0.3232266955113861,0,0,3.377995642701525,6.969918203044164,LYN;TLR6
GO_Biological_Process_2023,Regulation Of Cyclin-Dependent Protein Serine/Threonine Kinase Activity (GO:0000079),0.12329874882845077,0.3232266955113861,0,0,2.5373387273124863,5.311017911586978,CEBPA;LATS2;CCND1
GO_Biological_Process_2023,Cartilage Development (GO:0051216),0.12703031220663064,0.3232266955113861,0,0,3.377995642701525,6.969918203044164,MEF2C;SCX
GO_Biological_Process_2023,Positive Regulation Of Tumor Necrosis Factor Superfamily Cytokine Production (GO:1903557),0.12329874882845077,0.3232266955113861,0,0,2.5373387273124863,5.311017911586978,C1QTNF4;FCGR3A;PLCG2
GO_Biological_Process_2023,Positive Regulation Of Protein Localization To Membrane (GO:1905477),0.12329874882845077,0.3232266955113861,0,0,2.5373387273124863,5.311017911586978,ITGAM;GZMB;TNF
GO_Biological_Process_2023,Positive Regulation Of Apoptotic Process (GO:0043065),0.1211124077936093,0.3232266955113861,0,0,1.7352336221556401,3.663140947752301,LATS2;GADD45B;TNFRSF12A;LILRB1;FASLG;TNF;GADD45G
GO_Biological_Process_2023,Defense Response To Gram-positive Bacterium (GO:0050830),0.12128807988811031,0.3232266955113861,0,0,3.4805836139169473,7.342593030812971,FGR;DEFA1
GO_Biological_Process_2023,Regulation Of Viral Entry Into Host Cell (GO:0046596),0.12128807988811031,0.3232266955113861,0,0,3.4805836139169473,7.342593030812971,IFITM3;CIITA
GO_Biological_Process_2023,Positive Regulation Of JNK Cascade (GO:0046330),0.12329874882845077,0.3232266955113861,0,0,2.5373387273124863,5.311017911586978,SH3RF2;GADD45B;GADD45G
GO_Biological_Process_2023,Tumor Necrosis Factor-Mediated Signaling Pathway (GO:0033209),0.12128807988811031,0.3232266955113861,0,0,3.4805836139169473,7.342593030812971,TNFSF11;TNF
GO_Biological_Process_2023,Positive Regulation Of Cell Adhesion (GO:0045785),0.12329874882845077,0.3232266955113861,0,0,2.5373387273124863,5.311017911586978,ADGRG1;TNF;FBLN2
GO_Biological_Process_2023,Regulation Of Osteoblast Differentiation (GO:0045667),0.11952238816524043,0.3232266955113861,0,0,2.575375908561283,5.470746333828654,MEF2C;CRIM1;HDAC9
GO_Biological_Process_2023,Semaphorin-Plexin Signaling Pathway Involved In Axon Guidance (GO:1902287),0.12964479144370264,0.3232266955113861,0,0,8.187664733790195,16.727046504887248,PLXNA2
GO_Biological_Process_2023,Mast Cell Mediated Immunity (GO:0002448),0.12964479144370264,0.3232266955113861,0,0,8.187664733790195,16.727046504887248,FCER1A
GO_Biological_Process_2023,Granulocyte Activation (GO:0036230),0.12964479144370264,0.3232266955113861,0,0,8.187664733790195,16.727046504887248,CXCR2
GO_Biological_Process_2023,Innate Immune Response In Mucosa (GO:0002227),0.12964479144370264,0.3232266955113861,0,0,8.187664733790195,16.727046504887248,DEFA1
GO_Biological_Process_2023,Sympathetic Nervous System Development (GO:0048485),0.12964479144370264,0.3232266955113861,0,0,8.187664733790195,16.727046504887248,NTRK1
GO_Biological_Process_2023,Gamma-Delta T Cell Activation (GO:0046629),0.12964479144370264,0.3232266955113861,0,0,8.187664733790195,16.727046504887248,SOX13
GO_Biological_Process_2023,Ether Lipid Biosynthetic Process (GO:0008611),0.12964479144370264,0.3232266955113861,0,0,8.187664733790195,16.727046504887248,PLA2G4C
GO_Biological_Process_2023,Dendrite Self-Avoidance (GO:0070593),0.12964479144370264,0.3232266955113861,0,0,8.187664733790195,16.727046504887248,PALLD
GO_Biological_Process_2023,Response To Interleukin-4 (GO:0070670),0.12964479144370264,0.3232266955113861,0,0,8.187664733790195,16.727046504887248,XCL1
GO_Biological_Process_2023,Regulation Of Tumor Necrosis Factor Superfamily Cytokine Production (GO:1903555),0.12964479144370264,0.3232266955113861,0,0,8.187664733790195,16.727046504887248,CX3CR1
GO_Biological_Process_2023,Cell-Cell Junction Maintenance (GO:0045217),0.12964479144370264,0.3232266955113861,0,0,8.187664733790195,16.727046504887248,F2R
GO_Biological_Process_2023,Unsaturated Fatty Acid Biosynthetic Process (GO:0006636),0.12964479144370264,0.3232266955113861,0,0,8.187664733790195,16.727046504887248,FADS1
GO_Biological_Process_2023,cAMP Biosynthetic Process (GO:0006171),0.12964479144370264,0.3232266955113861,0,0,8.187664733790195,16.727046504887248,ADCY10
GO_Biological_Process_2023,Negative Regulation Of Leukocyte Degranulation (GO:0043301),0.12964479144370264,0.3232266955113861,0,0,8.187664733790195,16.727046504887248,CD300A
GO_Biological_Process_2023,Negative Regulation Of Inclusion Body Assembly (GO:0090084),0.12964479144370264,0.3232266955113861,0,0,8.187664733790195,16.727046504887248,HSPA2
GO_Biological_Process_2023,Mesoderm Morphogenesis (GO:0048332),0.12964479144370264,0.3232266955113861,0,0,8.187664733790195,16.727046504887248,SCX
GO_Biological_Process_2023,Protein Kinase C-activating G Protein-Coupled Receptor Signaling Pathway (GO:0007205),0.12964479144370264,0.3232266955113861,0,0,8.187664733790195,16.727046504887248,F2R
GO_Biological_Process_2023,"Regulation Of CD8-positive, Alpha-Beta T Cell Activation (GO:2001185)",0.12964479144370264,0.3232266955113861,0,0,8.187664733790195,16.727046504887248,LILRB1
GO_Biological_Process_2023,"Regulation Of CD8-positive, Alpha-Beta T Cell Proliferation (GO:2000564)",0.12964479144370264,0.3232266955113861,0,0,8.187664733790195,16.727046504887248,XCL1
GO_Biological_Process_2023,Cardiac Right Ventricle Morphogenesis (GO:0003215),0.12964479144370264,0.3232266955113861,0,0,8.187664733790195,16.727046504887248,JAG1
GO_Biological_Process_2023,Positive Regulation Of Vasoconstriction (GO:0045907),0.12964479144370264,0.3232266955113861,0,0,8.187664733790195,16.727046504887248,F2R
GO_Biological_Process_2023,Axon Guidance (GO:0007411),0.1306162027814059,0.32515518359068163,0,0,2.1128303436943723,4.3006492739035975,EFNA3;PALLD;PLXNA2;NCAM1
Reactome_2022,Costimulation By CD28 Family R-HSA-388841,0.02310663238756623,0.32532715855844746,0,0,3.9160131545661523,14.75411051763888,LYN;MAP3K8;HLA-DQB2;HLA-DQA1
Reactome_2022,Translocation Of ZAP-70 To Immunological Synapse R-HSA-202430,0.02341369701746402,0.32532715855844746,0,0,9.584567901234568,35.984628420672976,HLA-DQA1;HLA-DQB2
Reactome_2022,Role Of LAT2/NTAL/LAB On Calcium Mobilization R-HSA-2730905,0.02341369701746402,0.32532715855844746,0,0,9.584567901234568,35.984628420672976,LYN;SLC7A8
Reactome_2022,DAP12 Interactions R-HSA-2172127,0.021970418244526932,0.32532715855844746,0,0,5.4043912639405205,20.63428122271865,KLRK1;KLRC2;PLCG2
GO_Biological_Process_2023,Regulation Of Release Of Sequestered Calcium Ion Into Cytosol (GO:0051279),0.13283551827608828,0.33017966191772014,0,0,3.2812698412698413,6.6237144332085975,F2R;XCL1
KEGG_2021_Human,cAMP signaling pathway,0.1371373307430893,0.33150462088425275,0,0,1.883185234143595,3.7414605245934465,ADCY10;EDN3;F2R;ATP1B4;ADRB2
KEGG_2021_Human,Ovarian steroidogenesis,0.13283551827608828,0.33150462088425275,0,0,3.2812698412698413,6.6237144332085975,PLA2G4F;PLA2G4C
KEGG_2021_Human,Neurotrophin signaling pathway,0.13365493364015937,0.33150462088425275,0,0,2.0934871099050203,4.213130085410401,NTRK1;MATK;PLCG2;FASLG
KEGG_2021_Human,Pancreatic cancer,0.13882400493407848,0.33150462088425275,0,0,2.395755885997522,4.730535711077593,CCND1;GADD45B;GADD45G
KEGG_2021_Human,Rheumatoid arthritis,0.13488185874935718,0.33150462088425275,0,0,2.4296560029320906,4.867465941274962,TNFSF11;TNF;HLA-DQA1
KEGG_2021_Human,Bladder cancer,0.13869985372287957,0.33150462088425275,0,0,3.189917695473251,6.301500602168038,CCND1;MMP9
KEGG_2021_Human,Apelin signaling pathway,0.14294235946385211,0.33150462088425275,0,0,2.037511557257958,3.96359937169991,ADCY10;MEF2C;JAG1;CCND1
KEGG_2021_Human,Chronic myeloid leukemia,0.14280491972921758,0.33150462088425275,0,0,2.3627845393899274,4.598630317139099,CCND1;GADD45B;GADD45G
KEGG_2021_Human,FoxO signaling pathway,0.14294235946385211,0.33150462088425275,0,0,2.037511557257958,3.96359937169991,CCND1;GADD45B;FASLG;GADD45G
KEGG_2021_Human,Type II diabetes mellitus,0.1446195869521301,0.3318638942690985,0,0,3.1035035035035037,6.001084963596575,MAFA;TNF
GO_Biological_Process_2023,Negative Regulation Of Nucleic Acid-Templated Transcription (GO:1903507),0.1351754016061044,0.3354881946205884,0,0,1.5267175572519085,3.055239805663751,KLF10;CEBPA;CIITA;TSHZ3;TBX21;ID1;SOX13;XCL1;HDAC9;TNF
GO_Biological_Process_2023,Heterocycle Biosynthetic Process (GO:0018130),0.14462525494920395,0.3375274060817359,0,0,7.163745387453875,13.851884923513202,HDC
GO_Biological_Process_2023,Lymphocyte Activation Involved In Immune Response (GO:0002285),0.14462525494920395,0.3375274060817359,0,0,7.163745387453875,13.851884923513202,CD244
GO_Biological_Process_2023,Positive Regulation Of Integrin Activation (GO:0033625),0.14462525494920395,0.3375274060817359,0,0,7.163745387453875,13.851884923513202,PLEK
GO_Biological_Process_2023,Negative Regulation Of Sodium Ion Transmembrane Transporter Activity (GO:2000650),0.14462525494920395,0.3375274060817359,0,0,7.163745387453875,13.851884923513202,HECW2
GO_Biological_Process_2023,Negative Regulation Of Transforming Growth Factor Beta Production (GO:0071635),0.14462525494920395,0.3375274060817359,0,0,7.163745387453875,13.851884923513202,LILRB1
GO_Biological_Process_2023,Podocyte Differentiation (GO:0072112),0.14462525494920395,0.3375274060817359,0,0,7.163745387453875,13.851884923513202,JAG1
GO_Biological_Process_2023,Regulation Of Gastrulation (GO:0010470),0.14462525494920395,0.3375274060817359,0,0,7.163745387453875,13.851884923513202,SCX
GO_Biological_Process_2023,T Cell Chemotaxis (GO:0010818),0.14462525494920395,0.3375274060817359,0,0,7.163745387453875,13.851884923513202,DEFA1
GO_Biological_Process_2023,Presynapse Organization (GO:0099172),0.14462525494920395,0.3375274060817359,0,0,7.163745387453875,13.851884923513202,NLGN4Y
GO_Biological_Process_2023,Negative Regulation Of Apoptotic Signaling Pathway (GO:2001234),0.14280491972921758,0.3375274060817359,0,0,2.3627845393899274,4.598630317139099,CX3CR1;TNF;MMP9
GO_Biological_Process_2023,Positive Regulation Of Pseudopodium Assembly (GO:0031274),0.14462525494920395,0.3375274060817359,0,0,7.163745387453875,13.851884923513202,CDC42EP4
GO_Biological_Process_2023,Positive Regulation Of Platelet Activation (GO:0010572),0.14462525494920395,0.3375274060817359,0,0,7.163745387453875,13.851884923513202,PLEK
GO_Biological_Process_2023,Negative Regulation Of Cell Differentiation (GO:0045596),0.1371373307430893,0.3375274060817359,0,0,1.883185234143595,3.7414605245934465,SPRED2;JAG1;CRIM1;TNF;HDAC9
GO_Biological_Process_2023,Regulation Of Systemic Arterial Blood Pressure By Hormone (GO:0001990),0.14462525494920395,0.3375274060817359,0,0,7.163745387453875,13.851884923513202,EDN3
GO_Biological_Process_2023,Regulation Of Receptor Binding (GO:1900120),0.14462525494920395,0.3375274060817359,0,0,7.163745387453875,13.851884923513202,MMP9
GO_Biological_Process_2023,Regulation Of Toll-Like Receptor 9 Signaling Pathway (GO:0034163),0.14462525494920395,0.3375274060817359,0,0,7.163745387453875,13.851884923513202,LILRA4
GO_Biological_Process_2023,Modulation By Host Of Symbiont Process (GO:0051851),0.1446195869521301,0.3375274060817359,0,0,3.1035035035035037,6.001084963596575,CX3CR1;CCL4
GO_Biological_Process_2023,Negative Regulation Of Tumor Necrosis Factor Production (GO:0032720),0.1446195869521301,0.3375274060817359,0,0,3.1035035035035037,6.001084963596575,LILRB1;LILRA4
GO_Biological_Process_2023,Regulation Of Keratinocyte Migration (GO:0051547),0.14462525494920395,0.3375274060817359,0,0,7.163745387453875,13.851884923513202,MMP9
GO_Biological_Process_2023,T-helper Cell Lineage Commitment (GO:0002295),0.14462525494920395,0.3375274060817359,0,0,7.163745387453875,13.851884923513202,TBX21
GO_Biological_Process_2023,Regulation Of Mast Cell Activation (GO:0033003),0.14462525494920395,0.3375274060817359,0,0,7.163745387453875,13.851884923513202,LYN
GO_Biological_Process_2023,Regulation Of Lipoprotein Lipase Activity (GO:0051004),0.14462525494920395,0.3375274060817359,0,0,7.163745387453875,13.851884923513202,HDAC9
GO_Biological_Process_2023,Regulation Of Myeloid Leukocyte Mediated Immunity (GO:0002886),0.14462525494920395,0.3375274060817359,0,0,7.163745387453875,13.851884923513202,LYN
GO_Biological_Process_2023,Regulation Of Phospholipase C Activity (GO:1900274),0.14462525494920395,0.3375274060817359,0,0,7.163745387453875,13.851884923513202,PDGFRB
GO_Biological_Process_2023,cAMP Metabolic Process (GO:0046058),0.14462525494920395,0.3375274060817359,0,0,7.163745387453875,13.851884923513202,ADCY10
GO_Biological_Process_2023,Regulation Of Pseudopodium Assembly (GO:0031272),0.14462525494920395,0.3375274060817359,0,0,7.163745387453875,13.851884923513202,CDC42EP4
GO_Biological_Process_2023,"Positive Regulation Of Synaptic Transmission, Glutamatergic (GO:0051968)",0.14462525494920395,0.3375274060817359,0,0,7.163745387453875,13.851884923513202,TSHZ3
GO_Biological_Process_2023,"Regulation Of CD4-positive, Alpha-Beta T Cell Proliferation (GO:2000561)",0.14462525494920395,0.3375274060817359,0,0,7.163745387453875,13.851884923513202,XCL1
GO_Biological_Process_2023,Necroptotic Process (GO:0070266),0.14462525494920395,0.3375274060817359,0,0,7.163745387453875,13.851884923513202,FASLG
GO_Biological_Process_2023,Negative Regulation Of Alpha-Beta T Cell Proliferation (GO:0046642),0.14462525494920395,0.3375274060817359,0,0,7.163745387453875,13.851884923513202,XCL1
GO_Biological_Process_2023,Negative Regulation Of Mononuclear Cell Migration (GO:0071676),0.14462525494920395,0.3375274060817359,0,0,7.163745387453875,13.851884923513202,SLAMF8
GO_Biological_Process_2023,Negative Regulation Of Leukocyte Chemotaxis (GO:0002689),0.14462525494920395,0.3375274060817359,0,0,7.163745387453875,13.851884923513202,SLAMF8
GO_Biological_Process_2023,Negative Regulation Of Natural Killer Cell Mediated Immunity (GO:0002716),0.14462525494920395,0.3375274060817359,0,0,7.163745387453875,13.851884923513202,LILRB1
GO_Biological_Process_2023,Negative Regulation Of Sodium Ion Transmembrane Transport (GO:1902306),0.14462525494920395,0.3375274060817359,0,0,7.163745387453875,13.851884923513202,HECW2
GO_Biological_Process_2023,Negative Regulation Of T Cell Activation (GO:0050868),0.13869985372287957,0.3375274060817359,0,0,3.189917695473251,6.301500602168038,DLG5;LILRB1
GO_Biological_Process_2023,Positive Regulation Of Fat Cell Differentiation (GO:0045600),0.13869985372287957,0.3375274060817359,0,0,3.189917695473251,6.301500602168038,SOX13;CMKLR1
GO_Biological_Process_2023,Regulation Of Type II Interferon Production (GO:0032649),0.14280491972921758,0.3375274060817359,0,0,2.3627845393899274,4.598630317139099,XCL1;LILRB1;CD244
GO_Biological_Process_2023,Regulation Of JUN Kinase Activity (GO:0043506),0.13869985372287957,0.3375274060817359,0,0,3.189917695473251,6.301500602168038,TLR6;TNF
GO_Biological_Process_2023,Homotypic Cell-Cell Adhesion (GO:0034109),0.13869985372287957,0.3375274060817359,0,0,3.189917695473251,6.301500602168038,PLEK;XG
GO_Biological_Process_2023,Response To Tumor Necrosis Factor (GO:0034612),0.14280491972921758,0.3375274060817359,0,0,2.3627845393899274,4.598630317139099,CCL4;XCL2;XCL1
GO_Biological_Process_2023,Antimicrobial Humoral Response (GO:0019730),0.13869985372287957,0.3375274060817359,0,0,3.189917695473251,6.301500602168038,GNLY;DEFA1
GO_Biological_Process_2023,Regulation Of Protein Modification Process (GO:0031399),0.13869985372287957,0.3375274060817359,0,0,3.189917695473251,6.301500602168038,LYN;SPRED2
Reactome_2022,Glycosaminoglycan Metabolism R-HSA-1630316,0.025014218768099467,0.3386540387065774,0,0,3.178993291352842,11.725115496472904,UST;HYAL3;B3GAT1;CHST13;PRELP
GO_Biological_Process_2023,Extracellular Matrix Organization (GO:0030198),0.14609370574350927,0.340470863172462,0,0,2.0195077245352184,3.884537331518728,MMP15;SCX;TGFBI;MMP9
GO_Biological_Process_2023,Integrin-Mediated Signaling Pathway (GO:0007229),0.14682353127538753,0.34168705649498826,0,0,2.3307043102582137,4.471511878444606,FGR;ITGAM;PLEK
GO_Biological_Process_2023,Positive Regulation Of Brown Fat Cell Differentiation (GO:0090336),0.15934880848996832,0.3490801231320239,0,0,6.367363673636737,11.694680353058574,SOX13
GO_Biological_Process_2023,Negative Regulation Of T-helper Cell Differentiation (GO:0045623),0.15934880848996832,0.3490801231320239,0,0,6.367363673636737,11.694680353058574,TBX21
GO_Biological_Process_2023,Self Proteolysis (GO:0097264),0.15934880848996832,0.3490801231320239,0,0,6.367363673636737,11.694680353058574,DHH
GO_Biological_Process_2023,Lipid Droplet Formation (GO:0140042),0.15934880848996832,0.3490801231320239,0,0,6.367363673636737,11.694680353058574,PLA2G4C
GO_Biological_Process_2023,Macrophage Activation Involved In Immune Response (GO:0002281),0.15934880848996832,0.3490801231320239,0,0,6.367363673636737,11.694680353058574,PLCG2
GO_Biological_Process_2023,Positive Regulation Of MHC Class II Biosynthetic Process (GO:0045348),0.15934880848996832,0.3490801231320239,0,0,6.367363673636737,11.694680353058574,CIITA
GO_Biological_Process_2023,Positive Regulation Of Myeloid Leukocyte Mediated Immunity (GO:0002888),0.15934880848996832,0.3490801231320239,0,0,6.367363673636737,11.694680353058574,ITGAM
GO_Biological_Process_2023,Regulation Of B Cell Apoptotic Process (GO:0002902),0.15934880848996832,0.3490801231320239,0,0,6.367363673636737,11.694680353058574,LYN
GO_Biological_Process_2023,Positive Regulation Of Coagulation (GO:0050820),0.15934880848996832,0.3490801231320239,0,0,6.367363673636737,11.694680353058574,F2R
GO_Biological_Process_2023,Positive Regulation Of Heterotypic Cell-Cell Adhesion (GO:0034116),0.15934880848996832,0.3490801231320239,0,0,6.367363673636737,11.694680353058574,TNF
GO_Biological_Process_2023,Positive Regulation Of Hemostasis (GO:1900048),0.15934880848996832,0.3490801231320239,0,0,6.367363673636737,11.694680353058574,F2R
GO_Biological_Process_2023,Presynapse Assembly (GO:0099054),0.15934880848996832,0.3490801231320239,0,0,6.367363673636737,11.694680353058574,NLGN4Y
GO_Biological_Process_2023,Positive Regulation Of Mitochondrial Outer Membrane Permeabilization Involved In Apoptotic Signaling Pathway (GO:1901030),0.15934880848996832,0.3490801231320239,0,0,6.367363673636737,11.694680353058574,GZMB
GO_Biological_Process_2023,Adrenergic Receptor Signaling Pathway (GO:0071875),0.15934880848996832,0.3490801231320239,0,0,6.367363673636737,11.694680353058574,ADRB2
GO_Biological_Process_2023,Cellular Response To Fluid Shear Stress (GO:0071498),0.15934880848996832,0.3490801231320239,0,0,6.367363673636737,11.694680353058574,MEF2C
GO_Biological_Process_2023,Regulation Of Stress-Activated Protein Kinase Signaling Cascade (GO:0070302),0.15934880848996832,0.3490801231320239,0,0,6.367363673636737,11.694680353058574,LYN
GO_Biological_Process_2023,Cyclic Nucleotide Biosynthetic Process (GO:0009190),0.15934880848996832,0.3490801231320239,0,0,6.367363673636737,11.694680353058574,ADCY10
GO_Biological_Process_2023,Endoderm Development (GO:0007492),0.15934880848996832,0.3490801231320239,0,0,6.367363673636737,11.694680353058574,DUSP2
GO_Biological_Process_2023,Positive Regulation Of Transforming Growth Factor Beta Production (GO:0071636),0.15934880848996832,0.3490801231320239,0,0,6.367363673636737,11.694680353058574,XCL1
GO_Biological_Process_2023,Positive Regulation Of Cardiac Muscle Cell Proliferation (GO:0060045),0.15934880848996832,0.3490801231320239,0,0,6.367363673636737,11.694680353058574,MEF2C
GO_Biological_Process_2023,Positive Regulation Of Cell Migration Involved In Sprouting Angiogenesis (GO:0090050),0.15934880848996832,0.3490801231320239,0,0,6.367363673636737,11.694680353058574,HDAC9
GO_Biological_Process_2023,Peptidyl-Tyrosine Autophosphorylation (GO:0038083),0.15934880848996832,0.3490801231320239,0,0,6.367363673636737,11.694680353058574,NTRK1
GO_Biological_Process_2023,Negative Regulation Of Interferon-Beta Production (GO:0032688),0.15934880848996832,0.3490801231320239,0,0,6.367363673636737,11.694680353058574,LILRB1
GO_Biological_Process_2023,Negative Regulation Of Biosynthetic Process (GO:0009890),0.15934880848996832,0.3490801231320239,0,0,6.367363673636737,11.694680353058574,CIITA
GO_Biological_Process_2023,Negative Regulation Of Cysteine-Type Endopeptidase Activity (GO:2000117),0.15661086805102248,0.3490801231320239,0,0,2.943969610636277,5.458093450204821,SFN;TNF
GO_Biological_Process_2023,Negative Regulation Of MAP Kinase Activity (GO:0043407),0.15661086805102248,0.3490801231320239,0,0,2.943969610636277,5.458093450204821,LYN;CD300A
GO_Biological_Process_2023,Actin Crosslink Formation (GO:0051764),0.15934880848996832,0.3490801231320239,0,0,6.367363673636737,11.694680353058574,GAS2L3
GO_Biological_Process_2023,Defense Response To Virus (GO:0051607),0.1530586100166563,0.3490801231320239,0,0,1.811414976562316,3.399907007806059,IFITM3;APOBEC3G;APOBEC3H;LILRB1;TNF
GO_Biological_Process_2023,Regulation Of T Cell Differentiation (GO:0045580),0.15059109647790303,0.3490801231320239,0,0,3.021637426900585,5.720524954265899,ZNF683;TBX21
GO_Biological_Process_2023,Positive Regulation Of I-kappaB kinase/NF-kappaB Signaling (GO:0043123),0.15578479244347235,0.3490801231320239,0,0,1.7999765917602997,3.346660045149728,F2R;SECTM1;FASLG;TLR6;TNF
GO_Biological_Process_2023,Regulation Of Defense Response (GO:0031347),0.15496956253610092,0.3490801231320239,0,0,2.2690765016630796,4.230753386053835,FGR;XCL1;PIK3AP1
GO_Biological_Process_2023,Regulation Of Dendritic Cell Differentiation (GO:2001198),0.15934880848996832,0.3490801231320239,0,0,6.367363673636737,11.694680353058574,LILRB1
GO_Biological_Process_2023,Regulation Of Cation Channel Activity (GO:2001257),0.15661086805102248,0.3490801231320239,0,0,2.943969610636277,5.458093450204821,MMP9;FGF11
GO_Biological_Process_2023,Negative Regulation Of Tumor Necrosis Factor Superfamily Cytokine Production (GO:1903556),0.15661086805102248,0.3490801231320239,0,0,2.943969610636277,5.458093450204821,LILRB1;LILRA4
GO_Biological_Process_2023,Regulation Of Cysteine-Type Endopeptidase Activity Involved In Apoptotic Signaling Pathway (GO:2001267),0.15934880848996832,0.3490801231320239,0,0,6.367363673636737,11.694680353058574,MMP9
GO_Biological_Process_2023,Cellular Response To Organic Cyclic Compound (GO:0071407),0.15896419750540813,0.3490801231320239,0,0,1.950543890715912,3.5871989928380845,MEF2C;P2RY2;GPBAR1;TNF
GO_Biological_Process_2023,Regulation Of Wound Healing (GO:0061041),0.15661086805102248,0.3490801231320239,0,0,2.943969610636277,5.458093450204821,TNFRSF12A;F2R
GO_Biological_Process_2023,Excitatory Postsynaptic Potential (GO:0060079),0.15934880848996832,0.3490801231320239,0,0,6.367363673636737,11.694680353058574,MEF2C
GO_Biological_Process_2023,Magnesium Ion Transport (GO:0015693),0.15934880848996832,0.3490801231320239,0,0,6.367363673636737,11.694680353058574,TUSC3
GO_Biological_Process_2023,Positive Regulation Of Cellular Extravasation (GO:0002693),0.15934880848996832,0.3490801231320239,0,0,6.367363673636737,11.694680353058574,XG
GO_Biological_Process_2023,Vasodilation (GO:0042311),0.15934880848996832,0.3490801231320239,0,0,6.367363673636737,11.694680353058574,ADRB2
GO_Biological_Process_2023,"Negative Regulation Of CD4-positive, Alpha-Beta T Cell Activation (GO:2000515)",0.15934880848996832,0.3490801231320239,0,0,6.367363673636737,11.694680353058574,XCL1
GO_Biological_Process_2023,Endothelium Development (GO:0003158),0.15934880848996832,0.3490801231320239,0,0,6.367363673636737,11.694680353058574,JAG1
GO_Biological_Process_2023,Negative Regulation Of Alcohol Biosynthetic Process (GO:1902931),0.15934880848996832,0.3490801231320239,0,0,6.367363673636737,11.694680353058574,PLEK
Reactome_2022,Constitutive Signaling By NOTCH1 HD Domain Mutants R-HSA-2691232,0.02671342773924006,0.35261724615796874,0,0,8.846723646723646,32.048043135337785,JAG2;JAG1
GO_Biological_Process_2023,Regulation Of Apoptotic Signaling Pathway (GO:2001233),0.16267549225627895,0.3530724356368115,0,0,2.870185185185185,5.212250290706577,CX3CR1;TNF
GO_Biological_Process_2023,Plasma Membrane Bounded Cell Projection Morphogenesis (GO:0120039),0.16267549225627895,0.3530724356368115,0,0,2.870185185185185,5.212250290706577,SHTN1;GAS7
GO_Biological_Process_2023,Positive Regulation Of Protein Phosphorylation (GO:0001934),0.16265587928901518,0.3530724356368115,0,0,1.5392929292929294,2.795538334779492,LYN;CX3CR1;NTRK1;CCND1;PDGFD;PLCG2;MMP9;TNF
GO_Biological_Process_2023,Regulation Of Receptor Signaling Pathway Via JAK-STAT (GO:0046425),0.16267549225627895,0.3530724356368115,0,0,2.870185185185185,5.212250290706577,F2R;TNF
GO_Biological_Process_2023,Epithelial Cell Migration (GO:0010631),0.16267549225627895,0.3530724356368115,0,0,2.870185185185185,5.212250290706577,NANOS1;ZEB2
GO_Biological_Process_2023,Regulation Of Smooth Muscle Cell Proliferation (GO:0048660),0.16267549225627895,0.3530724356368115,0,0,2.870185185185185,5.212250290706577,PDGFRB;TNF
GO_Biological_Process_2023,Negative Regulation Of ERK1 And ERK2 Cascade (GO:0070373),0.16267549225627895,0.3530724356368115,0,0,2.870185185185185,5.212250290706577,LYN;SPRED2
Reactome_2022,Phase II - Conjugation Of Compounds R-HSA-156580,0.033924926957963224,0.3531528053863,0,0,3.446647360213856,11.662094021260566,SULT2B1;GSTM4;GSTM1;GSTM5
Reactome_2022,Mineralocorticoid Biosynthesis R-HSA-193993,0.03411135052026761,0.3531528053863,0,0,57.33579335793358,193.68748211161346,CYP21A2
Reactome_2022,Acyl Chain Remodelling Of PE R-HSA-1482839,0.03383172527141561,0.3531528053863,0,0,7.666172839506173,25.96039268598339,PLA2G4F;PLA2G4C
Reactome_2022,G Alpha (I) Signaling Events R-HSA-418594,0.03360588840725454,0.3531528053863,0,0,2.233537296037296,7.578512605435766,CX3CR1;CXCR1;PTGDR2;RGSL1;CCL4;CXCR2;TAS2R13;NMUR1
Reactome_2022,Neutrophil Degranulation R-HSA-6798695,0.030753281944234004,0.3531528053863,0,0,1.861448633507457,6.481114714703416,ITGAM;FRMPD3;CD300A;MMP9;MPO;FGR;CXCR1;NAPRT;P2RX1;SLCO4C1;CXCR2;STOM;CD68
Reactome_2022,Activation Of Matrix Metalloproteinases R-HSA-1592389,0.03383172527141561,0.3531528053863,0,0,7.666172839506173,25.96039268598339,MMP15;MMP9
Reactome_2022,Phosphorylation Of CD3 And TCR Zeta Chains R-HSA-202427,0.03383172527141561,0.3531528053863,0,0,7.666172839506173,25.96039268598339,HLA-DQA1;HLA-DQB2
Reactome_2022,TNF Receptor Superfamily (TNFSF) Members Mediating Non-Canonical NF-kB Pathway R-HSA-5676594,0.03383172527141561,0.3531528053863,0,0,7.666172839506173,25.96039268598339,TNFRSF12A;TNFSF11
Reactome_2022,EPH-ephrin Mediated Repulsion Of Cells R-HSA-3928665,0.031160965673539775,0.3531528053863,0,0,4.672561036873304,16.2071941304401,LYN;EFNA3;MMP9
Reactome_2022,Activation Of SMO R-HSA-5635838,0.030188423716182647,0.3531528053863,0,0,8.214285714285714,28.75243757896577,EVC2;DHH
Reactome_2022,Amine Ligand-Binding Receptors R-HSA-375280,0.030188423716182647,0.3531528053863,0,0,8.214285714285714,28.75243757896577,ADRB2;ADRA1A
GO_Biological_Process_2023,Astrocyte Activation (GO:0048143),0.17381984174102383,0.359680100731111,0,0,5.730258302583026,10.026438716720145,TNF
GO_Biological_Process_2023,Cardiac Myofibril Assembly (GO:0055003),0.17381984174102383,0.359680100731111,0,0,5.730258302583026,10.026438716720145,PDGFRB
GO_Biological_Process_2023,Regulation Of Leukocyte Adhesion To Vascular Endothelial Cell (GO:1904994),0.17381984174102383,0.359680100731111,0,0,5.730258302583026,10.026438716720145,TNF
GO_Biological_Process_2023,Activation Of Adenylate Cyclase Activity (GO:0007190),0.17381984174102383,0.359680100731111,0,0,5.730258302583026,10.026438716720145,ADRB2
GO_Biological_Process_2023,Regulation Of Nitrogen Compound Metabolic Process (GO:0051171),0.17381984174102383,0.359680100731111,0,0,5.730258302583026,10.026438716720145,TNF
GO_Biological_Process_2023,Cardiac Cell Development (GO:0055006),0.17381984174102383,0.359680100731111,0,0,5.730258302583026,10.026438716720145,JAG1
GO_Biological_Process_2023,Epiboly Involved In Wound Healing (GO:0090505),0.17381984174102383,0.359680100731111,0,0,5.730258302583026,10.026438716720145,CD151
GO_Biological_Process_2023,Negative Regulation Of Stem Cell Differentiation (GO:2000737),0.17381984174102383,0.359680100731111,0,0,5.730258302583026,10.026438716720145,JAG1
GO_Biological_Process_2023,Substrate-Dependent Cell Migration (GO:0006929),0.17381984174102383,0.359680100731111,0,0,5.730258302583026,10.026438716720145,SHTN1
GO_Biological_Process_2023,Steroid Hormone Biosynthetic Process (GO:0120178),0.17381984174102383,0.359680100731111,0,0,5.730258302583026,10.026438716720145,CYP21A2
GO_Biological_Process_2023,Phosphatidylcholine Acyl-Chain Remodeling (GO:0036151),0.17381984174102383,0.359680100731111,0,0,5.730258302583026,10.026438716720145,PLA2G4C
GO_Biological_Process_2023,Vasculature Development (GO:0001944),0.17381984174102383,0.359680100731111,0,0,5.730258302583026,10.026438716720145,PDGFRB
GO_Biological_Process_2023,Positive Regulation Of Epithelial Cell Migration (GO:0010634),0.16744462892617085,0.359680100731111,0,0,2.1824855300927015,3.9003254691385987,DOCK5;PLCG2;MMP9
GO_Biological_Process_2023,Autonomic Nervous System Development (GO:0048483),0.17381984174102383,0.359680100731111,0,0,5.730258302583026,10.026438716720145,NTRK1
GO_Biological_Process_2023,Semaphorin-Plexin Signaling Pathway Involved In Neuron Projection Guidance (GO:1902285),0.17381984174102383,0.359680100731111,0,0,5.730258302583026,10.026438716720145,PLXNA2
GO_Biological_Process_2023,Regulation Of Cold-Induced Thermogenesis (GO:0120161),0.16888193340731916,0.359680100731111,0,0,1.901813247810534,3.382480273221367,ID1;ADRB2;CMKLR1;GADD45G
GO_Biological_Process_2023,Positive Regulation Of Heart Rate (GO:0010460),0.17381984174102383,0.359680100731111,0,0,5.730258302583026,10.026438716720145,EDN3
GO_Biological_Process_2023,Positive Regulation Of Macrophage Chemotaxis (GO:0010759),0.17381984174102383,0.359680100731111,0,0,5.730258302583026,10.026438716720145,CMKLR1
GO_Biological_Process_2023,Positive Regulation Of T-helper Cell Differentiation (GO:0045624),0.17381984174102383,0.359680100731111,0,0,5.730258302583026,10.026438716720145,NLRP3
GO_Biological_Process_2023,"Positive Regulation Of CD4-positive, Alpha-Beta T Cell Activation (GO:2000516)",0.17381984174102383,0.359680100731111,0,0,5.730258302583026,10.026438716720145,XCL1
GO_Biological_Process_2023,T Cell Differentiation (GO:0030217),0.16878166192294217,0.359680100731111,0,0,2.8,4.981618153733385,JAG2;SOX13
GO_Biological_Process_2023,Positive Regulation Of Hormone Secretion (GO:0046887),0.17381984174102383,0.359680100731111,0,0,5.730258302583026,10.026438716720145,EDN3
GO_Biological_Process_2023,Regulation Of Chemokine (C-X-C Motif) Ligand 2 Production (GO:2000341),0.17381984174102383,0.359680100731111,0,0,5.730258302583026,10.026438716720145,TNF
GO_Biological_Process_2023,Positive Regulation Of Protein Localization To Cell Surface (GO:2000010),0.17381984174102383,0.359680100731111,0,0,5.730258302583026,10.026438716720145,TNF
GO_Biological_Process_2023,Cellular Response To Transforming Growth Factor Beta Stimulus (GO:0071560),0.17166701148343766,0.359680100731111,0,0,2.1550650557620816,3.797652749914752,MEF2C;ID1;XCL1
GO_Biological_Process_2023,Positive Regulation Of Transferase Activity (GO:0051347),0.16888193340731916,0.359680100731111,0,0,1.901813247810534,3.382480273221367,PDGFRB;NTRK1;PARM1;FLT3
GO_Biological_Process_2023,MyD88-dependent Toll-Like Receptor Signaling Pathway (GO:0002755),0.17381984174102383,0.359680100731111,0,0,5.730258302583026,10.026438716720145,TLR6
GO_Biological_Process_2023,Regulation Of Protein Phosphorylation (GO:0001932),0.17177811267790397,0.359680100731111,0,0,1.6385988668353348,2.886476582722114,LYN;FGR;NTRK1;CCND1;TNF;MMP9
GO_Biological_Process_2023,Regulation Of Hormone Secretion (GO:0046883),0.17381984174102383,0.359680100731111,0,0,5.730258302583026,10.026438716720145,EDN3
GO_Biological_Process_2023,Regulation Of Smoothened Signaling Pathway (GO:0008589),0.16878166192294217,0.359680100731111,0,0,2.8,4.981618153733385,DHH;DLG5
GO_Biological_Process_2023,Purine Ribonucleoside Bisphosphate Metabolic Process (GO:0034035),0.17381984174102383,0.359680100731111,0,0,5.730258302583026,10.026438716720145,SULT2B1
GO_Biological_Process_2023,Embryonic Digestive Tract Development (GO:0048566),0.17381984174102383,0.359680100731111,0,0,5.730258302583026,10.026438716720145,TNF
GO_Biological_Process_2023,Endothelial Cell Differentiation (GO:0045446),0.17381984174102383,0.359680100731111,0,0,5.730258302583026,10.026438716720145,JAG1
GO_Biological_Process_2023,Programmed Necrotic Cell Death (GO:0097300),0.17381984174102383,0.359680100731111,0,0,5.730258302583026,10.026438716720145,FASLG
GO_Biological_Process_2023,Regulation Of T-helper 17 Cell Differentiation (GO:2000319),0.17381984174102383,0.359680100731111,0,0,5.730258302583026,10.026438716720145,TBX21
GO_Biological_Process_2023,Regulation Of NMDA Receptor Activity (GO:2000310),0.17381984174102383,0.359680100731111,0,0,5.730258302583026,10.026438716720145,MEF2C
GO_Biological_Process_2023,Regulation Of Actin Filament Depolymerization (GO:0030834),0.17381984174102383,0.359680100731111,0,0,5.730258302583026,10.026438716720145,PLEK
KEGG_2021_Human,Cell cycle,0.15896419750540813,0.36098119850186433,0,0,1.950543890715912,3.5871989928380845,CCND1;GADD45B;SFN;GADD45G
GO_Biological_Process_2023,Positive Regulation Of Cold-Induced Thermogenesis (GO:0120162),0.17591965086740027,0.36356727845929393,0,0,2.1283216301803662,3.6984439138592813,ADRB2;CMKLR1;GADD45G
KEGG_2021_Human,Glycerophospholipid metabolism,0.16325355497108734,0.3668997420999695,0,0,2.210609093508722,4.00662007593687,PLA2G4F;PLA2G4C;PLD4
GO_Biological_Process_2023,Defense Response To Symbiont (GO:0140546),0.17901199670558676,0.36868031804674195,0,0,1.8554405392392874,3.1919189141764583,IFITM3;APOBEC3G;APOBEC3H;LILRB1
GO_Biological_Process_2023,Regulation Of I-kappaB kinase/NF-kappaB Signaling (GO:0043122),0.1793512238028811,0.36868031804674195,0,0,1.6153116435949688,2.775766472379624,F2R;PLCG2;SECTM1;FASLG;TLR6;TNF
GO_Biological_Process_2023,Regulation Of Epithelial Cell Migration (GO:0010632),0.18110590510000432,0.36868031804674195,0,0,2.6694229112833763,4.561171675679053,DOCK5;PLCG2
GO_Biological_Process_2023,Negative Regulation Of Lipid Catabolic Process (GO:0050995),0.18804266982542286,0.36868031804674195,0,0,5.208990271720899,8.704672669272009,TNF
GO_Biological_Process_2023,Negative Regulation Of Smooth Muscle Cell Migration (GO:0014912),0.18804266982542286,0.36868031804674195,0,0,5.208990271720899,8.704672669272009,MEF2C
GO_Biological_Process_2023,Negative Regulation Of Toll-Like Receptor Signaling Pathway (GO:0034122),0.18804266982542286,0.36868031804674195,0,0,5.208990271720899,8.704672669272009,CD300A
GO_Biological_Process_2023,Neuron Cell-Cell Adhesion (GO:0007158),0.18804266982542286,0.36868031804674195,0,0,5.208990271720899,8.704672669272009,NLGN4Y
GO_Biological_Process_2023,Neurotrophin Signaling Pathway (GO:0038179),0.18804266982542286,0.36868031804674195,0,0,5.208990271720899,8.704672669272009,NTRK1
GO_Biological_Process_2023,Negative Regulation Of Hippo Signaling (GO:0035331),0.18804266982542286,0.36868031804674195,0,0,5.208990271720899,8.704672669272009,DLG5
GO_Biological_Process_2023,Negative Regulation Of Monoatomic Ion Transport (GO:0043271),0.18804266982542286,0.36868031804674195,0,0,5.208990271720899,8.704672669272009,LILRB1
GO_Biological_Process_2023,Endolysosomal Toll-Like Receptor Signaling Pathway (GO:0140894),0.18804266982542286,0.36868031804674195,0,0,5.208990271720899,8.704672669272009,PIK3AP1
GO_Biological_Process_2023,Smooth Muscle Contraction (GO:0006939),0.18804266982542286,0.36868031804674195,0,0,5.208990271720899,8.704672669272009,NMUR1
GO_Biological_Process_2023,"Synaptic Transmission, Cholinergic (GO:0007271)",0.18804266982542286,0.36868031804674195,0,0,5.208990271720899,8.704672669272009,RAPSN
GO_Biological_Process_2023,Motile Cilium Assembly (GO:0044458),0.18804266982542286,0.36868031804674195,0,0,5.208990271720899,8.704672669272009,RSPH6A
GO_Biological_Process_2023,Mucosal Immune Response (GO:0002385),0.18804266982542286,0.36868031804674195,0,0,5.208990271720899,8.704672669272009,DEFA1
GO_Biological_Process_2023,Negative Regulation By Host Of Viral Transcription (GO:0043922),0.18804266982542286,0.36868031804674195,0,0,5.208990271720899,8.704672669272009,CCL4
GO_Biological_Process_2023,"Chemical Synaptic Transmission, Postsynaptic (GO:0099565)",0.18804266982542286,0.36868031804674195,0,0,5.208990271720899,8.704672669272009,MEF2C
GO_Biological_Process_2023,Positive Regulation Of Transporter Activity (GO:0032411),0.18804266982542286,0.36868031804674195,0,0,5.208990271720899,8.704672669272009,SYNGR3
GO_Biological_Process_2023,Positive Regulation Of Superoxide Anion Generation (GO:0032930),0.18804266982542286,0.36868031804674195,0,0,5.208990271720899,8.704672669272009,ITGAM
GO_Biological_Process_2023,Sterol Metabolic Process (GO:0016125),0.18110590510000432,0.36868031804674195,0,0,2.6694229112833763,4.561171675679053,SULT2B1;CYP21A2
GO_Biological_Process_2023,Regulation Of Superoxide Anion Generation (GO:0032928),0.18804266982542286,0.36868031804674195,0,0,5.208990271720899,8.704672669272009,ITGAM
GO_Biological_Process_2023,Cell Junction Maintenance (GO:0034331),0.18804266982542286,0.36868031804674195,0,0,5.208990271720899,8.704672669272009,F2R
GO_Biological_Process_2023,Response To Nerve Growth Factor (GO:1990089),0.18804266982542286,0.36868031804674195,0,0,5.208990271720899,8.704672669272009,NTRK1
GO_Biological_Process_2023,Chondroitin Sulfate Biosynthetic Process (GO:0030206),0.18804266982542286,0.36868031804674195,0,0,5.208990271720899,8.704672669272009,CHST13
GO_Biological_Process_2023,Regulation Of Oxidoreductase Activity (GO:0051341),0.18804266982542286,0.36868031804674195,0,0,5.208990271720899,8.704672669272009,SLAMF8
GO_Biological_Process_2023,Antibacterial Humoral Response (GO:0019731),0.18804266982542286,0.36868031804674195,0,0,5.208990271720899,8.704672669272009,DEFA1
GO_Biological_Process_2023,Postsynaptic Membrane Organization (GO:0001941),0.18804266982542286,0.36868031804674195,0,0,5.208990271720899,8.704672669272009,NLGN4Y
GO_Biological_Process_2023,Positive Regulation Of Neuron Migration (GO:2001224),0.18804266982542286,0.36868031804674195,0,0,5.208990271720899,8.704672669272009,SHTN1
GO_Biological_Process_2023,Positive Regulation Of Protein-Containing Complex Disassembly (GO:0043243),0.18804266982542286,0.36868031804674195,0,0,5.208990271720899,8.704672669272009,TNF
GO_Biological_Process_2023,Positive Regulation Of Small GTPase Mediated Signal Transduction (GO:0051057),0.18804266982542286,0.36868031804674195,0,0,5.208990271720899,8.704672669272009,NTRK1
GO_Biological_Process_2023,Positive Regulation Of Heart Contraction (GO:0045823),0.18804266982542286,0.36868031804674195,0,0,5.208990271720899,8.704672669272009,EDN3
GO_Biological_Process_2023,Positive Regulation Of Embryonic Development (GO:0040019),0.18804266982542286,0.36868031804674195,0,0,5.208990271720899,8.704672669272009,SCX
GO_Biological_Process_2023,Positive Regulation Of Cartilage Development (GO:0061036),0.18804266982542286,0.36868031804674195,0,0,5.208990271720899,8.704672669272009,SCX
GO_Biological_Process_2023,Positive Regulation Of Cardiac Muscle Tissue Growth (GO:0055023),0.18804266982542286,0.36868031804674195,0,0,5.208990271720899,8.704672669272009,MEF2C
GO_Biological_Process_2023,Positive Regulation Of Acute Inflammatory Response (GO:0002675),0.18804266982542286,0.36868031804674195,0,0,5.208990271720899,8.704672669272009,TNF
GO_Biological_Process_2023,Negative Regulation Of Transcription By RNA Polymerase II (GO:0000122),0.18741912111647827,0.36868031804674195,0,0,1.3303038403278982,2.2274712339399625,KLF10;CEBPA;CIITA;MEF2C;SOX13;FASLG;ASCL2;HDAC9;TNF;ZEB2;ZFP57;CCND1;TBX21;ID1
GO_Biological_Process_2023,Regulation Of Extracellular Matrix Disassembly (GO:0010715),0.18804266982542286,0.36868031804674195,0,0,5.208990271720899,8.704672669272009,FSCN1
GO_Biological_Process_2023,T Cell Activation Involved In Immune Response (GO:0002286),0.18804266982542286,0.36868031804674195,0,0,5.208990271720899,8.704672669272009,LILRB1
GO_Biological_Process_2023,Regulation Of Immune Effector Process (GO:0002697),0.18804266982542286,0.36868031804674195,0,0,5.208990271720899,8.704672669272009,ZNF683
GO_Biological_Process_2023,Regulation Of Lymphocyte Proliferation (GO:0050670),0.18804266982542286,0.36868031804674195,0,0,5.208990271720899,8.704672669272009,TNFSF9
GO_Biological_Process_2023,Positive Regulation Of Cellular Process (GO:0048522),0.18277256447854262,0.36868031804674195,0,0,1.3940394568797472,2.369187783761699,LYN;PDGFRB;ADGRG1;EDN3;FLT3;PDGFD;CXCR2;F2R;MATK;SCX;TNF
GO_Biological_Process_2023,Response To Calcium Ion (GO:0051592),0.18451151965652648,0.36868031804674195,0,0,2.076768038697541,3.509828076194324,MEF2C;TNNT2;PLCG2
GO_Biological_Process_2023,Regulation Of Blood Vessel Endothelial Cell Migration (GO:0043535),0.18731785324310582,0.36868031804674195,0,0,2.6085858585858586,4.369246592987312,MEF2C;TNF
GO_Biological_Process_2023,Positive Regulation Of Kinase Activity (GO:0033674),0.18884867345855455,0.3698192735308762,0,0,2.051911842804036,3.420145648308318,PDGFRB;NTRK1;FLT3
KEGG_2021_Human,Amoebiasis,0.16744462892617085,0.3724788684276045,0,0,2.1824855300927015,3.9003254691385987,ITGAM;LAMB3;TNF
Reactome_2022,PD-1 Signaling R-HSA-389948,0.03763655878253598,0.374945340324132,0,0,7.186574074074074,23.57037755388015,HLA-DQA1;HLA-DQB2
Reactome_2022,Dectin-2 Family R-HSA-5621480,0.03763655878253598,0.374945340324132,0,0,7.186574074074074,23.57037755388015,LYN;PLCG2
GO_Biological_Process_2023,Regulation Of Phagocytosis (GO:0050764),0.19355909139856442,0.37724506188356033,0,0,2.5504526748971195,4.18828306986556,FGR;TNF
GO_Biological_Process_2023,Homophilic Cell Adhesion Via Plasma Membrane Adhesion Molecules (GO:0007156),0.19355909139856442,0.37724506188356033,0,0,2.5504526748971195,4.18828306986556,CADM1;PALLD
GO_Biological_Process_2023,Negative Regulation Of Amide Metabolic Process (GO:0034249),0.19321193387314908,0.37724506188356033,0,0,2.0276404985786134,3.3333752629863596,NANOS1;RTN1;GZMB
GO_Biological_Process_2023,Mesenchymal Cell Differentiation (GO:0048762),0.19355909139856442,0.37724506188356033,0,0,2.5504526748971195,4.18828306986556,MEF2C;DLG5
KEGG_2021_Human,Colorectal cancer,0.17591965086740027,0.3797077612781511,0,0,2.1283216301803662,3.6984439138592813,CCND1;GADD45B;GADD45G
KEGG_2021_Human,Maturity onset diabetes of the young,0.17381984174102383,0.3797077612781511,0,0,5.730258302583026,10.026438716720145,MAFA
KEGG_2021_Human,Oxytocin signaling pathway,0.17561254288520328,0.3797077612781511,0,0,1.8706467661691542,3.253943604586581,MEF2C;PLA2G4F;CCND1;PLA2G4C
GO_Biological_Process_2023,Cell Surface Receptor Signaling Pathway Involved In Heart Development (GO:0061311),0.20202153436686254,0.3819578607189357,0,0,4.77460024600246,7.636404827656511,JAG1
GO_Biological_Process_2023,Cellular Response To ATP (GO:0071318),0.20202153436686254,0.3819578607189357,0,0,4.77460024600246,7.636404827656511,P2RY2
GO_Biological_Process_2023,Negative Regulation Of Cation Transmembrane Transport (GO:1904063),0.20202153436686254,0.3819578607189357,0,0,4.77460024600246,7.636404827656511,MMP9
GO_Biological_Process_2023,Negative Regulation Of Phagocytosis (GO:0050765),0.20202153436686254,0.3819578607189357,0,0,4.77460024600246,7.636404827656511,CD300A
GO_Biological_Process_2023,Negative Regulation Of Viral Transcription (GO:0032897),0.20202153436686254,0.3819578607189357,0,0,4.77460024600246,7.636404827656511,IFITM3
GO_Biological_Process_2023,Positive Regulation Of Glial Cell Differentiation (GO:0045687),0.20202153436686254,0.3819578607189357,0,0,4.77460024600246,7.636404827656511,ZNF365
GO_Biological_Process_2023,Regulation Of Protein Kinase A Signaling (GO:0010738),0.20202153436686254,0.3819578607189357,0,0,4.77460024600246,7.636404827656511,ADRB2
GO_Biological_Process_2023,Regulation Of Vascular Endothelial Cell Proliferation (GO:1905562),0.20202153436686254,0.3819578607189357,0,0,4.77460024600246,7.636404827656511,MEF2C
GO_Biological_Process_2023,Regulation Of cAMP-dependent Protein Kinase Activity (GO:2000479),0.20202153436686254,0.3819578607189357,0,0,4.77460024600246,7.636404827656511,ADRB2
GO_Biological_Process_2023,Regulation Of Bicellular Tight Junction Assembly (GO:2000810),0.20202153436686254,0.3819578607189357,0,0,4.77460024600246,7.636404827656511,TNF
GO_Biological_Process_2023,3'-Phosphoadenosine 5'-Phosphosulfate Metabolic Process (GO:0050427),0.20202153436686254,0.3819578607189357,0,0,4.77460024600246,7.636404827656511,SULT2B1
GO_Biological_Process_2023,Negative Regulation Of DNA-binding Transcription Factor Activity (GO:0043433),0.19985527585125779,0.3819578607189357,0,0,1.7691159586681975,2.8485629277805073,ID1;NLRP3;XCL1;CMKLR1
GO_Biological_Process_2023,Regulation Of Oligodendrocyte Differentiation (GO:0048713),0.20202153436686254,0.3819578607189357,0,0,4.77460024600246,7.636404827656511,ZNF365
GO_Biological_Process_2023,Regulation Of Leukocyte Activation (GO:0002694),0.20202153436686254,0.3819578607189357,0,0,4.77460024600246,7.636404827656511,LYN
GO_Biological_Process_2023,Cellular Response To Interleukin-4 (GO:0071353),0.20202153436686254,0.3819578607189357,0,0,4.77460024600246,7.636404827656511,XCL1
GO_Biological_Process_2023,Innate Immune Response-Activating Signaling Pathway (GO:0002758),0.20202153436686254,0.3819578607189357,0,0,4.77460024600246,7.636404827656511,NLRP3
GO_Biological_Process_2023,Response To Axon Injury (GO:0048678),0.20202153436686254,0.3819578607189357,0,0,4.77460024600246,7.636404827656511,PLCG2
GO_Biological_Process_2023,Positive Regulation Of Homotypic Cell-Cell Adhesion (GO:0034112),0.20202153436686254,0.3819578607189357,0,0,4.77460024600246,7.636404827656511,TNFSF11
GO_Biological_Process_2023,Hydrogen Peroxide Catabolic Process (GO:0042744),0.20202153436686254,0.3819578607189357,0,0,4.77460024600246,7.636404827656511,MPO
GO_Biological_Process_2023,Regulation Of Brown Fat Cell Differentiation (GO:0090335),0.20202153436686254,0.3819578607189357,0,0,4.77460024600246,7.636404827656511,SOX13
GO_Biological_Process_2023,Regulation Of Cartilage Development (GO:0061035),0.20202153436686254,0.3819578607189357,0,0,4.77460024600246,7.636404827656511,SCX
GO_Biological_Process_2023,Positive Regulation Of Immunoglobulin Mediated Immune Response (GO:0002891),0.20202153436686254,0.3819578607189357,0,0,4.77460024600246,7.636404827656511,XCL1
GO_Biological_Process_2023,Positive Regulation Of Neuroblast Proliferation (GO:0002052),0.20202153436686254,0.3819578607189357,0,0,4.77460024600246,7.636404827656511,CX3CR1
GO_Biological_Process_2023,"Positive Regulation Of Nuclear-Transcribed mRNA Catabolic Process, Deadenylation-Dependent Decay (GO:1900153)",0.20202153436686254,0.3819578607189357,0,0,4.77460024600246,7.636404827656511,NANOS1
GO_Biological_Process_2023,Regulation Of Amyloid-Beta Clearance (GO:1900221),0.20202153436686254,0.3819578607189357,0,0,4.77460024600246,7.636404827656511,TNF
GO_Biological_Process_2023,Cellular Response To Salt (GO:1902075),0.20201269762782983,0.3819578607189357,0,0,1.9807716959364183,3.168095223105469,MEF2C;P2RY2;PLCG2
GO_Biological_Process_2023,Regulation Of Lipid Catabolic Process (GO:0050994),0.21576060477926712,0.3882745604078159,0,0,4.407039455009935,6.758573115621705,TNF
GO_Biological_Process_2023,Regulation Of AMPA Receptor Activity (GO:2000311),0.21576060477926712,0.3882745604078159,0,0,4.407039455009935,6.758573115621705,MEF2C
GO_Biological_Process_2023,Pulmonary Valve Morphogenesis (GO:0003184),0.21576060477926712,0.3882745604078159,0,0,4.407039455009935,6.758573115621705,JAG1
GO_Biological_Process_2023,Prostanoid Metabolic Process (GO:0006692),0.21576060477926712,0.3882745604078159,0,0,4.407039455009935,6.758573115621705,GSTM1
GO_Biological_Process_2023,Positive Regulation Of Membrane Protein Ectodomain Proteolysis (GO:0051044),0.21576060477926712,0.3882745604078159,0,0,4.407039455009935,6.758573115621705,TNF
GO_Biological_Process_2023,Positive Regulation Of Leukocyte Proliferation (GO:0070665),0.21576060477926712,0.3882745604078159,0,0,4.407039455009935,6.758573115621705,LYN
GO_Biological_Process_2023,"Positive Regulation Of DNA Damage Response, Signal Transduction By P53 Class Mediator (GO:0043517)",0.21576060477926712,0.3882745604078159,0,0,4.407039455009935,6.758573115621705,SPRED2
GO_Biological_Process_2023,Phagosome Maturation (GO:0090382),0.21576060477926712,0.3882745604078159,0,0,4.407039455009935,6.758573115621705,SLAMF8
GO_Biological_Process_2023,Regulation Of MHC Class II Biosynthetic Process (GO:0045346),0.21576060477926712,0.3882745604078159,0,0,4.407039455009935,6.758573115621705,CIITA
GO_Biological_Process_2023,Growth Hormone Receptor Signaling Pathway (GO:0060396),0.21576060477926712,0.3882745604078159,0,0,4.407039455009935,6.758573115621705,LYN
GO_Biological_Process_2023,Icosanoid Biosynthetic Process (GO:0046456),0.21576060477926712,0.3882745604078159,0,0,4.407039455009935,6.758573115621705,FADS1
GO_Biological_Process_2023,Ventricular Cardiac Muscle Tissue Development (GO:0003229),0.21576060477926712,0.3882745604078159,0,0,4.407039455009935,6.758573115621705,TNNT2
GO_Biological_Process_2023,Regulation Of Mitotic Nuclear Division (GO:0007088),0.21243066143137873,0.3882745604078159,0,0,2.3905864197530864,3.7033521928838824,PDGFRB;EDN3
GO_Biological_Process_2023,Regulation Of Neuron Differentiation (GO:0045664),0.21243066143137873,0.3882745604078159,0,0,2.3905864197530864,3.7033521928838824,MEF2C;GDPD5
GO_Biological_Process_2023,Positive Regulation Of Cell Activation (GO:0050867),0.21576060477926712,0.3882745604078159,0,0,4.407039455009935,6.758573115621705,PLEK
GO_Biological_Process_2023,Positive Regulation Of Cyclin-Dependent Protein Serine/Threonine Kinase Activity (GO:0045737),0.21576060477926712,0.3882745604078159,0,0,4.407039455009935,6.758573115621705,CCND1
GO_Biological_Process_2023,Regulation Of Calcium Ion Import (GO:0090279),0.21576060477926712,0.3882745604078159,0,0,4.407039455009935,6.758573115621705,PDGFRB
GO_Biological_Process_2023,Amyloid-Beta Metabolic Process (GO:0050435),0.21576060477926712,0.3882745604078159,0,0,4.407039455009935,6.758573115621705,ACE
GO_Biological_Process_2023,Cell Surface Toll-Like Receptor Signaling Pathway (GO:0140895),0.21576060477926712,0.3882745604078159,0,0,4.407039455009935,6.758573115621705,PIK3AP1
GO_Biological_Process_2023,Astrocyte Development (GO:0014002),0.21576060477926712,0.3882745604078159,0,0,4.407039455009935,6.758573115621705,TNF
GO_Biological_Process_2023,Chondroitin Sulfate Metabolic Process (GO:0030204),0.21576060477926712,0.3882745604078159,0,0,4.407039455009935,6.758573115621705,CHST13
GO_Biological_Process_2023,Dendritic Spine Morphogenesis (GO:0060997),0.21576060477926712,0.3882745604078159,0,0,4.407039455009935,6.758573115621705,ZNF365
GO_Biological_Process_2023,Ruffle Organization (GO:0031529),0.21576060477926712,0.3882745604078159,0,0,4.407039455009935,6.758573115621705,PLEK
GO_Biological_Process_2023,Mesoderm Development (GO:0007498),0.21576060477926712,0.3882745604078159,0,0,4.407039455009935,6.758573115621705,SECTM1
GO_Biological_Process_2023,Regulation Of Establishment Of Endothelial Barrier (GO:1903140),0.21576060477926712,0.3882745604078159,0,0,4.407039455009935,6.758573115621705,TNF
GO_Biological_Process_2023,Negative Regulation Of ATP-dependent Activity (GO:0032780),0.21576060477926712,0.3882745604078159,0,0,4.407039455009935,6.758573115621705,TNNT2
GO_Biological_Process_2023,Negative Regulation Of Interleukin-10 Production (GO:0032693),0.21576060477926712,0.3882745604078159,0,0,4.407039455009935,6.758573115621705,LILRB1
GO_Biological_Process_2023,Negative Regulation Of Natural Killer Cell Mediated Cytotoxicity (GO:0045953),0.21576060477926712,0.3882745604078159,0,0,4.407039455009935,6.758573115621705,LILRB1
GO_Biological_Process_2023,Negative Regulation Of Nervous System Development (GO:0051961),0.21576060477926712,0.3882745604078159,0,0,4.407039455009935,6.758573115621705,TNF
GO_Biological_Process_2023,Negative Regulation Of Peptidyl-Threonine Phosphorylation (GO:0010801),0.21576060477926712,0.3882745604078159,0,0,4.407039455009935,6.758573115621705,SPRED2
GO_Biological_Process_2023,Negative Regulation Of Viral-Induced Cytoplasmic Pattern Recognition Receptor Signaling Pathway (GO:0039532),0.21576060477926712,0.3882745604078159,0,0,4.407039455009935,6.758573115621705,LILRA4
GO_Biological_Process_2023,Neutrophil Activation (GO:0042119),0.21576060477926712,0.3882745604078159,0,0,4.407039455009935,6.758573115621705,CXCR2
GO_Biological_Process_2023,Endoplasmic Reticulum Tubular Network Organization (GO:0071786),0.21576060477926712,0.3882745604078159,0,0,4.407039455009935,6.758573115621705,RTN1
GO_Biological_Process_2023,Establishment Of Apical/Basal Cell Polarity (GO:0035089),0.21576060477926712,0.3882745604078159,0,0,4.407039455009935,6.758573115621705,FSCN1
GO_Biological_Process_2023,Cell Cycle G1/S Phase Transition (GO:0044843),0.21243066143137873,0.3882745604078159,0,0,2.3905864197530864,3.7033521928838824,LATS2;CCND1
GO_Biological_Process_2023,Myeloid Cell Differentiation (GO:0030099),0.21243066143137873,0.3882745604078159,0,0,2.3905864197530864,3.7033521928838824,LYN;CEBPA
GO_Biological_Process_2023,Positive Regulation Of Extracellular Matrix Organization (GO:1903055),0.21576060477926712,0.3882745604078159,0,0,4.407039455009935,6.758573115621705,FSCN1
GO_Biological_Process_2023,Positive Regulation Of Leukocyte Adhesion To Vascular Endothelial Cell (GO:1904996),0.21576060477926712,0.3882745604078159,0,0,4.407039455009935,6.758573115621705,TNF
GO_Biological_Process_2023,Positive Regulation Of Endothelial Cell Apoptotic Process (GO:2000353),0.21576060477926712,0.3882745604078159,0,0,4.407039455009935,6.758573115621705,FASLG
GO_Biological_Process_2023,Phospholipid Metabolic Process (GO:0006644),0.20611819670221446,0.3882745604078159,0,0,2.4416075650118203,3.856044266853429,PLA2G4C;FADS1
GO_Biological_Process_2023,Myoblast Fusion (GO:0007520),0.21576060477926712,0.3882745604078159,0,0,4.407039455009935,6.758573115621705,DOCK5
GO_Biological_Process_2023,Regulation Of Interleukin-1 Production (GO:0032652),0.21576060477926712,0.3882745604078159,0,0,4.407039455009935,6.758573115621705,F2R
GO_Biological_Process_2023,Regulation Of Integrin Activation (GO:0033623),0.21576060477926712,0.3882745604078159,0,0,4.407039455009935,6.758573115621705,PLEK
GO_Biological_Process_2023,NAD Biosynthetic Process (GO:0009435),0.21576060477926712,0.3882745604078159,0,0,4.407039455009935,6.758573115621705,NAPRT
KEGG_2021_Human,Glycosaminoglycan biosynthesis,0.18731785324310582,0.392647038528818,0,0,2.6085858585858586,4.369246592987312,UST;CHST13
KEGG_2021_Human,Arachidonic acid metabolism,0.18731785324310582,0.392647038528818,0,0,2.6085858585858586,4.369246592987312,PLA2G4F;PLA2G4C
KEGG_2021_Human,AGE-RAGE signaling pathway in diabetic complications,0.18451151965652648,0.392647038528818,0,0,2.076768038697541,3.509828076194324,CCND1;PLCG2;TNF
GO_Biological_Process_2023,Regulation Of Neuron Death (GO:1901214),0.2187616070214146,0.39281455774446356,0,0,2.3416477702191987,3.558772341275571,MEF2C;ITGAM
GO_Biological_Process_2023,Positive Regulation Of Type II Interferon Production (GO:0032729),0.2187616070214146,0.39281455774446356,0,0,2.3416477702191987,3.558772341275571,LILRB1;CD244
KEGG_2021_Human,Hepatitis C,0.18934095982239144,0.3931078975360127,0,0,1.811258667293454,3.0143073043656488,CCND1;PPP2R2B;FASLG;TNF
GO_Biological_Process_2023,Positive Regulation Of Cell Projection Organization (GO:0031346),0.2198830962108922,0.3935380469221088,0,0,1.8932145920993504,2.8675750030983957,LYN;NTRK1;PLXNA2
GO_Biological_Process_2023,Positive Regulation Of T Cell Activation (GO:0050870),0.2198830962108922,0.3935380469221088,0,0,1.8932145920993504,2.8675750030983957,TNFSF11;HLA-DQA1;HLA-DQB2
GO_Biological_Process_2023,Positive Regulation Of Stress-Activated MAPK Cascade (GO:0032874),0.2198830962108922,0.3935380469221088,0,0,1.8932145920993504,2.8675750030983957,SH3RF2;GADD45B;GADD45G
Reactome_2022,Signaling By Receptor Tyrosine Kinases R-HSA-9006934,0.04085200681586258,0.39736140663725883,0,0,1.7806750412384216,5.694241458135388,LYN;NTRK1;PDGFRB;MEF2C;LAMB3;FLT3;MATK;MMP9;SPRED2;PDGFD;ID1;TNS4;TNS3
Reactome_2022,Leishmania Infection R-HSA-9658195,0.0421443916130426,0.39736140663725883,0,0,2.266680720986613,7.177792803891777,LYN;GPR27;FGR;PLCG2;GPBAR1;NLRP3;ADRB2
Reactome_2022,Acyl Chain Remodelling Of PC R-HSA-1482788,0.041596332347866034,0.39736140663725883,0,0,6.7633986928104575,21.50587154556488,PLA2G4F;PLA2G4C
GO_Biological_Process_2023,Intracellular Estrogen Receptor Signaling Pathway (GO:0030520),0.22926397951900881,0.39902618469251216,0,0,4.091987348444913,6.027011196640105,DEFA1
GO_Biological_Process_2023,Negative Regulation Of Lipid Storage (GO:0010888),0.22926397951900881,0.39902618469251216,0,0,4.091987348444913,6.027011196640105,TNF
GO_Biological_Process_2023,Regulation Of Granulocyte Chemotaxis (GO:0071622),0.22926397951900881,0.39902618469251216,0,0,4.091987348444913,6.027011196640105,CMKLR1
GO_Biological_Process_2023,Activation Of NF-kappaB-inducing Kinase Activity (GO:0007250),0.22926397951900881,0.39902618469251216,0,0,4.091987348444913,6.027011196640105,TLR6
GO_Biological_Process_2023,Regulation Of Establishment Of Cell Polarity (GO:2000114),0.22926397951900881,0.39902618469251216,0,0,4.091987348444913,6.027011196640105,SHTN1
GO_Biological_Process_2023,Regulation Of Establishment Or Maintenance Of Cell Polarity (GO:0032878),0.22926397951900881,0.39902618469251216,0,0,4.091987348444913,6.027011196640105,SHTN1
GO_Biological_Process_2023,Regulation Of Smooth Muscle Cell Migration (GO:0014910),0.22926397951900881,0.39902618469251216,0,0,4.091987348444913,6.027011196640105,PDGFRB
GO_Biological_Process_2023,Carboxylic Acid Biosynthetic Process (GO:0046394),0.22926397951900881,0.39902618469251216,0,0,4.091987348444913,6.027011196640105,FADS1
GO_Biological_Process_2023,Regulation Of Protein Deacetylation (GO:0090311),0.22926397951900881,0.39902618469251216,0,0,4.091987348444913,6.027011196640105,SPRED2
GO_Biological_Process_2023,Regulation Of Postsynaptic Membrane Potential (GO:0060078),0.22926397951900881,0.39902618469251216,0,0,4.091987348444913,6.027011196640105,MEF2C
GO_Biological_Process_2023,Regulation Of Neuroblast Proliferation (GO:1902692),0.22926397951900881,0.39902618469251216,0,0,4.091987348444913,6.027011196640105,CX3CR1
GO_Biological_Process_2023,Positive Regulation Of Phospholipase Activity (GO:0010518),0.22926397951900881,0.39902618469251216,0,0,4.091987348444913,6.027011196640105,PDGFRB
GO_Biological_Process_2023,Positive Regulation Of Vascular Associated Smooth Muscle Cell Proliferation (GO:1904707),0.22926397951900881,0.39902618469251216,0,0,4.091987348444913,6.027011196640105,MMP9
GO_Biological_Process_2023,Positive Regulation Of Cell Cycle Phase Transition (GO:1901989),0.22926397951900881,0.39902618469251216,0,0,4.091987348444913,6.027011196640105,PLCG2
GO_Biological_Process_2023,Positive Regulation Of Calcineurin-Mediated Signaling (GO:0106058),0.22926397951900881,0.39902618469251216,0,0,4.091987348444913,6.027011196640105,TNF
GO_Biological_Process_2023,Positive Regulation Of Macrophage Migration (GO:1905523),0.22926397951900881,0.39902618469251216,0,0,4.091987348444913,6.027011196640105,CMKLR1
GO_Biological_Process_2023,Positive Regulation Of Amyloid-Beta Formation (GO:1902004),0.22926397951900881,0.39902618469251216,0,0,4.091987348444913,6.027011196640105,TNF
GO_Biological_Process_2023,Positive Regulation Of calcineurin-NFAT Signaling Cascade (GO:0070886),0.22926397951900881,0.39902618469251216,0,0,4.091987348444913,6.027011196640105,TNF
GO_Biological_Process_2023,Striated Muscle Cell Differentiation (GO:0051146),0.22926397951900881,0.39902618469251216,0,0,4.091987348444913,6.027011196640105,MEF2C
GO_Biological_Process_2023,Toll-Like Receptor 4 Signaling Pathway (GO:0034142),0.22926397951900881,0.39902618469251216,0,0,4.091987348444913,6.027011196640105,PIK3AP1
GO_Biological_Process_2023,Sensory Perception Of Pain (GO:0019233),0.22926397951900881,0.39902618469251216,0,0,4.091987348444913,6.027011196640105,PROK2
GO_Biological_Process_2023,Defense Response To Protozoan (GO:0042832),0.22926397951900881,0.39902618469251216,0,0,4.091987348444913,6.027011196640105,DEFA1
GO_Biological_Process_2023,Phosphatidylglycerol Metabolic Process (GO:0046471),0.22926397951900881,0.39902618469251216,0,0,4.091987348444913,6.027011196640105,PLA2G4F
GO_Biological_Process_2023,Negative Regulation Of Vascular Associated Smooth Muscle Cell Proliferation (GO:1904706),0.22926397951900881,0.39902618469251216,0,0,4.091987348444913,6.027011196640105,MEF2C
GO_Biological_Process_2023,Positive Regulation Of Nitric-Oxide Synthase Activity (GO:0051000),0.22926397951900881,0.39902618469251216,0,0,4.091987348444913,6.027011196640105,TNF
GO_Biological_Process_2023,Positive Regulation Of Alpha-Beta T Cell Proliferation (GO:0046641),0.22926397951900881,0.39902618469251216,0,0,4.091987348444913,6.027011196640105,XCL1
GO_Biological_Process_2023,Cell-Cell Junction Organization (GO:0045216),0.23146904967078455,0.40243772339587197,0,0,2.249527959331881,3.291754754111406,F2R;FSCN1
GO_Biological_Process_2023,Regulation Of Transforming Growth Factor Beta Receptor Signaling Pathway (GO:0017015),0.2426445817174543,0.4076329731715515,0,0,1.794028810408922,2.5406274142818894,SPRED2;ZEB2;LATS2
GO_Biological_Process_2023,Negative Regulation Of Interleukin-8 Production (GO:0032717),0.24253568726568753,0.4076329731715515,0,0,3.818942189421894,5.409938005767492,TLR6
GO_Biological_Process_2023,Negative Regulation Of Leukocyte Activation (GO:0002695),0.24253568726568753,0.4076329731715515,0,0,3.818942189421894,5.409938005767492,CD300A
GO_Biological_Process_2023,Regulation Of Cardiac Muscle Cell Proliferation (GO:0060043),0.24253568726568753,0.4076329731715515,0,0,3.818942189421894,5.409938005767492,MEF2C
GO_Biological_Process_2023,Adenylate Cyclase-Modulating G Protein-Coupled Receptor Signaling Pathway (GO:0007188),0.2426445817174543,0.4076329731715515,0,0,1.794028810408922,2.5406274142818894,ADGRG1;ADGRG5;ADRB2
GO_Biological_Process_2023,Cellular Response To Nerve Growth Factor Stimulus (GO:1990090),0.24253568726568753,0.4076329731715515,0,0,3.818942189421894,5.409938005767492,NTRK1
GO_Biological_Process_2023,Regulation Of Transferase Activity (GO:0051338),0.24253568726568753,0.4076329731715515,0,0,3.818942189421894,5.409938005767492,SLAMF8
GO_Biological_Process_2023,Glycosaminoglycan Biosynthetic Process (GO:0006024),0.23784079838491567,0.4076329731715515,0,0,2.206125356125356,3.168335188791705,UST;CHST13
GO_Biological_Process_2023,Fatty Acid Biosynthetic Process (GO:0006633),0.23784079838491567,0.4076329731715515,0,0,2.206125356125356,3.168335188791705,GSTM4;FADS1
GO_Biological_Process_2023,Regulation Of Lymphocyte Activation (GO:0051249),0.24253568726568753,0.4076329731715515,0,0,3.818942189421894,5.409938005767492,KLRC2
GO_Biological_Process_2023,Regulation Of Megakaryocyte Differentiation (GO:0045652),0.24253568726568753,0.4076329731715515,0,0,3.818942189421894,5.409938005767492,MEF2C
GO_Biological_Process_2023,Endothelial Cell Proliferation (GO:0001935),0.24253568726568753,0.4076329731715515,0,0,3.818942189421894,5.409938005767492,PROK2
GO_Biological_Process_2023,Regulation Of Vasoconstriction (GO:0019229),0.24253568726568753,0.4076329731715515,0,0,3.818942189421894,5.409938005767492,F2R
GO_Biological_Process_2023,Regulation Of Protein-Containing Complex Disassembly (GO:0043244),0.24253568726568753,0.4076329731715515,0,0,3.818942189421894,5.409938005767492,TNF
GO_Biological_Process_2023,Response To Interferon-Alpha (GO:0035455),0.24253568726568753,0.4076329731715515,0,0,3.818942189421894,5.409938005767492,IFITM3
GO_Biological_Process_2023,Response To Glucocorticoid (GO:0051384),0.24253568726568753,0.4076329731715515,0,0,3.818942189421894,5.409938005767492,TNF
GO_Biological_Process_2023,Regulation Of DNA-templated DNA Replication (GO:0090329),0.24253568726568753,0.4076329731715515,0,0,3.818942189421894,5.409938005767492,NUGGC
GO_Biological_Process_2023,Negative Regulation Of Fibroblast Proliferation (GO:0048147),0.24253568726568753,0.4076329731715515,0,0,3.818942189421894,5.409938005767492,CD300A
GO_Biological_Process_2023,Negative Regulation Of Calcium Ion Transmembrane Transport (GO:1903170),0.24253568726568753,0.4076329731715515,0,0,3.818942189421894,5.409938005767492,SESTD1
GO_Biological_Process_2023,Negative Regulation Of Amyloid-Beta Formation (GO:1902430),0.24253568726568753,0.4076329731715515,0,0,3.818942189421894,5.409938005767492,RTN1
GO_Biological_Process_2023,Regulation Of Acute Inflammatory Response (GO:0002673),0.24253568726568753,0.4076329731715515,0,0,3.818942189421894,5.409938005767492,NLRP3
GO_Biological_Process_2023,Peptide Hormone Secretion (GO:0030072),0.24253568726568753,0.4076329731715515,0,0,3.818942189421894,5.409938005767492,EDN3
GO_Biological_Process_2023,Positive Regulation Of Axon Extension (GO:0045773),0.24253568726568753,0.4076329731715515,0,0,3.818942189421894,5.409938005767492,SHTN1
GO_Biological_Process_2023,Negative Regulation Of Lipid Metabolic Process (GO:0045833),0.24253568726568753,0.4076329731715515,0,0,3.818942189421894,5.409938005767492,TNF
GO_Biological_Process_2023,Neural Crest Cell Differentiation (GO:0014033),0.24253568726568753,0.4076329731715515,0,0,3.818942189421894,5.409938005767492,MEF2C
GO_Biological_Process_2023,Oligodendrocyte Differentiation (GO:0048709),0.24253568726568753,0.4076329731715515,0,0,3.818942189421894,5.409938005767492,SOX13
GO_Biological_Process_2023,Protein Polymerization (GO:0051258),0.23784079838491567,0.4076329731715515,0,0,2.206125356125356,3.168335188791705,TPPP3;GAS7
GO_Biological_Process_2023,Myeloid Cell Activation Involved In Immune Response (GO:0002275),0.24253568726568753,0.4076329731715515,0,0,3.818942189421894,5.409938005767492,PLCG2
GO_Biological_Process_2023,Hippo Signaling (GO:0035329),0.24253568726568753,0.4076329731715515,0,0,3.818942189421894,5.409938005767492,LATS2
GO_Biological_Process_2023,Positive Regulation Of Neutrophil Chemotaxis (GO:0090023),0.24253568726568753,0.4076329731715515,0,0,3.818942189421894,5.409938005767492,XCL1
GO_Biological_Process_2023,Positive Regulation Of Striated Muscle Cell Differentiation (GO:0051155),0.24253568726568753,0.4076329731715515,0,0,3.818942189421894,5.409938005767492,MEF2C
GO_Biological_Process_2023,Regulation Of B Cell Differentiation (GO:0045577),0.24253568726568753,0.4076329731715515,0,0,3.818942189421894,5.409938005767492,SLAMF8
GO_Biological_Process_2023,Positive Regulation Of Establishment Of Protein Localization (GO:1904951),0.24253568726568753,0.4076329731715515,0,0,3.818942189421894,5.409938005767492,TNF
KEGG_2021_Human,Proteoglycans in cancer,0.1989282108847747,0.4091165091781216,0,0,1.644087747458534,2.6548914212718655,CCND1;PLCG2;FASLG;TNF;MMP9
GO_Biological_Process_2023,Cellular Response To Calcium Ion (GO:0071277),0.24422152735419372,0.40986309442588387,0,0,2.1643605870020965,3.051054894223844,MEF2C;PLCG2
KEGG_2021_Human,Renin-angiotensin system,0.20202153436686254,0.41056441719227865,0,0,4.77460024600246,7.636404827656511,ACE
KEGG_2021_Human,cGMP-PKG signaling pathway,0.20339888558149583,0.41056441719227865,0,0,1.7554973225475674,2.7957809405176777,MEF2C;ATP1B4;ADRB2;ADRA1A
Reactome_2022,ADORA2B Mediated Anti-Inflammatory Cytokine Production R-HSA-9660821,0.04724536272686692,0.4157591919964289,0,0,3.077412935323383,9.393497623253673,GPR27;NLRP3;GPBAR1;ADRB2
Reactome_2022,Assembly Of Collagen Fibrils And Other Multimeric Structures R-HSA-2022090,0.04689003856056402,0.4157591919964289,0,0,3.9274248056775938,12.017723626501354,CD151;LAMB3;MMP9
Reactome_2022,NOTCH2 Activation And Transmission Of Signal To Nucleus R-HSA-2979096,0.045704631613947624,0.4157591919964289,0,0,6.38724279835391,19.708193027677922,JAG2;JAG1
Reactome_2022,Biological Oxidations R-HSA-211859,0.04527986307228257,0.4157591919964289,0,0,2.411497493734336,7.463326397244221,SULT2B1;GSTM4;GSTM1;CYP21A2;CYP4F22;GSTM5
GO_Biological_Process_2023,Long-Term Synaptic Potentiation (GO:0060291),0.25557968808649517,0.41658474952987257,0,0,3.5800276752767526,4.883949032630248,TSHZ3
GO_Biological_Process_2023,Mesoderm Formation (GO:0001707),0.25557968808649517,0.41658474952987257,0,0,3.5800276752767526,4.883949032630248,SCX
GO_Biological_Process_2023,Regulation Of G Protein-Coupled Receptor Signaling Pathway (GO:0008277),0.2506090509391674,0.41658474952987257,0,0,2.124142661179698,2.9395184423452947,PLEK;RGS9
GO_Biological_Process_2023,Positive Regulation Of Organelle Assembly (GO:1902117),0.2506090509391674,0.41658474952987257,0,0,2.124142661179698,2.9395184423452947,FSCN1;TNF
GO_Biological_Process_2023,Lipid Biosynthetic Process (GO:0008610),0.2506090509391674,0.41658474952987257,0,0,2.124142661179698,2.9395184423452947,CYP21A2;FADS1
GO_Biological_Process_2023,Regulation Of JNK Cascade (GO:0046328),0.2518566306950955,0.41658474952987257,0,0,1.75718837720962,2.422978757970506,SH3RF2;GADD45B;GADD45G
GO_Biological_Process_2023,Negative Regulation Of Extrinsic Apoptotic Signaling Pathway In Absence Of Ligand (GO:2001240),0.25557968808649517,0.41658474952987257,0,0,3.5800276752767526,4.883949032630248,TNF
GO_Biological_Process_2023,Negative Regulation Of Cell Development (GO:0010721),0.25557968808649517,0.41658474952987257,0,0,3.5800276752767526,4.883949032630248,TNF
GO_Biological_Process_2023,Positive Regulation Of Adenylate Cyclase Activity (GO:0045762),0.25557968808649517,0.41658474952987257,0,0,3.5800276752767526,4.883949032630248,ADRB2
GO_Biological_Process_2023,Positive Regulation Of Activated T Cell Proliferation (GO:0042104),0.25557968808649517,0.41658474952987257,0,0,3.5800276752767526,4.883949032630248,TNFSF9
GO_Biological_Process_2023,Regulation Of Neurotransmitter Transport (GO:0051588),0.25557968808649517,0.41658474952987257,0,0,3.5800276752767526,4.883949032630248,MEF2C
GO_Biological_Process_2023,Regulation Of Myotube Differentiation (GO:0010830),0.25557968808649517,0.41658474952987257,0,0,3.5800276752767526,4.883949032630248,HDAC9
GO_Biological_Process_2023,Regulation Of Lipid Storage (GO:0010883),0.25557968808649517,0.41658474952987257,0,0,3.5800276752767526,4.883949032630248,TNF
GO_Biological_Process_2023,Blood Vessel Endothelial Cell Migration (GO:0043534),0.25557968808649517,0.41658474952987257,0,0,3.5800276752767526,4.883949032630248,ID1
GO_Biological_Process_2023,Intracellular Monoatomic Ion Homeostasis (GO:0006873),0.25557968808649517,0.41658474952987257,0,0,3.5800276752767526,4.883949032630248,P2RY2
GO_Biological_Process_2023,Regulation Of Viral Transcription (GO:0046782),0.25557968808649517,0.41658474952987257,0,0,3.5800276752767526,4.883949032630248,IFITM3
GO_Biological_Process_2023,B Cell Proliferation (GO:0042100),0.25557968808649517,0.41658474952987257,0,0,3.5800276752767526,4.883949032630248,MEF2C
GO_Biological_Process_2023,Establishment Of Skin Barrier (GO:0061436),0.25557968808649517,0.41658474952987257,0,0,3.5800276752767526,4.883949032630248,SFN
GO_Biological_Process_2023,Myoblast Differentiation (GO:0045445),0.25557968808649517,0.41658474952987257,0,0,3.5800276752767526,4.883949032630248,JAG1
GO_Biological_Process_2023,Negative Regulation Of G Protein-Coupled Receptor Signaling Pathway (GO:0045744),0.25557968808649517,0.41658474952987257,0,0,3.5800276752767526,4.883949032630248,PLEK
GO_Biological_Process_2023,Negative Regulation Of Signal Transduction In Absence Of Ligand (GO:1901099),0.25557968808649517,0.41658474952987257,0,0,3.5800276752767526,4.883949032630248,TNF
GO_Biological_Process_2023,Negative Regulation Of Ossification (GO:0030279),0.25557968808649517,0.41658474952987257,0,0,3.5800276752767526,4.883949032630248,MEF2C
GO_Biological_Process_2023,Positive Regulation Of Dendritic Spine Development (GO:0060999),0.25557968808649517,0.41658474952987257,0,0,3.5800276752767526,4.883949032630248,DLG5
GO_Biological_Process_2023,Positive Regulation Of Cyclin-Dependent Protein Kinase Activity (GO:1904031),0.25557968808649517,0.41658474952987257,0,0,3.5800276752767526,4.883949032630248,CCND1
GO_Biological_Process_2023,Positive Regulation Of Granulocyte Chemotaxis (GO:0071624),0.25557968808649517,0.41658474952987257,0,0,3.5800276752767526,4.883949032630248,XCL1
GO_Biological_Process_2023,Pulmonary Valve Development (GO:0003177),0.25557968808649517,0.41658474952987257,0,0,3.5800276752767526,4.883949032630248,JAG1
GO_Biological_Process_2023,Positive Regulation Of Stress-Activated Protein Kinase Signaling Cascade (GO:0070304),0.25557968808649517,0.41658474952987257,0,0,3.5800276752767526,4.883949032630248,LYN
GO_Biological_Process_2023,Positive Regulation Of Interleukin-4 Production (GO:0032753),0.25557968808649517,0.41658474952987257,0,0,3.5800276752767526,4.883949032630248,NLRP3
GO_Biological_Process_2023,Placenta Development (GO:0001890),0.25557968808649517,0.41658474952987257,0,0,3.5800276752767526,4.883949032630248,ASCL2
GO_Biological_Process_2023,Cellular Response To Metal Ion (GO:0071248),0.2564820171263468,0.4176411834872029,0,0,1.7393263489917765,2.3666956676459434,MEF2C;PLCG2;MMP9
Reactome_2022,Fcgamma Receptor (FCGR) Dependent Phagocytosis R-HSA-2029480,0.05096845015632347,0.4204897137896686,0,0,2.997092459779027,8.920990951838784,FGR;LYN;PLCG2;PLD4
Reactome_2022,Activation Of TRKA Receptors R-HSA-187015,0.050729796987756016,0.4204897137896686,0,0,28.666051660516604,85.4604322891967,NTRK1
Reactome_2022,Signaling To P38 Via RIT And RIN R-HSA-187706,0.050729796987756016,0.4204897137896686,0,0,28.666051660516604,85.4604322891967,NTRK1
Reactome_2022,NGF-independant TRKA Activation R-HSA-187024,0.050729796987756016,0.4204897137896686,0,0,28.666051660516604,85.4604322891967,NTRK1
GO_Biological_Process_2023,Neuron Projection Development (GO:0031175),0.25850078017992795,0.42051166518378374,0,0,1.5736045798405234,2.128861289594729,LYN;SHTN1;ZNF365;GAS7
KEGG_2021_Human,"Parathyroid hormone synthesis, secretion and action",0.21090573386120204,0.4218114677224041,0,0,1.936009356334322,3.0130965539691,MEF2C;MMP15;TNFSF11
GO_Biological_Process_2023,Positive Regulation Of Cell Cycle Process (GO:0090068),0.26111912237492657,0.424350858617215,0,0,1.72182156133829,2.3120250908554216,PDGFRB;EDN3;TAS2R13
KEGG_2021_Human,Human immunodeficiency virus 1 infection,0.21414619227903953,0.4243988174257329,0,0,1.5978984602580109,2.4625154938892595,APOBEC3G;APOBEC3H;PLCG2;FASLG;TNF
GO_Biological_Process_2023,Negative Regulation Of Blood Vessel Morphogenesis (GO:2000181),0.26339609740640796,0.42762824905012675,0,0,2.048015873015873,2.73225041083508,EFNA3;FASLG
GO_Biological_Process_2023,Negative Regulation Of Phosphate Metabolic Process (GO:0045936),0.2683998746537342,0.4281368874330926,0,0,3.36922075103104,4.431459710313229,PLEK
GO_Biological_Process_2023,Negative Regulation Of Phosphoprotein Phosphatase Activity (GO:0032515),0.2683998746537342,0.4281368874330926,0,0,3.36922075103104,4.431459710313229,TNF
GO_Biological_Process_2023,Hepaticobiliary System Development (GO:0061008),0.2683998746537342,0.4281368874330926,0,0,3.36922075103104,4.431459710313229,CEBPA
GO_Biological_Process_2023,Positive Regulation Of Blood Coagulation (GO:0030194),0.2683998746537342,0.4281368874330926,0,0,3.36922075103104,4.431459710313229,F2R
GO_Biological_Process_2023,Oxoacid Metabolic Process (GO:0043436),0.2683998746537342,0.4281368874330926,0,0,3.36922075103104,4.431459710313229,SULT2B1
GO_Biological_Process_2023,Positive Regulation Of Cytosolic Calcium Ion Concentration Involved In Phospholipase C-activating G Protein-Coupled Signaling Pathway (GO:0051482),0.2683998746537342,0.4281368874330926,0,0,3.36922075103104,4.431459710313229,F2R
GO_Biological_Process_2023,Antigen Processing And Presentation Of Peptide Antigen Via MHC Class I (GO:0002474),0.2683998746537342,0.4281368874330926,0,0,3.36922075103104,4.431459710313229,ACE
GO_Biological_Process_2023,Antigen Receptor-Mediated Signaling Pathway (GO:0050851),0.2657670684805052,0.4281368874330926,0,0,1.7046634031432883,2.2589092004985005,LAT2;MEF2C;PLCG2
GO_Biological_Process_2023,Regulation Of Cellular Response To Transforming Growth Factor Beta Stimulus (GO:1903844),0.2683998746537342,0.4281368874330926,0,0,3.36922075103104,4.431459710313229,LATS2
GO_Biological_Process_2023,Chondroitin Sulfate Proteoglycan Biosynthetic Process (GO:0050650),0.2683998746537342,0.4281368874330926,0,0,3.36922075103104,4.431459710313229,CHST13
GO_Biological_Process_2023,Cardiac Muscle Cell Development (GO:0055013),0.2683998746537342,0.4281368874330926,0,0,3.36922075103104,4.431459710313229,PDGFRB
GO_Biological_Process_2023,Regulation Of T Cell Cytokine Production (GO:0002724),0.2683998746537342,0.4281368874330926,0,0,3.36922075103104,4.431459710313229,XCL1
GO_Biological_Process_2023,Negative Regulation Of Amyloid Precursor Protein Catabolic Process (GO:1902992),0.2683998746537342,0.4281368874330926,0,0,3.36922075103104,4.431459710313229,RTN1
GO_Biological_Process_2023,Female Gamete Generation (GO:0007292),0.2683998746537342,0.4281368874330926,0,0,3.36922075103104,4.431459710313229,NANOS1
GO_Biological_Process_2023,Ameboidal-Type Cell Migration (GO:0001667),0.2683998746537342,0.4281368874330926,0,0,3.36922075103104,4.431459710313229,NANOS1
GO_Biological_Process_2023,Skeletal Muscle Organ Development (GO:0060538),0.2683998746537342,0.4281368874330926,0,0,3.36922075103104,4.431459710313229,MEF2C
GO_Biological_Process_2023,Response To Cadmium Ion (GO:0046686),0.2683998746537342,0.4281368874330926,0,0,3.36922075103104,4.431459710313229,MMP9
GO_Biological_Process_2023,Positive Regulation Of Epithelial Cell Apoptotic Process (GO:1904037),0.2683998746537342,0.4281368874330926,0,0,3.36922075103104,4.431459710313229,FASLG
GO_Biological_Process_2023,Positive Regulation Of Cell-Substrate Adhesion (GO:0010811),0.2697916017489848,0.42952286983874227,0,0,2.0119558154645873,2.635874305927159,DOCK5;FBLN2
GO_Biological_Process_2023,Positive Regulation Of Protein Polymerization (GO:0032273),0.2697916017489848,0.42952286983874227,0,0,2.0119558154645873,2.635874305927159,TPPP3;CDC42EP4
Reactome_2022,Interferon Gamma Signaling R-HSA-877300,0.05288864353671791,0.4296185198059547,0,0,2.958476846536548,8.696639846573172,CIITA;NCAM1;HLA-DQB2;HLA-DQA1
KEGG_2021_Human,Leukocyte transendothelial migration,0.2198830962108922,0.4318424772430135,0,0,1.8932145920993504,2.8675750030983957,ITGAM;PLCG2;MMP9
GO_Biological_Process_2023,Protein Deacylation (GO:0035601),0.281000073258659,0.43596139788855215,0,0,3.1818368183681836,4.0390247675113375,HDAC9
GO_Biological_Process_2023,Positive Regulation Of ERBB Signaling Pathway (GO:1901186),0.281000073258659,0.43596139788855215,0,0,3.1818368183681836,4.0390247675113375,MMP9
GO_Biological_Process_2023,Neuromuscular Junction Development (GO:0007528),0.281000073258659,0.43596139788855215,0,0,3.1818368183681836,4.0390247675113375,F2R
GO_Biological_Process_2023,Osteoclast Differentiation (GO:0030316),0.281000073258659,0.43596139788855215,0,0,3.1818368183681836,4.0390247675113375,TNFSF11
GO_Biological_Process_2023,Positive Regulation Of Filopodium Assembly (GO:0051491),0.281000073258659,0.43596139788855215,0,0,3.1818368183681836,4.0390247675113375,FSCN1
GO_Biological_Process_2023,Positive Regulation Of Signal Transduction By P53 Class Mediator (GO:1901798),0.281000073258659,0.43596139788855215,0,0,3.1818368183681836,4.0390247675113375,SPRED2
GO_Biological_Process_2023,DNA Methylation (GO:0006306),0.281000073258659,0.43596139788855215,0,0,3.1818368183681836,4.0390247675113375,ZFP57
GO_Biological_Process_2023,Adaptive Immune Response Based On Somatic Recombination Of Immune Receptors Built From Immunoglobulin Superfamily Domains (GO:0002460),0.281000073258659,0.43596139788855215,0,0,3.1818368183681836,4.0390247675113375,JAG1
GO_Biological_Process_2023,Cardiac Muscle Tissue Morphogenesis (GO:0055008),0.281000073258659,0.43596139788855215,0,0,3.1818368183681836,4.0390247675113375,TNNT2
GO_Biological_Process_2023,Regulation Of Heterotypic Cell-Cell Adhesion (GO:0034114),0.281000073258659,0.43596139788855215,0,0,3.1818368183681836,4.0390247675113375,TNF
GO_Biological_Process_2023,Positive Regulation Of Neurogenesis (GO:0050769),0.27618586008064033,0.43596139788855215,0,0,1.977139208173691,2.5439479157907114,CX3CR1;PLXNA2
GO_Biological_Process_2023,Response To ATP (GO:0033198),0.281000073258659,0.43596139788855215,0,0,3.1818368183681836,4.0390247675113375,P2RY2
GO_Biological_Process_2023,Negative Regulation Of Osteoclast Differentiation (GO:0045671),0.281000073258659,0.43596139788855215,0,0,3.1818368183681836,4.0390247675113375,LILRB1
GO_Biological_Process_2023,Regulation Of Actin Filament-Based Process (GO:0032970),0.27618586008064033,0.43596139788855215,0,0,1.977139208173691,2.5439479157907114,PDGFRB;FSCN1
GO_Biological_Process_2023,Regulation Of Fat Cell Differentiation (GO:0045598),0.27618586008064033,0.43596139788855215,0,0,1.977139208173691,2.5439479157907114,TNF;CMKLR1
GO_Biological_Process_2023,Release Of Cytochrome C From Mitochondria (GO:0001836),0.281000073258659,0.43596139788855215,0,0,3.1818368183681836,4.0390247675113375,SFN
GO_Biological_Process_2023,Cellular Response To Cadmium Ion (GO:0071276),0.281000073258659,0.43596139788855215,0,0,3.1818368183681836,4.0390247675113375,MMP9
GO_Biological_Process_2023,Cell Projection Organization (GO:0030030),0.281000073258659,0.43596139788855215,0,0,3.1818368183681836,4.0390247675113375,PLEK
GO_Biological_Process_2023,Respiratory Tube Development (GO:0030323),0.281000073258659,0.43596139788855215,0,0,3.1818368183681836,4.0390247675113375,CEBPA
GO_Biological_Process_2023,"Wound Healing, Spreading Of Cells (GO:0044319)",0.281000073258659,0.43596139788855215,0,0,3.1818368183681836,4.0390247675113375,CD151
GO_Biological_Process_2023,Central Nervous System Development (GO:0007417),0.27819420486614727,0.43596139788855215,0,0,1.4362359550561798,1.8375717419926048,CX3CR1;SNTG2;ADGRG1;ITGAM;RTN1
GO_Biological_Process_2023,Regulation Of Membrane Protein Ectodomain Proteolysis (GO:0051043),0.281000073258659,0.43596139788855215,0,0,3.1818368183681836,4.0390247675113375,TNF
GO_Biological_Process_2023,Cardiac Muscle Cell Differentiation (GO:0055007),0.281000073258659,0.43596139788855215,0,0,3.1818368183681836,4.0390247675113375,MEF2C
GO_Biological_Process_2023,G1/S Transition Of Mitotic Cell Cycle (GO:0000082),0.27618586008064033,0.43596139788855215,0,0,1.977139208173691,2.5439479157907114,LATS2;CCND1
GO_Biological_Process_2023,Skin Epidermis Development (GO:0098773),0.281000073258659,0.43596139788855215,0,0,3.1818368183681836,4.0390247675113375,SFN
GO_Biological_Process_2023,Regulation Of Muscle Cell Differentiation (GO:0051147),0.281000073258659,0.43596139788855215,0,0,3.1818368183681836,4.0390247675113375,HDAC9
GO_Biological_Process_2023,Regulation Of Notch Signaling Pathway (GO:0008593),0.27618586008064033,0.43596139788855215,0,0,1.977139208173691,2.5439479157907114,JAG2;JAG1
GO_Biological_Process_2023,Response To Molecule Of Bacterial Origin (GO:0002237),0.2825770291165394,0.4375815823171294,0,0,1.9435028248587571,2.4562068308852942,C4B;F2R
GO_Biological_Process_2023,Phagocytosis (GO:0006909),0.2825770291165394,0.4375815823171294,0,0,1.9435028248587571,2.4562068308852942,ITGAM;PLD4
GO_Biological_Process_2023,Regulation Of Anatomical Structure Morphogenesis (GO:0022603),0.28445009899113916,0.4400673377047473,0,0,1.6392989909718534,2.0609224944782016,MEF2C;HECW2;LZTS1
KEGG_2021_Human,C-type lectin receptor signaling pathway,0.23349021881688362,0.4426162408876576,0,0,1.832436921616705,2.6654904016620735,PLCG2;NLRP3;TNF
KEGG_2021_Human,Phototransduction,0.22926397951900881,0.4426162408876576,0,0,4.091987348444913,6.027011196640105,RGS9
KEGG_2021_Human,Human papillomavirus infection,0.23096783112341537,0.4426162408876576,0,0,1.4291315402114277,2.094359169725901,PDGFRB;JAG1;CCND1;LAMB3;PPP2R2B;FASLG;TNF
KEGG_2021_Human,Viral myocarditis,0.23146904967078455,0.4426162408876576,0,0,2.249527959331881,3.291754754111406,CCND1;HLA-DQA1
KEGG_2021_Human,Coronavirus disease,0.23604098350485822,0.4435942621039577,0,0,1.5373830839792506,2.219596566316104,C4B;ACE;PLCG2;NLRP3;TNF
GO_Biological_Process_2023,Cell Morphogenesis Involved In Neuron Differentiation (GO:0048667),0.28896332867700186,0.44620935057924255,0,0,1.9109876543209876,2.372406113464193,SHTN1;MEF2C
GO_Biological_Process_2023,Regulation Of Rho Protein Signal Transduction (GO:0035023),0.28896332867700186,0.44620935057924255,0,0,1.9109876543209876,2.372406113464193,ADGRG1;F2R
GO_Biological_Process_2023,Regulation Of Cell Junction Assembly (GO:1901888),0.29338404509012844,0.44659608329383105,0,0,3.0141775101961548,3.6962038774354102,MEF2C
GO_Biological_Process_2023,Positive Regulation Of G2/M Transition Of Mitotic Cell Cycle (GO:0010971),0.29338404509012844,0.44659608329383105,0,0,3.0141775101961548,3.6962038774354102,CCND1
GO_Biological_Process_2023,Macrophage Differentiation (GO:0030225),0.29338404509012844,0.44659608329383105,0,0,3.0141775101961548,3.6962038774354102,MMP9
GO_Biological_Process_2023,Negative Regulation Of GTPase Activity (GO:0034260),0.29338404509012844,0.44659608329383105,0,0,3.0141775101961548,3.6962038774354102,KLRK1
GO_Biological_Process_2023,Neuron Differentiation (GO:0030182),0.29383467196630025,0.44659608329383105,0,0,1.6084494319563631,1.969929156587173,MEF2C;RTN1;ASCL2
GO_Biological_Process_2023,Cellular Response To Starvation (GO:0009267),0.29383467196630025,0.44659608329383105,0,0,1.6084494319563631,1.969929156587173,KLF10;NUAK1;FADS1
GO_Biological_Process_2023,Regulation Of Chemotaxis (GO:0050920),0.29338404509012844,0.44659608329383105,0,0,3.0141775101961548,3.6962038774354102,PDGFRB
GO_Biological_Process_2023,Proteoglycan Metabolic Process (GO:0006029),0.29338404509012844,0.44659608329383105,0,0,3.0141775101961548,3.6962038774354102,CHST13
GO_Biological_Process_2023,Positive Regulation Of Protein Autophosphorylation (GO:0031954),0.29338404509012844,0.44659608329383105,0,0,3.0141775101961548,3.6962038774354102,PDGFD
GO_Biological_Process_2023,Positive Regulation Of Neural Precursor Cell Proliferation (GO:2000179),0.29338404509012844,0.44659608329383105,0,0,3.0141775101961548,3.6962038774354102,CX3CR1
GO_Biological_Process_2023,Cardiac Muscle Contraction (GO:0060048),0.29338404509012844,0.44659608329383105,0,0,3.0141775101961548,3.6962038774354102,TNNT2
GO_Biological_Process_2023,Negative Regulation Of Protein Localization To Nucleus (GO:1900181),0.29338404509012844,0.44659608329383105,0,0,3.0141775101961548,3.6962038774354102,LATS2
GO_Biological_Process_2023,Sarcomere Organization (GO:0045214),0.29338404509012844,0.44659608329383105,0,0,3.0141775101961548,3.6962038774354102,TNNT2
GO_Biological_Process_2023,Regulation Of Neutrophil Chemotaxis (GO:0090022),0.29338404509012844,0.44659608329383105,0,0,3.0141775101961548,3.6962038774354102,XCL1
GO_Biological_Process_2023,Activation Of Phospholipase C Activity (GO:0007202),0.29338404509012844,0.44659608329383105,0,0,3.0141775101961548,3.6962038774354102,NMUR1
GO_Biological_Process_2023,L-amino Acid Transport (GO:0015807),0.29338404509012844,0.44659608329383105,0,0,3.0141775101961548,3.6962038774354102,SLC7A8
GO_Biological_Process_2023,Amino Acid Import Across Plasma Membrane (GO:0089718),0.29338404509012844,0.44659608329383105,0,0,3.0141775101961548,3.6962038774354102,SLC7A8
GO_Biological_Process_2023,Positive Regulation Of DNA Biosynthetic Process (GO:2000573),0.2953430405305961,0.4484737667206741,0,0,1.879538554948391,2.2923185814914344,PDGFRB;PARM1
GO_Biological_Process_2023,Regulation Of Programmed Cell Death (GO:0043067),0.30059434558092807,0.4559742647832735,0,0,1.462306302880502,1.7576828352633418,NTRK1;FLT3;TNFSF9;TNF
GO_Biological_Process_2023,Extrinsic Apoptotic Signaling Pathway (GO:0097191),0.3017145063672838,0.4559742647832735,0,0,1.8491039426523297,2.215733273710411,FASLG;TNF
GO_Biological_Process_2023,Regulation Of Protein Kinase B Signaling (GO:0051896),0.3032393257964572,0.4559742647832735,0,0,1.5787319668496982,1.8837949722721434,CX3CR1;NTRK1;TNF
GO_Biological_Process_2023,Regulation Of Nitric-Oxide Synthase Activity (GO:0050999),0.3055554872345613,0.4559742647832735,0,0,2.8632841328413283,3.3947780696178746,TNF
GO_Biological_Process_2023,Response To Cytokine (GO:0034097),0.3032393257964572,0.4559742647832735,0,0,1.5787319668496982,1.8837949722721434,IFITM3;CIITA;FLT3
GO_Biological_Process_2023,Regulation Of Platelet Aggregation (GO:0090330),0.3055554872345613,0.4559742647832735,0,0,2.8632841328413283,3.3947780696178746,LYN
GO_Biological_Process_2023,Regulation Of Extrinsic Apoptotic Signaling Pathway In Absence Of Ligand (GO:2001239),0.3055554872345613,0.4559742647832735,0,0,2.8632841328413283,3.3947780696178746,TNF
GO_Biological_Process_2023,Negative Regulation Of Cell Junction Assembly (GO:1901889),0.3055554872345613,0.4559742647832735,0,0,2.8632841328413283,3.3947780696178746,TNF
GO_Biological_Process_2023,Positive Regulation Of Synapse Assembly (GO:0051965),0.3055554872345613,0.4559742647832735,0,0,2.8632841328413283,3.3947780696178746,DLG5
GO_Biological_Process_2023,Regulation Of Toll-Like Receptor 4 Signaling Pathway (GO:0034143),0.3055554872345613,0.4559742647832735,0,0,2.8632841328413283,3.3947780696178746,LYN
GO_Biological_Process_2023,Negative Regulation Of Epithelial To Mesenchymal Transition (GO:0010719),0.3055554872345613,0.4559742647832735,0,0,2.8632841328413283,3.3947780696178746,SPRED2
GO_Biological_Process_2023,Negative Regulation Of Signaling Receptor Activity (GO:2000272),0.3055554872345613,0.4559742647832735,0,0,2.8632841328413283,3.3947780696178746,TNF
GO_Biological_Process_2023,Microtubule Polymerization Or Depolymerization (GO:0031109),0.3055554872345613,0.4559742647832735,0,0,2.8632841328413283,3.3947780696178746,TPPP3
GO_Biological_Process_2023,Sensory Perception Of Bitter Taste (GO:0050913),0.3055554872345613,0.4559742647832735,0,0,2.8632841328413283,3.3947780696178746,TAS2R13
GO_Biological_Process_2023,Detection Of Chemical Stimulus Involved In Sensory Perception Of Bitter Taste (GO:0001580),0.3055554872345613,0.4559742647832735,0,0,2.8632841328413283,3.3947780696178746,TAS2R13
GO_Biological_Process_2023,Negative Regulation Of Response To Wounding (GO:1903035),0.3055554872345613,0.4559742647832735,0,0,2.8632841328413283,3.3947780696178746,SIGLEC10
GO_Biological_Process_2023,Regulation Of Blood Circulation (GO:1903522),0.3055554872345613,0.4559742647832735,0,0,2.8632841328413283,3.3947780696178746,TNNT2
GO_Biological_Process_2023,Positive Regulation Of Lamellipodium Assembly (GO:0010592),0.3055554872345613,0.4559742647832735,0,0,2.8632841328413283,3.3947780696178746,FSCN1
GO_Biological_Process_2023,Protein Kinase B Signaling (GO:0043491),0.3055554872345613,0.4559742647832735,0,0,2.8632841328413283,3.3947780696178746,TNF
KEGG_2021_Human,Human cytomegalovirus infection,0.2456119977140344,0.4576360299287137,0,0,1.5128129312044156,2.1239927339384903,CCND1;CXCR2;CCL4;FASLG;TNF
KEGG_2021_Human,Basal cell carcinoma,0.2506090509391674,0.45909893365326465,0,0,2.124142661179698,2.9395184423452947,GADD45B;GADD45G
KEGG_2021_Human,Notch signaling pathway,0.2506090509391674,0.45909893365326465,0,0,2.124142661179698,2.9395184423452947,JAG2;JAG1
GO_Biological_Process_2023,Muscle Contraction (GO:0006936),0.30807612664395206,0.459318580831228,0,0,1.8196355085243974,2.1424540637475444,TNNT2;NMUR1
GO_Biological_Process_2023,Heart Contraction (GO:0060047),0.3175180338442704,0.4628945249388965,0,0,2.726761553329819,3.1281971963801856,TNNT2
GO_Biological_Process_2023,Vasculogenesis (GO:0001570),0.3175180338442704,0.4628945249388965,0,0,2.726761553329819,3.1281971963801856,PDGFRB
GO_Biological_Process_2023,Respiratory System Development (GO:0060541),0.3175180338442704,0.4628945249388965,0,0,2.726761553329819,3.1281971963801856,CEBPA
GO_Biological_Process_2023,Platelet Dense Granule Organization (GO:0060155),0.3175180338442704,0.4628945249388965,0,0,2.726761553329819,3.1281971963801856,F2R
GO_Biological_Process_2023,Negative Regulation Of Wound Healing (GO:0061045),0.3175180338442704,0.4628945249388965,0,0,2.726761553329819,3.1281971963801856,TNF
GO_Biological_Process_2023,Negative Regulation Of Neurogenesis (GO:0050768),0.3175180338442704,0.4628945249388965,0,0,2.726761553329819,3.1281971963801856,TNF
GO_Biological_Process_2023,Negative Regulation Of Macroautophagy (GO:0016242),0.3175180338442704,0.4628945249388965,0,0,2.726761553329819,3.1281971963801856,LZTS1
GO_Biological_Process_2023,Muscle Cell Differentiation (GO:0042692),0.3175180338442704,0.4628945249388965,0,0,2.726761553329819,3.1281971963801856,MEF2C
GO_Biological_Process_2023,Positive Regulation Of Monooxygenase Activity (GO:0032770),0.3175180338442704,0.4628945249388965,0,0,2.726761553329819,3.1281971963801856,TNF
GO_Biological_Process_2023,Positive Regulation Of Locomotion (GO:0040017),0.3175180338442704,0.4628945249388965,0,0,2.726761553329819,3.1281971963801856,PDGFRB
GO_Biological_Process_2023,Positive Regulation Of Protein Targeting To Membrane (GO:0090314),0.3175180338442704,0.4628945249388965,0,0,2.726761553329819,3.1281971963801856,ITGAM
GO_Biological_Process_2023,Regulation Of Bone Resorption (GO:0045124),0.3175180338442704,0.4628945249388965,0,0,2.726761553329819,3.1281971963801856,TNFSF11
GO_Biological_Process_2023,Regulation Of Cell Size (GO:0008361),0.3175180338442704,0.4628945249388965,0,0,2.726761553329819,3.1281971963801856,PLEK
GO_Biological_Process_2023,Regulation Of Interleukin-4 Production (GO:0032673),0.3175180338442704,0.4628945249388965,0,0,2.726761553329819,3.1281971963801856,NLRP3
GO_Biological_Process_2023,Regulation Of Plasma Membrane Bounded Cell Projection Organization (GO:0120035),0.3175180338442704,0.4628945249388965,0,0,2.726761553329819,3.1281971963801856,ZNF365
GO_Biological_Process_2023,"Regulation Of Nuclear-Transcribed mRNA Catabolic Process, Deadenylation-Dependent Decay (GO:1900151)",0.3175180338442704,0.4628945249388965,0,0,2.726761553329819,3.1281971963801856,NANOS1
GO_Biological_Process_2023,Negative Regulation Of Signal Transduction (GO:0009968),0.31158591356432536,0.4628945249388965,0,0,1.366952024255395,1.593975652649097,LYN;CX3CR1;PLEK;TLR6;TNF
GO_Biological_Process_2023,Cellular Response To Xenobiotic Stimulus (GO:0071466),0.3175180338442704,0.4628945249388965,0,0,2.726761553329819,3.1281971963801856,MEF2C
GO_Biological_Process_2023,Positive Regulation Of Cytoskeleton Organization (GO:0051495),0.31442635880403386,0.4628945249388965,0,0,1.791087962962963,2.0722984154811375,CDC42EP4;PLEK
GO_Biological_Process_2023,Positive Regulation Of Endocytosis (GO:0045807),0.31442635880403386,0.4628945249388965,0,0,1.791087962962963,2.0722984154811375,CD151;TNF
GO_Biological_Process_2023,Positive Regulation Of Lymphocyte Proliferation (GO:0050671),0.31442635880403386,0.4628945249388965,0,0,1.791087962962963,2.0722984154811375,FCGR3A;MEF2C
GO_Biological_Process_2023,Regulation Of Hydrolase Activity (GO:0051336),0.31442635880403386,0.4628945249388965,0,0,1.791087962962963,2.0722984154811375,CHN2;PLXNA2
GO_Biological_Process_2023,Cell-Cell Adhesion Via Plasma-Membrane Adhesion Molecules (GO:0098742),0.31265783087160487,0.4628945249388965,0,0,1.5500854013865166,1.8022004032695549,ITGAM;CADM1;PALLD
GO_Biological_Process_2023,Cell Morphogenesis Involved In Differentiation (GO:0000904),0.3175180338442704,0.4628945249388965,0,0,2.726761553329819,3.1281971963801856,MEF2C
GO_Biological_Process_2023,Cell-Cell Signaling By Wnt (GO:0198738),0.3175180338442704,0.4628945249388965,0,0,2.726761553329819,3.1281971963801856,PLCG2
Reactome_2022,Signaling By Erythropoietin R-HSA-9006335,0.05885911700621498,0.463844981780321,0,0,5.473721340388007,15.504909802773765,LYN;PLCG2
Reactome_2022,Role Of Phospholipids In Phagocytosis R-HSA-2029485,0.05885911700621498,0.463844981780321,0,0,5.473721340388007,15.504909802773765,PLCG2;PLD4
GO_Biological_Process_2023,Nervous System Development (GO:0007399),0.3187418304870083,0.46426669103737117,0,0,1.2766457023060798,1.4596832640905975,ZEB2;SNTG2;MEF2C;JAG1;CRIM1;NAV2;FGF11
GO_Biological_Process_2023,Positive Regulation Of Signal Transduction (GO:0009967),0.3217162734780439,0.46818408974705594,0,0,1.3474354240298219,1.5281066533762262,JAG2;JAG1;DHH;DLG5;TNFSF11
GO_Biological_Process_2023,Positive Regulation Of Transforming Growth Factor Beta Receptor Signaling Pathway (GO:0030511),0.3292752570773536,0.4700254104066829,0,0,2.602650117410265,2.8911831116224227,ZEB2
GO_Biological_Process_2023,Positive Regulation Of Cellular Response To Transforming Growth Factor Beta Stimulus (GO:1903846),0.3292752570773536,0.4700254104066829,0,0,2.602650117410265,2.8911831116224227,ZEB2
GO_Biological_Process_2023,Protein N-linked Glycosylation Via Asparagine (GO:0018279),0.3292752570773536,0.4700254104066829,0,0,2.602650117410265,2.8911831116224227,TUSC3
GO_Biological_Process_2023,Neuron Projection Morphogenesis (GO:0048812),0.3267984077868387,0.4700254104066829,0,0,1.5090001956564274,1.6876836071299097,SHTN1;ZNF365;GAS7
GO_Biological_Process_2023,Generation Of Neurons (GO:0048699),0.3267984077868387,0.4700254104066829,0,0,1.5090001956564274,1.6876836071299097,MEF2C;RTN1;ASCL2
GO_Biological_Process_2023,Negative Regulation Of Programmed Cell Death (GO:0043069),0.3242692254255008,0.4700254104066829,0,0,1.2684244985417534,1.4284757801929193,NTRK1;SH3RF2;SCX;PROK2;MMP9;MPO;NUGGC
GO_Biological_Process_2023,Type I Interferon-Mediated Signaling Pathway (GO:0060337),0.3292752570773536,0.4700254104066829,0,0,2.602650117410265,2.8911831116224227,IFITM3
GO_Biological_Process_2023,Blood Vessel Diameter Maintenance (GO:0097746),0.3292752570773536,0.4700254104066829,0,0,2.602650117410265,2.8911831116224227,EDN3
GO_Biological_Process_2023,Response To Nutrient Levels (GO:0031667),0.3292752570773536,0.4700254104066829,0,0,2.602650117410265,2.8911831116224227,CD68
GO_Biological_Process_2023,Detection Of Chemical Stimulus Involved In Sensory Perception Of Taste (GO:0050912),0.3292752570773536,0.4700254104066829,0,0,2.602650117410265,2.8911831116224227,TAS2R13
GO_Biological_Process_2023,Regulation Of Actin Filament Bundle Assembly (GO:0032231),0.3292752570773536,0.4700254104066829,0,0,2.602650117410265,2.8911831116224227,PLEK
GO_Biological_Process_2023,Regulation Of Hippo Signaling (GO:0035330),0.3292752570773536,0.4700254104066829,0,0,2.602650117410265,2.8911831116224227,DLG5
GO_Biological_Process_2023,Regulation Of Neuron Migration (GO:2001222),0.3292752570773536,0.4700254104066829,0,0,2.602650117410265,2.8911831116224227,SHTN1
GO_Biological_Process_2023,Regulation Of Cell Migration Involved In Sprouting Angiogenesis (GO:0090049),0.3292752570773536,0.4700254104066829,0,0,2.602650117410265,2.8911831116224227,HDAC9
GO_Biological_Process_2023,Positive Regulation Of Cell Cycle G2/M Phase Transition (GO:1902751),0.3292752570773536,0.4700254104066829,0,0,2.602650117410265,2.8911831116224227,CCND1
GO_Biological_Process_2023,Negative Regulation Of Cation Channel Activity (GO:2001258),0.3292752570773536,0.4700254104066829,0,0,2.602650117410265,2.8911831116224227,MMP9
GO_Biological_Process_2023,Lung Development (GO:0030324),0.3292752570773536,0.4700254104066829,0,0,2.602650117410265,2.8911831116224227,CEBPA
GO_Biological_Process_2023,Lipid Droplet Organization (GO:0034389),0.3292752570773536,0.4700254104066829,0,0,2.602650117410265,2.8911831116224227,PLA2G4C
GO_Biological_Process_2023,Cellular Component Assembly (GO:0022607),0.3251018896253257,0.4700254104066829,0,0,1.341051489376597,1.5068277675489632,RSPH6A;NLGN4Y;LRGUK;RTN1;FSCN1
GO_Biological_Process_2023,Ventricular Cardiac Muscle Tissue Morphogenesis (GO:0055010),0.3292752570773536,0.4700254104066829,0,0,2.602650117410265,2.8911831116224227,TNNT2
GO_Biological_Process_2023,"Regulation Of DNA Damage Response, Signal Transduction By P53 Class Mediator (GO:0043516)",0.3292752570773536,0.4700254104066829,0,0,2.602650117410265,2.8911831116224227,SPRED2
GO_Biological_Process_2023,Positive Regulation Of Cell Development (GO:0010720),0.3292752570773536,0.4700254104066829,0,0,2.602650117410265,2.8911831116224227,CX3CR1
GO_Biological_Process_2023,Negative Regulation Of Cellular Biosynthetic Process (GO:0031327),0.3362255560688624,0.47953002484474033,0,0,1.4827906678630944,1.6162018614457794,NANOS1;PLEK;GZMB
Reactome_2022,Defective B4GALT1 Causes B4GALT1-CDG (CDG-2d) R-HSA-3656244,0.0670633581721261,0.47970436049101906,0,0,19.109471094710948,51.63603553596003,PRELP
Reactome_2022,NOTCH3 Activation And Transmission Of Signal To Nucleus R-HSA-9013507,0.06350078367701666,0.47970436049101906,0,0,5.224579124579124,14.40261311255038,JAG2;JAG1
Reactome_2022,Defective CHST6 Causes MCDC1 R-HSA-3656225,0.0670633581721261,0.47970436049101906,0,0,19.109471094710948,51.63603553596003,PRELP
Reactome_2022,MECP2 Regulates Transcription Factors R-HSA-9022707,0.0831168967950718,0.47970436049101906,0,0,14.331180811808117,35.64891641295103,MEF2C
Reactome_2022,Collagen Degradation R-HSA-1442490,0.08320362928920876,0.47970436049101906,0,0,4.41965811965812,10.989322180652206,MMP15;MMP9
Reactome_2022,Activated NOTCH1 Transmits Signal To Nucleus R-HSA-2122948,0.08320362928920876,0.47970436049101906,0,0,4.41965811965812,10.989322180652206,JAG2;JAG1
Reactome_2022,Nectin/Necl Trans Heterodimerization R-HSA-420597,0.0831168967950718,0.47970436049101906,0,0,14.331180811808117,35.64891641295103,CADM1
Reactome_2022,Deposition Of New CENPA-containing Nucleosomes At Centromere R-HSA-606279,0.06350078367701666,0.47970436049101906,0,0,5.224579124579124,14.40261311255038,CENPU;CENPM
Reactome_2022,FCERI Mediated MAPK Activation R-HSA-2871796,0.08320362928920876,0.47970436049101906,0,0,4.41965811965812,10.989322180652206,LYN;PLCG2
Reactome_2022,Signaling By MET R-HSA-6806834,0.08435811474838159,0.47970436049101906,0,0,3.029152807669732,7.490138502940934,LAMB3;TNS4;TNS3
Reactome_2022,Formation Of Editosome R-HSA-75094,0.0670633581721261,0.47970436049101906,0,0,19.109471094710948,51.63603553596003,APOBEC3H
Reactome_2022,Defective ST3GAL3 Causes MCT12 And EIEE15 R-HSA-3656243,0.0670633581721261,0.47970436049101906,0,0,19.109471094710948,51.63603553596003,PRELP
Reactome_2022,FCERI Mediated Ca+2 Mobilization R-HSA-2871809,0.08838733483769909,0.47970436049101906,0,0,4.255692729766804,10.32442372413344,LYN;PLCG2
Reactome_2022,Constitutive Signaling By Aberrant PI3K In Cancer R-HSA-2219530,0.08764637694174016,0.47970436049101906,0,0,2.9767337520830663,7.24669461096242,PDGFRB;FLT3;PIK3AP1
Reactome_2022,Extracellular Matrix Organization R-HSA-1474244,0.07558856139546852,0.47970436049101906,0,0,1.9661293277156988,5.077431294881524,CD151;ITGAM;LAMB3;MMP15;NCAM1;MMP9;FBLN2
Reactome_2022,ROS And RNS Production In Phagocytes R-HSA-1222556,0.09902987744985052,0.47970436049101906,0,0,3.9616858237547894,9.160739567591792,NANOS1;MPO
Reactome_2022,Linoleic Acid (LA) Metabolism R-HSA-2046105,0.09889519448140222,0.47970436049101906,0,0,11.46420664206642,26.52467335878938,FADS2
Reactome_2022,mRNA Editing R-HSA-75072,0.09889519448140222,0.47970436049101906,0,0,11.46420664206642,26.52467335878938,APOBEC3H
Reactome_2022,GPVI-mediated Activation Cascade R-HSA-114604,0.09366432251837226,0.47970436049101906,0,0,4.103439153439154,9.71709953878229,LYN;PLCG2
Reactome_2022,G Alpha (S) Signaling Events R-HSA-418555,0.08878904080937321,0.47970436049101906,0,0,2.452365830422356,5.938384364288696,GPR27;NLRP3;GPBAR1;ADRB2
Reactome_2022,Constitutive Signaling By NOTCH1 HD+PEST Domain Mutants R-HSA-2894862,0.07175840893471908,0.47970436049101906,0,0,3.258609805709476,8.584645363579364,JAG2;JAG1;HDAC9
Reactome_2022,Metabolic Disorders Of Biological Oxidation Enzymes R-HSA-5579029,0.06826142602412649,0.47970436049101906,0,0,4.9971014492753625,13.414271323442206,CYP21A2;CYP4F22
Reactome_2022,Transcriptional Regulation Of Testis Differentiation R-HSA-9690406,0.09889519448140222,0.47970436049101906,0,0,11.46420664206642,26.52467335878938,DHH
Reactome_2022,Anchoring Fibril Formation R-HSA-2214320,0.09889519448140222,0.47970436049101906,0,0,11.46420664206642,26.52467335878938,LAMB3
Reactome_2022,ARMS-mediated Activation R-HSA-170984,0.09889519448140222,0.47970436049101906,0,0,11.46420664206642,26.52467335878938,NTRK1
Reactome_2022,Activation Of C3 And C5 R-HSA-174577,0.09889519448140222,0.47970436049101906,0,0,11.46420664206642,26.52467335878938,C4B
Reactome_2022,PTK6 Regulates Cell Cycle R-HSA-8849470,0.09889519448140222,0.47970436049101906,0,0,11.46420664206642,26.52467335878938,CCND1
Reactome_2022,Thyroxine Biosynthesis R-HSA-209968,0.09889519448140222,0.47970436049101906,0,0,11.46420664206642,26.52467335878938,TPO
Reactome_2022,RHOQ GTPase Cycle R-HSA-9013406,0.07482344215126664,0.47970436049101906,0,0,3.198058653448988,8.291363763391681,GFOD1;CDC42EP4;STOM
Reactome_2022,FasL/ CD95L Signaling R-HSA-75157,0.0831168967950718,0.47970436049101906,0,0,14.331180811808117,35.64891641295103,FASLG
Reactome_2022,Glucocorticoid Biosynthesis R-HSA-194002,0.0831168967950718,0.47970436049101906,0,0,14.331180811808117,35.64891641295103,CYP21A2
Reactome_2022,Vasopressin-like Receptors R-HSA-388479,0.0831168967950718,0.47970436049101906,0,0,14.331180811808117,35.64891641295103,NLRP3
Reactome_2022,RAS Signaling Downstream Of NF1 Loss-Of-Function Variants R-HSA-6802953,0.09889519448140222,0.47970436049101906,0,0,11.46420664206642,26.52467335878938,SPRED2
Reactome_2022,CD22 Mediated BCR Regulation R-HSA-5690714,0.09889519448140222,0.47970436049101906,0,0,11.46420664206642,26.52467335878938,LYN
Reactome_2022,Toll Like Receptor 4 (TLR4) Cascade R-HSA-166016,0.08178363049613831,0.47970436049101906,0,0,2.2370292947768777,5.6008014145256535,MEF2C;ITGAM;PLCG2;MAP3K8;TLR6
Reactome_2022,APOBEC3G Mediated Resistance To HIV-1 R-HSA-180689,0.0831168967950718,0.47970436049101906,0,0,14.331180811808117,35.64891641295103,APOBEC3G
Reactome_2022,Drug-mediated Inhibition Of CDK4/CDK6 Activity R-HSA-9754119,0.0831168967950718,0.47970436049101906,0,0,14.331180811808117,35.64891641295103,CCND1
Reactome_2022,Erythropoietin Activates STAT5 R-HSA-9027283,0.09889519448140222,0.47970436049101906,0,0,11.46420664206642,26.52467335878938,LYN
Reactome_2022,FLT3 Signaling Thru SRC Family Kinases R-HSA-9706374,0.09889519448140222,0.47970436049101906,0,0,11.46420664206642,26.52467335878938,FLT3
Reactome_2022,Cell-Cell Communication R-HSA-1500931,0.09393484548546308,0.47970436049101906,0,0,2.400963930348259,5.678649132009764,CD151;CADM1;LAMB3;SKAP2
Reactome_2022,TNFR1-mediated Ceramide Production R-HSA-5626978,0.09889519448140222,0.47970436049101906,0,0,11.46420664206642,26.52467335878938,TNF
Reactome_2022,Synthesis Of IP3 And IP4 In Cytosol R-HSA-1855204,0.06826142602412649,0.47970436049101906,0,0,4.9971014492753625,13.414271323442206,PLCG2;PLD4
GO_Biological_Process_2023,Positive Regulation Of DNA Binding (GO:0043388),0.3408306683126459,0.4806736378005813,0,0,2.4893309802663244,2.6794399398142095,MMP9
GO_Biological_Process_2023,Regulation Of Developmental Growth (GO:0048638),0.3408306683126459,0.4806736378005813,0,0,2.4893309802663244,2.6794399398142095,LATS2
GO_Biological_Process_2023,Regulation Of Interferon-Alpha Production (GO:0032647),0.3408306683126459,0.4806736378005813,0,0,2.4893309802663244,2.6794399398142095,LILRA4
GO_Biological_Process_2023,Cellular Response To Type I Interferon (GO:0071357),0.3408306683126459,0.4806736378005813,0,0,2.4893309802663244,2.6794399398142095,IFITM3
GO_Biological_Process_2023,Dendritic Spine Organization (GO:0097061),0.3408306683126459,0.4806736378005813,0,0,2.4893309802663244,2.6794399398142095,ZNF365
GO_Biological_Process_2023,Skeletal Muscle Tissue Development (GO:0007519),0.3408306683126459,0.4806736378005813,0,0,2.4893309802663244,2.6794399398142095,MEF2C
GO_Biological_Process_2023,Negative Regulation Of Antigen Receptor-Mediated Signaling Pathway (GO:0050858),0.3408306683126459,0.4806736378005813,0,0,2.4893309802663244,2.6794399398142095,CD300A
GO_Biological_Process_2023,Phospholipid Biosynthetic Process (GO:0008654),0.3408306683126459,0.4806736378005813,0,0,2.4893309802663244,2.6794399398142095,FADS1
GO_Biological_Process_2023,Regulation Of Blood Coagulation (GO:0030193),0.3408306683126459,0.4806736378005813,0,0,2.4893309802663244,2.6794399398142095,F2R
GO_Biological_Process_2023,Positive Regulation Of Phosphate Metabolic Process (GO:0045937),0.3408306683126459,0.4806736378005813,0,0,2.4893309802663244,2.6794399398142095,CD244
GO_Biological_Process_2023,Regulation Of B Cell Activation (GO:0050864),0.3408306683126459,0.4806736378005813,0,0,2.4893309802663244,2.6794399398142095,SLAMF8
GO_Biological_Process_2023,Positive Regulation Of Interleukin-2 Production (GO:0032743),0.3408306683126459,0.4806736378005813,0,0,2.4893309802663244,2.6794399398142095,PLCG2
GO_Biological_Process_2023,Regulation Of Transmembrane Receptor Protein Serine/Threonine Kinase Signaling Pathway (GO:0090092),0.3408306683126459,0.4806736378005813,0,0,2.4893309802663244,2.6794399398142095,LATS2
KEGG_2021_Human,Histidine metabolism,0.2683998746537342,0.48356341053317403,0,0,3.36922075103104,4.431459710313229,HDC
KEGG_2021_Human,Glycosaminoglycan degradation,0.2683998746537342,0.48356341053317403,0,0,3.36922075103104,4.431459710313229,HYAL3
GO_Biological_Process_2023,Positive Regulation Of Gene Expression (GO:0010628),0.34411872548228467,0.48489456772503753,0,0,1.218712322160598,1.3000839754831686,FGR;MEF2C;CADM1;PLCG2;SCX;LILRB1;TLR6;TNF
GO_Biological_Process_2023,Regulation Of Phosphorylation (GO:0042325),0.34595651944212846,0.4862331577787999,0,0,1.6607622114868492,1.7628030591885417,LYN;SLAMF8
GO_Biological_Process_2023,Brain Development (GO:0007420),0.3456462782569116,0.4862331577787999,0,0,1.4574695986390271,1.5483272973525226,CX3CR1;ADGRG1;RTN1
GO_Biological_Process_2023,Epigenetic Regulation Of Gene Expression (GO:0040029),0.34595651944212846,0.4862331577787999,0,0,1.6607622114868492,1.7628030591885417,ZFP57;HDAC9
GO_Biological_Process_2023,Positive Regulation Of Macromolecule Metabolic Process (GO:0010604),0.34828240528950627,0.4890837537526998,0,0,1.2613401635958026,1.3303879660725992,MEF2C;PLCG2;SCX;LILRB1;TLR6;TNF
GO_Biological_Process_2023,Muscle Tissue Development (GO:0060537),0.3521877190583943,0.48999107338130826,0,0,2.3854551045510455,2.489439365311675,MEF2C
GO_Biological_Process_2023,Mitotic G1 DNA Damage Checkpoint Signaling (GO:0031571),0.3521877190583943,0.48999107338130826,0,0,2.3854551045510455,2.489439365311675,CCND1
GO_Biological_Process_2023,Negative Regulation Of Cell-Matrix Adhesion (GO:0001953),0.3521877190583943,0.48999107338130826,0,0,2.3854551045510455,2.489439365311675,JAG1
GO_Biological_Process_2023,Positive Regulation Of Mononuclear Cell Migration (GO:0071677),0.3521877190583943,0.48999107338130826,0,0,2.3854551045510455,2.489439365311675,TNF
GO_Biological_Process_2023,Activation Of Protein Kinase Activity (GO:0032147),0.3522090430087188,0.48999107338130826,0,0,1.636931216931217,1.708187499808655,TLR6;ADRB2
GO_Biological_Process_2023,Positive Regulation Of Release Of Cytochrome C From Mitochondria (GO:0090200),0.3521877190583943,0.48999107338130826,0,0,2.3854551045510455,2.489439365311675,MMP9
GO_Biological_Process_2023,Chaperone Cofactor-Dependent Protein Refolding (GO:0051085),0.3521877190583943,0.48999107338130826,0,0,2.3854551045510455,2.489439365311675,HSPA2
GO_Biological_Process_2023,Secretory Granule Organization (GO:0033363),0.3521877190583943,0.48999107338130826,0,0,2.3854551045510455,2.489439365311675,F2R
GO_Biological_Process_2023,Regulation Of Protein Transport (GO:0051223),0.3521877190583943,0.48999107338130826,0,0,2.3854551045510455,2.489439365311675,TNF
GO_Biological_Process_2023,Regulation Of Macromolecule Metabolic Process (GO:0060255),0.350352548386877,0.48999107338130826,0,0,1.4451282371684733,1.5156726783817285,ZNF683;EDN3;DHH
GO_Biological_Process_2023,Positive Regulation Of Protein Kinase B Signaling (GO:0051897),0.3522090430087188,0.48999107338130826,0,0,1.636931216931217,1.708187499808655,CX3CR1;TNF
KEGG_2021_Human,Cardiac muscle contraction,0.27618586008064033,0.49351243850475074,0,0,1.977139208173691,2.5439479157907114,TNNT2;ATP1B4
KEGG_2021_Human,Mannose type O-glycan biosynthesis,0.281000073258659,0.49401625782570696,0,0,3.1818368183681836,4.0390247675113375,B3GAT1
KEGG_2021_Human,AMPK signaling pathway,0.2797673419445786,0.49401625782570696,0,0,1.655168716042322,2.108348850389244,CCND1;PPP2R2B;ADRA1A
GO_Biological_Process_2023,Positive Regulation Of Neuron Projection Development (GO:0010976),0.3584408585259994,0.4978176927795579,0,0,1.6137715179968701,1.6557160246814977,LYN;NTRK1
GO_Biological_Process_2023,Regulation Of Innate Immune Response (GO:0045088),0.3584408585259994,0.4978176927795579,0,0,1.6137715179968701,1.6557160246814977,FGR;SH2D1B
GO_Biological_Process_2023,Regulation Of Ossification (GO:0030278),0.3633498020077363,0.49998636909439764,0,0,2.289889298892989,2.3182593484223672,MEF2C
GO_Biological_Process_2023,Regulation Of Neurotransmitter Receptor Activity (GO:0099601),0.3633498020077363,0.49998636909439764,0,0,2.289889298892989,2.3182593484223672,MEF2C
GO_Biological_Process_2023,Aortic Valve Morphogenesis (GO:0003180),0.3633498020077363,0.49998636909439764,0,0,2.289889298892989,2.3182593484223672,JAG1
GO_Biological_Process_2023,Plasma Membrane Invagination (GO:0099024),0.3633498020077363,0.49998636909439764,0,0,2.289889298892989,2.3182593484223672,ITGAM
GO_Biological_Process_2023,Liver Development (GO:0001889),0.3633498020077363,0.49998636909439764,0,0,2.289889298892989,2.3182593484223672,CEBPA
GO_Biological_Process_2023,Prostaglandin Metabolic Process (GO:0006693),0.3633498020077363,0.49998636909439764,0,0,2.289889298892989,2.3182593484223672,GSTM1
GO_Biological_Process_2023,Positive Regulation Of Ion Transmembrane Transporter Activity (GO:0032414),0.3633498020077363,0.49998636909439764,0,0,2.289889298892989,2.3182593484223672,ADRB2
GO_Biological_Process_2023,Presynaptic Endocytosis (GO:0140238),0.3633498020077363,0.49998636909439764,0,0,2.289889298892989,2.3182593484223672,NLGN4Y
GO_Biological_Process_2023,Response To Interferon-Beta (GO:0035456),0.3633498020077363,0.49998636909439764,0,0,2.289889298892989,2.3182593484223672,IFITM3
GO_Biological_Process_2023,Epithelial Tube Morphogenesis (GO:0060562),0.3633498020077363,0.49998636909439764,0,0,2.289889298892989,2.3182593484223672,MEF2C
GO_Biological_Process_2023,Cellular Response To Osmotic Stress (GO:0071470),0.3633498020077363,0.49998636909439764,0,0,2.289889298892989,2.3182593484223672,NLRP3
GO_Biological_Process_2023,Positive Regulation Of Plasma Membrane Bounded Cell Projection Assembly (GO:0120034),0.3646508295983869,0.5013567473055646,0,0,1.591255144032922,1.6052820812017767,CDC42EP4;FSCN1
Reactome_2022,CD28 Co-Stimulation R-HSA-389356,0.10447941829853637,0.5015012078329746,0,0,3.8293827160493827,8.649676343951016,LYN;MAP3K8
Reactome_2022,Signaling By NOTCH1 R-HSA-1980143,0.1157901428477149,0.5056182141735737,0,0,2.6145657316661035,5.63694054872611,JAG2;JAG1;HDAC9
Reactome_2022,Glycerophospholipid Catabolism R-HSA-6814848,0.11440295226043645,0.5056182141735737,0,0,9.552890528905289,20.710937910457105,GDPD5
Reactome_2022,Cell Surface Interactions At Vascular Wall R-HSA-202733,0.11587084074811065,0.5056182141735737,0,0,2.215126291618829,4.774215511029872,LYN;ITGAM;SLC7A8;CD244
Reactome_2022,Dermatan Sulfate Biosynthesis R-HSA-2022923,0.11440295226043645,0.5056182141735737,0,0,9.552890528905289,20.710937910457105,UST
Reactome_2022,Collagen Formation R-HSA-1474290,0.1157901428477149,0.5056182141735737,0,0,2.6145657316661035,5.63694054872611,CD151;LAMB3;MMP9
Reactome_2022,"Transport Of Vitamins, Nucleosides, And Related Molecules R-HSA-425397",0.11561278110327244,0.5056182141735737,0,0,3.589583333333333,7.744557506799829,SLCO4C1;NLRP3
Reactome_2022,FLT3 Signaling By CBL Mutants R-HSA-9706377,0.11440295226043645,0.5056182141735737,0,0,9.552890528905289,20.710937910457105,FLT3
Reactome_2022,Release Of Hh-Np From Secreting Cell R-HSA-5362798,0.11440295226043645,0.5056182141735737,0,0,9.552890528905289,20.710937910457105,DHH
Reactome_2022,STAT5 Activation R-HSA-9645135,0.11440295226043645,0.5056182141735737,0,0,9.552890528905289,20.710937910457105,FLT3
Reactome_2022,Cell Junction Organization R-HSA-446728,0.11210307389855456,0.5056182141735737,0,0,2.6549613954818416,5.809949002800583,CD151;CADM1;LAMB3
Reactome_2022,Ligand-receptor Interactions R-HSA-5632681,0.11440295226043645,0.5056182141735737,0,0,9.552890528905289,20.710937910457105,DHH
GO_Biological_Process_2023,Positive Regulation Of Ubiquitin-Dependent Protein Catabolic Process (GO:2000060),0.3708378646070134,0.5090113713862348,0,0,1.5693556570268898,1.5567856431942133,CEBPA;SH3RF2
GO_Biological_Process_2023,Regulation Of Actin Cytoskeleton Organization (GO:0032956),0.3708378646070134,0.5090113713862348,0,0,1.5693556570268898,1.5567856431942133,PDGFRB;FSCN1
GO_Biological_Process_2023,Response To Peptide (GO:1901652),0.3743202520618774,0.5091127269351527,0,0,2.201674709054783,2.1634614719502565,MMP9
GO_Biological_Process_2023,Regulation Of Protein Targeting To Membrane (GO:0090313),0.3743202520618774,0.5091127269351527,0,0,2.201674709054783,2.1634614719502565,ITGAM
GO_Biological_Process_2023,Positive Regulation Of Epidermal Growth Factor Receptor Signaling Pathway (GO:0045742),0.3743202520618774,0.5091127269351527,0,0,2.201674709054783,2.1634614719502565,MMP9
GO_Biological_Process_2023,Negative Regulation Of Fat Cell Differentiation (GO:0045599),0.3743202520618774,0.5091127269351527,0,0,2.201674709054783,2.1634614719502565,TNF
GO_Biological_Process_2023,Neutral Amino Acid Transport (GO:0015804),0.3743202520618774,0.5091127269351527,0,0,2.201674709054783,2.1634614719502565,SLC7A8
GO_Biological_Process_2023,Carboxylic Acid Metabolic Process (GO:0019752),0.3743202520618774,0.5091127269351527,0,0,2.201674709054783,2.1634614719502565,CYP4F22
GO_Biological_Process_2023,Heart Looping (GO:0001947),0.3743202520618774,0.5091127269351527,0,0,2.201674709054783,2.1634614719502565,MEF2C
GO_Biological_Process_2023,Keratinocyte Differentiation (GO:0030216),0.3743202520618774,0.5091127269351527,0,0,2.201674709054783,2.1634614719502565,JAG1
GO_Biological_Process_2023,Negative Regulation Of Peptidyl-Tyrosine Phosphorylation (GO:0050732),0.3743202520618774,0.5091127269351527,0,0,2.201674709054783,2.1634614719502565,CD300A
GO_Biological_Process_2023,Digestive Tract Development (GO:0048565),0.3743202520618774,0.5091127269351527,0,0,2.201674709054783,2.1634614719502565,TNF
GO_Biological_Process_2023,Negative Regulation Of Endothelial Cell Proliferation (GO:0001937),0.3743202520618774,0.5091127269351527,0,0,2.201674709054783,2.1634614719502565,MEF2C
KEGG_2021_Human,Prolactin signaling pathway,0.2953430405305961,0.5109903399656346,0,0,1.879538554948391,2.2923185814914344,CCND1;TNFSF11
KEGG_2021_Human,Proximal tubule bicarbonate reclamation,0.29338404509012844,0.5109903399656346,0,0,3.0141775101961548,3.6962038774354102,ATP1B4
GO_Biological_Process_2023,Positive Regulation Of Proteasomal Ubiquitin-Dependent Protein Catabolic Process (GO:0032436),0.37700091585046724,0.5119111609440642,0,0,1.548048048048048,1.510132732364089,CEBPA;SH3RF2
GO_Biological_Process_2023,Negative Regulation Of NF-kappaB Transcription Factor Activity (GO:0032088),0.37700091585046724,0.5119111609440642,0,0,1.548048048048048,1.510132732364089,NLRP3;CMKLR1
GO_Biological_Process_2023,Cellular Response To Growth Factor Stimulus (GO:0071363),0.378492628957308,0.5135122951088829,0,0,1.3752267657992565,1.3361135021710218,NTRK1;MEF2C;XCL1
GO_Biological_Process_2023,Proteolysis (GO:0006508),0.3796164328322448,0.5146120454978368,0,0,1.246458231558378,1.2073118687592457,ACE;MMP15;DHH;GZMB;MMP9
GO_Biological_Process_2023,Regulation Of Peptide Hormone Secretion (GO:0090276),0.3851023472605467,0.5160874033842401,0,0,2.1199945332786663,2.0229966065248917,TNF
GO_Biological_Process_2023,Regulation Of Protein Localization To Cell Surface (GO:2000008),0.3851023472605467,0.5160874033842401,0,0,2.1199945332786663,2.0229966065248917,TNF
GO_Biological_Process_2023,Heterophilic Cell-Cell Adhesion Via Plasma Membrane Cell Adhesion Molecules (GO:0007157),0.3851023472605467,0.5160874033842401,0,0,2.1199945332786663,2.0229966065248917,CADM1
GO_Biological_Process_2023,Negative Regulation Of Carbohydrate Metabolic Process (GO:0045912),0.3851023472605467,0.5160874033842401,0,0,2.1199945332786663,2.0229966065248917,PLEK
GO_Biological_Process_2023,Positive Regulation Of Lamellipodium Organization (GO:1902745),0.3851023472605467,0.5160874033842401,0,0,2.1199945332786663,2.0229966065248917,FSCN1
GO_Biological_Process_2023,Negative Regulation Of DNA-templated Transcription (GO:0045892),0.38456755365322004,0.5160874033842401,0,0,1.107605421686747,1.0584674079275385,KLF10;CEBPA;CIITA;MEF2C;TSHZ3;SOX13;FASLG;ASCL2;HDAC9;TNF;ZEB2;ZFP57;CCND1;TBX21;ID1;XCL1
GO_Biological_Process_2023,Negative Regulation Of Interleukin-6 Production (GO:0032715),0.3851023472605467,0.5160874033842401,0,0,2.1199945332786663,2.0229966065248917,TNF
GO_Biological_Process_2023,Positive Regulation Of Nitrogen Compound Metabolic Process (GO:0051173),0.3851023472605467,0.5160874033842401,0,0,2.1199945332786663,2.0229966065248917,TNF
GO_Biological_Process_2023,Regulation Of Cell Adhesion Mediated By Integrin (GO:0033628),0.3851023472605467,0.5160874033842401,0,0,2.1199945332786663,2.0229966065248917,LYN
GO_Biological_Process_2023,Positive Regulation Of Carbohydrate Metabolic Process (GO:0045913),0.3851023472605467,0.5160874033842401,0,0,2.1199945332786663,2.0229966065248917,CD244
GO_Biological_Process_2023,Regulation Of DNA Biosynthetic Process (GO:2000278),0.3851023472605467,0.5160874033842401,0,0,2.1199945332786663,2.0229966065248917,PDGFRB
GO_Biological_Process_2023,Actin Filament Bundle Organization (GO:0061572),0.3851023472605467,0.5160874033842401,0,0,2.1199945332786663,2.0229966065248917,FSCN1
GO_Biological_Process_2023,Negative Regulation Of Endocytosis (GO:0045806),0.3851023472605467,0.5160874033842401,0,0,2.1199945332786663,2.0229966065248917,LILRB1
GO_Biological_Process_2023,Regulation Of Protein Autophosphorylation (GO:0031952),0.3851023472605467,0.5160874033842401,0,0,2.1199945332786663,2.0229966065248917,PDGFD
KEGG_2021_Human,Thyroid hormone signaling pathway,0.3032393257964572,0.5164544767470911,0,0,1.5787319668496982,1.8837949722721434,CCND1;PLCG2;ATP1B4
KEGG_2021_Human,Thyroid hormone synthesis,0.3017145063672838,0.5164544767470911,0,0,1.8491039426523297,2.215733273710411,TPO;ATP1B4
Reactome_2022,Platelet Homeostasis R-HSA-418346,0.11952238816524043,0.5172772209118602,0,0,2.575375908561283,5.470746333828654,NANOS1;FGR;P2RX1
GO_Biological_Process_2023,Positive Regulation Of Developmental Process (GO:0051094),0.3902764016848299,0.5225950513188065,0,0,1.2735489220563847,1.1982822681470038,EDN3;DLG5;SCX;TNF
GO_Biological_Process_2023,Positive Regulation Of Substrate Adhesion-Dependent Cell Spreading (GO:1900026),0.39569930978266094,0.5230361753603475,0,0,2.044148655772272,1.8951315983354047,DOCK5
GO_Biological_Process_2023,'De Novo' Post-Translational Protein Folding (GO:0051084),0.39569930978266094,0.5230361753603475,0,0,2.044148655772272,1.8951315983354047,HSPA2
GO_Biological_Process_2023,Positive Regulation Of Interleukin-12 Production (GO:0032735),0.39569930978266094,0.5230361753603475,0,0,2.044148655772272,1.8951315983354047,PLCG2
GO_Biological_Process_2023,Positive Regulation Of Cytokinesis (GO:0032467),0.39569930978266094,0.5230361753603475,0,0,2.044148655772272,1.8951315983354047,TAS2R13
GO_Biological_Process_2023,Positive Regulation Of Immune Effector Process (GO:0002699),0.39569930978266094,0.5230361753603475,0,0,2.044148655772272,1.8951315983354047,LILRB1
GO_Biological_Process_2023,Aortic Valve Development (GO:0003176),0.39569930978266094,0.5230361753603475,0,0,2.044148655772272,1.8951315983354047,JAG1
GO_Biological_Process_2023,Regulation Of Protein Polymerization (GO:0032271),0.39569930978266094,0.5230361753603475,0,0,2.044148655772272,1.8951315983354047,TPPP3
GO_Biological_Process_2023,Negative Regulation Of Smooth Muscle Cell Proliferation (GO:0048662),0.39569930978266094,0.5230361753603475,0,0,2.044148655772272,1.8951315983354047,MEF2C
GO_Biological_Process_2023,"Phagocytosis, Engulfment (GO:0006911)",0.39569930978266094,0.5230361753603475,0,0,2.044148655772272,1.8951315983354047,ITGAM
GO_Biological_Process_2023,Positive Regulation Of B Cell Proliferation (GO:0030890),0.39569930978266094,0.5230361753603475,0,0,2.044148655772272,1.8951315983354047,MEF2C
GO_Biological_Process_2023,Positive Regulation Of T Cell Mediated Cytotoxicity (GO:0001916),0.39569930978266094,0.5230361753603475,0,0,2.044148655772272,1.8951315983354047,XCL1
GO_Biological_Process_2023,Intracellular pH Reduction (GO:0051452),0.39569930978266094,0.5230361753603475,0,0,2.044148655772272,1.8951315983354047,SLAMF8
GO_Biological_Process_2023,Integrated Stress Response Signaling (GO:0140467),0.39569930978266094,0.5230361753603475,0,0,2.044148655772272,1.8951315983354047,CEBPA
GO_Biological_Process_2023,Determination Of Heart Left/Right Asymmetry (GO:0061371),0.39569930978266094,0.5230361753603475,0,0,2.044148655772272,1.8951315983354047,MEF2C
GO_Biological_Process_2023,Actin Filament Bundle Assembly (GO:0051017),0.39569930978266094,0.5230361753603475,0,0,2.044148655772272,1.8951315983354047,FSCN1
GO_Biological_Process_2023,Regulation Of Response To Biotic Stimulus (GO:0002831),0.39569930978266094,0.5230361753603475,0,0,2.044148655772272,1.8951315983354047,FGR
GO_Biological_Process_2023,Negative Regulation Of Protein Phosphorylation (GO:0001933),0.397115778120666,0.5244865140291433,0,0,1.3322382640269732,1.230358551169217,LYN;SPRED2;SFN
GO_Biological_Process_2023,Epithelial Cell Differentiation (GO:0030855),0.4013937922990899,0.5297108439738191,0,0,1.468281101614435,1.3402650609575126,JAG1;DHRS9
GO_Biological_Process_2023,Negative Regulation Of Protein Secretion (GO:0050709),0.40611430692658007,0.5298972343706747,0,0,1.9735335284387328,1.778391746578506,F2R
GO_Biological_Process_2023,Dendrite Morphogenesis (GO:0048813),0.40611430692658007,0.5298972343706747,0,0,1.9735335284387328,1.778391746578506,ZNF365
GO_Biological_Process_2023,Connective Tissue Development (GO:0061448),0.40611430692658007,0.5298972343706747,0,0,1.9735335284387328,1.778391746578506,SCX
GO_Biological_Process_2023,Platelet Aggregation (GO:0070527),0.40611430692658007,0.5298972343706747,0,0,1.9735335284387328,1.778391746578506,PLEK
GO_Biological_Process_2023,Negative Regulation Of Secretion By Cell (GO:1903531),0.40611430692658007,0.5298972343706747,0,0,1.9735335284387328,1.778391746578506,LILRB1
GO_Biological_Process_2023,Positive Regulation Of Immunoglobulin Production (GO:0002639),0.40611430692658007,0.5298972343706747,0,0,1.9735335284387328,1.778391746578506,XCL1
GO_Biological_Process_2023,Positive Regulation Of Myoblast Differentiation (GO:0045663),0.40611430692658007,0.5298972343706747,0,0,1.9735335284387328,1.778391746578506,MEF2C
GO_Biological_Process_2023,Regulation Of DNA Recombination (GO:0000018),0.40611430692658007,0.5298972343706747,0,0,1.9735335284387328,1.778391746578506,ZNF365
GO_Biological_Process_2023,Positive Regulation Of Peptide Hormone Secretion (GO:0090277),0.40611430692658007,0.5298972343706747,0,0,1.9735335284387328,1.778391746578506,TNFSF11
GO_Biological_Process_2023,Regulation Of Lamellipodium Assembly (GO:0010591),0.40611430692658007,0.5298972343706747,0,0,1.9735335284387328,1.778391746578506,FSCN1
GO_Biological_Process_2023,Actin Filament Polymerization (GO:0030041),0.40611430692658007,0.5298972343706747,0,0,1.9735335284387328,1.778391746578506,GAS7
GO_Biological_Process_2023,Regulation Of Metaphase/Anaphase Transition Of Cell Cycle (GO:1902099),0.40611430692658007,0.5298972343706747,0,0,1.9735335284387328,1.778391746578506,HECW2
GO_Biological_Process_2023,Semaphorin-Plexin Signaling Pathway (GO:0071526),0.40611430692658007,0.5298972343706747,0,0,1.9735335284387328,1.778391746578506,PLXNA2
GO_Biological_Process_2023,Regulation Of Activated T Cell Proliferation (GO:0046006),0.40611430692658007,0.5298972343706747,0,0,1.9735335284387328,1.778391746578506,TNFSF9
GO_Biological_Process_2023,Negative Regulation Of Cell Migration (GO:0030336),0.40637280298664036,0.5298972343706747,0,0,1.3117284826470672,1.1811909133302705,ADGRG1;JAG1;DLG5
GO_Biological_Process_2023,Positive Regulation Of Proteasomal Protein Catabolic Process (GO:1901800),0.40742265738793726,0.5304242678988755,0,0,1.4496015002344116,1.3016032204992396,CEBPA;SH3RF2
GO_Biological_Process_2023,Positive Regulation Of Supramolecular Fiber Organization (GO:1902905),0.40742265738793726,0.5304242678988755,0,0,1.4496015002344116,1.3016032204992396,CDC42EP4;PLEK
Reactome_2022,RUNX3 Regulates WNT Signaling R-HSA-8951430,0.12964479144370264,0.5306391463742248,0,0,8.187664733790195,16.727046504887248,CCND1
Reactome_2022,Synthesis Of PG R-HSA-1483148,0.12964479144370264,0.5306391463742248,0,0,8.187664733790195,16.727046504887248,PLD4
Reactome_2022,Toll-like Receptor Cascades R-HSA-168898,0.12695670722331315,0.5306391463742248,0,0,1.9342432697383305,3.992102360774516,MEF2C;ITGAM;PLCG2;MAP3K8;TLR6
Reactome_2022,Keratan Sulfate Degradation R-HSA-2022857,0.12964479144370264,0.5306391463742248,0,0,8.187664733790195,16.727046504887248,PRELP
Reactome_2022,FGFRL1 Modulation Of FGFR1 Signaling R-HSA-5658623,0.12964479144370264,0.5306391463742248,0,0,8.187664733790195,16.727046504887248,SPRED2
Reactome_2022,PI3K/AKT Activation R-HSA-198203,0.12964479144370264,0.5306391463742248,0,0,8.187664733790195,16.727046504887248,NTRK1
Reactome_2022,Prostanoid Ligand Receptors R-HSA-391908,0.12964479144370264,0.5306391463742248,0,0,8.187664733790195,16.727046504887248,PTGDR2
GO_Biological_Process_2023,Negative Regulation Of BMP Signaling Pathway (GO:0030514),0.4163504518854933,0.5352611834490341,0,0,1.9076260762607626,1.671515268906113,CRIM1
GO_Biological_Process_2023,Positive Regulation Of Cell Division (GO:0051781),0.4163504518854933,0.5352611834490341,0,0,1.9076260762607626,1.671515268906113,TAS2R13
GO_Biological_Process_2023,Positive Regulation Of Actin Filament Polymerization (GO:0030838),0.4163504518854933,0.5352611834490341,0,0,1.9076260762607626,1.671515268906113,CDC42EP4
GO_Biological_Process_2023,Positive Regulation Of Signaling Receptor Activity (GO:2000273),0.4163504518854933,0.5352611834490341,0,0,1.9076260762607626,1.671515268906113,ADRB2
GO_Biological_Process_2023,Negative Regulation Of JNK Cascade (GO:0046329),0.4163504518854933,0.5352611834490341,0,0,1.9076260762607626,1.671515268906113,SH3RF2
GO_Biological_Process_2023,Organophosphate Biosynthetic Process (GO:0090407),0.4163504518854933,0.5352611834490341,0,0,1.9076260762607626,1.671515268906113,FADS1
GO_Biological_Process_2023,Phosphatidylinositol 3-Kinase Signaling (GO:0014065),0.4163504518854933,0.5352611834490341,0,0,1.9076260762607626,1.671515268906113,FCGR3A
GO_Biological_Process_2023,Cellular Response To Organonitrogen Compound (GO:0071417),0.41342210635264,0.5352611834490341,0,0,1.4313888888888888,1.264325993240851,MEF2C;P2RY2
GO_Biological_Process_2023,Regulation Of Cellular Senescence (GO:2000772),0.4163504518854933,0.5352611834490341,0,0,1.9076260762607626,1.671515268906113,NUAK1
GO_Biological_Process_2023,Positive Regulation Of Bone Mineralization (GO:0030501),0.4163504518854933,0.5352611834490341,0,0,1.9076260762607626,1.671515268906113,MEF2C
GO_Biological_Process_2023,Embryonic Heart Tube Morphogenesis (GO:0003143),0.4163504518854933,0.5352611834490341,0,0,1.9076260762607626,1.671515268906113,MEF2C
GO_Biological_Process_2023,Visual System Development (GO:0150063),0.4163504518854933,0.5352611834490341,0,0,1.9076260762607626,1.671515268906113,ITGAM
GO_Biological_Process_2023,Interferon-Mediated Signaling Pathway (GO:0140888),0.4163504518854933,0.5352611834490341,0,0,1.9076260762607626,1.671515268906113,IFITM3
GO_Biological_Process_2023,Collagen Fibril Organization (GO:0030199),0.4163504518854933,0.5352611834490341,0,0,1.9076260762607626,1.671515268906113,SCX
GO_Biological_Process_2023,Regulation Of Neurotransmitter Secretion (GO:0046928),0.4163504518854933,0.5352611834490341,0,0,1.9076260762607626,1.671515268906113,MEF2C
GO_Biological_Process_2023,Regulation Of G2/M Transition Of Mitotic Cell Cycle (GO:0010389),0.4163504518854933,0.5352611834490341,0,0,1.9076260762607626,1.671515268906113,CCND1
GO_Biological_Process_2023,Positive Regulation Of Cellular Component Biogenesis (GO:0044089),0.41939136615006517,0.5387490340770579,0,0,1.413625971650663,1.228371343932237,PLEK;TNF
Reactome_2022,Interleukin-10 Signaling R-HSA-6783783,0.13283551827608828,0.5395165665367277,0,0,3.2812698412698413,6.6237144332085975,CCL4;TNF
GO_Biological_Process_2023,Synaptic Vesicle Endocytosis (GO:0048488),0.42641080497592004,0.5439386277759601,0,0,1.8459707177716937,1.5734169559021087,NLGN4Y
GO_Biological_Process_2023,Microtubule Polymerization (GO:0046785),0.42641080497592004,0.5439386277759601,0,0,1.8459707177716937,1.5734169559021087,TPPP3
GO_Biological_Process_2023,Positive Regulation Of Establishment Of Protein Localization To Mitochondrion (GO:1903749),0.42641080497592004,0.5439386277759601,0,0,1.8459707177716937,1.5734169559021087,GZMB
GO_Biological_Process_2023,Sensory Perception (GO:0007600),0.42641080497592004,0.5439386277759601,0,0,1.8459707177716937,1.5734169559021087,PROK2
GO_Biological_Process_2023,Defense Response To Gram-negative Bacterium (GO:0050829),0.42641080497592004,0.5439386277759601,0,0,1.8459707177716937,1.5734169559021087,DEFA1
GO_Biological_Process_2023,Carboxylic Acid Transmembrane Transport (GO:1905039),0.42641080497592004,0.5439386277759601,0,0,1.8459707177716937,1.5734169559021087,SLC7A8
GO_Biological_Process_2023,Apoptotic Mitochondrial Changes (GO:0008637),0.42641080497592004,0.5439386277759601,0,0,1.8459707177716937,1.5734169559021087,SFN
GO_Biological_Process_2023,NIK/NF-kappaB Signaling (GO:0038061),0.42641080497592004,0.5439386277759601,0,0,1.8459707177716937,1.5734169559021087,TLR6
GO_Biological_Process_2023,Amino Acid Transport (GO:0006865),0.42641080497592004,0.5439386277759601,0,0,1.8459707177716937,1.5734169559021087,SLC7A8
KEGG_2021_Human,Sphingolipid signaling pathway,0.3220841506814043,0.5442972468879544,0,0,1.5224528736388458,1.7248514583130476,PPP2R2B;FCER1A;TNF
Reactome_2022,Degradation Of Extracellular Matrix R-HSA-1474228,0.14280491972921758,0.5454438186655691,0,0,2.3627845393899274,4.598630317139099,LAMB3;MMP15;MMP9
Reactome_2022,Organic Cation Transport R-HSA-549127,0.14462525494920395,0.5454438186655691,0,0,7.163745387453875,13.851884923513202,SLC22A15
Reactome_2022,Hyaluronan Uptake And Degradation R-HSA-2160916,0.14462525494920395,0.5454438186655691,0,0,7.163745387453875,13.851884923513202,HYAL3
Reactome_2022,CS/DS Degradation R-HSA-2024101,0.14462525494920395,0.5454438186655691,0,0,7.163745387453875,13.851884923513202,HYAL3
Reactome_2022,Diseases Of Signal Transduction By Growth Factor Receptors And Second Messengers R-HSA-5663202,0.13676260347063787,0.5454438186655691,0,0,1.5225994375251104,3.0292247934769767,LYN;PDGFRB;JAG2;SPRED2;JAG1;FLT3;DHH;FAM131B;PIK3AP1;HDAC9
Reactome_2022,Signaling By SCF-KIT R-HSA-1433557,0.1446195869521301,0.5454438186655691,0,0,3.1035035035035037,6.001084963596575,LYN;MMP9
Reactome_2022,Activation Of Arylsulfatases R-HSA-1663150,0.14462525494920395,0.5454438186655691,0,0,7.163745387453875,13.851884923513202,ARSD
Reactome_2022,Organic Cation/Anion/Zwitterion Transport R-HSA-549132,0.14462525494920395,0.5454438186655691,0,0,7.163745387453875,13.851884923513202,SLC22A15
Reactome_2022,Miscellaneous Substrates R-HSA-211958,0.14462525494920395,0.5454438186655691,0,0,7.163745387453875,13.851884923513202,CYP4F22
Reactome_2022,Urea Cycle R-HSA-70635,0.14462525494920395,0.5454438186655691,0,0,7.163745387453875,13.851884923513202,CYP21A2
GO_Biological_Process_2023,Negative Regulation Of Canonical Wnt Signaling Pathway (GO:0090090),0.4312364004190634,0.5496674987498225,0,0,1.379384203480589,1.1601984622815709,LATS2;SOX13
GO_Biological_Process_2023,L-alpha-amino Acid Transmembrane Transport (GO:1902475),0.4362983741058548,0.5497225679876684,0,0,1.788168819188192,1.4831589421516247,SLC7A8
GO_Biological_Process_2023,Regulation Of Filopodium Assembly (GO:0051489),0.4362983741058548,0.5497225679876684,0,0,1.788168819188192,1.4831589421516247,FSCN1
GO_Biological_Process_2023,Positive Regulation Of Biomineral Tissue Development (GO:0070169),0.4362983741058548,0.5497225679876684,0,0,1.788168819188192,1.4831589421516247,MEF2C
GO_Biological_Process_2023,Positive Regulation Of Ossification (GO:0045778),0.4362983741058548,0.5497225679876684,0,0,1.788168819188192,1.4831589421516247,MEF2C
GO_Biological_Process_2023,Positive Regulation Of Protein Tyrosine Kinase Activity (GO:0061098),0.4362983741058548,0.5497225679876684,0,0,1.788168819188192,1.4831589421516247,ACE
GO_Biological_Process_2023,Positive Regulation Of Telomerase Activity (GO:0051973),0.4362983741058548,0.5497225679876684,0,0,1.788168819188192,1.4831589421516247,PARM1
GO_Biological_Process_2023,Membrane Assembly (GO:0071709),0.4362983741058548,0.5497225679876684,0,0,1.788168819188192,1.4831589421516247,NLGN4Y
GO_Biological_Process_2023,Regulation Of Erythrocyte Differentiation (GO:0045646),0.4362983741058548,0.5497225679876684,0,0,1.788168819188192,1.4831589421516247,LYN
GO_Biological_Process_2023,Amino Acid Catabolic Process (GO:0009063),0.4362983741058548,0.5497225679876684,0,0,1.788168819188192,1.4831589421516247,HDC
GO_Biological_Process_2023,Regulation Of Primary Metabolic Process (GO:0080090),0.4362983741058548,0.5497225679876684,0,0,1.788168819188192,1.4831589421516247,PLCG2
GO_Biological_Process_2023,Interstrand Cross-Link Repair (GO:0036297),0.4362983741058548,0.5497225679876684,0,0,1.788168819188192,1.4831589421516247,FSCN1
GO_Biological_Process_2023,Import Into Cell (GO:0098657),0.4362983741058548,0.5497225679876684,0,0,1.788168819188192,1.4831589421516247,SLC7A8
GO_Biological_Process_2023,Stem Cell Differentiation (GO:0048863),0.4362983741058548,0.5497225679876684,0,0,1.788168819188192,1.4831589421516247,MEF2C
GO_Biological_Process_2023,Cilium Movement (GO:0003341),0.4362983741058548,0.5497225679876684,0,0,1.788168819188192,1.4831589421516247,RSPH6A
GO_Biological_Process_2023,Cellular Response To Retinoic Acid (GO:0071300),0.4362983741058548,0.5497225679876684,0,0,1.788168819188192,1.4831589421516247,LYN
GO_Biological_Process_2023,MAPK Cascade (GO:0000165),0.43711080033066213,0.5503241723703279,0,0,1.3628747795414462,1.127872330154848,MEF2C;TNF
KEGG_2021_Human,Tyrosine metabolism,0.3292752570773536,0.552169277252793,0,0,2.602650117410265,2.8911831116224227,TPO
KEGG_2021_Human,Gap junction,0.33339412604260427,0.5548085456281506,0,0,1.7105583195135434,1.8789284503218722,PDGFRB;PDGFD
GO_Biological_Process_2023,Regulation Of Axon Extension (GO:0030516),0.4460161161086892,0.5564194979245075,0,0,1.733870065973387,1.3999270256300096,SHTN1
GO_Biological_Process_2023,Regulation Of T Cell Receptor Signaling Pathway (GO:0050856),0.4460161161086892,0.5564194979245075,0,0,1.733870065973387,1.3999270256300096,CD300A
GO_Biological_Process_2023,Negative Regulation Of Cell-Substrate Adhesion (GO:0010812),0.4460161161086892,0.5564194979245075,0,0,1.733870065973387,1.3999270256300096,JAG1
GO_Biological_Process_2023,Positive Regulation Of Wound Healing (GO:0090303),0.4460161161086892,0.5564194979245075,0,0,1.733870065973387,1.3999270256300096,F2R
GO_Biological_Process_2023,Negative Regulation Of Macromolecule Biosynthetic Process (GO:0010558),0.442952260047158,0.5564194979245075,0,0,1.3467538126361656,1.096652579275192,NANOS1;GZMB
GO_Biological_Process_2023,Positive Regulation Of ATP-dependent Activity (GO:0032781),0.4460161161086892,0.5564194979245075,0,0,1.733870065973387,1.3999270256300096,TNNT2
GO_Biological_Process_2023,Negative Regulation Of Transport (GO:0051051),0.4460161161086892,0.5564194979245075,0,0,1.733870065973387,1.3999270256300096,LILRB1
GO_Biological_Process_2023,Negative Regulation Of Stress-Activated MAPK Cascade (GO:0032873),0.4460161161086892,0.5564194979245075,0,0,1.733870065973387,1.3999270256300096,SH3RF2
GO_Biological_Process_2023,Epidermal Cell Differentiation (GO:0009913),0.4460161161086892,0.5564194979245075,0,0,1.733870065973387,1.3999270256300096,JAG1
GO_Biological_Process_2023,Positive Regulation Of Production Of Molecular Mediator Of Immune Response (GO:0002702),0.4460161161086892,0.5564194979245075,0,0,1.733870065973387,1.3999270256300096,XCL1
GO_Biological_Process_2023,Regulation Of Chemokine Production (GO:0032642),0.4460161161086892,0.5564194979245075,0,0,1.733870065973387,1.3999270256300096,TNF
GO_Biological_Process_2023,Cell Chemotaxis (GO:0060326),0.4460161161086892,0.5564194979245075,0,0,1.733870065973387,1.3999270256300096,PDGFRB
Reactome_2022,Signaling By Interleukins R-HSA-449147,0.14981300043320275,0.5610018739626316,0,0,1.4904186668765247,2.829362248891341,LYN;MEF2C;ITGAM;CCND1;CCL4;FSCN1;MAP3K8;FASLG;MMP9;TNF
GO_Biological_Process_2023,Regulation Of Neuron Projection Development (GO:0010975),0.45195302124432035,0.5633981896088152,0,0,1.2179071422921774,0.9672338890798808,LYN;NTRK1;ZNF365
GO_Biological_Process_2023,Regulation Of Protein Tyrosine Kinase Activity (GO:0061097),0.455566937304068,0.5640516036100857,0,0,1.6827653570653354,1.3230113595707567,ACE
GO_Biological_Process_2023,Secondary Alcohol Metabolic Process (GO:1902652),0.455566937304068,0.5640516036100857,0,0,1.6827653570653354,1.3230113595707567,SULT2B1
GO_Biological_Process_2023,Positive Regulation Of miRNA Transcription (GO:1902895),0.455566937304068,0.5640516036100857,0,0,1.6827653570653354,1.3230113595707567,TNF
GO_Biological_Process_2023,Substantia Nigra Development (GO:0021762),0.455566937304068,0.5640516036100857,0,0,1.6827653570653354,1.3230113595707567,SYNGR3
GO_Biological_Process_2023,Endothelial Cell Migration (GO:0043542),0.455566937304068,0.5640516036100857,0,0,1.6827653570653354,1.3230113595707567,ID1
GO_Biological_Process_2023,Regulation Of Cell-Cell Adhesion (GO:0022407),0.455566937304068,0.5640516036100857,0,0,1.6827653570653354,1.3230113595707567,JAG1
GO_Biological_Process_2023,Regulation Of Axonogenesis (GO:0050770),0.455566937304068,0.5640516036100857,0,0,1.6827653570653354,1.3230113595707567,PLXNA2
GO_Biological_Process_2023,Negative Regulation Of Transmembrane Receptor Protein Serine/Threonine Kinase Signaling Pathway (GO:0090101),0.4545339609862442,0.5640516036100857,0,0,1.3156236696466581,1.0373464328597535,SPRED2;CRIM1
GO_Biological_Process_2023,Amino Acid Transmembrane Transport (GO:0003333),0.455566937304068,0.5640516036100857,0,0,1.6827653570653354,1.3230113595707567,SLC7A8
GO_Biological_Process_2023,Axonogenesis (GO:0007409),0.45643568345274516,0.564701677645226,0,0,1.2092517932876068,0.9484252260109095,SHTN1;EFNA3;PALLD
KEGG_2021_Human,Pathogenic Escherichia coli infection,0.3590472115415049,0.5713305993872122,0,0,1.3334779590419994,1.3658833278720874,F2R;NLRP3;FASLG;TNF
KEGG_2021_Human,IL-17 signaling pathway,0.3584408585259994,0.5713305993872122,0,0,1.6137715179968701,1.6557160246814977,TNF;MMP9
KEGG_2021_Human,Protein digestion and absorption,0.3584408585259994,0.5713305993872122,0,0,1.6137715179968701,1.6557160246814977,SLC7A8;ATP1B4
KEGG_2021_Human,Focal adhesion,0.3590472115415049,0.5713305993872122,0,0,1.3334779590419994,1.3658833278720874,PDGFRB;CCND1;LAMB3;PDGFD
KEGG_2021_Human,Dilated cardiomyopathy,0.3584408585259994,0.5713305993872122,0,0,1.6137715179968701,1.6557160246814977,TNNT2;TNF
KEGG_2021_Human,Measles,0.350352548386877,0.5713305993872122,0,0,1.4451282371684733,1.5156726783817285,CCND1;FASLG;HSPA2
GO_Biological_Process_2023,Intracellular Steroid Hormone Receptor Signaling Pathway (GO:0030518),0.46495369442622814,0.5713679281542954,0,0,1.634580917237744,1.2517906065834614,DEFA1
GO_Biological_Process_2023,Negative Regulation Of Cell-Cell Adhesion (GO:0022408),0.46495369442622814,0.5713679281542954,0,0,1.634580917237744,1.2517906065834614,JAG1
GO_Biological_Process_2023,Positive Regulation Of Osteoblast Differentiation (GO:0045669),0.46495369442622814,0.5713679281542954,0,0,1.634580917237744,1.2517906065834614,MEF2C
GO_Biological_Process_2023,Positive Regulation Of Response To Biotic Stimulus (GO:0002833),0.46495369442622814,0.5713679281542954,0,0,1.634580917237744,1.2517906065834614,SH2D1B
GO_Biological_Process_2023,Negative Regulation Of Protein Localization (GO:1903828),0.46495369442622814,0.5713679281542954,0,0,1.634580917237744,1.2517906065834614,LATS2
GO_Biological_Process_2023,Nucleic Acid-Templated Transcription (GO:0097659),0.46495369442622814,0.5713679281542954,0,0,1.634580917237744,1.2517906065834614,SCX
GO_Biological_Process_2023,Positive Regulation Of Blood Vessel Endothelial Cell Migration (GO:0043536),0.46495369442622814,0.5713679281542954,0,0,1.634580917237744,1.2517906065834614,HDAC9
GO_Biological_Process_2023,Positive Regulation Of Cell Cycle G1/S Phase Transition (GO:1902808),0.46495369442622814,0.5713679281542954,0,0,1.634580917237744,1.2517906065834614,PLCG2
GO_Biological_Process_2023,Regulation Of Peptidyl-Threonine Phosphorylation (GO:0010799),0.46495369442622814,0.5713679281542954,0,0,1.634580917237744,1.2517906065834614,SPRED2
Reactome_2022,STAT5 Activation Downstream Of FLT3 ITD Mutants R-HSA-9702518,0.15934880848996832,0.5723549039639678,0,0,6.367363673636737,11.694680353058574,FLT3
Reactome_2022,P2Y Receptors R-HSA-417957,0.15934880848996832,0.5723549039639678,0,0,6.367363673636737,11.694680353058574,P2RY2
Reactome_2022,Eicosanoids R-HSA-211979,0.15934880848996832,0.5723549039639678,0,0,6.367363673636737,11.694680353058574,CYP4F22
Reactome_2022,EPH-Ephrin Signaling R-HSA-2682334,0.15496956253610092,0.5723549039639678,0,0,2.2690765016630796,4.230753386053835,LYN;EFNA3;MMP9
Reactome_2022,RUNX3 Regulates p14-ARF R-HSA-8951936,0.15934880848996832,0.5723549039639678,0,0,6.367363673636737,11.694680353058574,CCND1
Reactome_2022,Fatty Acids R-HSA-211935,0.15934880848996832,0.5723549039639678,0,0,6.367363673636737,11.694680353058574,CYP4F22
Reactome_2022,Signaling By NOTCH R-HSA-157118,0.1612970467209341,0.5754381126260352,0,0,1.7775234660378232,3.2431050787417366,JAG2;JAG1;CCND1;GZMB;HDAC9
KEGG_2021_Human,Gastric cancer,0.3644472164279704,0.5757209650818662,0,0,1.4093180571637516,1.422528368911814,CCND1;GADD45B;GADD45G
GO_Biological_Process_2023,Neuron Projection Guidance (GO:0097485),0.4716452544450953,0.5787252823400236,0,0,1.271522633744856,0.9555850596650936,EFNA3;PALLD
GO_Biological_Process_2023,Calcium Ion Transport (GO:0006816),0.4716452544450953,0.5787252823400236,0,0,1.271522633744856,0.9555850596650936,NMUR1;MCOLN2
GO_Biological_Process_2023,Blood Vessel Morphogenesis (GO:0048514),0.4741791956881768,0.5801015774502416,0,0,1.5890733907339074,1.1857188582038813,ID1
GO_Biological_Process_2023,Lysosome Localization (GO:0032418),0.4741791956881768,0.5801015774502416,0,0,1.5890733907339074,1.1857188582038813,FCER1A
GO_Biological_Process_2023,Learning (GO:0007612),0.4741791956881768,0.5801015774502416,0,0,1.5890733907339074,1.1857188582038813,NLGN4Y
GO_Biological_Process_2023,Ceramide Biosynthetic Process (GO:0046513),0.4741791956881768,0.5801015774502416,0,0,1.5890733907339074,1.1857188582038813,CYP4F22
Reactome_2022,NOTCH4 Activation And Transmission Of Signal To Nucleus R-HSA-9013700,0.17381984174102383,0.5806229805135864,0,0,5.730258302583026,10.026438716720145,JAG1
Reactome_2022,Cytochrome P450 - Arranged By Substrate Type R-HSA-211897,0.18110590510000432,0.5806229805135864,0,0,2.6694229112833763,4.561171675679053,CYP21A2;CYP4F22
Reactome_2022,NOTCH2 Intracellular Domain Regulates Transcription R-HSA-2197563,0.17381984174102383,0.5806229805135864,0,0,5.730258302583026,10.026438716720145,GZMB
Reactome_2022,Signaling By NOTCH3 R-HSA-9012852,0.18110590510000432,0.5806229805135864,0,0,2.6694229112833763,4.561171675679053,JAG2;JAG1
Reactome_2022,Fc Epsilon Receptor (FCERI) Signaling R-HSA-2454202,0.18243355149443102,0.5806229805135864,0,0,1.8404776119402986,3.1313320578161568,LYN;SLC7A8;PLCG2;FCER1A
Reactome_2022,Metabolism Of Amine-Derived Hormones R-HSA-209776,0.18804266982542286,0.5806229805135864,0,0,5.208990271720899,8.704672669272009,TPO
Reactome_2022,Platelet Adhesion To Exposed Collagen R-HSA-75892,0.18804266982542286,0.5806229805135864,0,0,5.208990271720899,8.704672669272009,LYN
Reactome_2022,PECAM1 Interactions R-HSA-210990,0.18804266982542286,0.5806229805135864,0,0,5.208990271720899,8.704672669272009,LYN
Reactome_2022,"PI5P, PP2A And IER3 Regulate PI3K/AKT Signaling R-HSA-6811558",0.18451151965652648,0.5806229805135864,0,0,2.076768038697541,3.509828076194324,PDGFRB;FLT3;PIK3AP1
Reactome_2022,Interferon Signaling R-HSA-913531,0.18410416008194688,0.5806229805135864,0,0,1.6929940515532056,2.8649752685956686,IFITM3;CIITA;NCAM1;HLA-DQA1;HLA-DQB2
Reactome_2022,Inositol Phosphate Metabolism R-HSA-1483249,0.18731785324310582,0.5806229805135864,0,0,2.6085858585858586,4.369246592987312,PLCG2;PLD4
Reactome_2022,Acyl Chain Remodelling Of PG R-HSA-1482925,0.17381984174102383,0.5806229805135864,0,0,5.730258302583026,10.026438716720145,PLA2G4F
Reactome_2022,Hyaluronan Metabolism R-HSA-2142845,0.18804266982542286,0.5806229805135864,0,0,5.208990271720899,8.704672669272009,HYAL3
Reactome_2022,Erythropoietin Activates RAS R-HSA-9027284,0.18804266982542286,0.5806229805135864,0,0,5.208990271720899,8.704672669272009,LYN
Reactome_2022,Frs2-mediated Activation R-HSA-170968,0.17381984174102383,0.5806229805135864,0,0,5.730258302583026,10.026438716720145,NTRK1
Reactome_2022,Alpha-Linolenic (Omega3) And Linoleic (Omega6) Acid Metabolism R-HSA-2046104,0.17381984174102383,0.5806229805135864,0,0,5.730258302583026,10.026438716720145,FADS2
Reactome_2022,Erythropoietin Activates Phosphoinositide-3-kinase (PI3K) R-HSA-9027276,0.17381984174102383,0.5806229805135864,0,0,5.730258302583026,10.026438716720145,LYN
Reactome_2022,Dimerization Of Procaspase-8 R-HSA-69416,0.17381984174102383,0.5806229805135864,0,0,5.730258302583026,10.026438716720145,FASLG
Reactome_2022,CASP8 Activity Is Inhibited R-HSA-5218900,0.17381984174102383,0.5806229805135864,0,0,5.730258302583026,10.026438716720145,FASLG
Reactome_2022,Elevation Of Cytosolic Ca2+ Levels R-HSA-139853,0.18804266982542286,0.5806229805135864,0,0,5.208990271720899,8.704672669272009,P2RX1
Reactome_2022,Regulation Of Gene Expression In Beta Cells R-HSA-210745,0.18804266982542286,0.5806229805135864,0,0,5.208990271720899,8.704672669272009,MAFA
Reactome_2022,Regulation Of TLR By Endogenous Ligand R-HSA-5686938,0.18804266982542286,0.5806229805135864,0,0,5.208990271720899,8.704672669272009,TLR6
Reactome_2022,Retrograde Neurotrophin Signaling R-HSA-177504,0.18804266982542286,0.5806229805135864,0,0,5.208990271720899,8.704672669272009,NTRK1
Reactome_2022,SEMA3A-Plexin Repulsion Signaling By Inhibiting Integrin Adhesion R-HSA-399955,0.20202153436686254,0.5828818040748821,0,0,4.77460024600246,7.636404827656511,PLXNA2
Reactome_2022,PI3K/AKT Signaling In Cancer R-HSA-2219528,0.19321193387314908,0.5828818040748821,0,0,2.0276404985786134,3.3333752629863596,PDGFRB;FLT3;PIK3AP1
Reactome_2022,Biosynthesis Of DHA-derived SPMs R-HSA-9018677,0.20202153436686254,0.5828818040748821,0,0,4.77460024600246,7.636404827656511,GSTM4
Reactome_2022,RUNX3 Regulates NOTCH Signaling R-HSA-8941856,0.20202153436686254,0.5828818040748821,0,0,4.77460024600246,7.636404827656511,JAG1
Reactome_2022,Adaptive Immune System R-HSA-1280218,0.20124377771243415,0.5828818040748821,0,0,1.2973076721746262,2.079893322733073,LYN;CD300A;SIGLEC10;SH2D1B;LILRB1;LILRA4;KLRK1;HECW2;PLCG2;KLRF1;MAP3K8;TLR6;PIK3AP1;HLA-DQB2;HLA-DQA1
Reactome_2022,Signal Regulatory Protein Family Interactions R-HSA-391160,0.20202153436686254,0.5828818040748821,0,0,4.77460024600246,7.636404827656511,SKAP2
Reactome_2022,Signaling By PDGF R-HSA-186797,0.19355909139856442,0.5828818040748821,0,0,2.5504526748971195,4.18828306986556,PDGFRB;PDGFD
Reactome_2022,Cyclin D Associated Events In G1 R-HSA-69231,0.19355909139856442,0.5828818040748821,0,0,2.5504526748971195,4.18828306986556,LYN;CCND1
Reactome_2022,Prolonged ERK Activation Events R-HSA-169893,0.20202153436686254,0.5828818040748821,0,0,4.77460024600246,7.636404827656511,NTRK1
Reactome_2022,Canonical Retinoid Cycle In Rods (Twilight Vision) R-HSA-2453902,0.20202153436686254,0.5828818040748821,0,0,4.77460024600246,7.636404827656511,DHRS9
Reactome_2022,Eicosanoid Ligand-Binding Receptors R-HSA-391903,0.20202153436686254,0.5828818040748821,0,0,4.77460024600246,7.636404827656511,PTGDR2
Reactome_2022,TNFR1-induced Proapoptotic Signaling R-HSA-5357786,0.20202153436686254,0.5828818040748821,0,0,4.77460024600246,7.636404827656511,TNF
GO_Biological_Process_2023,Response To Lipid (GO:0033993),0.47727735951089306,0.583457367318748,0,0,1.2574684574684574,0.9300959637598556,F2R;PLCG2
GO_Biological_Process_2023,Positive Regulation Of Cell Differentiation (GO:0045597),0.47829704308100235,0.5842691760461612,0,0,1.1275641496948754,0.8316048444367209,MEF2C;EDN3;GDPD5;CMKLR1
GO_Biological_Process_2023,Cellular Response To Glucose Starvation (GO:0042149),0.4832462010860388,0.5876931964355009,0,0,1.5460257305275755,1.1243147801560374,NUAK1
GO_Biological_Process_2023,Positive Regulation Of Cellular Component Organization (GO:0051130),0.4828728845268252,0.5876931964355009,0,0,1.243719806763285,0.9054303065253063,CD151;TNF
GO_Biological_Process_2023,Regulation Of Release Of Cytochrome C From Mitochondria (GO:0090199),0.4832462010860388,0.5876931964355009,0,0,1.5460257305275755,1.1243147801560374,MMP9
GO_Biological_Process_2023,Positive Regulation Of T Cell Mediated Immunity (GO:0002711),0.4832462010860388,0.5876931964355009,0,0,1.5460257305275755,1.1243147801560374,XCL1
GO_Biological_Process_2023,Synaptic Vesicle Recycling (GO:0036465),0.4832462010860388,0.5876931964355009,0,0,1.5460257305275755,1.1243147801560374,NLGN4Y
GO_Biological_Process_2023,Protein Deacetylation (GO:0006476),0.4832462010860388,0.5876931964355009,0,0,1.5460257305275755,1.1243147801560374,HDAC9
Reactome_2022,Hemostasis R-HSA-109582,0.20598004988322274,0.5910731866214217,0,0,1.3542304895881838,2.139651617996557,FGR;LYN;NANOS1;DOCK5;ITGAM;SLC7A8;P2RX1;PLEK;F2R;PLCG2;CD244
GO_Biological_Process_2023,Regulation Of Cell Differentiation (GO:0045595),0.4873639146517385,0.592262508707697,0,0,1.1519173673311545,0.8279339000922588,EDN3;TNF;FADS1
GO_Biological_Process_2023,Circulatory System Development (GO:0072359),0.4884314181311752,0.5926830280572531,0,0,1.2302668259657508,0.8815553342585968,MEF2C;HDAC9
GO_Biological_Process_2023,Synapse Organization (GO:0050808),0.4884314181311752,0.5926830280572531,0,0,1.2302668259657508,0.8815553342585968,CX3CR1;F2R
GO_Biological_Process_2023,Regulation Of Cell-Substrate Adhesion (GO:0010810),0.49215742375910954,0.593260929740438,0,0,1.5052437366478928,1.0671525519673886,FBLN2
GO_Biological_Process_2023,Establishment Or Maintenance Of Epithelial Cell Apical/Basal Polarity (GO:0045197),0.49215742375910954,0.593260929740438,0,0,1.5052437366478928,1.0671525519673886,DLG5
GO_Biological_Process_2023,Negative Regulation Of Hydrolase Activity (GO:0051346),0.49215742375910954,0.593260929740438,0,0,1.5052437366478928,1.0671525519673886,KLRK1
GO_Biological_Process_2023,Purine Ribonucleotide Biosynthetic Process (GO:0009152),0.49215742375910954,0.593260929740438,0,0,1.5052437366478928,1.0671525519673886,ADCY10
GO_Biological_Process_2023,Epithelial To Mesenchymal Transition (GO:0001837),0.49215742375910954,0.593260929740438,0,0,1.5052437366478928,1.0671525519673886,DLG5
GO_Biological_Process_2023,Regulation Of Epidermal Growth Factor Receptor Signaling Pathway (GO:0042058),0.49215742375910954,0.593260929740438,0,0,1.5052437366478928,1.0671525519673886,MMP9
GO_Biological_Process_2023,Steroid Biosynthetic Process (GO:0006694),0.49215742375910954,0.593260929740438,0,0,1.5052437366478928,1.0671525519673886,CYP21A2
GO_Biological_Process_2023,Response To Unfolded Protein (GO:0006986),0.49215742375910954,0.593260929740438,0,0,1.5052437366478928,1.0671525519673886,HSPA2
GO_Biological_Process_2023,Positive Regulation Of Innate Immune Response (GO:0045089),0.49215742375910954,0.593260929740438,0,0,1.5052437366478928,1.0671525519673886,SH2D1B
Reactome_2022,Nitric Oxide Stimulates Guanylate Cyclase R-HSA-392154,0.21576060477926712,0.5964481639971363,0,0,4.407039455009935,6.758573115621705,NANOS1
Reactome_2022,MyD88 Deficiency (TLR2/4) R-HSA-5602498,0.21576060477926712,0.5964481639971363,0,0,4.407039455009935,6.758573115621705,TLR6
Reactome_2022,Common Pathway Of Fibrin Clot Formation R-HSA-140875,0.21576060477926712,0.5964481639971363,0,0,4.407039455009935,6.758573115621705,F2R
Reactome_2022,RA Biosynthesis Pathway R-HSA-5365859,0.21576060477926712,0.5964481639971363,0,0,4.407039455009935,6.758573115621705,DHRS9
Reactome_2022,Negative Regulation Of PI3K/AKT Network R-HSA-199418,0.2153843655191853,0.5964481639971363,0,0,1.9143742255266418,2.939198286198835,PDGFRB;FLT3;PIK3AP1
Reactome_2022,Nucleotide-like (Purinergic) Receptors R-HSA-418038,0.21576060477926712,0.5964481639971363,0,0,4.407039455009935,6.758573115621705,P2RY2
Reactome_2022,Acyl Chain Remodelling Of PS R-HSA-1482801,0.21576060477926712,0.5964481639971363,0,0,4.407039455009935,6.758573115621705,PLA2G4F
GO_Biological_Process_2023,Protein Maturation (GO:0051604),0.4994359893094504,0.5998573009550993,0,0,1.2042105263157894,0.8360542730522074,NLRP3;GZMB
GO_Biological_Process_2023,Positive Regulation Of Developmental Growth (GO:0048639),0.500915530681921,0.5998573009550993,0,0,1.4665531270697323,1.0138542719229293,SHTN1
GO_Biological_Process_2023,Positive Regulation Of miRNA Metabolic Process (GO:2000630),0.500915530681921,0.5998573009550993,0,0,1.4665531270697323,1.0138542719229293,TNF
GO_Biological_Process_2023,Apoptotic Process (GO:0006915),0.5005075342889477,0.5998573009550993,0,0,1.0947654074126973,0.7577228571796131,NLRP3;GZMB;FASLG;GZMH
GO_Biological_Process_2023,Skeletal System Development (GO:0001501),0.4994359893094504,0.5998573009550993,0,0,1.2042105263157894,0.8360542730522074,PRELP;CMKLR1
GO_Biological_Process_2023,Negative Regulation Of Cold-Induced Thermogenesis (GO:0120163),0.500915530681921,0.5998573009550993,0,0,1.4665531270697323,1.0138542719229293,ID1
GO_Biological_Process_2023,Regulation Of Stem Cell Differentiation (GO:2000736),0.500915530681921,0.5998573009550993,0,0,1.4665531270697323,1.0138542719229293,JAG1
GO_Biological_Process_2023,Phosphatidylcholine Metabolic Process (GO:0046470),0.500915530681921,0.5998573009550993,0,0,1.4665531270697323,1.0138542719229293,PLA2G4C
GO_Biological_Process_2023,Antiviral Innate Immune Response (GO:0140374),0.500915530681921,0.5998573009550993,0,0,1.4665531270697323,1.0138542719229293,TNF
Reactome_2022,Sema3A PAK Dependent Axon Repulsion R-HSA-399954,0.22926397951900881,0.6022456775424709,0,0,4.091987348444913,6.027011196640105,PLXNA2
Reactome_2022,Regulation Of KIT Signaling R-HSA-1433559,0.22926397951900881,0.6022456775424709,0,0,4.091987348444913,6.027011196640105,LYN
Reactome_2022,Biosynthesis Of Specialized Proresolving Mediators (SPMs) R-HSA-9018678,0.22926397951900881,0.6022456775424709,0,0,4.091987348444913,6.027011196640105,GSTM4
Reactome_2022,Initial Triggering Of Complement R-HSA-166663,0.22926397951900881,0.6022456775424709,0,0,4.091987348444913,6.027011196640105,C4B
Reactome_2022,Signaling By FLT3 ITD And TKD Mutants R-HSA-9703648,0.22926397951900881,0.6022456775424709,0,0,4.091987348444913,6.027011196640105,FLT3
Reactome_2022,CRMPs In Sema3A Signaling R-HSA-399956,0.22926397951900881,0.6022456775424709,0,0,4.091987348444913,6.027011196640105,PLXNA2
Reactome_2022,Chondroitin Sulfate Biosynthesis R-HSA-2022870,0.22926397951900881,0.6022456775424709,0,0,4.091987348444913,6.027011196640105,CHST13
Reactome_2022,Negative Regulation Of FLT3 R-HSA-9706369,0.22926397951900881,0.6022456775424709,0,0,4.091987348444913,6.027011196640105,FLT3
Reactome_2022,EPHA-mediated Growth Cone Collapse R-HSA-3928663,0.22926397951900881,0.6022456775424709,0,0,4.091987348444913,6.027011196640105,LYN
Reactome_2022,IRAK4 Deficiency (TLR2/4) R-HSA-5603041,0.22926397951900881,0.6022456775424709,0,0,4.091987348444913,6.027011196640105,TLR6
GO_Biological_Process_2023,Regulation Of Cytoskeleton Organization (GO:0051493),0.504881325369216,0.6041660725284937,0,0,1.1915895061728394,0.814370252331409,PDGFRB;FSCN1
GO_Biological_Process_2023,Positive Regulation Of Cytokine-Mediated Signaling Pathway (GO:0001961),0.509523143066892,0.6057500174087579,0,0,1.4297970479704798,0.9640835595907167,C1QTNF4
GO_Biological_Process_2023,Positive Regulation Of Epithelial To Mesenchymal Transition (GO:0010718),0.509523143066892,0.6057500174087579,0,0,1.4297970479704798,0.9640835595907167,JAG1
GO_Biological_Process_2023,Positive Regulation Of Cell Junction Assembly (GO:1901890),0.509523143066892,0.6057500174087579,0,0,1.4297970479704798,0.9640835595907167,DLG5
GO_Biological_Process_2023,Striated Muscle Contraction (GO:0006941),0.509523143066892,0.6057500174087579,0,0,1.4297970479704798,0.9640835595907167,TNNT2
GO_Biological_Process_2023,Detection Of Chemical Stimulus Involved In Sensory Perception Of Smell (GO:0050911),0.509523143066892,0.6057500174087579,0,0,1.4297970479704798,0.9640835595907167,OR10Z1
GO_Biological_Process_2023,Regulation Of Lipid Metabolic Process (GO:0019216),0.509523143066892,0.6057500174087579,0,0,1.4297970479704798,0.9640835595907167,PLCG2
GO_Biological_Process_2023,Detection Of Chemical Stimulus Involved In Sensory Perception (GO:0050907),0.509523143066892,0.6057500174087579,0,0,1.4297970479704798,0.9640835595907167,OR10Z1
GO_Biological_Process_2023,Arachidonic Acid Metabolic Process (GO:0019369),0.509523143066892,0.6057500174087579,0,0,1.4297970479704798,0.9640835595907167,PLA2G4C
GO_Biological_Process_2023,Neuron Migration (GO:0001764),0.509523143066892,0.6057500174087579,0,0,1.4297970479704798,0.9640835595907167,MEF2C
GO_Biological_Process_2023,Regulation Of Proteasomal Ubiquitin-Dependent Protein Catabolic Process (GO:0032434),0.5102882658985716,0.6062209839995323,0,0,1.1792287132493318,0.7933608872136196,CEBPA;SH3RF2
GO_Biological_Process_2023,Negative Regulation Of Translation (GO:0017148),0.515656516520419,0.6117138315112263,0,0,1.1671201814058958,0.7730005036239422,NANOS1;GZMB
GO_Biological_Process_2023,Glycerophospholipid Biosynthetic Process (GO:0046474),0.515656516520419,0.6117138315112263,0,0,1.1671201814058958,0.7730005036239422,PLA2G4C;PLCG2
GO_Biological_Process_2023,Carboxylic Acid Transport (GO:0046942),0.5179828375444853,0.6118230065316962,0,0,1.3948339483394834,0.9175401403788371,SLC7A8
GO_Biological_Process_2023,Regulation Of Myoblast Differentiation (GO:0045661),0.5179828375444853,0.6118230065316962,0,0,1.3948339483394834,0.9175401403788371,MEF2C
GO_Biological_Process_2023,Regulation Of Fibroblast Proliferation (GO:0048145),0.5179828375444853,0.6118230065316962,0,0,1.3948339483394834,0.9175401403788371,CD300A
GO_Biological_Process_2023,Regulation Of Cellular Metabolic Process (GO:0031323),0.5179828375444853,0.6118230065316962,0,0,1.3948339483394834,0.9175401403788371,NUAK1
GO_Biological_Process_2023,Cellular Response To Virus (GO:0098586),0.5179828375444853,0.6118230065316962,0,0,1.3948339483394834,0.9175401403788371,NLRP3
GO_Biological_Process_2023,Erythrocyte Differentiation (GO:0030218),0.5179828375444853,0.6118230065316962,0,0,1.3948339483394834,0.9175401403788371,LYN
KEGG_2021_Human,Regulation of actin cytoskeleton,0.3902764016848299,0.6120881695488699,0,0,1.2735489220563847,1.1982822681470038,PDGFRB;ITGAM;PDGFD;F2R
GO_Biological_Process_2023,Regulation Of Gene Expression (GO:0010468),0.5191762941760291,0.6127921345770228,0,0,1.0118224557522124,0.6632615319326559,LYN;NANOS1;ZNF683;CEBPA;MEF2C;EDN3;DHH;SOX13;SCX;ATP1B4;LILRB1;TNF;SETBP1;PLCG2;TLR6;FADS1
GO_Biological_Process_2023,Regulation Of DNA Binding (GO:0051101),0.5262971468845568,0.6180887865127426,0,0,1.361535758214725,0.8739552452752123,MMP9
GO_Biological_Process_2023,Regulation Of Signal Transduction By P53 Class Mediator (GO:1901796),0.5262971468845568,0.6180887865127426,0,0,1.361535758214725,0.8739552452752123,NUAK1
GO_Biological_Process_2023,Regulation Of Substrate Adhesion-Dependent Cell Spreading (GO:1900024),0.5262971468845568,0.6180887865127426,0,0,1.361535758214725,0.8739552452752123,DOCK5
GO_Biological_Process_2023,Sensory Organ Development (GO:0007423),0.5262971468845568,0.6180887865127426,0,0,1.361535758214725,0.8739552452752123,ASCL2
GO_Biological_Process_2023,Monoatomic Anion Transport (GO:0006820),0.5262971468845568,0.6180887865127426,0,0,1.361535758214725,0.8739552452752123,NMUR1
GO_Biological_Process_2023,Negative Regulation Of TOR Signaling (GO:0032007),0.5262971468845568,0.6180887865127426,0,0,1.361535758214725,0.8739552452752123,NUAK1
GO_Biological_Process_2023,Positive Regulation Of mRNA Catabolic Process (GO:0061014),0.5262971468845568,0.6180887865127426,0,0,1.361535758214725,0.8739552452752123,NANOS1
KEGG_2021_Human,Yersinia infection,0.397115778120666,0.6183659973593227,0,0,1.3322382640269732,1.230358551169217,NLRP3;TNF;SKAP2
Reactome_2022,Caspase Activation Via Death Receptors In Presence Of Ligand R-HSA-140534,0.24253568726568753,0.6186417530255217,0,0,3.818942189421894,5.409938005767492,FASLG
Reactome_2022,Regulated Necrosis R-HSA-5218859,0.23784079838491567,0.6186417530255217,0,0,2.206125356125356,3.168335188791705,GZMB;FASLG
Reactome_2022,NLRP3 Inflammasome R-HSA-844456,0.24253568726568753,0.6186417530255217,0,0,3.818942189421894,5.409938005767492,NLRP3
Reactome_2022,FOXO-mediated Transcription Of Cell Death Genes R-HSA-9614657,0.24253568726568753,0.6186417530255217,0,0,3.818942189421894,5.409938005767492,FASLG
Reactome_2022,MAP3K8 (TPL2)-dependent MAPK1/3 Activation R-HSA-5684264,0.24253568726568753,0.6186417530255217,0,0,3.818942189421894,5.409938005767492,MAP3K8
Reactome_2022,Platelet Sensitization By LDL R-HSA-432142,0.24253568726568753,0.6186417530255217,0,0,3.818942189421894,5.409938005767492,FGR
Reactome_2022,FCGR3A-mediated Phagocytosis R-HSA-9664422,0.24422152735419372,0.6199469540529533,0,0,2.1643605870020965,3.051054894223844,FGR;LYN
GO_Biological_Process_2023,Regulation Of Protein Serine/Threonine Kinase Activity (GO:0071900),0.531526503236917,0.6233390755305173,0,0,1.1322332233223322,0.7155739078252917,CCND1;ADRB2
GO_Biological_Process_2023,Mitotic Cell Cycle Phase Transition (GO:0044772),0.531526503236917,0.6233390755305173,0,0,1.1322332233223322,0.7155739078252917,LATS2;CCND1
GO_Biological_Process_2023,Peptide Metabolic Process (GO:0006518),0.534468560499163,0.6236731852983842,0,0,1.329786321119025,0.8330876869012603,ACE
GO_Biological_Process_2023,Regulation Of Telomerase Activity (GO:0051972),0.534468560499163,0.6236731852983842,0,0,1.329786321119025,0.8330876869012603,PARM1
GO_Biological_Process_2023,"Negative Regulation Of Gene Expression, Epigenetic (GO:0045814)",0.534468560499163,0.6236731852983842,0,0,1.329786321119025,0.8330876869012603,HDAC9
GO_Biological_Process_2023,Positive Regulation Of Chemokine Production (GO:0032722),0.534468560499163,0.6236731852983842,0,0,1.329786321119025,0.8330876869012603,TNF
GO_Biological_Process_2023,Positive Regulation Of Actin Filament Bundle Assembly (GO:0032233),0.534468560499163,0.6236731852983842,0,0,1.329786321119025,0.8330876869012603,PLEK
GO_Biological_Process_2023,Pyruvate Metabolic Process (GO:0006090),0.534468560499163,0.6236731852983842,0,0,1.329786321119025,0.8330876869012603,LDHC
GO_Biological_Process_2023,Negative Regulation Of Cell Projection Organization (GO:0031345),0.534468560499163,0.6236731852983842,0,0,1.329786321119025,0.8330876869012603,ZNF365
Reactome_2022,Regulation Of RUNX1 Expression And Activity R-HSA-8934593,0.25557968808649517,0.6247503486558771,0,0,3.5800276752767526,4.883949032630248,CCND1
Reactome_2022,Nicotinamide Salvaging R-HSA-197264,0.25557968808649517,0.6247503486558771,0,0,3.5800276752767526,4.883949032630248,NAPRT
Reactome_2022,Aberrant Regulation Of Mitotic G1/S Transition In Cancer Due To RB1 Defects R-HSA-9659787,0.25557968808649517,0.6247503486558771,0,0,3.5800276752767526,4.883949032630248,CCND1
Reactome_2022,MET Activates PTK2 Signaling R-HSA-8874081,0.25557968808649517,0.6247503486558771,0,0,3.5800276752767526,4.883949032630248,LAMB3
Reactome_2022,Metalloprotease DUBs R-HSA-5689901,0.25557968808649517,0.6247503486558771,0,0,3.5800276752767526,4.883949032630248,NLRP3
Reactome_2022,Other Semaphorin Interactions R-HSA-416700,0.25557968808649517,0.6247503486558771,0,0,3.5800276752767526,4.883949032630248,PLXNA2
Reactome_2022,Surfactant Metabolism R-HSA-5683826,0.25557968808649517,0.6247503486558771,0,0,3.5800276752767526,4.883949032630248,P2RY2
Reactome_2022,Nuclear Events (Kinase And Transcription Factor Activation) R-HSA-198725,0.2506090509391674,0.6247503486558771,0,0,2.124142661179698,2.9395184423452947,MEF2C;ID1
KEGG_2021_Human,Propanoate metabolism,0.4163504518854933,0.6259613690416381,0,0,1.9076260762607626,1.671515268906113,LDHC
KEGG_2021_Human,Nicotinate and nicotinamide metabolism,0.40611430692658007,0.6259613690416381,0,0,1.9735335284387328,1.778391746578506,NAPRT
KEGG_2021_Human,GnRH signaling pathway,0.41342210635264,0.6259613690416381,0,0,1.4313888888888888,1.264325993240851,PLA2G4F;PLA2G4C
KEGG_2021_Human,Aldosterone synthesis and secretion,0.41342210635264,0.6259613690416381,0,0,1.4313888888888888,1.264325993240851,CYP21A2;ATP1B4
KEGG_2021_Human,Retinol metabolism,0.4163504518854933,0.6259613690416381,0,0,1.9076260762607626,1.671515268906113,DHRS9
KEGG_2021_Human,TGF-beta signaling pathway,0.41939136615006517,0.6262145056213302,0,0,1.413625971650663,1.228371343932237,ID1;TNF
Reactome_2022,Synthesis Of Leukotrienes (LT) And Eoxins (EX) R-HSA-2142691,0.2683998746537342,0.6270581142352729,0,0,3.36922075103104,4.431459710313229,CYP4F22
Reactome_2022,GAG Synthesis Requires Tetrasaccharide Linker Sequence R-HSA-1971475,0.2683998746537342,0.6270581142352729,0,0,3.36922075103104,4.431459710313229,B3GAT1
Reactome_2022,Glycerophospholipid Biosynthesis R-HSA-1483206,0.26111912237492657,0.6270581142352729,0,0,1.72182156133829,2.3120250908554216,PLA2G4F;PLA2G4C;PLD4
Reactome_2022,Cytosolic Sulfonation Of Small Molecules R-HSA-156584,0.2683998746537342,0.6270581142352729,0,0,3.36922075103104,4.431459710313229,SULT2B1
Reactome_2022,Signaling By NTRK1 (TRKA) R-HSA-187037,0.2657670684805052,0.6270581142352729,0,0,1.7046634031432883,2.2589092004985005,NTRK1;MEF2C;ID1
Reactome_2022,Azathioprine ADME R-HSA-9748787,0.2683998746537342,0.6270581142352729,0,0,3.36922075103104,4.431459710313229,GSTM1
Reactome_2022,Signal Transduction By L1 R-HSA-445144,0.2683998746537342,0.6270581142352729,0,0,3.36922075103104,4.431459710313229,NCAM1
Reactome_2022,Regulation Of Signaling By CBL R-HSA-912631,0.2683998746537342,0.6270581142352729,0,0,3.36922075103104,4.431459710313229,LYN
Reactome_2022,Signaling To RAS R-HSA-167044,0.2683998746537342,0.6270581142352729,0,0,3.36922075103104,4.431459710313229,NTRK1
Reactome_2022,CD209 (DC-SIGN) Signaling R-HSA-5621575,0.2683998746537342,0.6270581142352729,0,0,3.36922075103104,4.431459710313229,LYN
Reactome_2022,Peptide Hormone Metabolism R-HSA-2980736,0.2697916017489848,0.627532888649621,0,0,2.0119558154645873,2.635874305927159,ACE;GZMH
GO_Biological_Process_2023,Protein Sumoylation (GO:0016925),0.5424995253568988,0.6299128764391412,0,0,1.299480040254948,0.7947204982549113,HDAC9
GO_Biological_Process_2023,Regulation Of Protein Kinase Activity (GO:0045859),0.5419085828805055,0.6299128764391412,0,0,1.1101042790363178,0.6801142208062745,FGR;SFN
GO_Biological_Process_2023,Endoplasmic Reticulum Organization (GO:0007029),0.5424995253568988,0.6299128764391412,0,0,1.299480040254948,0.7947204982549113,SHTN1
GO_Biological_Process_2023,Negative Regulation Of Metabolic Process (GO:0009892),0.5424995253568988,0.6299128764391412,0,0,1.299480040254948,0.7947204982549113,ID1
GO_Biological_Process_2023,Negative Regulation Of Response To Stimulus (GO:0048585),0.5424995253568988,0.6299128764391412,0,0,1.299480040254948,0.7947204982549113,LYN
GO_Biological_Process_2023,Muscle Organ Development (GO:0007517),0.5424995253568988,0.6299128764391412,0,0,1.299480040254948,0.7947204982549113,MEF2C
GO_Biological_Process_2023,Rho Protein Signal Transduction (GO:0007266),0.5424995253568988,0.6299128764391412,0,0,1.299480040254948,0.7947204982549113,SHTN1
GO_Biological_Process_2023,Epidermis Development (GO:0008544),0.5503924467952681,0.6339255454135267,0,0,1.2705207052070522,0.7586580442097649,LAMB3
GO_Biological_Process_2023,Response To Organic Cyclic Compound (GO:0014070),0.5503924467952681,0.6339255454135267,0,0,1.2705207052070522,0.7586580442097649,TNF
GO_Biological_Process_2023,Regulation Of Reactive Oxygen Species Metabolic Process (GO:2000377),0.5503924467952681,0.6339255454135267,0,0,1.2705207052070522,0.7586580442097649,PDGFRB
GO_Biological_Process_2023,Regulation Of Intrinsic Apoptotic Signaling Pathway (GO:2001242),0.5503924467952681,0.6339255454135267,0,0,1.2705207052070522,0.7586580442097649,MMP9
GO_Biological_Process_2023,Inorganic Anion Transport (GO:0015698),0.5503924467952681,0.6339255454135267,0,0,1.2705207052070522,0.7586580442097649,NMUR1
GO_Biological_Process_2023,Negative Regulation Of Neuron Projection Development (GO:0010977),0.5503924467952681,0.6339255454135267,0,0,1.2705207052070522,0.7586580442097649,ZNF365
GO_Biological_Process_2023,Positive Regulation Of Protein Localization To Plasma Membrane (GO:1903078),0.5503924467952681,0.6339255454135267,0,0,1.2705207052070522,0.7586580442097649,TNF
GO_Biological_Process_2023,Regulation Of Canonical Wnt Signaling Pathway (GO:0060828),0.5505853641540491,0.6339255454135267,0,0,1.045539033457249,0.62394974608737,ZEB2;LATS2;SOX13
GO_Biological_Process_2023,Plasma Membrane Bounded Cell Projection Organization (GO:0120036),0.5470396674557928,0.6339255454135267,0,0,1.0993589743589745,0.6631706686510997,LYN;PLEK
GO_Biological_Process_2023,Positive Regulation Of Macromolecule Biosynthetic Process (GO:0010557),0.5470396674557928,0.6339255454135267,0,0,1.0993589743589745,0.6631706686510997,PDGFRB;CIITA
GO_Biological_Process_2023,Positive Regulation Of Transcription By RNA Polymerase II (GO:0045944),0.5489560496286932,0.6339255454135267,0,0,0.9939164637959819,0.5960883748786551,KLF10;CEBPA;CIITA;MEF2C;JAG1;SCX;LILRB1;ASCL2;TNF;ZEB2;TBX21;NLRP3;TNFSF11
GO_Biological_Process_2023,RNA Modification (GO:0009451),0.5503924467952681,0.6339255454135267,0,0,1.2705207052070522,0.7586580442097649,APOBEC3G
Reactome_2022,Endogenous Sterols R-HSA-211976,0.281000073258659,0.6376097067244992,0,0,3.1818368183681836,4.0390247675113375,CYP21A2
Reactome_2022,Deregulated CDK5 Triggers Neurodegenerative Pathways In Alzheimers Disease Models R-HSA-8862803,0.281000073258659,0.6376097067244992,0,0,3.1818368183681836,4.0390247675113375,FASLG
Reactome_2022,Circadian Clock R-HSA-400253,0.2825770291165394,0.6376097067244992,0,0,1.9435028248587571,2.4562068308852942,MEF2C;NLRP3
Reactome_2022,MAP Kinase Activation R-HSA-450294,0.2825770291165394,0.6376097067244992,0,0,1.9435028248587571,2.4562068308852942,MEF2C;MAP3K8
Reactome_2022,Signaling By Hippo R-HSA-2028269,0.281000073258659,0.6376097067244992,0,0,3.1818368183681836,4.0390247675113375,LATS2
Reactome_2022,MyD88:MAL(TIRAP) Cascade Initiated On Plasma Membrane R-HSA-166058,0.2797673419445786,0.6376097067244992,0,0,1.655168716042322,2.108348850389244,MEF2C;MAP3K8;TLR6
Reactome_2022,Signaling By KIT In Disease R-HSA-9669938,0.281000073258659,0.6376097067244992,0,0,3.1818368183681836,4.0390247675113375,LYN
GO_Biological_Process_2023,Endocytosis (GO:0006897),0.5546360917777807,0.6381422260440431,0,0,1.039134842852315,0.6125108327307759,ITGAM;PLD4;ADRB2
GO_Biological_Process_2023,Positive Regulation Of Protein Localization To Cell Periphery (GO:1904377),0.5581496889393729,0.6381627967483574,0,0,1.2428204716829776,0.7247235313801629,TNF
GO_Biological_Process_2023,Negative Regulation Of Protein Modification By Small Protein Conjugation Or Removal (GO:1903321),0.5581496889393729,0.6381627967483574,0,0,1.2428204716829776,0.7247235313801629,SH3RF2
GO_Biological_Process_2023,Negative Regulation Of Wnt Signaling Pathway (GO:0030178),0.5571811377569057,0.6381627967483574,0,0,1.0784765897973445,0.6307630915046388,LATS2;SOX13
GO_Biological_Process_2023,Regulation Of Mitotic Metaphase/Anaphase Transition (GO:0030071),0.5581496889393729,0.6381627967483574,0,0,1.2428204716829776,0.7247235313801629,HECW2
GO_Biological_Process_2023,Amide Biosynthetic Process (GO:0043604),0.5581496889393729,0.6381627967483574,0,0,1.2428204716829776,0.7247235313801629,CYP4F22
GO_Biological_Process_2023,Positive Regulation Of Cellular Metabolic Process (GO:0031325),0.5581496889393729,0.6381627967483574,0,0,1.2428204716829776,0.7247235313801629,PDGFRB
GO_Biological_Process_2023,Regulation Of Secretion By Cell (GO:1903530),0.5581496889393729,0.6381627967483574,0,0,1.2428204716829776,0.7247235313801629,MEF2C
GO_Biological_Process_2023,Synapse Assembly (GO:0007416),0.5581496889393729,0.6381627967483574,0,0,1.2428204716829776,0.7247235313801629,NLGN4Y
GO_Biological_Process_2023,Actin Cytoskeleton Reorganization (GO:0031532),0.5581496889393729,0.6381627967483574,0,0,1.2428204716829776,0.7247235313801629,PLEK
GO_Biological_Process_2023,Organonitrogen Compound Biosynthetic Process (GO:1901566),0.5621912591036677,0.6423367445808944,0,0,1.0683281412253376,0.6152642445906344,GSTM1;PLA2G4C
GO_Biological_Process_2023,Regulation Of Interferon-Beta Production (GO:0032648),0.5657735756424362,0.6432982593636836,0,0,1.2162989715003534,0.6927568524076652,LILRB1
GO_Biological_Process_2023,Regulation Of Cyclin-Dependent Protein Kinase Activity (GO:1904029),0.5657735756424362,0.6432982593636836,0,0,1.2162989715003534,0.6927568524076652,CCND1
GO_Biological_Process_2023,Response To Retinoic Acid (GO:0032526),0.5657735756424362,0.6432982593636836,0,0,1.2162989715003534,0.6927568524076652,LYN
GO_Biological_Process_2023,Regulation Of Monoatomic Ion Transmembrane Transporter Activity (GO:0032412),0.5657735756424362,0.6432982593636836,0,0,1.2162989715003534,0.6927568524076652,MEF2C
GO_Biological_Process_2023,Regulation Of Protein Localization To Nucleus (GO:1900180),0.5657735756424362,0.6432982593636836,0,0,1.2162989715003534,0.6927568524076652,LATS2
GO_Biological_Process_2023,Skin Development (GO:0043588),0.5657735756424362,0.6432982593636836,0,0,1.2162989715003534,0.6927568524076652,JAG1
GO_Biological_Process_2023,Regulation Of Bone Mineralization (GO:0030500),0.5657735756424362,0.6432982593636836,0,0,1.2162989715003534,0.6927568524076652,MEF2C
GO_Biological_Process_2023,Negative Regulation Of Cell Motility (GO:2000146),0.5671608224298766,0.6444296205064227,0,0,1.0583676268861455,0.6002133817127522,JAG1;DLG5
GO_Biological_Process_2023,BMP Signaling Pathway (GO:0030509),0.5732663911934558,0.6473379249009263,0,0,1.1908825338253382,0.6626127154300984,SCX
GO_Biological_Process_2023,Transmembrane Receptor Protein Serine/Threonine Kinase Signaling Pathway (GO:0007178),0.5720897356216859,0.6473379249009263,0,0,1.0485898742779476,0.5855948924296754,ID1;SCX
GO_Biological_Process_2023,Cellular Response To BMP Stimulus (GO:0071773),0.5732663911934558,0.6473379249009263,0,0,1.1908825338253382,0.6626127154300984,SCX
GO_Biological_Process_2023,Regulation Of miRNA Transcription (GO:1902893),0.5732663911934558,0.6473379249009263,0,0,1.1908825338253382,0.6626127154300984,TNF
GO_Biological_Process_2023,Intrinsic Apoptotic Signaling Pathway In Response To DNA Damage (GO:0008630),0.5732663911934558,0.6473379249009263,0,0,1.1908825338253382,0.6626127154300984,SFN
GO_Biological_Process_2023,Gland Development (GO:0048732),0.5732663911934558,0.6473379249009263,0,0,1.1908825338253382,0.6626127154300984,CEBPA
GO_Biological_Process_2023,Negative Regulation Of Innate Immune Response (GO:0045824),0.5732663911934558,0.6473379249009263,0,0,1.1908825338253382,0.6626127154300984,SLAMF8
GO_Biological_Process_2023,Positive Regulation Of B Cell Activation (GO:0050871),0.5732663911934558,0.6473379249009263,0,0,1.1908825338253382,0.6626127154300984,MEF2C
GO_Biological_Process_2023,Negative Regulation Of Protein Ubiquitination (GO:0031397),0.5732663911934558,0.6473379249009263,0,0,1.1908825338253382,0.6626127154300984,SH3RF2
Reactome_2022,Signaling By B Cell Receptor (BCR) R-HSA-983705,0.2891394785124291,0.649641041083245,0,0,1.6237286946762994,2.014797390132351,LYN;PLCG2;PIK3AP1
KEGG_2021_Human,Non-alcoholic fatty liver disease,0.4384168570147782,0.6501692165253175,0,0,1.2446258283497655,1.026299904255354,CEBPA;FASLG;TNF
KEGG_2021_Human,Cellular senescence,0.45643568345274516,0.6503031791183285,0,0,1.2092517932876068,0.9484252260109095,CCND1;GADD45B;GADD45G
KEGG_2021_Human,Glutamatergic synapse,0.4602730783281713,0.6503031791183285,0,0,1.3005892255892255,1.009173113173224,PLA2G4F;PLA2G4C
KEGG_2021_Human,Serotonergic synapse,0.4487601724895296,0.6503031791183285,0,0,1.3310077519379846,1.066492150385665,PLA2G4F;PLA2G4C
KEGG_2021_Human,Various types of N-glycan biosynthesis,0.46495369442622814,0.6503031791183285,0,0,1.634580917237744,1.2517906065834614,TUSC3
KEGG_2021_Human,Primary immunodeficiency,0.4460161161086892,0.6503031791183285,0,0,1.733870065973387,1.3999270256300096,CIITA
KEGG_2021_Human,Hepatitis B,0.45643568345274516,0.6503031791183285,0,0,1.2092517932876068,0.9484252260109095,FASLG;TNF;MMP9
KEGG_2021_Human,Carbohydrate digestion and absorption,0.46495369442622814,0.6503031791183285,0,0,1.634580917237744,1.2517906065834614,ATP1B4
KEGG_2021_Human,NOD-like receptor signaling pathway,0.465354568543391,0.6503031791183285,0,0,1.1923017348203222,0.9120579497044837,NLRP3;DEFA1;TNF
KEGG_2021_Human,Cocaine addiction,0.46495369442622814,0.6503031791183285,0,0,1.634580917237744,1.2517906065834614,RGS9
GO_Biological_Process_2023,Chloride Transport (GO:0006821),0.5806303807432719,0.6552031013469751,0,0,1.1665035017697116,0.6341590162376857,NMUR1
Reactome_2022,Adherens Junctions Interactions R-HSA-418990,0.29338404509012844,0.6563846432524907,0,0,3.0141775101961548,3.6962038774354102,CADM1
Reactome_2022,TCR Signaling R-HSA-202403,0.30794722874585423,0.6574491053716659,0,0,1.5642784724569112,1.8424491793683306,PLCG2;HLA-DQA1;HLA-DQB2
Reactome_2022,Extra-nuclear Estrogen Signaling R-HSA-9009391,0.30807612664395206,0.6574491053716659,0,0,1.8196355085243974,2.1424540637475444,CCND1;MMP9
Reactome_2022,Miscellaneous Transport And Binding Events R-HSA-5223345,0.3055554872345613,0.6574491053716659,0,0,2.8632841328413283,3.3947780696178746,TUSC3
Reactome_2022,Paracetamol ADME R-HSA-9753281,0.3055554872345613,0.6574491053716659,0,0,2.8632841328413283,3.3947780696178746,GSTM1
Reactome_2022,Growth Hormone Receptor Signaling R-HSA-982772,0.3055554872345613,0.6574491053716659,0,0,2.8632841328413283,3.3947780696178746,LYN
Reactome_2022,TRP Channels R-HSA-3295583,0.3055554872345613,0.6574491053716659,0,0,2.8632841328413283,3.3947780696178746,MCOLN2
Reactome_2022,CTLA4 Inhibitory Signaling R-HSA-389513,0.3055554872345613,0.6574491053716659,0,0,2.8632841328413283,3.3947780696178746,LYN
Reactome_2022,Defective Intrinsic Pathway For Apoptosis R-HSA-9734009,0.3175180338442704,0.6574491053716659,0,0,2.726761553329819,3.1281971963801856,FASLG
Reactome_2022,Defective B3GALTL Causes PpS R-HSA-5083635,0.3175180338442704,0.6574491053716659,0,0,2.726761553329819,3.1281971963801856,SPON2
Reactome_2022,CD28 Dependent PI3K/Akt Signaling R-HSA-389357,0.3175180338442704,0.6574491053716659,0,0,2.726761553329819,3.1281971963801856,MAP3K8
Reactome_2022,Interleukin-17 Signaling R-HSA-448424,0.31442635880403386,0.6574491053716659,0,0,1.791087962962963,2.0722984154811375,MEF2C;MAP3K8
Reactome_2022,RAF-independent MAPK1/3 Activation R-HSA-112409,0.3175180338442704,0.6574491053716659,0,0,2.726761553329819,3.1281971963801856,DUSP2
Reactome_2022,ERK/MAPK Targets R-HSA-198753,0.3175180338442704,0.6574491053716659,0,0,2.726761553329819,3.1281971963801856,MEF2C
Reactome_2022,Estrogen-dependent Nuclear Events Downstream Of ESR-membrane Signaling R-HSA-9634638,0.3175180338442704,0.6574491053716659,0,0,2.726761553329819,3.1281971963801856,CCND1
Reactome_2022,Metabolism Of Steroid Hormones R-HSA-196071,0.3175180338442704,0.6574491053716659,0,0,2.726761553329819,3.1281971963801856,CYP21A2
Reactome_2022,Striated Muscle Contraction R-HSA-390522,0.3175180338442704,0.6574491053716659,0,0,2.726761553329819,3.1281971963801856,TNNT2
Reactome_2022,Myogenesis R-HSA-525793,0.3175180338442704,0.6574491053716659,0,0,2.726761553329819,3.1281971963801856,MEF2C
Reactome_2022,Inflammasomes R-HSA-622312,0.3055554872345613,0.6574491053716659,0,0,2.8632841328413283,3.3947780696178746,NLRP3
Reactome_2022,Laminin Interactions R-HSA-3000157,0.3175180338442704,0.6574491053716659,0,0,2.726761553329819,3.1281971963801856,LAMB3
GO_Biological_Process_2023,Negative Regulation Of Gene Expression (GO:0010629),0.584916308113238,0.6595864751064173,0,0,0.9744219043601642,0.5225693175228268,NANOS1;MEF2C;GZMB;HDAC9;TNF
GO_Biological_Process_2023,Regulation Of Multicellular Organismal Development (GO:2000026),0.5878677512072543,0.6606475480393427,0,0,1.14309963099631,0.6072754160944632,SCX
GO_Biological_Process_2023,Negative Regulation Of Intrinsic Apoptotic Signaling Pathway (GO:2001243),0.5878677512072543,0.6606475480393427,0,0,1.14309963099631,0.6072754160944632,MMP9
GO_Biological_Process_2023,Regulation Of Heart Contraction (GO:0008016),0.5878677512072543,0.6606475480393427,0,0,1.14309963099631,0.6072754160944632,TNNT2
GO_Biological_Process_2023,Actin Polymerization Or Depolymerization (GO:0008154),0.5878677512072543,0.6606475480393427,0,0,1.14309963099631,0.6072754160944632,GAS7
GO_Biological_Process_2023,Ceramide Metabolic Process (GO:0006672),0.5878677512072543,0.6606475480393427,0,0,1.14309963099631,0.6072754160944632,CYP4F22
Reactome_2022,Pyroptosis R-HSA-5620971,0.3292752570773536,0.6610545085051053,0,0,2.602650117410265,2.8911831116224227,GZMB
Reactome_2022,Cell Recruitment (Pro-Inflammatory Response) R-HSA-9664424,0.3292752570773536,0.6610545085051053,0,0,2.602650117410265,2.8911831116224227,NLRP3
Reactome_2022,Basigin Interactions R-HSA-210991,0.3292752570773536,0.6610545085051053,0,0,2.602650117410265,2.8911831116224227,SLC7A8
Reactome_2022,Class C/3 (Metabotropic Glutamate/Pheromone Receptors) R-HSA-420499,0.3292752570773536,0.6610545085051053,0,0,2.602650117410265,2.8911831116224227,TAS2R13
Reactome_2022,"BMAL1:CLOCK,NPAS2 Activates Circadian Gene Expression R-HSA-1368108",0.3292752570773536,0.6610545085051053,0,0,2.602650117410265,2.8911831116224227,NLRP3
Reactome_2022,Platelet Calcium Homeostasis R-HSA-418360,0.3292752570773536,0.6610545085051053,0,0,2.602650117410265,2.8911831116224227,P2RX1
Reactome_2022,O-glycosylation Of TSR Domain-Containing Proteins R-HSA-5173214,0.3292752570773536,0.6610545085051053,0,0,2.602650117410265,2.8911831116224227,SPON2
Reactome_2022,Attenuation Phase R-HSA-3371568,0.3292752570773536,0.6610545085051053,0,0,2.602650117410265,2.8911831116224227,HSPA2
Reactome_2022,Signaling By NTRKs R-HSA-166520,0.33151244282520465,0.6630248856504093,0,0,1.4957814772910942,1.6514772742503894,NTRK1;MEF2C;ID1
GO_Biological_Process_2023,Mitotic DNA Damage Checkpoint Signaling (GO:0044773),0.59498067187937,0.667271838838092,0,0,1.1206135590767672,0.5818520972295133,CCND1
GO_Biological_Process_2023,Negative Regulation Of Cellular Response To Growth Factor Stimulus (GO:0090288),0.59498067187937,0.667271838838092,0,0,1.1206135590767672,0.5818520972295133,CRIM1
GO_Biological_Process_2023,Embryonic Organ Development (GO:0048568),0.59498067187937,0.667271838838092,0,0,1.1206135590767672,0.5818520972295133,TNF
GO_Biological_Process_2023,Heart Development (GO:0007507),0.5961223576171412,0.6676407863428514,0,0,1.00227420402859,0.5184858019458245,MEF2C;HDAC9
GO_Biological_Process_2023,Neuron Development (GO:0048666),0.5961223576171412,0.6676407863428514,0,0,1.00227420402859,0.5184858019458245,LYN;MEF2C
Reactome_2022,Molecules Associated With Elastic Fibres R-HSA-2129379,0.3408306683126459,0.6714872868249143,0,0,2.4893309802663244,2.6794399398142095,FBLN2
Reactome_2022,Caspase Activation Via Extrinsic Apoptotic Signaling Pathway R-HSA-5357769,0.3408306683126459,0.6714872868249143,0,0,2.4893309802663244,2.6794399398142095,FASLG
Reactome_2022,Inactivation Of CSF3 (G-CSF) Signaling R-HSA-9705462,0.3408306683126459,0.6714872868249143,0,0,2.4893309802663244,2.6794399398142095,LYN
Reactome_2022,Keratan Sulfate Biosynthesis R-HSA-2022854,0.3408306683126459,0.6714872868249143,0,0,2.4893309802663244,2.6794399398142095,PRELP
GO_Biological_Process_2023,Positive Regulation Of Mitochondrion Organization (GO:0010822),0.6019712749127204,0.6728155133888433,0,0,1.098992336077207,0.557788670653131,MMP9
GO_Biological_Process_2023,Monocarboxylic Acid Biosynthetic Process (GO:0072330),0.6019712749127204,0.6728155133888433,0,0,1.098992336077207,0.557788670653131,UST
GO_Biological_Process_2023,Cell-Cell Junction Assembly (GO:0007043),0.6019712749127204,0.6728155133888433,0,0,1.098992336077207,0.557788670653131,FSCN1
KEGG_2021_Human,Shigellosis,0.48574374265527825,0.6744722031773926,0,0,1.1164179104477612,0.8061364273528737,U2AF1L5;PLCG2;NLRP3;TNF
GO_Biological_Process_2023,Nucleotide-Excision Repair (GO:0006289),0.6088416561020343,0.6791085139006398,0,0,1.0781870082851772,0.5349932144555406,FSCN1
GO_Biological_Process_2023,Positive Regulation Of Proteolysis (GO:0045862),0.6088416561020343,0.6791085139006398,0,0,1.0781870082851772,0.5349932144555406,TNF
GO_Biological_Process_2023,Post-Transcriptional Regulation Of Gene Expression (GO:0010608),0.6088416561020343,0.6791085139006398,0,0,1.0781870082851772,0.5349932144555406,NANOS1
Reactome_2022,Phase 0 - Rapid Depolarisation R-HSA-5576892,0.3521877190583943,0.6811955117531264,0,0,2.3854551045510455,2.489439365311675,FGF11
Reactome_2022,Oncogenic MAPK Signaling R-HSA-6802957,0.3522090430087188,0.6811955117531264,0,0,1.636931216931217,1.708187499808655,SPRED2;FAM131B
Reactome_2022,Amino Acid Transport Across Plasma Membrane R-HSA-352230,0.3521877190583943,0.6811955117531264,0,0,2.3854551045510455,2.489439365311675,SLC7A8
Reactome_2022,Regulation Of Beta-Cell Development R-HSA-186712,0.3521877190583943,0.6811955117531264,0,0,2.3854551045510455,2.489439365311675,MAFA
Reactome_2022,Downregulation Of ERBB2 Signaling R-HSA-8863795,0.3521877190583943,0.6811955117531264,0,0,2.3854551045510455,2.489439365311675,MATK
KEGG_2021_Human,Th17 cell differentiation,0.5102882658985716,0.6824714231036111,0,0,1.1792287132493318,0.7933608872136196,TBX21;HLA-DQA1
KEGG_2021_Human,T cell receptor signaling pathway,0.5102882658985716,0.6824714231036111,0,0,1.1792287132493318,0.7933608872136196,MAP3K8;TNF
KEGG_2021_Human,HIF-1 signaling pathway,0.504881325369216,0.6824714231036111,0,0,1.1915895061728394,0.814370252331409,LDHC;PLCG2
KEGG_2021_Human,Intestinal immune network for IgA production,0.500915530681921,0.6824714231036111,0,0,1.4665531270697323,1.0138542719229293,HLA-DQA1
KEGG_2021_Human,Pyruvate metabolism,0.500915530681921,0.6824714231036111,0,0,1.4665531270697323,1.0138542719229293,LDHC
KEGG_2021_Human,Axon guidance,0.5046532551040355,0.6824714231036111,0,0,1.1215103141628397,0.7669826334402869,EFNA3;PLCG2;PLXNA2
GO_Biological_Process_2023,Negative Regulation Of Kinase Activity (GO:0033673),0.6155938755372113,0.6847804587052392,0,0,1.0581522481891485,0.5133814256583192,SFN
GO_Biological_Process_2023,Cholesterol Homeostasis (GO:0042632),0.6155938755372113,0.6847804587052392,0,0,1.0581522481891485,0.5133814256583192,HDAC9
GO_Biological_Process_2023,Positive Regulation Of Protein Binding (GO:0032092),0.6155938755372113,0.6847804587052392,0,0,1.0581522481891485,0.5133814256583192,MMP9
GO_Biological_Process_2023,Regulation Of BMP Signaling Pathway (GO:0030510),0.6155938755372113,0.6847804587052392,0,0,1.0581522481891485,0.5133814256583192,CRIM1
KEGG_2021_Human,Vibrio cholerae infection,0.5262971468845568,0.6870226228792418,0,0,1.361535758214725,0.8739552452752123,PLCG2
KEGG_2021_Human,Regulation of lipolysis in adipocytes,0.5179828375444853,0.6870226228792418,0,0,1.3948339483394834,0.9175401403788371,ADRB2
KEGG_2021_Human,Viral carcinogenesis,0.5216391211997565,0.6870226228792418,0,0,1.092652664977624,0.7110757024561934,LYN;CCND1;HDAC9
KEGG_2021_Human,Cysteine and methionine metabolism,0.5262971468845568,0.6870226228792418,0,0,1.361535758214725,0.8739552452752123,LDHC
GO_Biological_Process_2023,Response To Metal Ion (GO:0010038),0.6222299579892863,0.6875076132995274,0,0,1.0388460248238847,0.4928758706933264,TNNT2
GO_Biological_Process_2023,Regulation Of Actin Filament Polymerization (GO:0030833),0.6222299579892863,0.6875076132995274,0,0,1.0388460248238847,0.4928758706933264,CDC42EP4
GO_Biological_Process_2023,Fat Cell Differentiation (GO:0045444),0.6222299579892863,0.6875076132995274,0,0,1.0388460248238847,0.4928758706933264,CEBPA
GO_Biological_Process_2023,Cholesterol Metabolic Process (GO:0008203),0.6222299579892863,0.6875076132995274,0,0,1.0388460248238847,0.4928758706933264,SULT2B1
GO_Biological_Process_2023,Positive Regulation Of Intracellular Protein Transport (GO:0090316),0.6191330481156726,0.6875076132995274,0,0,0.9598506069094305,0.46018606113197513,ITGAM;GZMB
GO_Biological_Process_2023,Response To Reactive Oxygen Species (GO:0000302),0.6222299579892863,0.6875076132995274,0,0,1.0388460248238847,0.4928758706933264,MMP9
GO_Biological_Process_2023,Positive Regulation Of T Cell Proliferation (GO:0042102),0.6222299579892863,0.6875076132995274,0,0,1.0388460248238847,0.4928758706933264,TNFSF9
GO_Biological_Process_2023,Sterol Homeostasis (GO:0055092),0.6222299579892863,0.6875076132995274,0,0,1.0388460248238847,0.4928758706933264,HDAC9
GO_Biological_Process_2023,Sensory Perception Of Smell (GO:0007608),0.6222299579892863,0.6875076132995274,0,0,1.0388460248238847,0.4928758706933264,OR10Z1
GO_Biological_Process_2023,Negative Regulation Of Autophagy (GO:0010507),0.6222299579892863,0.6875076132995274,0,0,1.0388460248238847,0.4928758706933264,LZTS1
GO_Biological_Process_2023,Regulation Of Insulin Secretion (GO:0050796),0.6287518937800265,0.6937806322905195,0,0,1.0202293094359516,0.4734053203394314,TNF
GO_Biological_Process_2023,Regulation Of Cell-Matrix Adhesion (GO:0001952),0.6287518937800265,0.6937806322905195,0,0,1.0202293094359516,0.4734053203394314,JAG1
Reactome_2022,Phase I - Functionalization Of Compounds R-HSA-211945,0.3646508295983869,0.6950745055160588,0,0,1.591255144032922,1.6052820812017767,CYP21A2;CYP4F22
Reactome_2022,TNFR1-induced NFkappaB Signaling Pathway R-HSA-5357956,0.3633498020077363,0.6950745055160588,0,0,2.289889298892989,2.3182593484223672,TNF
Reactome_2022,Formation Of Fibrin Clot (Clotting Cascade) R-HSA-140877,0.3633498020077363,0.6950745055160588,0,0,2.289889298892989,2.3182593484223672,F2R
Reactome_2022,"Sensory Perception Of Sweet, Bitter, And Umami (Glutamate) Taste R-HSA-9717207",0.3633498020077363,0.6950745055160588,0,0,2.289889298892989,2.3182593484223672,TAS2R13
KEGG_2021_Human,"Growth hormone synthesis, secretion and action",0.5419085828805055,0.6956758619282586,0,0,1.1101042790363178,0.6801142208062745,ADCY10;PLCG2
KEGG_2021_Human,Estrogen signaling pathway,0.5367374696461762,0.6956758619282586,0,0,1.1210602759622368,0.697575482513935,HSPA2;MMP9
KEGG_2021_Human,Cytosolic DNA-sensing pathway,0.5424995253568988,0.6956758619282586,0,0,1.299480040254948,0.7947204982549113,CCL4
Reactome_2022,Notch-HLH Transcription Pathway R-HSA-350054,0.3851023472605467,0.6987599851680434,0,0,2.1199945332786663,2.0229966065248917,HDAC9
Reactome_2022,RAF/MAP Kinase Cascade R-HSA-5673001,0.3864454036906761,0.6987599851680434,0,0,1.2355514658401137,1.1747186930192492,PDGFRB;SPRED2;DUSP2;FLT3;NCAM1
Reactome_2022,MAPK Targets/ Nuclear Events Mediated By MAP Kinases R-HSA-450282,0.39569930978266094,0.6987599851680434,0,0,2.044148655772272,1.8951315983354047,MEF2C
Reactome_2022,Diseases Associated With Glycosaminoglycan Metabolism R-HSA-3560782,0.3851023472605467,0.6987599851680434,0,0,2.1199945332786663,2.0229966065248917,PRELP
Reactome_2022,Diseases Associated With TLR Signaling Cascade R-HSA-5602358,0.3851023472605467,0.6987599851680434,0,0,2.1199945332786663,2.0229966065248917,TLR6
Reactome_2022,Phospholipid Metabolism R-HSA-1483257,0.37858059734265137,0.6987599851680434,0,0,1.2953874694324985,1.2582439047377856,PLA2G4F;PLA2G4C;PLD4;GDPD5
Reactome_2022,Diseases Of Metabolism R-HSA-5668914,0.38638067407661836,0.6987599851680434,0,0,1.2807471024764445,1.2179036511235224,SPON2;CYP21A2;PRELP;CYP4F22
Reactome_2022,Pyruvate Metabolism R-HSA-70268,0.3851023472605467,0.6987599851680434,0,0,2.1199945332786663,2.0229966065248917,LDHC
Reactome_2022,Keratan Sulfate/Keratin Metabolism R-HSA-1638074,0.39569930978266094,0.6987599851680434,0,0,2.044148655772272,1.8951315983354047,PRELP
Reactome_2022,Thrombin Signaling Thru Proteinase Activated Receptors (PARs) R-HSA-456926,0.39569930978266094,0.6987599851680434,0,0,2.044148655772272,1.8951315983354047,F2R
Reactome_2022,Recycling Pathway Of L1 R-HSA-437239,0.3743202520618774,0.6987599851680434,0,0,2.201674709054783,2.1634614719502565,SHTN1
Reactome_2022,Downstream Signal Transduction R-HSA-186763,0.3743202520618774,0.6987599851680434,0,0,2.201674709054783,2.1634614719502565,PDGFRB
Reactome_2022,Stimuli-sensing Channels R-HSA-2672351,0.37700091585046724,0.6987599851680434,0,0,1.548048048048048,1.510132732364089,STOM;MCOLN2
Reactome_2022,FLT3 Signaling In Disease R-HSA-9682385,0.3743202520618774,0.6987599851680434,0,0,2.201674709054783,2.1634614719502565,FLT3
Reactome_2022,NCAM1 Interactions R-HSA-419037,0.3743202520618774,0.6987599851680434,0,0,2.201674709054783,2.1634614719502565,NCAM1
Reactome_2022,Signaling By CSF3 (G-CSF) R-HSA-9674555,0.39569930978266094,0.6987599851680434,0,0,2.044148655772272,1.8951315983354047,LYN
Reactome_2022,Sensory Perception Of Taste R-HSA-9717189,0.39569930978266094,0.6987599851680434,0,0,2.044148655772272,1.8951315983354047,TAS2R13
Reactome_2022,Regulation Of Necroptotic Cell Death R-HSA-5675482,0.39569930978266094,0.6987599851680434,0,0,2.044148655772272,1.8951315983354047,FASLG
Reactome_2022,RMTs Methylate Histone Arginines R-HSA-3214858,0.39569930978266094,0.6987599851680434,0,0,2.044148655772272,1.8951315983354047,CCND1
Reactome_2022,Transcriptional Regulation Of White Adipocyte Differentiation R-HSA-381340,0.3892510873806308,0.6987599851680434,0,0,1.5071150097465886,1.4220092420634596,CEBPA;TNF
Reactome_2022,Signaling By Hedgehog R-HSA-5358351,0.38782095181297993,0.6987599851680434,0,0,1.3533940227731756,1.2819503962957721,EVC2;ADCY10;DHH
Reactome_2022,Nicotinate Metabolism R-HSA-196807,0.3743202520618774,0.6987599851680434,0,0,2.201674709054783,2.1634614719502565,NAPRT
GO_Biological_Process_2023,Positive Regulation Of T Cell Differentiation (GO:0045582),0.6351616392790622,0.6999131947253516,0,0,1.0022658121318055,0.4549041596449042,TNFSF9
GO_Biological_Process_2023,Telomere Organization (GO:0032200),0.6351616392790622,0.6999131947253516,0,0,1.0022658121318055,0.4549041596449042,ZNF365
KEGG_2021_Human,Taste transduction,0.5581496889393729,0.6999367683692266,0,0,1.2428204716829776,0.7247235313801629,TAS2R13
KEGG_2021_Human,Kaposi sarcoma-associated herpesvirus infection,0.5586651270469974,0.6999367683692266,0,0,1.0328078111703318,0.6013059155910525,LYN;CCND1;PLCG2
KEGG_2021_Human,Endocrine and other factor-regulated calcium reabsorption,0.5581496889393729,0.6999367683692266,0,0,1.2428204716829776,0.7247235313801629,ATP1B4
KEGG_2021_Human,Mineral absorption,0.5503924467952681,0.6999367683692266,0,0,1.2705207052070522,0.7586580442097649,ATP1B4
GO_Biological_Process_2023,Negative Regulation Of Extrinsic Apoptotic Signaling Pathway (GO:2001237),0.6414611173028991,0.7054354857621574,0,0,0.9849217457691818,0.4373118628806666,TNF
GO_Biological_Process_2023,Positive Regulation Of Secretion By Cell (GO:1903532),0.6414611173028991,0.7054354857621574,0,0,0.9849217457691818,0.4373118628806666,EDN3
GO_Biological_Process_2023,Positive Regulation Of Cell Cycle (GO:0045787),0.6414611173028991,0.7054354857621574,0,0,0.9849217457691818,0.4373118628806666,CCND1
Reactome_2022,Signaling By Retinoic Acid R-HSA-5362517,0.4163504518854933,0.7068586450017378,0,0,1.9076260762607626,1.671515268906113,DHRS9
Reactome_2022,Downregulation Of SMAD2/3:SMAD4 Transcriptional Activity R-HSA-2173795,0.4163504518854933,0.7068586450017378,0,0,1.9076260762607626,1.671515268906113,ATP1B4
Reactome_2022,Transcriptional Regulation Of Granulopoiesis R-HSA-9616222,0.40611430692658007,0.7068586450017378,0,0,1.9735335284387328,1.778391746578506,CEBPA
Reactome_2022,Antimicrobial Peptides R-HSA-6803157,0.40611430692658007,0.7068586450017378,0,0,1.9735335284387328,1.778391746578506,GNLY
Reactome_2022,Hedgehog On State R-HSA-5632684,0.41342210635264,0.7068586450017378,0,0,1.4313888888888888,1.264325993240851,EVC2;DHH
Reactome_2022,RIPK1-mediated Regulated Necrosis R-HSA-5213460,0.4163504518854933,0.7068586450017378,0,0,1.9076260762607626,1.671515268906113,FASLG
Reactome_2022,Metabolism Of Carbohydrates R-HSA-71387,0.41030473251762384,0.7068586450017378,0,0,1.1988152884208547,1.067970767971196,B3GAT1;HYAL3;UST;PRELP;CHST13
Reactome_2022,EPHB-mediated Forward Signaling R-HSA-3928662,0.40611430692658007,0.7068586450017378,0,0,1.9735335284387328,1.778391746578506,LYN
Reactome_2022,Meiotic Synapsis R-HSA-1221632,0.4163504518854933,0.7068586450017378,0,0,1.9076260762607626,1.671515268906113,HSPA2
Reactome_2022,HSF1-dependent Transactivation R-HSA-3371571,0.4163504518854933,0.7068586450017378,0,0,1.9076260762607626,1.671515268906113,HSPA2
Reactome_2022,Signaling To ERKs R-HSA-187687,0.4163504518854933,0.7068586450017378,0,0,1.9076260762607626,1.671515268906113,NTRK1
Reactome_2022,MAPK1/MAPK3 Signaling R-HSA-5684996,0.40349731704022174,0.7068586450017378,0,0,1.2090899034434806,1.0973523926365973,PDGFRB;SPRED2;DUSP2;FLT3;NCAM1
GO_Biological_Process_2023,Negative Regulation Of Protein Metabolic Process (GO:0051248),0.6454019882988117,0.7092946266053161,0,0,0.9134222222222222,0.39997107520031355,NANOS1;GZMB
GO_Biological_Process_2023,Protein Phosphorylation (GO:0006468),0.64778530751949,0.7104881577132992,0,0,0.9107176703713277,0.3954299268767083,FGR;LYN;NTRK1;PDGFRB;NUAK1;LATS2;FLT3
GO_Biological_Process_2023,Positive Regulation Of Mitotic Cell Cycle Phase Transition (GO:1901992),0.6476522178946652,0.7104881577132992,0,0,0.9681656138595284,0.42057252470258283,CCND1
GO_Biological_Process_2023,Positive Regulation Of Protein Transport (GO:0051222),0.6476522178946652,0.7104881577132992,0,0,0.9681656138595284,0.42057252470258283,TNF
GO_Biological_Process_2023,Anterograde Trans-Synaptic Signaling (GO:0098916),0.6496386411673212,0.712045555328825,0,0,0.906114050558495,0.3908423351121576,NLGN4Y;RAPSN
KEGG_2021_Human,N-Glycan biosynthesis,0.5732663911934558,0.7141261330295621,0,0,1.1908825338253382,0.6626127154300984,TUSC3
GO_Biological_Process_2023,Negative Regulation Of Protein Binding (GO:0032091),0.6537367989940513,0.7151062321885662,0,0,0.9519680196801968,0.40463444138626264,ADRB2
GO_Biological_Process_2023,Regulation Of Double-Strand Break Repair Via Homologous Recombination (GO:0010569),0.6537367989940513,0.7151062321885662,0,0,0.9519680196801968,0.40463444138626264,ZNF365
GO_Biological_Process_2023,Negative Regulation Of Catabolic Process (GO:0009895),0.6537367989940513,0.7151062321885662,0,0,0.9519680196801968,0.40463444138626264,TNF
GO_Biological_Process_2023,Ras Protein Signal Transduction (GO:0007265),0.6579916085018138,0.7183257227697543,0,0,0.8918402777777777,0.37329143206261267,SHTN1;ADGRG1
GO_Biological_Process_2023,Metal Ion Transport (GO:0030001),0.6579916085018138,0.7183257227697543,0,0,0.8918402777777777,0.37329143206261267,TUSC3;NMUR1
GO_Biological_Process_2023,Positive Regulation Of Protein Kinase Activity (GO:0045860),0.6579916085018138,0.7183257227697543,0,0,0.8918402777777777,0.37329143206261267,ACE;ADRB2
KEGG_2021_Human,Cortisol synthesis and secretion,0.5806303807432719,0.7191899034206435,0,0,1.1665035017697116,0.6341590162376857,CYP21A2
GO_Biological_Process_2023,Protein N-linked Glycosylation (GO:0006487),0.6597166864220915,0.7197307541776203,0,0,0.9363014941624827,0.38944973690351425,TUSC3
Reactome_2022,Regulation Of Complement Cascade R-HSA-977606,0.4362983741058548,0.7234937384783373,0,0,1.788168819188192,1.4831589421516247,C4B
Reactome_2022,Elastic Fibre Formation R-HSA-1566948,0.4362983741058548,0.7234937384783373,0,0,1.788168819188192,1.4831589421516247,FBLN2
Reactome_2022,Pre-NOTCH Transcription And Translation R-HSA-1912408,0.4362983741058548,0.7234937384783373,0,0,1.788168819188192,1.4831589421516247,CCND1
Reactome_2022,Chromosome Maintenance R-HSA-73886,0.4312364004190634,0.7234937384783373,0,0,1.379384203480589,1.1601984622815709,CENPU;CENPM
Reactome_2022,Cargo Recognition For Clathrin-Mediated Endocytosis R-HSA-8856825,0.4312364004190634,0.7234937384783373,0,0,1.379384203480589,1.1601984622815709,NLRP3;ADRB2
Reactome_2022,Oncogene Induced Senescence R-HSA-2559585,0.4362983741058548,0.7234937384783373,0,0,1.788168819188192,1.4831589421516247,ID1
Reactome_2022,SLC-mediated Transmembrane Transport R-HSA-425407,0.4366673391151024,0.7234937384783373,0,0,1.193019278606965,0.9885162224548805,SLC22A15;SLC7A8;SLCO4C1;NLRP3
Reactome_2022,Regulation Of IGF Transport And Uptake By IGFBPs R-HSA-381426,0.43711080033066213,0.7234937384783373,0,0,1.3628747795414462,1.127872330154848,PRSS23;GZMH
GO_Biological_Process_2023,Protein Autoubiquitination (GO:0051865),0.6655936751960451,0.723739515782331,0,0,0.9211403404356624,0.3749740256756197,SH3RF2
GO_Biological_Process_2023,Positive Regulation Of Peptidyl-Serine Phosphorylation (GO:0033138),0.6655936751960451,0.723739515782331,0,0,0.9211403404356624,0.3749740256756197,TNF
GO_Biological_Process_2023,Calcium Ion Homeostasis (GO:0055074),0.6655936751960451,0.723739515782331,0,0,0.9211403404356624,0.3749740256756197,EDN3
GO_Biological_Process_2023,Telomere Maintenance (GO:0000723),0.6655936751960451,0.723739515782331,0,0,0.9211403404356624,0.3749740256756197,ZNF365
GO_Biological_Process_2023,Cellular Response To Reactive Oxygen Species (GO:0034614),0.6655936751960451,0.723739515782331,0,0,0.9211403404356624,0.3749740256756197,MMP9
KEGG_2021_Human,Fanconi anemia pathway,0.5878677512072543,0.7240405071366183,0,0,1.14309963099631,0.6072754160944632,SLX1B
Reactome_2022,NGF-stimulated Transcription R-HSA-9031628,0.4460161161086892,0.726841078103049,0,0,1.733870065973387,1.3999270256300096,ID1
Reactome_2022,L1CAM Interactions R-HSA-373760,0.442952260047158,0.726841078103049,0,0,1.3467538126361656,1.096652579275192,SHTN1;NCAM1
Reactome_2022,PI3K Cascade R-HSA-109704,0.4460161161086892,0.726841078103049,0,0,1.733870065973387,1.3999270256300096,FLT3
Reactome_2022,"Gamma Carboxylation, Hypusine Formation And Arylsulfatase Activation R-HSA-163841",0.4460161161086892,0.726841078103049,0,0,1.733870065973387,1.3999270256300096,ARSD
Reactome_2022,RHOH GTPase Cycle R-HSA-9013407,0.4460161161086892,0.726841078103049,0,0,1.733870065973387,1.3999270256300096,STOM
KEGG_2021_Human,Glycolysis / Gluconeogenesis,0.59498067187937,0.728684193650015,0,0,1.1206135590767672,0.5818520972295133,LDHC
GO_Biological_Process_2023,Actomyosin Structure Organization (GO:0031032),0.6713695293979293,0.729054948315134,0,0,0.9064604931763603,0.3611661115708381,TNNT2
GO_Biological_Process_2023,Regulation Of Cellular Biosynthetic Process (GO:0031326),0.6713695293979293,0.729054948315134,0,0,0.9064604931763603,0.3611661115708381,CX3CR1
GO_Biological_Process_2023,Cilium Assembly (GO:0060271),0.6721341949404884,0.7294032247603847,0,0,0.8685298058234107,0.34506451515955033,RSPH6A;LRGUK;NME8
Reactome_2022,Regulation Of TNFR1 Signaling R-HSA-5357905,0.455566937304068,0.7311226227858599,0,0,1.6827653570653354,1.3230113595707567,TNF
Reactome_2022,Vasopressin Regulates Renal Water Homeostasis Via Aquaporins R-HSA-432040,0.455566937304068,0.7311226227858599,0,0,1.6827653570653354,1.3230113595707567,NLRP3
Reactome_2022,Unattached Kinetochores Signal Amplification Via A MAD2 Inhibitory Signal R-HSA-141444,0.4545339609862442,0.7311226227858599,0,0,1.3156236696466581,1.0373464328597535,CENPU;CENPM
Reactome_2022,HSP90 Chaperone Cycle For Steroid Hormone Receptors (SHR) In Presence Of Ligand R-HSA-3371497,0.455566937304068,0.7311226227858599,0,0,1.6827653570653354,1.3230113595707567,HSPA2
Reactome_2022,RHOV GTPase Cycle R-HSA-9013424,0.455566937304068,0.7311226227858599,0,0,1.6827653570653354,1.3230113595707567,DLG5
Reactome_2022,Aberrant Regulation Of Mitotic Cell Cycle Due To RB1 Defects R-HSA-9687139,0.46495369442622814,0.7322495813427677,0,0,1.634580917237744,1.2517906065834614,CCND1
Reactome_2022,Downstream TCR Signaling R-HSA-202424,0.465977006309034,0.7322495813427677,0,0,1.285892634207241,0.9819320329851543,HLA-DQB2;HLA-DQA1
Reactome_2022,Deactivation Of Beta-Catenin Transactivating Complex R-HSA-3769402,0.46495369442622814,0.7322495813427677,0,0,1.634580917237744,1.2517906065834614,SOX13
Reactome_2022,Glycosphingolipid Metabolism R-HSA-1660662,0.46495369442622814,0.7322495813427677,0,0,1.634580917237744,1.2517906065834614,ARSD
Reactome_2022,Muscle Contraction R-HSA-397014,0.465354568543391,0.7322495813427677,0,0,1.1923017348203222,0.9120579497044837,NANOS1;TNNT2;FGF11
Reactome_2022,RND3 GTPase Cycle R-HSA-9696264,0.46495369442622814,0.7322495813427677,0,0,1.634580917237744,1.2517906065834614,DLG5
Reactome_2022,Non-integrin membrane-ECM Interactions R-HSA-3000171,0.46495369442622814,0.7322495813427677,0,0,1.634580917237744,1.2517906065834614,LAMB3
KEGG_2021_Human,RIG-I-like receptor signaling pathway,0.6019712749127204,0.7331270275473354,0,0,1.098992336077207,0.557788670653131,TNF
GO_Biological_Process_2023,Glucose Homeostasis (GO:0042593),0.6770459832436393,0.733764215349142,0,0,0.8922393911439115,0.3479877153794442,CEBPA
GO_Biological_Process_2023,Transforming Growth Factor Beta Receptor Signaling Pathway (GO:0007179),0.6770459832436393,0.733764215349142,0,0,0.8922393911439115,0.3479877153794442,ID1
Reactome_2022,Heparan Sulfate/Heparin (HS-GAG) Metabolism R-HSA-1638091,0.4832462010860388,0.7361448151411043,0,0,1.5460257305275755,1.1243147801560374,B3GAT1
Reactome_2022,Transcriptional Regulation By VENTX R-HSA-8853884,0.4832462010860388,0.7361448151411043,0,0,1.5460257305275755,1.1243147801560374,CCND1
Reactome_2022,ECM Proteoglycans R-HSA-3000178,0.4832462010860388,0.7361448151411043,0,0,1.5460257305275755,1.1243147801560374,NCAM1
Reactome_2022,Diseases Of Mitotic Cell Cycle R-HSA-9675126,0.4832462010860388,0.7361448151411043,0,0,1.5460257305275755,1.1243147801560374,CCND1
Reactome_2022,RND1 GTPase Cycle R-HSA-9696273,0.4832462010860388,0.7361448151411043,0,0,1.5460257305275755,1.1243147801560374,DLG5
Reactome_2022,MyD88 Cascade Initiated On Plasma Membrane R-HSA-975871,0.4828728845268252,0.7361448151411043,0,0,1.243719806763285,0.9054303065253063,MEF2C;MAP3K8
Reactome_2022,EML4 And NUDC In Mitotic Spindle Formation R-HSA-9648025,0.47727735951089306,0.7361448151411043,0,0,1.2574684574684574,0.9300959637598556,CENPU;CENPM
Reactome_2022,Transcriptional Regulation By RUNX3 R-HSA-8878159,0.4716452544450953,0.7361448151411043,0,0,1.271522633744856,0.9555850596650936,JAG1;CCND1
Reactome_2022,Amyloid Fiber Formation R-HSA-977225,0.49215742375910954,0.7361448151411043,0,0,1.5052437366478928,1.0671525519673886,TGFBI
Reactome_2022,Cardiac Conduction R-HSA-5576891,0.4884314181311752,0.7361448151411043,0,0,1.2302668259657508,0.8815553342585968,NANOS1;FGF11
Reactome_2022,FLT3 Signaling R-HSA-9607240,0.4741791956881768,0.7361448151411043,0,0,1.5890733907339074,1.1857188582038813,FLT3
Reactome_2022,Diseases Of Programmed Cell Death R-HSA-9645723,0.49215742375910954,0.7361448151411043,0,0,1.5052437366478928,1.0671525519673886,FASLG
Reactome_2022,IRS-related Events Triggered By IGF1R R-HSA-2428928,0.49215742375910954,0.7361448151411043,0,0,1.5052437366478928,1.0671525519673886,FLT3
Reactome_2022,Complement Cascade R-HSA-166658,0.49215742375910954,0.7361448151411043,0,0,1.5052437366478928,1.0671525519673886,C4B
Reactome_2022,RND2 GTPase Cycle R-HSA-9696270,0.49215742375910954,0.7361448151411043,0,0,1.5052437366478928,1.0671525519673886,DLG5
Reactome_2022,IRS-mediated Signaling R-HSA-112399,0.4741791956881768,0.7361448151411043,0,0,1.5890733907339074,1.1857188582038813,FLT3
Reactome_2022,RHOU GTPase Cycle R-HSA-9013420,0.49215742375910954,0.7361448151411043,0,0,1.5052437366478928,1.0671525519673886,DLG5
KEGG_2021_Human,Lysosome,0.6146126090251347,0.7361843338872492,0,0,0.9680477087256748,0.4712099168830136,HYAL3;CD68
KEGG_2021_Human,Bile secretion,0.6088416561020343,0.7361843338872492,0,0,1.0781870082851772,0.5349932144555406,ATP1B4
KEGG_2021_Human,JAK-STAT signaling pathway,0.6146126090251347,0.7361843338872492,0,0,0.9680477087256748,0.4712099168830136,PDGFRB;CCND1
Reactome_2022,Heme Signaling R-HSA-9707616,0.500915530681921,0.7367225632313489,0,0,1.4665531270697323,1.0138542719229293,MEF2C
Reactome_2022,G Alpha (Z) Signaling Events R-HSA-418597,0.500915530681921,0.7367225632313489,0,0,1.4665531270697323,1.0138542719229293,RGSL1
Reactome_2022,Negative Regulation Of MAPK Pathway R-HSA-5675221,0.500915530681921,0.7367225632313489,0,0,1.4665531270697323,1.0138542719229293,DUSP2
Reactome_2022,IGF1R Signaling Cascade R-HSA-2428924,0.500915530681921,0.7367225632313489,0,0,1.4665531270697323,1.0138542719229293,FLT3
Reactome_2022,MHC Class II Antigen Presentation R-HSA-2132295,0.49395257388753994,0.7367225632313489,0,0,1.2171000788022064,0.8584398800740385,HLA-DQA1;HLA-DQB2
Reactome_2022,Signaling By FGFR1 R-HSA-5654736,0.500915530681921,0.7367225632313489,0,0,1.4665531270697323,1.0138542719229293,SPRED2
GO_Biological_Process_2023,Regulation Of Epithelial To Mesenchymal Transition (GO:0010717),0.6826247410969792,0.7378634536989058,0,0,0.8784558614816917,0.3354032305269949,SPRED2
GO_Biological_Process_2023,Negative Regulation Of Phosphorylation (GO:0042326),0.6826247410969792,0.7378634536989058,0,0,0.8784558614816917,0.3354032305269949,LYN
GO_Biological_Process_2023,Purine Ribonucleotide Metabolic Process (GO:0009150),0.6826247410969792,0.7378634536989058,0,0,0.8784558614816917,0.3354032305269949,SULT2B1
GO_Biological_Process_2023,Regulation Of Cell Cycle G1/S Phase Transition (GO:1902806),0.6826247410969792,0.7378634536989058,0,0,0.8784558614816917,0.3354032305269949,PLCG2
GO_Biological_Process_2023,Regulation Of Nucleic Acid-Templated Transcription (GO:1903506),0.6845767302524967,0.7394868953352084,0,0,0.8715858523860672,0.3302914190267675,CEBPA;MEF2C;SETBP1;SOX13;ATP1B4;FADS1
KEGG_2021_Human,PPAR signaling pathway,0.6222299579892863,0.7412356876593683,0,0,1.0388460248238847,0.4928758706933264,FADS2
GO_Biological_Process_2023,Wnt Signaling Pathway (GO:0016055),0.6881074782070692,0.7418376553111645,0,0,0.865090014536509,0.32337950156548995,PLCG2
GO_Biological_Process_2023,Regulation Of Plasma Membrane Bounded Cell Projection Assembly (GO:0120032),0.6881074782070692,0.7418376553111645,0,0,0.865090014536509,0.32337950156548995,FSCN1
GO_Biological_Process_2023,Regulation Of TOR Signaling (GO:0032006),0.6881074782070692,0.7418376553111645,0,0,0.865090014536509,0.32337950156548995,NUAK1
Reactome_2022,Aquaporin-mediated Transport R-HSA-445717,0.509523143066892,0.7442878574432205,0,0,1.4297970479704798,0.9640835595907167,NLRP3
Reactome_2022,Signaling By Type 1 Insulin-like Growth Factor 1 Receptor (IGF1R) R-HSA-2404192,0.509523143066892,0.7442878574432205,0,0,1.4297970479704798,0.9640835595907167,FLT3
Reactome_2022,TRAF6 Mediated Induction Of NFkB And MAP Kinases Upon TLR7/8 Or 9 Activation R-HSA-975138,0.5102882658985716,0.7442878574432205,0,0,1.1792287132493318,0.7933608872136196,MEF2C;MAP3K8
GO_Biological_Process_2023,Response To Insulin (GO:0032868),0.6934958413541952,0.7461779091977359,0,0,0.8521231480971526,0.31188562398414166,HDAC9
GO_Biological_Process_2023,Calcium Ion Transmembrane Transport (GO:0070588),0.6934958413541952,0.7461779091977359,0,0,0.8521231480971526,0.31188562398414166,MCOLN2
GO_Biological_Process_2023,Organic Anion Transport (GO:0015711),0.6934958413541952,0.7461779091977359,0,0,0.8521231480971526,0.31188562398414166,SLCO4C1
Reactome_2022,MAPK Family Signaling Cascades R-HSA-5683057,0.5134185076908634,0.7467905566412558,0,0,1.059023442918574,0.7060127642363808,PDGFRB;SPRED2;DUSP2;FLT3;NCAM1
Reactome_2022,Toll Like Receptor 3 (TLR3) Cascade R-HSA-168164,0.5209858043278202,0.7470024020296935,0,0,1.1552562663673775,0.7532646136763504,MEF2C;MAP3K8
Reactome_2022,Diseases Associated With O-glycosylation Of Proteins R-HSA-3906995,0.5262971468845568,0.7470024020296935,0,0,1.361535758214725,0.8739552452752123,SPON2
Reactome_2022,"Interleukin-3, Interleukin-5 And GM-CSF Signaling R-HSA-512988",0.5179828375444853,0.7470024020296935,0,0,1.3948339483394834,0.9175401403788371,LYN
Reactome_2022,Resolution Of Sister Chromatid Cohesion R-HSA-2500257,0.5262758772886241,0.7470024020296935,0,0,1.1436296296296296,0.7341298504472511,CENPU;CENPM
Reactome_2022,Neurexins And Neuroligins R-HSA-6794361,0.5262971468845568,0.7470024020296935,0,0,1.361535758214725,0.8739552452752123,NLGN4Y
Reactome_2022,Insulin Receptor Signaling Cascade R-HSA-74751,0.5179828375444853,0.7470024020296935,0,0,1.3948339483394834,0.9175401403788371,FLT3
Reactome_2022,Cell-cell Junction Organization R-HSA-421270,0.5262971468845568,0.7470024020296935,0,0,1.361535758214725,0.8739552452752123,CADM1
Reactome_2022,Toll Like Receptor 7/8 (TLR7/8) Cascade R-HSA-168181,0.5209858043278202,0.7470024020296935,0,0,1.1552562663673775,0.7532646136763504,MEF2C;MAP3K8
Reactome_2022,MyD88 Dependent Cascade Initiated On Endosome R-HSA-975155,0.515656516520419,0.7470024020296935,0,0,1.1671201814058958,0.7730005036239422,MEF2C;MAP3K8
GO_Biological_Process_2023,Regulation Of Ras Protein Signal Transduction (GO:0046578),0.698791449075812,0.7484448180127504,0,0,0.8395376600824832,0.3008927634147656,NTRK1
GO_Biological_Process_2023,Negative Regulation Of Transforming Growth Factor Beta Receptor Signaling Pathway (GO:0030512),0.698791449075812,0.7484448180127504,0,0,0.8395376600824832,0.3008927634147656,SPRED2
GO_Biological_Process_2023,Positive Regulation Of Catabolic Process (GO:0009896),0.698791449075812,0.7484448180127504,0,0,0.8395376600824832,0.3008927634147656,TNF
GO_Biological_Process_2023,Negative Regulation Of Protein Modification Process (GO:0031400),0.698791449075812,0.7484448180127504,0,0,0.8395376600824832,0.3008927634147656,LYN
GO_Biological_Process_2023,Cell Junction Assembly (GO:0034329),0.698791449075812,0.7484448180127504,0,0,0.8395376600824832,0.3008927634147656,FSCN1
GO_Biological_Process_2023,Axon Development (GO:0061564),0.698791449075812,0.7484448180127504,0,0,0.8395376600824832,0.3008927634147656,SHTN1
GO_Biological_Process_2023,Regulation Of Cytokinesis (GO:0032465),0.698791449075812,0.7484448180127504,0,0,0.8395376600824832,0.3008927634147656,TAS2R13
Reactome_2022,Transcriptional Regulation By RUNX2 R-HSA-8878166,0.531526503236917,0.7503903575109416,0,0,1.1322332233223322,0.7155739078252917,CCND1;HIVEP3
Reactome_2022,Diseases Of Glycosylation R-HSA-3781865,0.531526503236917,0.7503903575109416,0,0,1.1322332233223322,0.7155739078252917,SPON2;PRELP
Reactome_2022,Ion Homeostasis R-HSA-5578775,0.534468560499163,0.7505303189988247,0,0,1.329786321119025,0.8330876869012603,NANOS1
Reactome_2022,TNF Signaling R-HSA-75893,0.534468560499163,0.7505303189988247,0,0,1.329786321119025,0.8330876869012603,TNF
Reactome_2022,MyD88-independent TLR4 Cascade R-HSA-166166,0.5419085828805055,0.7516315286977937,0,0,1.1101042790363178,0.6801142208062745,MEF2C;MAP3K8
Reactome_2022,Signaling By ERBB2 R-HSA-1227986,0.5424995253568988,0.7516315286977937,0,0,1.299480040254948,0.7947204982549113,MATK
Reactome_2022,"Platelet Activation, Signaling And Aggregation R-HSA-76002",0.5401174245414748,0.7516315286977937,0,0,1.039280868385346,0.6401644960438775,LYN;F2R;PLEK;PLCG2
Reactome_2022,Toll Like Receptor 9 (TLR9) Cascade R-HSA-168138,0.5367374696461762,0.7516315286977937,0,0,1.1210602759622368,0.697575482513935,MEF2C;MAP3K8
Reactome_2022,Disease R-HSA-1643685,0.5437940226563583,0.7516315286977937,0,0,0.9932692659865499,0.6050844782084274,GPR27;SPON2;TUSC3;FLT3;DHH;FASLG;PRELP;ADRB2;CYP4F22;HDAC9;SPRED2;CCND1;PLCG2;NLRP3;LYN;PDGFRB;JAG2;JAG1;APOBEC3G;GPBAR1;FGR;CYP21A2;FAM131B;TLR6;PIK3AP1
Reactome_2022,Signaling By Non-Receptor Tyrosine Kinases R-HSA-9006927,0.5424995253568988,0.7516315286977937,0,0,1.299480040254948,0.7947204982549113,CCND1
KEGG_2021_Human,Adipocytokine signaling pathway,0.6351616392790622,0.7525284639284541,0,0,1.0022658121318055,0.4549041596449042,TNF
GO_Biological_Process_2023,Sphingolipid Biosynthetic Process (GO:0030148),0.7039958923052793,0.7525473331539192,0,0,0.8273169688218621,0.2903739911551234,CYP4F22
GO_Biological_Process_2023,Cellular Response To UV (GO:0034644),0.7039958923052793,0.7525473331539192,0,0,0.8273169688218621,0.2903739911551234,MMP9
GO_Biological_Process_2023,Glycoprotein Biosynthetic Process (GO:0009101),0.7039958923052793,0.7525473331539192,0,0,0.8273169688218621,0.2903739911551234,CHST13
Reactome_2022,Mitotic Spindle Checkpoint R-HSA-69618,0.5470396674557928,0.7541434580069415,0,0,1.0993589743589745,0.6631706686510997,CENPU;CENPM
Reactome_2022,NOTCH1 Intracellular Domain Regulates Transcription R-HSA-2122947,0.5503924467952681,0.7548239270335105,0,0,1.2705207052070522,0.7586580442097649,HDAC9
Reactome_2022,NCAM Signaling For Neurite Out-Growth R-HSA-375165,0.5503924467952681,0.7548239270335105,0,0,1.2705207052070522,0.7586580442097649,NCAM1
GO_Biological_Process_2023,Regulation Of Peptidyl-Tyrosine Phosphorylation (GO:0050730),0.7091107347686989,0.7570298487491698,0,0,0.8154454401686874,0.2803041350650087,PLCG2
GO_Biological_Process_2023,Vascular Transport (GO:0010232),0.7091107347686989,0.7570298487491698,0,0,0.8154454401686874,0.2803041350650087,SLC7A8
GO_Biological_Process_2023,Cellular Response To Hormone Stimulus (GO:0032870),0.7141375133654527,0.7599274186913464,0,0,0.8039083207733486,0.2706596439690459,MEF2C
GO_Biological_Process_2023,Cellular Response To Peptide Hormone Stimulus (GO:0071375),0.7141375133654527,0.7599274186913464,0,0,0.8039083207733486,0.2706596439690459,HDAC9
GO_Biological_Process_2023,Positive Regulation Of Canonical Wnt Signaling Pathway (GO:0090263),0.7141375133654527,0.7599274186913464,0,0,0.8039083207733486,0.2706596439690459,ZEB2
GO_Biological_Process_2023,Proteolysis Involved In Protein Catabolic Process (GO:0051603),0.7141375133654527,0.7599274186913464,0,0,0.8039083207733486,0.2706596439690459,GZMB
GO_Biological_Process_2023,Regulation Of Protein Localization To Plasma Membrane (GO:1903076),0.7141375133654527,0.7599274186913464,0,0,0.8039083207733486,0.2706596439690459,TNF
GO_Biological_Process_2023,Exocytosis (GO:0006887),0.7190777388328545,0.7637005332271364,0,0,0.7926916769167691,0.26141846384846523,SYNGR3
GO_Biological_Process_2023,Regulation Of Protein Secretion (GO:0050708),0.7190777388328545,0.7637005332271364,0,0,0.7926916769167691,0.26141846384846523,TNF
GO_Biological_Process_2023,Transport Across Blood-Brain Barrier (GO:0150104),0.7190777388328545,0.7637005332271364,0,0,0.7926916769167691,0.26141846384846523,SLC7A8
GO_Biological_Process_2023,Positive Regulation Of Protein Localization (GO:1903829),0.7287044447392212,0.7729253729545129,0,0,0.7711678468136033,0.2440646405778628,TNF
GO_Biological_Process_2023,Regulation Of Cell Division (GO:0051302),0.7287044447392212,0.7729253729545129,0,0,0.7711678468136033,0.2440646405778628,SFN
GO_Biological_Process_2023,Positive Regulation Of Nucleic Acid-Templated Transcription (GO:1903508),0.729189926809096,0.7729413224176418,0,0,0.835904550499445,0.2639962530920897,CIITA;MEF2C;TBX21;F2R;SCX;HIVEP3;TNF
Reactome_2022,Transcriptional Activation Of Mitochondrial Biogenesis R-HSA-2151201,0.5657735756424362,0.773260352535346,0,0,1.2162989715003534,0.6927568524076652,MEF2C
Reactome_2022,RHO GTPase Cycle R-HSA-9012999,0.5667646902105661,0.773260352535346,0,0,0.9870766363848125,0.5604730409209108,DOCK5;JAG1;GFOD1;CDC42EP4;DLG5;EFHD2;STOM
Reactome_2022,RAC1 GTPase Cycle R-HSA-9013149,0.5706203756316002,0.7761144988465248,0,0,1.0142759728118607,0.5690403968896024,DOCK5;JAG1;CDC42EP4
Reactome_2022,Pre-NOTCH Expression And Processing R-HSA-1912422,0.5732663911934558,0.7761144988465248,0,0,1.1908825338253382,0.6626127154300984,CCND1
Reactome_2022,Arachidonic Acid Metabolism R-HSA-2142753,0.5732663911934558,0.7761144988465248,0,0,1.1908825338253382,0.6626127154300984,CYP4F22
GO_Biological_Process_2023,Macromolecule Modification (GO:0043412),0.7333938192696494,0.7768962250548254,0,0,0.7608364083640836,0.23591440986242962,MMP15
KEGG_2021_Human,Gastric acid secretion,0.6597166864220915,0.7773958791352212,0,0,0.9363014941624827,0.38944973690351425,ATP1B4
Reactome_2022,RHO GTPases Activate Formins R-HSA-5663220,0.5769779216870823,0.7791415413063413,0,0,1.038989898989899,0.5713938219265963,CENPU;CENPM
Reactome_2022,Transcriptional Regulation By MECP2 R-HSA-8986944,0.5806303807432719,0.78008356496806,0,0,1.1665035017697116,0.6341590162376857,MEF2C
Reactome_2022,Pyruvate Metabolism And Citric Acid (TCA) Cycle R-HSA-71406,0.5806303807432719,0.78008356496806,0,0,1.1665035017697116,0.6341590162376857,LDHC
Reactome_2022,RHOD GTPase Cycle R-HSA-9013405,0.5878677512072543,0.7818493013537287,0,0,1.14309963099631,0.6072754160944632,EFHD2
Reactome_2022,Ubiquitin-dependent Degradation Of Cyclin D R-HSA-75815,0.5878677512072543,0.7818493013537287,0,0,1.14309963099631,0.6072754160944632,CCND1
Reactome_2022,RHOJ GTPase Cycle R-HSA-9013409,0.5878677512072543,0.7818493013537287,0,0,1.14309963099631,0.6072754160944632,STOM
Reactome_2022,Transcriptional Activity Of SMAD2/SMAD3:SMAD4 Heterotrimer R-HSA-2173793,0.5878677512072543,0.7818493013537287,0,0,1.14309963099631,0.6072754160944632,ATP1B4
GO_Biological_Process_2023,Regulation Of Peptidyl-Serine Phosphorylation (GO:0033135),0.7425316620257244,0.7850576066333752,0,0,0.740978578616955,0.2205817402393463,TNF
GO_Biological_Process_2023,Positive Regulation Of Amide Metabolic Process (GO:0034250),0.7425316620257244,0.7850576066333752,0,0,0.740978578616955,0.2205817402393463,TNF
GO_Biological_Process_2023,Negative Regulation Of Protein Kinase Activity (GO:0006469),0.7425316620257244,0.7850576066333752,0,0,0.740978578616955,0.2205817402393463,SFN
KEGG_2021_Human,Spliceosome,0.6702221599623357,0.7855291982354258,0,0,0.8712468193384224,0.3486259642069896,U2AF1L5;HSPA2
KEGG_2021_Human,Cushing syndrome,0.6742198737077988,0.7859889436807493,0,0,0.8645903479236813,0.3408206498265248,CCND1;CYP21A2
Reactome_2022,Meiosis R-HSA-1500620,0.59498067187937,0.7873428439907452,0,0,1.1206135590767672,0.5818520972295133,HSPA2
Reactome_2022,"Nucleotide-binding Domain, Leucine Rich Repeat Containing NLR Signaling Pathways R-HSA-168643",0.59498067187937,0.7873428439907452,0,0,1.1206135590767672,0.5818520972295133,NLRP3
GO_Biological_Process_2023,Positive Regulation Of Transmembrane Receptor Protein Serine/Threonine Kinase Signaling Pathway (GO:0090100),0.7469828784513113,0.7892558644987167,0,0,0.7314315450846817,0.21336810093550235,ZEB2
KEGG_2021_Human,Insulin secretion,0.6826247410969792,0.7915542210592631,0,0,0.8784558614816917,0.3354032305269949,ATP1B4
GO_Biological_Process_2023,T Cell Receptor Signaling Pathway (GO:0050852),0.7513574178436205,0.7923493180468989,0,0,0.7221262086038582,0.206436976238882,PLCG2
GO_Biological_Process_2023,Monoatomic Ion Transport (GO:0006811),0.7513574178436205,0.7923493180468989,0,0,0.7221262086038582,0.206436976238882,P2RX1
GO_Biological_Process_2023,Regulation Of Mitotic Cell Cycle Phase Transition (GO:1901990),0.7513574178436205,0.7923493180468989,0,0,0.7221262086038582,0.206436976238882,HECW2
Reactome_2022,Intrinsic Pathway For Apoptosis R-HSA-109606,0.6019712749127204,0.7926205315559012,0,0,1.098992336077207,0.557788670653131,GZMB
Reactome_2022,Vif-mediated Degradation Of APOBEC3G R-HSA-180585,0.6019712749127204,0.7926205315559012,0,0,1.098992336077207,0.557788670653131,APOBEC3G
GO_Biological_Process_2023,Regulation Of Double-Strand Break Repair (GO:2000779),0.7556565963867796,0.7963718972825393,0,0,0.7130535055350553,0.19977494822672262,ZNF365
KEGG_2021_Human,Pancreatic secretion,0.6934958413541952,0.7969405584379553,0,0,0.8521231480971526,0.31188562398414166,ATP1B4
KEGG_2021_Human,Human T-cell leukemia virus 1 infection,0.6945812206569335,0.7969405584379553,0,0,0.8383446315329106,0.30553149449143024,CCND1;TNF;HLA-DQA1
Reactome_2022,Integrin Cell Surface Interactions R-HSA-216083,0.6088416561020343,0.7996726229399854,0,0,1.0781870082851772,0.5349932144555406,ITGAM
KEGG_2021_Human,ECM-receptor interaction,0.7039958923052793,0.8002426603893662,0,0,0.8273169688218621,0.2903739911551234,LAMB3
KEGG_2021_Human,Tight junction,0.7048008752053133,0.8002426603893662,0,0,0.8147619047619048,0.2850362742757015,CCND1;PPP2R2B
KEGG_2021_Human,Inositol phosphate metabolism,0.7091107347686989,0.8009644568889966,0,0,0.8154454401686874,0.2803041350650087,PLCG2
GO_Biological_Process_2023,Negative Regulation Of Macromolecule Metabolic Process (GO:0010605),0.7618871890888828,0.8024234946622015,0,0,0.7257372021703232,0.19736915267959187,MEF2C;TNF
Reactome_2022,FOXO-mediated Transcription R-HSA-9614085,0.6155938755372113,0.8025520155151793,0,0,1.0581522481891485,0.5133814256583192,FASLG
Reactome_2022,Late SARS-CoV-2 Infection Events R-HSA-9772573,0.6155938755372113,0.8025520155151793,0,0,1.0581522481891485,0.5133814256583192,TUSC3
Reactome_2022,Drug ADME R-HSA-9748784,0.6155938755372113,0.8025520155151793,0,0,1.0581522481891485,0.5133814256583192,GSTM1
GO_Biological_Process_2023,Regulation Of Protein Metabolic Process (GO:0051246),0.7640340228033288,0.804169057953792,0,0,0.6955719557195572,0.18720829390213908,ACE
GO_Biological_Process_2023,Regulation Of Angiogenesis (GO:0045765),0.7649282997662943,0.8045948761306155,0,0,0.7210970464135021,0.19323466525848462,EFNA3;FASLG
GO_Biological_Process_2023,Positive Regulation Of Binding (GO:0051099),0.7681147917403476,0.8069134289190479,0,0,0.6871471124349797,0.18128046348977644,MMP9
GO_Biological_Process_2023,Positive Regulation Of Protein Catabolic Process (GO:0045732),0.7681147917403476,0.8069134289190479,0,0,0.6871471124349797,0.18128046348977644,TNF
Reactome_2022,Cytoprotection By HMOX1 R-HSA-9707564,0.6222299579892863,0.8092054626067565,0,0,1.0388460248238847,0.4928758706933264,NLRP3
Reactome_2022,Hh Mutants Abrogate Ligand Secretion R-HSA-5387390,0.6287518937800265,0.8116894863468312,0,0,1.0202293094359516,0.4734053203394314,DHH
Reactome_2022,Signaling By BRAF And RAF1 Fusions R-HSA-6802952,0.6287518937800265,0.8116894863468312,0,0,1.0202293094359516,0.4734053203394314,FAM131B
Reactome_2022,Clathrin-mediated Endocytosis R-HSA-8856828,0.628051683061581,0.8116894863468312,0,0,0.9438628711355984,0.4390215970865682,NLRP3;ADRB2
GO_Biological_Process_2023,Cell-Matrix Adhesion (GO:0007160),0.7760665830933442,0.8126688311168672,0,0,0.6708921206859128,0.17008253060519685,ITGAM
GO_Biological_Process_2023,T Cell Activation (GO:0042110),0.7760665830933442,0.8126688311168672,0,0,0.6708921206859128,0.17008253060519685,JAG2
GO_Biological_Process_2023,Cellular Response To Insulin Stimulus (GO:0032869),0.7760665830933442,0.8126688311168672,0,0,0.6708921206859128,0.17008253060519685,HDAC9
GO_Biological_Process_2023,Monocarboxylic Acid Metabolic Process (GO:0032787),0.7760665830933442,0.8126688311168672,0,0,0.6708921206859128,0.17008253060519685,LDHC
GO_Biological_Process_2023,Peptidyl-Lysine Modification (GO:0018205),0.7760665830933442,0.8126688311168672,0,0,0.6708921206859128,0.17008253060519685,HDAC9
GO_Biological_Process_2023,Regulation Of Macroautophagy (GO:0016241),0.779939999386573,0.8162047254727004,0,0,0.663048142109328,0.16479284885534,LZTS1
Reactome_2022,SCF(Skp2)-mediated Degradation Of P27/P21 R-HSA-187577,0.6351616392790622,0.8179642574130362,0,0,1.0022658121318055,0.4549041596449042,CCND1
GO_Biological_Process_2023,Plasma Membrane Bounded Cell Projection Assembly (GO:0120031),0.7825365346603398,0.8184007170254223,0,0,0.723158591141075,0.17732909383510007,SHTN1;NME8;FSCN1
GO_Biological_Process_2023,Protein Catabolic Process (GO:0030163),0.7837466579569761,0.8186241316104971,0,0,0.6553844848793315,0.15969717776460257,GZMB
GO_Biological_Process_2023,Negative Regulation Of Defense Response (GO:0031348),0.7837466579569761,0.8186241316104971,0,0,0.6553844848793315,0.15969717776460257,NLRP3
GO_Biological_Process_2023,Positive Regulation Of DNA-templated Transcription (GO:0045893),0.7851306984220038,0.8195487531812911,0,0,0.8342971598394558,0.2018207214061056,KLF10;CEBPA;CIITA;MEF2C;JAG1;F2R;SCX;LILRB1;ASCL2;TNF;ZEB2;TBX21;NLRP3;TNFSF11;HIVEP3
GO_Biological_Process_2023,Activation Of GTPase Activity (GO:0090630),0.7874877053075884,0.8214871744891223,0,0,0.6478950016772895,0.1547869885324485,TBC1D3C
GO_Biological_Process_2023,Phosphatidylinositol Biosynthetic Process (GO:0006661),0.7911642679901021,0.823753417178541,0,0,0.6405738214685518,0.15005420083550985,PLCG2
GO_Biological_Process_2023,Response To UV (GO:0009411),0.7911642679901021,0.823753417178541,0,0,0.6405738214685518,0.15005420083550985,CCND1
GO_Biological_Process_2023,Regulation Of Signal Transduction (GO:0009966),0.790813918879046,0.823753417178541,0,0,0.6818363273453094,0.16002193145943538,NCAM1;RGS9
Reactome_2022,Interferon Alpha/Beta Signaling R-HSA-909733,0.6414611173028991,0.824066836827082,0,0,0.9849217457691818,0.4373118628806666,IFITM3
GO_Biological_Process_2023,Positive Regulation Of Cell Growth (GO:0030307),0.7947774536999392,0.8269913593597216,0,0,0.6334153341533415,0.14549115447260552,SHTN1
KEGG_2021_Human,Prion disease,0.735967115854203,0.8270145941042075,0,0,0.7837897752464105,0.2402863066158759,NCAM1;HSPA2;TNF
Reactome_2022,C-type Lectin Receptors (CLRs) R-HSA-5621481,0.6454019882988117,0.8271171112178947,0,0,0.9134222222222222,0.39997107520031355,LYN;PLCG2
GO_Biological_Process_2023,Recombinational Repair (GO:0000725),0.7983283508576537,0.8275416280499212,0,0,0.6264141762296744,0.14109058423181323,FSCN1
GO_Biological_Process_2023,Protein Modification By Small Protein Conjugation (GO:0032446),0.7982811456344767,0.8275416280499212,0,0,0.7260502598826951,0.16357507999961726,SH3RF2;HECW2;HDAC9;BSPRY
GO_Biological_Process_2023,Positive Regulation Of Wnt Signaling Pathway (GO:0030177),0.7983283508576537,0.8275416280499212,0,0,0.6264141762296744,0.14109058423181323,ZEB2
GO_Biological_Process_2023,Positive Regulation Of DNA Metabolic Process (GO:0051054),0.7983283508576537,0.8275416280499212,0,0,0.6264141762296744,0.14109058423181323,PDGFRB
GO_Biological_Process_2023,Positive Regulation Of Epithelial Cell Proliferation (GO:0050679),0.7983283508576537,0.8275416280499212,0,0,0.6264141762296744,0.14109058423181323,TNF
GO_Biological_Process_2023,Protein Complex Oligomerization (GO:0051259),0.7983283508576537,0.8275416280499212,0,0,0.6264141762296744,0.14109058423181323,NLRP3
Reactome_2022,Semaphorin Interactions R-HSA-373755,0.6476522178946652,0.8279912131922113,0,0,0.9681656138595284,0.42057252470258283,PLXNA2
GO_Biological_Process_2023,Chemical Synaptic Transmission (GO:0007268),0.801492289627296,0.8295888049690532,0,0,0.6657136668832575,0.14730907154912803,NLGN4Y;RAPSN
GO_Biological_Process_2023,Regulation Of Organelle Organization (GO:0033043),0.8018180293918785,0.8295888049690532,0,0,0.6195652173913043,0.1368455955890181,ZEB2
GO_Biological_Process_2023,Regulation Of Cell Motility (GO:2000145),0.8018180293918785,0.8295888049690532,0,0,0.6195652173913043,0.1368455955890181,PLXNA2
KEGG_2021_Human,Circadian entrainment,0.7425316620257244,0.8301123195979894,0,0,0.740978578616955,0.2205817402393463,ADCY10
KEGG_2021_Human,ErbB signaling pathway,0.7469828784513113,0.8308278954203361,0,0,0.7314315450846817,0.21336810093550235,PLCG2
Reactome_2022,Visual Phototransduction R-HSA-2187338,0.6537367989940513,0.8337512798764712,0,0,0.9519680196801968,0.40463444138626264,DHRS9
GO_Biological_Process_2023,Cytoskeleton Organization (GO:0007010),0.8119301797445213,0.8389945190693388,0,0,0.5998834725189357,0.12498027938868993,PALLD
GO_Biological_Process_2023,Epithelium Development (GO:0060429),0.8119301797445213,0.8389945190693388,0,0,0.5998834725189357,0.12498027938868993,DHRS9
Reactome_2022,Signaling By Insulin Receptor R-HSA-74752,0.6597166864220915,0.8393503865803958,0,0,0.9363014941624827,0.38944973690351425,FLT3
KEGG_2021_Human,Protein processing in endoplasmic reticulum,0.7588121600953325,0.8397007659938197,0,0,0.7304368471035138,0.2016013116475254,TUSC3;HSPA2
GO_Biological_Process_2023,Phosphorylation (GO:0016310),0.8133957613641846,0.8399806636840699,0,0,0.7274080476327668,0.1502370371159825,FGR;LYN;NTRK1;NUAK1;LATS2
KEGG_2021_Human,Salmonella infection,0.7728115977139595,0.8415309792012464,0,0,0.7358191257531086,0.18963529684982913,NLRP3;TLR6;TNF
KEGG_2021_Human,Alcoholism,0.7874877053075884,0.8415309792012464,0,0,0.6478950016772895,0.1547869885324485,HDAC9
KEGG_2021_Human,Diabetic cardiomyopathy,0.7709097741907938,0.8415309792012464,0,0,0.7119907407407408,0.18524855379321384,ACE;MMP9
KEGG_2021_Human,Phosphatidylinositol signaling system,0.7874877053075884,0.8415309792012464,0,0,0.6478950016772895,0.1547869885324485,PLCG2
KEGG_2021_Human,mRNA surveillance pathway,0.7837466579569761,0.8415309792012464,0,0,0.6553844848793315,0.15969717776460257,PPP2R2B
KEGG_2021_Human,Endocytosis,0.7825365346603398,0.8415309792012464,0,0,0.723158591141075,0.17732909383510007,CXCR1;CXCR2;HSPA2
KEGG_2021_Human,Glucagon signaling pathway,0.779939999386573,0.8415309792012464,0,0,0.663048142109328,0.16479284885534,LDHC
GO_Biological_Process_2023,Intracellular Calcium Ion Homeostasis (GO:0006874),0.8183843254707788,0.8440712157868736,0,0,0.5874386578917336,0.11773634570979795,EDN3
GO_Biological_Process_2023,Intrinsic Apoptotic Signaling Pathway (GO:0097193),0.8183843254707788,0.8440712157868736,0,0,0.5874386578917336,0.11773634570979795,SFN
Reactome_2022,Hedgehog Ligand Biogenesis R-HSA-5358346,0.6655936751960451,0.844791972364211,0,0,0.9211403404356624,0.3749740256756197,DHH
Reactome_2022,Signaling By Rho GTPases R-HSA-194315,0.6708066952075199,0.8460217458761495,0,0,0.8970454076298668,0.3581671486317616,DOCK5;CENPU;JAG1;GFOD1;CDC42EP4;DLG5;EFHD2;STOM;CENPM
Reactome_2022,Protein-protein Interactions At Synapses R-HSA-6794362,0.6713695293979293,0.8460217458761495,0,0,0.9064604931763603,0.3611661115708381,NLGN4Y
Reactome_2022,Signaling By Nuclear Receptors R-HSA-9006931,0.6688310780584864,0.8460217458761495,0,0,0.8730179804263712,0.3511485658192995,DHRS9;CCND1;MMP9
Reactome_2022,Mitochondrial Biogenesis R-HSA-1592230,0.6826247410969792,0.8460701016413263,0,0,0.8784558614816917,0.3354032305269949,MEF2C
Reactome_2022,Regulation Of RAS By GAPs R-HSA-5658442,0.6770459832436393,0.8460701016413263,0,0,0.8922393911439115,0.3479877153794442,SPRED2
Reactome_2022,Class B/2 (Secretin Family Receptors) R-HSA-373080,0.6770459832436393,0.8460701016413263,0,0,0.8922393911439115,0.3479877153794442,DHH
Reactome_2022,Death Receptor Signaling R-HSA-73887,0.6820975317915525,0.8460701016413263,0,0,0.851575456053068,0.3257979715496931,FASLG;TNF
Reactome_2022,"Transport Of Bile Salts And Organic Acids, Metal Ions And Amine Compounds R-HSA-425366",0.6770459832436393,0.8460701016413263,0,0,0.8922393911439115,0.3479877153794442,SLC22A15
Reactome_2022,Regulation Of RUNX2 Expression And Activity R-HSA-8939902,0.6826247410969792,0.8460701016413263,0,0,0.8784558614816917,0.3354032305269949,HIVEP3
Reactome_2022,RHOB GTPase Cycle R-HSA-9013026,0.6826247410969792,0.8460701016413263,0,0,0.8784558614816917,0.3354032305269949,STOM
KEGG_2021_Human,Longevity regulating pathway,0.7983283508576537,0.8485258757642209,0,0,0.6264141762296744,0.14109058423181323,HSPA2
KEGG_2021_Human,Insulin resistance,0.8018180293918785,0.8485258757642209,0,0,0.6195652173913043,0.1368455955890181,TNF
Reactome_2022,Reproduction R-HSA-1474165,0.6881074782070692,0.8508682634504275,0,0,0.865090014536509,0.32337950156548995,HSPA2
GO_Biological_Process_2023,Regulation Of Protein Ubiquitination (GO:0031396),0.8306380128317555,0.8556352696442472,0,0,0.5640276204742245,0.10466163268245732,SH3RF2
GO_Biological_Process_2023,Small GTPase Mediated Signal Transduction (GO:0007264),0.8306380128317555,0.8556352696442472,0,0,0.5640276204742245,0.10466163268245732,SHTN1
GO_Biological_Process_2023,Regulation Of Protein-Containing Complex Assembly (GO:0043254),0.8335704723788996,0.8581179737584788,0,0,0.5584617610881991,0.10166072059203415,TNF
Reactome_2022,Ion Channel Transport R-HSA-983712,0.6973865639368882,0.8603273499034508,0,0,0.8266774020397208,0.2979472755058469,STOM;MCOLN2
GO_Biological_Process_2023,Regulation Of Translation (GO:0006417),0.8373538486011927,0.8614729951482527,0,0,0.6114297092791716,0.10853399478929093,NANOS1;GZMB
GO_Biological_Process_2023,Cellular Response To Oxidative Stress (GO:0034599),0.8392844853134752,0.8629189044868836,0,0,0.547651149588419,0.09595152269737259,MMP9
Reactome_2022,"Signaling By Rho GTPases, Miro GTPases And RHOBTB3 R-HSA-9716542",0.7016595284764576,0.863580958124871,0,0,0.8716616682104663,0.3088358261270108,DOCK5;CENPU;JAG1;GFOD1;CDC42EP4;DLG5;EFHD2;STOM;CENPM
Reactome_2022,RHOC GTPase Cycle R-HSA-9013106,0.7039958923052793,0.8644414677609011,0,0,0.8273169688218621,0.2903739911551234,STOM
GO_Biological_Process_2023,Regulation Of Cell Cycle (GO:0051726),0.841371098849163,0.8645232741770948,0,0,0.6452771206488679,0.11145384991759397,GADD45B;LILRB1;GADD45G
GO_Biological_Process_2023,Protein Homooligomerization (GO:0051260),0.8448030134583464,0.8669652411693086,0,0,0.5372484856924041,0.09060792360557261,NLRP3
GO_Biological_Process_2023,Regulation Of Protein Catabolic Process (GO:0042176),0.8448030134583464,0.8669652411693086,0,0,0.5372484856924041,0.09060792360557261,TNF
GO_Biological_Process_2023,Double-Strand Break Repair Via Homologous Recombination (GO:0000724),0.8474910621872972,0.8691809083481455,0,0,0.5321929854812567,0.0880646267551929,FSCN1
Reactome_2022,ESR-mediated Signaling R-HSA-8939211,0.712063807674141,0.8723194674059083,0,0,0.8031820552947313,0.272750790263419,CCND1;MMP9
Reactome_2022,Mitotic G1 Phase And G1/S Transition R-HSA-453279,0.7156390222028208,0.8726498931249177,0,0,0.7975135975135975,0.2668316194222545,LYN;CCND1
Reactome_2022,CDC42 GTPase Cycle R-HSA-9013148,0.7156390222028208,0.8726498931249177,0,0,0.7975135975135975,0.2668316194222545,CDC42EP4;STOM
Reactome_2022,Regulation Of HSF1-mediated Heat Shock Response R-HSA-3371453,0.7190777388328545,0.8728116002384992,0,0,0.7926916769167691,0.26141846384846523,HSPA2
Reactome_2022,RHOG GTPase Cycle R-HSA-9013408,0.7190777388328545,0.8728116002384992,0,0,0.7926916769167691,0.26141846384846523,DOCK5
GO_Biological_Process_2023,Regulation Of Small GTPase Mediated Signal Transduction (GO:0051056),0.8527287869900629,0.874007109809528,0,0,0.5223602694742544,0.08321916501999997,CHN2
Reactome_2022,G Alpha (12/13) Signaling Events R-HSA-416482,0.7239328961755171,0.8746832246697325,0,0,0.7817823383713289,0.252559925202288,ADRA1A
Reactome_2022,Signaling By FGFR R-HSA-190236,0.7239328961755171,0.8746832246697325,0,0,0.7817823383713289,0.252559925202288,SPRED2
Reactome_2022,Sphingolipid Metabolism R-HSA-428157,0.7333938192696494,0.8760903542406672,0,0,0.7608364083640836,0.23591440986242962,ARSD
Reactome_2022,SLC Transporter Disorders R-HSA-5619102,0.7333938192696494,0.8760903542406672,0,0,0.7608364083640836,0.23591440986242962,NLRP3
Reactome_2022,O-linked Glycosylation R-HSA-5173105,0.7287044447392212,0.8760903542406672,0,0,0.7711678468136033,0.2440646405778628,SPON2
Reactome_2022,Fatty Acid Metabolism R-HSA-8978868,0.7295698867708367,0.8760903542406672,0,0,0.7756109851347947,0.24455023256652744,FADS2;CYP4F22
Reactome_2022,Post-translational Protein Phosphorylation R-HSA-8957275,0.7333938192696494,0.8760903542406672,0,0,0.7608364083640836,0.23591440986242962,PRSS23
GO_Biological_Process_2023,Negative Regulation Of Response To External Stimulus (GO:0032102),0.860251204672147,0.8811675369553227,0,0,0.5082696362677912,0.07651025220922061,NLRP3
Reactome_2022,FCERI Mediated NF-kB Activation R-HSA-2871837,0.7425316620257244,0.8830106251116723,0,0,0.740978578616955,0.2205817402393463,LYN
Reactome_2022,Metabolism Of Lipids R-HSA-556833,0.741009081453421,0.8830106251116723,0,0,0.8389368596527375,0.2514649461571614,GSTM4;FADS2;PLA2G4F;CYP21A2;PLA2G4C;PLD4;GDPD5;ARSD;CYP4F22
Reactome_2022,PI Metabolism R-HSA-1483255,0.7469828784513113,0.8843205377181443,0,0,0.7314315450846817,0.21336810093550235,GDPD5
Reactome_2022,Signaling By NOTCH4 R-HSA-9013694,0.7469828784513113,0.8843205377181443,0,0,0.7314315450846817,0.21336810093550235,JAG1
Reactome_2022,Cyclin E Associated Events During G1/S Transition R-HSA-69202,0.7513574178436205,0.8875094331575653,0,0,0.7221262086038582,0.206436976238882,CCND1
GO_Biological_Process_2023,DNA Damage Response (GO:0006974),0.8675996198673739,0.888140919278564,0,0,0.640231048149085,0.09092877502931984,LYN;CCND1;FSCN1;SFN
KEGG_2021_Human,Purine metabolism,0.8474910621872972,0.8925268191151245,0,0,0.5321929854812567,0.0880646267551929,ADCY10
Reactome_2022,Cyclin A:Cdk2-associated Events At S Phase Entry R-HSA-69656,0.7598817075439636,0.8955748696053857,0,0,0.704204819825976,0.19336936606162963,CCND1
Reactome_2022,Developmental Biology R-HSA-1266738,0.7618131476141377,0.8958515410696318,0,0,0.8333896777101645,0.22672696743616028,LYN;CEBPA;SHTN1;EFNA3;MEF2C;DHH;PLXNA2;NCAM1;MAFA;MMP9;TNF
KEGG_2021_Human,Relaxin signaling pathway,0.855280044894843,0.8963992778224797,0,0,0.5175779939617579,0.08091106610346917,MMP9
Reactome_2022,Estrogen-dependent Gene Expression R-HSA-9018519,0.7640340228033288,0.8964665867559057,0,0,0.6955719557195572,0.18720829390213908,CCND1
GO_Biological_Process_2023,Regulation Of Cell Cycle Process (GO:0010564),0.8763478820417113,0.8965377149405553,0,0,0.4781543613755465,0.06311261801117818,NUGGC
GO_Biological_Process_2023,Regulation Of DNA Metabolic Process (GO:0051052),0.8784913327933642,0.8976127237434685,0,0,0.4741389913899139,0.061424344717765415,ZNF365
GO_Biological_Process_2023,Protein Localization To Plasma Membrane (GO:0072659),0.8784913327933642,0.8976127237434685,0,0,0.4741389913899139,0.061424344717765415,TNF
Reactome_2022,ER-Phagosome Pathway R-HSA-1236974,0.7721252427952942,0.8979782559381394,0,0,0.678922860657178,0.1755752297493814,TLR6
Reactome_2022,Apoptosis R-HSA-109581,0.7709097741907938,0.8979782559381394,0,0,0.7119907407407408,0.18524855379321384,GZMB;FASLG
Reactome_2022,Transport Of Inorganic Cations/Anions And Amino Acids/Oligopeptides R-HSA-425393,0.7721252427952942,0.8979782559381394,0,0,0.678922860657178,0.1755752297493814,SLC7A8
Reactome_2022,Regulation Of TP53 Activity Thru Phosphorylation R-HSA-6804756,0.7721252427952942,0.8979782559381394,0,0,0.678922860657178,0.1755752297493814,NUAK1
GO_Biological_Process_2023,Non-Membrane-Bounded Organelle Assembly (GO:0140694),0.8805977614186747,0.8991406605019365,0,0,0.47018999115610993,0.05978669225098853,PLA2G4C
GO_Biological_Process_2023,Inorganic Cation Transmembrane Transport (GO:0098662),0.8810812315326341,0.8991406605019365,0,0,0.5433280170122275,0.06878829000052124,ATP1B4;MCOLN2
GO_Biological_Process_2023,Actin Filament Organization (GO:0007015),0.8826678050136642,0.899971377756216,0,0,0.4663057286310568,0.05819792106945018,GAS2L3
GO_Biological_Process_2023,Regulation Of Transcription By RNA Polymerase II (GO:0006357),0.88299078572308,0.899971377756216,0,0,0.7863171355498721,0.0978497082217922,KLF10;ZNF683;CEBPA;CIITA;MEF2C;JAG1;TSHZ3;SOX13;SCX;FASLG;LILRB1;ASCL2;HDAC9;TNF;ZEB2;ZFP57;CCND1;TBX21;ID1;NLRP3;TNFSF11;HIVEP3
Reactome_2022,RAC2 GTPase Cycle R-HSA-9013404,0.7760665830933442,0.9005783645566721,0,0,0.6708921206859128,0.17008253060519685,CDC42EP4
KEGG_2021_Human,Dopaminergic synapse,0.8650522078977771,0.9023032599125139,0,0,0.49928788761571824,0.072379477290815,PPP2R2B
Reactome_2022,Separation Of Sister Chromatids R-HSA-2467813,0.782476867815549,0.90602584694432,0,0,0.6944444444444444,0.17034091590406403,CENPU;CENPM
GO_Biological_Process_2023,Protein Localization To Cell Periphery (GO:1990778),0.8905964937465537,0.9071605946841833,0,0,0.45138522813799564,0.052299218204323594,TNF
Reactome_2022,RAC3 GTPase Cycle R-HSA-9013423,0.7874877053075884,0.9078460882148617,0,0,0.6478950016772895,0.1547869885324485,JAG1
Reactome_2022,Cellular Response To Heat Stress R-HSA-3371556,0.7874877053075884,0.9078460882148617,0,0,0.6478950016772895,0.1547869885324485,HSPA2
Reactome_2022,Signaling By TGF-beta Receptor Complex R-HSA-170834,0.7911642679901021,0.9100974586029932,0,0,0.6405738214685518,0.15005420083550985,ATP1B4
Reactome_2022,PIP3 Activates AKT Signaling R-HSA-1257604,0.7942088263634963,0.9116136093911437,0,0,0.7079239229357233,0.16311193471941243,PDGFRB;FLT3;PIK3AP1
KEGG_2021_Human,Signaling pathways regulating pluripotency of stem cells,0.8784913327933642,0.9119576692807305,0,0,0.4741389913899139,0.061424344717765415,ID1
GO_Biological_Process_2023,Protein Glycosylation (GO:0006486),0.8961906018372087,0.9122931591192899,0,0,0.44080208243942903,0.04831286185128001,TUSC3
GO_Biological_Process_2023,Regulation Of Cellular Component Organization (GO:0051128),0.9014996594072808,0.9171293748644969,0,0,0.43069998881807,0.044661699852955476,TNF
GO_Biological_Process_2023,Positive Regulation Of Cellular Catabolic Process (GO:0031331),0.9032085238261306,0.9182992603009484,0,0,0.42743389839913437,0.04351355256026792,TNF
Reactome_2022,Potential Therapeutics For SARS R-HSA-9679191,0.8018180293918785,0.9183512353989411,0,0,0.6195652173913043,0.1368455955890181,PLCG2
Reactome_2022,Axon Guidance R-HSA-422475,0.8055006089564604,0.9205721245216689,0,0,0.7511825922421949,0.16247427471299933,LYN;SHTN1;EFNA3;PLXNA2;NCAM1;MMP9
GO_Biological_Process_2023,Nitrogen Compound Transport (GO:0071705),0.906538140354771,0.9211145111953548,0,0,0.42104687713543804,0.041314035517409496,SLC7A8
Reactome_2022,Hedgehog Off State R-HSA-5610787,0.8086179190623882,0.9213505521561219,0,0,0.6063044672999921,0.12879650703164106,ADCY10
Reactome_2022,Sensory Perception R-HSA-9709957,0.8096716973493192,0.9213505521561219,0,0,0.687627413358916,0.1451763177834297,OR10Z1;DHRS9;TAS2R13
GO_Biological_Process_2023,Supramolecular Fiber Organization (GO:0097435),0.9087412863092278,0.9227824063078253,0,0,0.4974333983105913,0.04760180888296322,TPPP3;SCX
Reactome_2022,CLEC7A (Dectin-1) Signaling R-HSA-5607764,0.8183843254707788,0.9288369737552287,0,0,0.5874386578917336,0.11773634570979795,PLCG2
Reactome_2022,Antigen processing-Cross Presentation R-HSA-1236975,0.8215281567115374,0.9288369737552287,0,0,0.5814067324346713,0.11429820727267374,TLR6
Reactome_2022,Mitotic Prometaphase R-HSA-68877,0.8214110460539304,0.9288369737552287,0,0,0.6356300434512725,0.1250485343422988,CENPU;CENPM
KEGG_2021_Human,Olfactory transduction,0.8997607369921523,0.9296106192620341,0,0,0.43401594321286724,0.045843541098200324,OR10Z1
Reactome_2022,SARS-CoV-2 Activates/Modulates Innate And Adaptive Immune Responses R-HSA-9705671,0.8276540763886143,0.9337635733615136,0,0,0.5697047970479705,0.10776535600931356,NLRP3
GO_Biological_Process_2023,Intracellular Monoatomic Cation Homeostasis (GO:0030003),0.9201640980252326,0.9338045787865702,0,0,0.3945008200082001,0.03282375328186961,EDN3
KEGG_2021_Human,Wnt signaling pathway,0.9081599013902347,0.9338625401088264,0,0,0.41792381159105707,0.04026061225143313,CCND1
GO_Biological_Process_2023,Peptidyl-Serine Phosphorylation (GO:0018105),0.9229123420759727,0.9360154185375451,0,0,0.38904615073547993,0.031209678904672404,LATS2
KEGG_2021_Human,mTOR signaling pathway,0.9173182466625884,0.9388515388377665,0,0,0.4001091419364898,0.034529745021116755,TNF
GO_Biological_Process_2023,Phosphate-Containing Compound Metabolic Process (GO:0006796),0.926858960165043,0.9394381687545746,0,0,0.3811387107159662,0.028948960666359148,PLA2G4C
Reactome_2022,Metabolism Of Water-Soluble Vitamins And Cofactors R-HSA-196849,0.8420677630255164,0.9399826191912741,0,0,0.5424002811456686,0.0932357820575784,NAPRT
Reactome_2022,Expression And Translocation Of Olfactory Receptors R-HSA-9752946,0.8364523399659236,0.9399826191912741,0,0,0.5530039766417082,0.0987586220203808,OR10Z1
Reactome_2022,Nervous System Development R-HSA-9675108,0.8405311864212694,0.9399826191912741,0,0,0.713796044733683,0.12400152130402001,LYN;SHTN1;EFNA3;PLXNA2;NCAM1;MMP9
Reactome_2022,Programmed Cell Death R-HSA-5357801,0.8416673565988607,0.9399826191912741,0,0,0.6048463356973995,0.10425760858466011,GZMB;FASLG
Reactome_2022,Platelet Degranulation R-HSA-114608,0.8392844853134752,0.9399826191912741,0,0,0.547651149588419,0.09595152269737259,PLEK
GO_Biological_Process_2023,Protein Modification Process (GO:0036211),0.9283650709624786,0.9403845940760495,0,0,0.6210047021010654,0.04615942117196139,FGR;LYN;NTRK1;NUAK1;LATS2;MMP15;UST
GO_Biological_Process_2023,Peptidyl-Serine Modification (GO:0018209),0.9293775324850357,0.9408301206857139,0,0,0.3760416412111141,0.027541378863240446,LATS2
Reactome_2022,Olfactory Signaling Pathway R-HSA-381753,0.8448030134583464,0.9410463947384111,0,0,0.5372484856924041,0.09060792360557261,OR10Z1
GO_Biological_Process_2023,Organic Substance Transport (GO:0071702),0.9306042238512967,0.9414918348446308,0,0,0.3735434064866964,0.026865690321012305,NMUR1
Reactome_2022,Factors Involved In Megakaryocyte Development And Platelet Production R-HSA-983231,0.8474910621872972,0.9420532228103008,0,0,0.5321929854812567,0.0880646267551929,DOCK5
Reactome_2022,Response To Elevated Platelet Cytosolic Ca2+ R-HSA-76005,0.8527287869900629,0.9458840326276329,0,0,0.5223602694742544,0.08321916501999997,PLEK
GO_Biological_Process_2023,Double-Strand Break Repair (GO:0006302),0.937531117008783,0.947916077074111,0,0,0.3592180858517446,0.023171481246118963,FSCN1
Reactome_2022,Interleukin-1 Signaling R-HSA-9020702,0.8577872649738563,0.9482518498265003,0,0,0.5128818855756125,0.07867564691738542,MAP3K8
Reactome_2022,Signaling By TGFB Family Members R-HSA-9006936,0.860251204672147,0.9482518498265003,0,0,0.5082696362677912,0.07651025220922061,ATP1B4
Reactome_2022,Intracellular Signaling By Second Messengers R-HSA-9006925,0.8587860024315321,0.9482518498265003,0,0,0.6213198382763954,0.09458694375510993,PDGFRB;FLT3;PIK3AP1
GO_Biological_Process_2023,Protein Localization To Membrane (GO:0072657),0.950265969883881,0.9602010999503177,0,0,0.3316285794436892,0.016917489857974224,TNF
GO_Biological_Process_2023,Positive Regulation Of Protein Metabolic Process (GO:0051247),0.9544434290529306,0.9632374409913789,0,0,0.32210248238846023,0.015018641909945044,TNF
GO_Biological_Process_2023,DNA Metabolic Process (GO:0006259),0.9541804951499846,0.9632374409913789,0,0,0.4096349973161567,0.01921287562346456,FSCN1;ZNF365
GO_Biological_Process_2023,Gene Expression (GO:0010467),0.9561483164013755,0.9643656745533824,0,0,0.4051506703836453,0.01816786168715956,GZMB;NLRP3
GO_Biological_Process_2023,Protein Ubiquitination (GO:0016567),0.9572392381447588,0.9648736615164654,0,0,0.45721892896614086,0.0199813501581791,SH3RF2;HECW2;BSPRY
GO_Biological_Process_2023,DNA-templated Transcription (GO:0006351),0.9582711620123608,0.9653215936151495,0,0,0.3131026890379401,0.013345842733789333,SCX
GO_Biological_Process_2023,Regulation Of DNA-templated Transcription (GO:0006355),0.9588647582016661,0.9653276946846431,0,0,0.6871222663117702,0.0288627342054481,KLF10;ZNF683;CEBPA;CIITA;MEF2C;TSHZ3;F2R;SOX13;SCX;ATP1B4;HDAC9;TNF;ZEB2;SETBP1;TBX21;ID1;XCL1;HIVEP3;FADS1
Reactome_2022,Transport Of Small Molecules R-HSA-382551,0.8795804069388401,0.9675384476327242,0,0,0.6849612504496256,0.08788758046277158,SLC22A15;SLC7A8;TUSC3;SLCO4C1;NLRP3;STOM;MCOLN2
GO_Biological_Process_2023,Cilium Organization (GO:0044782),0.9637400207218884,0.9696416742474356,0,0,0.29969347312520744,0.011068791463205437,NME8
Reactome_2022,Cellular Senescence R-HSA-2559583,0.8847020898416067,0.9711490715932815,0,0,0.46248462484624847,0.05665636091236443,ID1
Reactome_2022,Host Interactions Of HIV Factors R-HSA-162909,0.8867012313581331,0.9713241704504031,0,0,0.4587251517676467,0.055160407683963526,APOBEC3G
Reactome_2022,Metabolism Of Steroids R-HSA-8957322,0.8905964937465537,0.9715598113598767,0,0,0.45138522813799564,0.052299218204323594,CYP21A2
Reactome_2022,G1/S Transition R-HSA-69206,0.8905964937465537,0.9715598113598767,0,0,0.45138522813799564,0.052299218204323594,CCND1
KEGG_2021_Human,Herpes simplex virus 1 infection,0.9604208698359927,0.9738220912755647,0,0,0.4892602206359507,0.019758130394904996,ZFP57;FASLG;TNF;HLA-DQA1
KEGG_2021_Human,Thermogenesis,0.9582711620123608,0.9738220912755647,0,0,0.3131026890379401,0.013345842733789333,ADCY10
Reactome_2022,Deubiquitination R-HSA-5688426,0.9007296830108378,0.9765611347632903,0,0,0.5110777444110778,0.05343322174467123,NLRP3;ADRB2
Reactome_2022,Mitotic Metaphase And Anaphase R-HSA-2555396,0.9007296830108378,0.9765611347632903,0,0,0.5110777444110778,0.05343322174467123,CENPU;CENPM
Reactome_2022,Mitotic Anaphase R-HSA-68882,0.8993324367334589,0.9765611347632903,0,0,0.5134238310708898,0.05447556633177436,CENPU;CENPM
GO_Biological_Process_2023,Protein Localization (GO:0008104),0.9714374528824247,0.9767880875678235,0,0,0.3663059163059163,0.010614957255875999,ID1;TNS4
GO_Biological_Process_2023,Proteasomal Protein Catabolic Process (GO:0010498),0.9731043899661034,0.9772680395564229,0,0,0.27465696987066957,0.007488224512450963,TBX21
GO_Biological_Process_2023,Monoatomic Cation Transmembrane Transport (GO:0098655),0.9731043899661034,0.9772680395564229,0,0,0.27465696987066957,0.007488224512450963,MCOLN2
Reactome_2022,RHO GTPase Effectors R-HSA-195258,0.9074492844847789,0.981830373376974,0,0,0.49965736661771903,0.04852552390348605,CENPU;CENPM
Reactome_2022,Citric Acid (TCA) Cycle And Respiratory Electron Transport R-HSA-1428517,0.9158576436848015,0.9848733928015788,0,0,0.40297296589987175,0.0354190417513062,LDHC
Reactome_2022,RHOA GTPase Cycle R-HSA-8980692,0.9143713344616856,0.9848733928015788,0,0,0.4058777016341592,0.03633356953055341,STOM
Reactome_2022,Interleukin-1 Family Signaling R-HSA-446652,0.912858868247564,0.9848733928015788,0,0,0.40882423212721336,0.037274136684182994,MAP3K8
Reactome_2022,Metabolism Of Vitamins And Cofactors R-HSA-196854,0.9318096841395479,0.9874691084713275,0,0,0.3710778284253431,0.02620799753527711,NAPRT
Reactome_2022,Cell Cycle Checkpoints R-HSA-69620,0.9262057666087264,0.9874691084713275,0,0,0.4662703856119494,0.03574375568139529,CENPU;CENPM
Reactome_2022,Disorders Of Transmembrane Transporters R-HSA-5619115,0.9229123420759727,0.9874691084713275,0,0,0.38904615073547993,0.031209678904672404,NLRP3
Reactome_2022,Regulation Of TP53 Activity R-HSA-5633007,0.9255663144649485,0.9874691084713275,0,0,0.3837389049566171,0.02968201125975704,NUAK1
Reactome_2022,SARS-CoV Infections R-HSA-9679506,0.9303323897307333,0.9874691084713275,0,0,0.5108276974067273,0.03688857847363434,TUSC3;PLCG2;NLRP3
Reactome_2022,Ub-specific Processing Proteases R-HSA-5689880,0.9318096841395479,0.9874691084713275,0,0,0.3710778284253431,0.02620799753527711,ADRB2
Reactome_2022,TCF Dependent Signaling In Response To WNT R-HSA-201681,0.926858960165043,0.9874691084713275,0,0,0.3811387107159662,0.028948960666359148,SOX13
Reactome_2022,SARS-CoV-2 Infection R-HSA-9694516,0.9332331157711978,0.9874691084713275,0,0,0.4530074074074074,0.031302926558579296,TUSC3;NLRP3
Reactome_2022,S Phase R-HSA-69242,0.937531117008783,0.9900328595612748,0,0,0.3592180858517446,0.023171481246118963,CCND1
GO_Biological_Process_2023,DNA Repair (GO:0006281),0.9914429310659129,0.995076808638543,0,0,0.20789477267466402,0.001786624986195701,FSCN1
Reactome_2022,SARS-CoV-2-host Interactions R-HSA-9705683,0.950265969883881,0.995516730354542,0,0,0.3316285794436892,0.016917489857974224,NLRP3
Reactome_2022,Cellular Response To Chemical Stress R-HSA-9711123,0.950265969883881,0.995516730354542,0,0,0.3316285794436892,0.016917489857974224,NLRP3
Reactome_2022,Transcriptional Regulation By RUNX1 R-HSA-8878171,0.9466509085926933,0.995516730354542,0,0,0.33966016306869656,0.018621828525528135,CCND1
Reactome_2022,Infectious Disease R-HSA-5663205,0.9481336431553495,0.995516730354542,0,0,0.6198420159106534,0.03301266977662762,FGR;GPR27;LYN;APOBEC3G;TUSC3;PLCG2;NLRP3;GPBAR1;ADRB2
KEGG_2021_Human,Amyotrophic lateral sclerosis,0.9954706537105472,0.995550072794878,0,0,0.18308352464632138,0.0008311323502456532,TNF
KEGG_2021_Human,Alzheimer disease,0.995550072794878,0.995550072794878,0,0,0.182477116978962,0.0008138219573191823,TNF
KEGG_2021_Human,Pathways of neurodegeneration,0.9926470657901235,0.995550072794878,0,0,0.28252635507043566,0.0020850728319999887,FASLG;TNF
GO_Biological_Process_2023,Protein-Containing Complex Assembly (GO:0065003),0.9934344193838158,0.9958589085098287,0,0,0.19679766727737208,0.0012963512711280099,ADRB2
GO_Biological_Process_2023,Organelle Assembly (GO:0070925),0.9931982734434477,0.9958589085098287,0,0,0.19820955251806038,0.0013527730063115709,NME8
GO_Biological_Process_2023,Proteasome-Mediated Ubiquitin-Dependent Protein Catabolic Process (GO:0043161),0.9945944636591292,0.9964138437755787,0,0,0.18937219675227054,0.001026435013510995,TBX21
GO_Biological_Process_2023,Organelle Organization (GO:0006996),0.9984353105551889,0.9984353105551889,0,0,0.15254833747247554,0.00023887770695426222,PALLD
GO_Biological_Process_2023,Ubiquitin-Dependent Protein Catabolic Process (GO:0006511),0.9976475484318453,0.9984353105551889,0,0,0.16299450785205527,0.00038388840228012537,TBX21
GO_Biological_Process_2023,Vesicle-Mediated Transport (GO:0016192),0.9984073116707204,0.9984353105551889,0,0,0.15297521827677293,0.00024383607383805764,ADRB2
Reactome_2022,RNA Polymerase II Transcription R-HSA-73857,0.9996306642764029,0.9999837968964298,0,0,0.36840889846817026,0.00013609170040596914,NUAK1;MEF2C;JAG1;CCND1;ATP1B4;FASLG;HIVEP3;HDAC9
Reactome_2022,M Phase R-HSA-68886,0.9809616105467236,0.9999837968964298,0,0,0.33618573797678275,0.0064621465092510166,CENPU;CENPM
Reactome_2022,Organelle Biogenesis And Maintenance R-HSA-1852241,0.9846863903880326,0.9999837968964298,0,0,0.23723216223758875,0.003660984258703578,MEF2C
Reactome_2022,Signaling By WNT R-HSA-195721,0.9846863903880326,0.9999837968964298,0,0,0.23723216223758875,0.003660984258703578,SOX13
Reactome_2022,Class I MHC Mediated Antigen Processing And Presentation R-HSA-983169,0.9863759889843704,0.9999837968964298,0,0,0.3150119306982052,0.004321229552623171,HECW2;TLR6
Reactome_2022,Vesicle-mediated Transport R-HSA-5653656,0.9995702104977051,0.9999837968964298,0,0,0.19277294685990337,8.286959840446997e-05,NLRP3;ADRB2
Reactome_2022,Post-translational Protein Modification R-HSA-597592,0.9999607304241153,0.9999837968964298,0,0,0.2775324441240086,1.0898795371940921e-05,SPON2;TUSC3;NLRP3;ADRB2;ARSD;PRSS23
Reactome_2022,Metabolism Of RNA R-HSA-8953854,0.9999837968964298,0.9999837968964298,0,0,0.08660836214661359,1.4033356311339927e-06,APOBEC3H
Reactome_2022,Metabolism Of Proteins R-HSA-392499,0.9999757214986739,0.9999837968964298,0,0,0.33673193657656264,8.175446012916426e-06,SPON2;ACE;TUSC3;P2RY2;NLRP3;ADRB2;TGFBI;ARSD;PRSS23;GZMH
Reactome_2022,Cellular Responses To Stress R-HSA-2262752,0.9958108952770613,0.9999837968964298,0,0,0.35088751824473846,0.0014729919773263465,MEF2C;ID1;NLRP3;HSPA2
Reactome_2022,Cellular Responses To Stimuli R-HSA-8953897,0.9962441620910373,0.9999837968964298,0,0,0.34632910215278745,0.0013032048187086723,MEF2C;ID1;NLRP3;HSPA2
Reactome_2022,Transcriptional Regulation By TP53 R-HSA-3700989,0.9975191075167944,0.9999837968964298,0,0,0.16446094079709125,0.00040851686480355704,NUAK1
Reactome_2022,Generic Transcription Pathway R-HSA-212436,0.9983786856285012,0.9999837968964298,0,0,0.4135035558221232,0.0006709633260590745,NUAK1;MEF2C;JAG1;CCND1;ATP1B4;FASLG;HIVEP3;HDAC9
Reactome_2022,Membrane Trafficking R-HSA-199991,0.9992895493534573,0.9999837968964298,0,0,0.20418028322440088,0.00014511156763738424,NLRP3;ADRB2
Reactome_2022,Metabolism Of Amino Acids And Derivatives R-HSA-71291,0.9734925765266466,0.9999837968964298,0,0,0.360336054904745,0.009680456851599227,TPO;CYP21A2
Reactome_2022,Cell Cycle R-HSA-1640170,0.9784205033043549,0.9999837968964298,0,0,0.47198590295014875,0.010296721211823361,LYN;CENPU;CCND1;CENPM;HSPA2
Reactome_2022,HIV Infection R-HSA-162906,0.9793421958125647,0.9999837968964298,0,0,0.25576463909435476,0.0053388723709589525,APOBEC3G
Reactome_2022,Metabolism R-HSA-1430728,0.9685473421673914,0.9999837968964298,0,0,0.68018642234821,0.021737340128703885,GSTM4;PLA2G4F;GSTM1;B3GAT1;PLA2G4C;PLD4;PRELP;GDPD5;CYP4F22;LDHC;SULT2B1;FADS2;TPO;CYP21A2;NAPRT;HYAL3;UST;PLCG2;CHST13;ARSD;GSTM5
Reactome_2022,Gene Expression (Transcription) R-HSA-74160,0.9999235674867092,0.9999837968964298,0,0,0.3305236270753512,2.5263717016357653e-05,NUAK1;MEF2C;JAG1;CCND1;ATP1B4;FASLG;HIVEP3;HDAC9
Reactome_2022,Neuronal System R-HSA-112316,0.9925702103376232,0.9999837968964298,0,0,0.2018278247298602,0.001505136659850082,NLGN4Y
Reactome_2022,Asparagine N-linked Glycosylation R-HSA-446203,0.9899698495030627,0.9999837968964298,0,0,0.21516295315624911,0.0021690128401759758,TUSC3
Reactome_2022,Chromatin Modifying Enzymes R-HSA-3247509,0.9679358643582003,0.9999837968964298,0,0,0.28885834776715114,0.009413734603324855,CCND1
Reactome_2022,Antigen Processing: Ubiquitination And Proteasome Degradation R-HSA-983168,0.994094937039188,0.9999837968964298,0,0,0.1926780569175555,0.0011411486604018032,HECW2
Reactome_2022,"Cell Cycle, Mitotic R-HSA-69278",0.9662004212363542,0.9999837968964298,0,0,0.47540311129342716,0.01634625624765334,LYN;CENPU;CCND1;CENPM
